# exported by v3d-codec
mtllib model.mtl
o surface_9
v -0.24667409 0.14103562 0.40660018
v -0.24674112 0.1379517 0.40680408
v -0.245606 0.13637769 0.40538007
v -0.24466625 0.12820509 0.40162134
v -0.03515102 0.367352 0.2923038
v -0.04037737 0.3675448 0.2920738
v -0.04167643 0.37682763 0.2842344
v -0.048464034 0.12741582 -0.41934007
v -0.04979481 0.1288288 -0.4194395
v -0.052639153 0.14055756 -0.4198643
v 0.027058268 0.34612167 0.20224851
v 0.027024508 0.34626463 0.20316507
v 0.028442303 0.35379314 0.20347795
v -0.051337115 0.37479314 0.19522083
v -0.03560469 0.38920826 0.19589524
v -0.022329163 0.39647925 0.19507436
v -0.03402203 0.3829682 0.19715294
v 0.056193635 0.3692255 0.1966936
v 0.05375276 0.37344134 0.20999512
v 0.055654712 0.36992607 0.19759507
v -0.24256817 0.102054186 0.37502992
v -0.22396296 0.08778746 0.3559302
v -0.22585014 0.09332345 0.3783105
v -0.24203113 0.09713865 0.35298836
v -0.21012628 0.07100182 0.35901386
v -0.2085706 0.07025149 0.33114827
v -0.2148925 0.07478252 0.38675576
v -0.18716377 0.06628193 0.36161852
v -0.19085076 0.068387374 0.38955575
v -0.24157369 0.09832512 0.3299424
v -0.22381467 0.08768933 0.3312809
v -0.22326854 0.09567689 0.30886632
v -0.20702192 0.077702604 0.30538785
v -0.18415639 0.070619285 0.3082916
v -0.17355615 0.087159775 0.290654
v -0.1856871 0.066287965 0.33321744
v -0.1657879 0.06655201 0.30983227
v -0.16338012 0.061276495 0.33507097
v -0.16259632 0.061177954 0.364123
v -0.14471394 0.04668583 0.33622283
v -0.1665839 0.06703304 0.39000255
v -0.14196157 0.045192808 0.39389992
v -0.13894972 0.041918844 0.36163962
v -0.14141235 0.044391707 0.39424336
v -0.11970162 0.025805265 0.3715908
v -0.15522173 0.06419693 0.42033732
v -0.13298628 0.04577966 0.4222535
v -0.16761395 0.08422749 0.41151452
v -0.13765946 0.06535965 0.4478827
v -0.11487636 0.061621904 0.4716727
v -0.13873321 0.08090281 0.47218823
v -0.24144655 0.10825907 0.3091541
v -0.24067926 0.12376988 0.2941838
v -0.22128233 0.11322218 0.28767753
v -0.24143648 0.14253376 0.2895115
v -0.20152369 0.09755267 0.2825153
v -0.19425309 0.119996704 0.2586177
v -0.1677405 0.10981118 0.26889074
v -0.16441727 0.06605926 0.2905197
v -0.15787983 0.058138788 0.262187
v -0.13557062 0.03925459 0.2707922
v -0.16583264 0.076303385 0.29014426
v -0.15016982 0.051215604 0.30548668
v -0.1296336 0.034296483 0.30576867
v -0.12508395 0.03044027 0.33899212
v -0.110492334 0.017967567 0.30701512
v -0.10771662 0.015462786 0.34097183
v -0.0929574 0.0038488954 0.30844897
v -0.106725715 0.014508709 0.3715753
v -0.091129445 0.0023155361 0.34222817
v -0.10955964 0.017179161 0.39935416
v -0.09039667 0.0027804822 0.37266725
v -0.12625149 0.030545354 0.39717972
v -0.1121379 0.029177532 0.4242733
v -0.09234094 0.0032134503 0.4011786
v -0.11363345 0.046237558 0.44828945
v -0.09235397 0.014628679 0.4266243
v -0.09206875 0.04444231 0.47347313
v -0.092435025 0.029442534 0.45079398
v -0.09158161 0.05817385 0.49367332
v -0.066710964 0.046741277 0.49559492
v -0.11418391 0.07354065 0.4920736
v -0.13466 0.090442106 0.49207354
v -0.22274783 0.13973977 0.27274138
v -0.1590428 0.05929114 0.23278752
v -0.16305465 0.06585072 0.2011358
v -0.14479238 0.046855032 0.20315118
v -0.13967755 0.04264699 0.2359036
v -0.11828421 0.024806842 0.23788524
v -0.12295867 0.028774679 0.20436281
v -0.114293955 0.021333128 0.27195966
v -0.09595948 0.005345091 0.2731098
v -0.07383775 0 0.27423334
v -0.07646177 0.0000072568655 0.23973915
v -0.07133144 0.00000885129 0.30960798
v -0.046557084 0.000010743737 0.31037343
v -0.06954765 0.0000070482492 0.34317833
v -0.06892189 0.000004723668 0.37345028
v -0.045230556 0.0000082701445 0.3437431
v -0.06882164 0.0000009834766 0.40092802
v -0.04286369 0.0000003874302 0.40019202
v -0.06892809 0.009322703 0.42546928
v -0.06879615 0.022101685 0.45003736
v -0.042307977 0.020763725 0.44741672
v -0.06827491 0.034356654 0.47410685
v -0.041209545 0.033236653 0.4718265
v -0.0396304 0.04531859 0.4927053
v -0.15169692 0.052563533 0.17106004
v -0.12812382 0.033098638 0.17223072
v -0.13332805 0.03744802 0.14324176
v -0.10559289 0.013590634 0.17320283
v -0.10864393 0.016228601 0.14447516
v -0.10232483 0.010681719 0.20498152
v -0.08287055 0.0006496757 0.1737485
v -0.09883785 0.007992893 0.2389141
v -0.07956523 0.00008524954 0.20570435
v -0.050510194 0.0000100284815 0.24052955
v -0.05296052 0.000010505319 0.20632845
v -0.022118019 0.000020623207 0.20677286
v -0.02430179 0.0000179559 0.17420651
v -0.01987691 0.000019684434 0.24114215
v 0.011820111 0.00003284216 0.20689784
v -0.04854015 0.0000102669 0.2753048
v -0.018411975 0.000018328428 0.2758329
v 0.0124062 0.000032886863 0.24148491
v -0.01725491 0.000019848347 0.3111388
v 0.013114518 0.000032812357 0.27608794
v -0.01604249 0.000019028783 0.34402877
v 0.01412785 0.00003130734 0.3110401
v -0.0150359655 0.000018015504 0.37398726
v 0.015181755 0.000029593706 0.34385812
v -0.043783553 0.000009387732 0.3743282
v -0.014204006 0.00016798079 0.39943558
v 0.016693734 0.000056803226 0.39882827
v -0.042512536 0.008253545 0.42353225
v -0.013576435 0.0075917393 0.42225873
v -0.012877659 0.019912452 0.44576252
v 0.018135939 0.019336656 0.44461232
v -0.0121766 0.0326104 0.4705621
v -0.011533622 0.044774607 0.4915982
v 0.018504722 0.043581292 0.49108022
v -0.1585427 0.059183076 0.14194831
v -0.16453424 0.06718862 0.117442794
v -0.1392717 0.042265534 0.11683008
v -0.111476526 0.01971592 0.11803823
v -0.14057052 0.053306133 0.09254851
v -0.11490573 0.029135942 0.09398239
v -0.1363338 0.06807637 0.0684932
v -0.10907392 0.016603544 0.1219726
v -0.09058711 0.009823978 0.093026035
v -0.08581956 0.001436606 0.14503929
v -0.08909935 0.001595065 0.118383646
v -0.058011174 0.0000050365925 0.1451737
v -0.05983407 0.00000023841858 0.11922758
v -0.055764195 0.000009045005 0.17393583
v -0.02593795 0.000016316772 0.14503087
v 0.009894323 0.000028073788 0.14545657
v 0.008677153 0.000026807189 0.12111552
v 0.01084996 0.00003091991 0.17460646
v 0.044395447 0.000041991472 0.14570114
v 0.044487376 0.00004708767 0.1750505
v 0.043863762 0.000047892332 0.20754446
v 0.07317279 0.00004068017 0.17546633
v 0.043241125 0.00004814565 0.24153957
v 0.0696397 0.000043019652 0.24178694
v 0.0430685 0.000047296286 0.2759046
v 0.043433823 0.00004528463 0.31034237
v 0.06864882 0.00004413724 0.2755761
v 0.044380847 0.000043541193 0.34321558
v 0.0684577 0.000033557415 0.309421
v 0.04503403 0.000042900443 0.3727733
v 0.07052887 0.00000821054 0.37126452
v 0.015962487 0.00002926588 0.3738557
v 0.04577911 0.00006347895 0.39831257
v 0.07214714 0.000051498413 0.39807653
v 0.017501017 0.007216215 0.42148048
v 0.046623256 0.0071071833 0.42148954
v 0.04722532 0.019387215 0.44468307
v 0.07341216 0.019998848 0.44551092
v 0.01828554 0.032035336 0.46940684
v 0.047092285 0.031632572 0.4685427
v 0.046398573 0.042508885 0.49022567
v 0.0734596 0.032020092 0.4683156
v -0.12976348 0.08061178 0.04455051
v -0.10714589 0.057673097 0.04624133
v -0.10100323 0.0678691 0.023414532
v -0.11175755 0.044420958 0.070454985
v -0.08569414 0.03894247 0.046268303
v -0.08879262 0.024746463 0.06984925
v -0.061149202 0.01912196 0.07462625
v -0.05959826 0.033350438 0.051586818
v -0.06103146 0.0056795627 0.0961285
v -0.029910685 0.016595677 0.078708366
v -0.02891101 0.004675612 0.09869338
v -0.027458124 0.000008821487 0.12029016
v 0.0072008925 0.0038523823 0.099399514
v 0.042132765 0.004111722 0.09844489
v 0.04005597 0.016437009 0.078960195
v 0.04340384 0.000024780631 0.12077678
v 0.07399903 0.005660087 0.09606188
v 0.074720964 0.00003299117 0.11984851
v 0.07408974 0.000031664968 0.1464184
v 0.101519905 0.009342 0.119621664
v 0.09895653 0.008121073 0.14661859
v 0.09741281 0.006126553 0.17621744
v 0.071195185 0.0000384897 0.20785652
v 0.09505718 0.004376963 0.20865303
v 0.09288588 0.0040534586 0.24154852
v 0.09169339 0.0027122796 0.27503753
v 0.09086493 0.0019860715 0.30830872
v 0.0693807 0.00003567338 0.34200817
v 0.091184154 0.0018464476 0.3407231
v 0.09238906 0.0035100877 0.37007058
v 0.09550789 0.004573345 0.39727426
v 0.073118724 0.0076862425 0.42228884
v 0.09677515 0.013740882 0.42175364
v 0.09630187 0.028238311 0.44346863
v 0.09627142 0.042428568 0.46442467
v 0.073372334 0.043329358 0.49007648
v -0.12165121 0.089499794 0.02270402
v -0.0920492 0.07704731 0.005030172
v -0.111089505 0.0960932 0.0050318493
v -0.071544304 0.06446254 0.0057650055
v -0.08023739 0.0519045 0.024122575
v -0.05025576 0.05959621 0.009391944
v -0.055723574 0.04717377 0.02937637
v -0.03011953 0.030467361 0.05625481
v -0.029030085 0.04471457 0.033347614
v -0.027578779 0.057360932 0.012963765
v 0.0007399453 0.04315923 0.035820097
v -0.0022098713 0.05570516 0.015619408
v 0.0032075602 0.029070884 0.058529887
v 0.03154345 0.043722764 0.034932937
v 0.0052301893 0.01568301 0.08021157
v 0.036770448 0.030049428 0.056959227
v 0.06692202 0.032746628 0.05260349
v 0.060638413 0.045987338 0.031299323
v 0.07127001 0.019085944 0.07470926
v 0.09360106 0.041678622 0.049605887
v 0.098179236 0.029137745 0.07268666
v 0.10169195 0.016195104 0.09519713
v 0.025427831 0.055667937 0.015680026
v 0.0520489 0.057625577 0.012412828
v 0.07821521 0.06328222 0.0072213104
v 0.0872731 0.05261451 0.027125996
v 0.10985058 0.07280746 0.028133538
v 0.1170925 0.06306282 0.051080298
v 0.13329065 0.09654077 0.027142467
v 0.14147016 0.08689153 0.050450847
v 0.12258342 0.050463244 0.07470496
v 0.12628028 0.03752911 0.09698197
v 0.14764744 0.07381261 0.074322194
v 0.15160614 0.06066504 0.097030334
v 0.12215976 0.10270952 0.0069355634
v 0.101055965 0.080288626 0.007424245
v -0.10676158 0.09210693 0.49963534
v -0.11418391 0.07354065 0.4920736
v -0.09158161 0.05817385 0.49367332
v -0.12220818 0.10395843 0.5000457
v -0.13466 0.090442106 0.49207354
v -0.1424169 0.11368278 0.4916994
v -0.10266226 0.113983065 0.50001794
v -0.08139169 0.10411209 0.50000113
v -0.12392384 0.11752753 0.49947768
v -0.1251888 0.13853116 0.4992714
v -0.14269015 0.13804032 0.49058616
v -0.14297062 0.16576639 0.48861265
v -0.12623227 0.16403364 0.49986118
v -0.10507603 0.16226006 0.5000088
v -0.1269046 0.18998215 0.4986747
v -0.14459264 0.19480231 0.48738694
v -0.12728405 0.21125996 0.49876136
v -0.14479181 0.22182661 0.4871456
v -0.066710964 0.046741277 0.49559492
v -0.0396304 0.04531859 0.4927053
v -0.03745519 0.066604555 0.49997187
v -0.010495487 0.0650021 0.49996305
v -0.062553674 0.07019439 0.49998862
v -0.05897777 0.096833386 0.4999854
v -0.0859164 0.07940512 0.49978948
v -0.057097588 0.12757161 0.49998122
v -0.0328972 0.124115594 0.4999677
v -0.08108695 0.13201259 0.49999672
v -0.081348844 0.16057551 0.49999136
v -0.104154 0.13662146 0.500014
v -0.08103646 0.1896264 0.49998552
v -0.05674444 0.15885225 0.49997687
v -0.10501052 0.18879907 0.50000083
v -0.08025014 0.21796466 0.49997878
v -0.103933245 0.21295886 0.49999213
v -0.12882021 0.22460018 0.49922085
v -0.10406645 0.23619294 0.49992645
v -0.107933685 0.25772527 0.49366945
v -0.082895376 0.268628 0.49737954
v -0.13037953 0.24269107 0.48920316
v -0.011533622 0.044774607 0.4915982
v 0.018583778 0.06362687 0.499861
v 0.018504722 0.043581292 0.49108022
v -0.00915034 0.09069136 0.49995917
v -0.034743216 0.092924 0.49997103
v 0.01847525 0.08918896 0.49994916
v 0.044280954 0.088157445 0.4999413
v 0.018723639 0.11938491 0.49994743
v -0.0075213867 0.1213538 0.4999566
v -0.0058979397 0.1542768 0.4999541
v -0.031767994 0.1567318 0.49996483
v -0.0042228773 0.18791626 0.49995065
v -0.030730722 0.18939584 0.49996054
v -0.056174435 0.18998922 0.4999721
v -0.029725345 0.21984455 0.4999563
v -0.055507436 0.21992423 0.4999665
v -0.05541736 0.24748138 0.49996167
v -0.028858697 0.24718186 0.49995166
v -0.080220684 0.24446219 0.499973
v -0.055984378 0.27179235 0.49747425
v 0.046398573 0.042508885 0.49022567
v 0.045404974 0.062512025 0.49993062
v 0.07053878 0.06366427 0.49990302
v 0.06783494 0.08900103 0.49993503
v 0.06703054 0.11908128 0.49993443
v 0.04373471 0.11859857 0.49994004
v 0.089553796 0.09305268 0.49993032
v 0.08983517 0.12068268 0.4999299
v 0.109535314 0.09779139 0.49993336
v 0.09176149 0.1506337 0.49992943
v 0.11192984 0.15134394 0.49992996
v 0.06824147 0.15046361 0.4999336
v 0.093249545 0.18017885 0.4999284
v 0.044654094 0.15088639 0.49993873
v 0.069862604 0.18184802 0.4999318
v 0.04631058 0.18397844 0.4999367
v 0.048764814 0.21478644 0.49993497
v 0.01998681 0.15204279 0.49994534
v 0.021724973 0.18599533 0.49994296
v 0.023827733 0.2170834 0.4999404
v -0.0027407457 0.21873836 0.49994743
v 0.027216878 0.24526995 0.4999379
v -0.00071437366 0.24628961 0.49994516
v -0.02773421 0.2713708 0.49760985
v 0.0018813552 0.27050427 0.4979611
v 0.031896137 0.26895273 0.49799305
v 0.03634053 0.28608236 0.48451787
v 0.005108483 0.2863841 0.48350132
v 0.073372334 0.043329358 0.49007648
v 0.09637962 0.054993853 0.484021
v 0.09420997 0.07048574 0.49786168
v 0.115748554 0.079478204 0.49399114
v 0.12653807 0.09698579 0.49834466
v 0.1097125 0.122416995 0.4999314
v 0.13800341 0.091656595 0.49084568
v 0.1288208 0.12262775 0.4981497
v 0.13062882 0.15244949 0.49755228
v 0.13188285 0.1829906 0.49753773
v 0.11351522 0.18032 0.49993014
v 0.13216099 0.20846483 0.49737948
v 0.114488505 0.20366222 0.49992532
v 0.094056256 0.20588602 0.4999277
v 0.115638904 0.21928596 0.49992704
v 0.07202958 0.21108025 0.49993068
v 0.09730176 0.22851251 0.4999274
v 0.07651733 0.23799375 0.49992973
v 0.053231444 0.24320127 0.499933
v 0.08420643 0.25979882 0.4986859
v 0.059197646 0.2670427 0.49841505
v 0.0649703 0.2850479 0.48705834
v 0.09093063 0.27681026 0.48716754
v 0.12574226 0.23166722 0.49806696
v 0.10631537 0.24666595 0.4980709
v 0.1341247 0.24186653 0.48565775
v 0.11276271 0.25955072 0.48537993
v 0.1435734 0.1209846 0.48755503
v 0.14873132 0.11830082 0.46811777
v 0.14364532 0.18837838 0.4849425
v 0.1368658 0.04526107 0.4160952
v 0.158126 0.08043431 0.43182546
v 0.13992986 0.060441032 0.43654394
v 0.15456933 0.10988602 0.44501948
v 0.14310741 0.07491317 0.4561574
v 0.14219901 0.086069286 0.47369933
v 0.1487357 0.15676393 0.46815127
v 0.1542489 0.16069216 0.45055377
v 0.14418983 0.1540645 0.48645997
v 0.14905068 0.19621453 0.46691585
v 0.15316924 0.20962094 0.45061052
v 0.14921102 0.22751455 0.46643507
v 0.14450309 0.21759632 0.48526156
v 0.16311815 0.0634138 0.39247948
v 0.16142684 0.061053574 0.36250693
v 0.16344106 0.06429395 0.39093053
v 0.16584894 0.07902968 0.40575802
v 0.15743256 0.06255467 0.41324234
v 0.16695428 0.09927322 0.42386687
v 0.17016864 0.12497644 0.44325083
v 0.19073084 0.13174875 0.44399524
v 0.16919094 0.16526446 0.44401574
v 0.17269161 0.20847836 0.44015956
v 0.19445306 0.20824762 0.4419508
v 0.15565756 0.21837829 0.44289154
v 0.181802 0.23665117 0.4139517
v 0.15492249 0.24343517 0.44435358
v 0.16376153 0.24232817 0.41220534
v 0.1374808 0.25141487 0.46633208
v 0.15826976 0.26053774 0.4184869
v 0.16128185 0.26695812 0.3910166
v 0.17667344 0.2606693 0.3827178
v 0.19070756 0.25938553 0.39083564
v 0.1893368 0.10446325 0.42785513
v 0.21047676 0.11039704 0.42617708
v 0.18755403 0.083535425 0.4069441
v 0.21065688 0.13772126 0.4380573
v 0.18984568 0.1689908 0.44399476
v 0.20883757 0.17165968 0.4392497
v 0.21267948 0.205724 0.43505406
v 0.21860093 0.22684358 0.4088437
v 0.20160416 0.23392315 0.41528374
v 0.22217292 0.22969475 0.37857187
v 0.21094066 0.25134563 0.3883205
v 0.18588516 0.06652968 0.38688457
v 0.18162644 0.0665161 0.35989553
v -0.11818103 0.2938723 0.094029285
v -0.08059714 0.30114117 0.075662255
v -0.10967019 0.28510636 0.073133186
v -0.064205095 0.28860652 0.05667576
v -0.100482285 0.27626562 0.051766545
v -0.020938003 0.28573155 0.07574065
v -0.049993075 0.3152225 0.09975092
v -0.008421346 0.31009194 0.099470936
v -0.06975423 0.31596637 0.10054026
v -0.09409989 0.31209892 0.09510646
v -0.01625742 0.2901475 0.059410453
v 0.038333554 0.28774977 0.07065905
v -0.056147903 0.2754119 0.037077907
v -0.014127296 0.27729252 0.03985601
v -0.09201683 0.2674588 0.031147022
v -0.082869545 0.25762632 0.012486998
v -0.048389524 0.26213497 0.017538922
v -0.008871226 0.23221707 0.0022576123
v -0.038815424 0.24474117 0.0035137066
v -0.019806689 0.28918138 0.07617582
v 0.04012227 0.30388454 0.07716137
v 0.07776559 0.29672387 0.069051586
v 0.07227433 0.2796299 0.043314967
v 0.03281433 0.27977973 0.043486036
v 0.06362121 0.26378033 0.019911371
v 0.026588684 0.26368055 0.01977751
v -0.011605422 0.26178297 0.016998863
v 0.01956222 0.23622611 0.0021108654
v 0.01767275 0.23221968 -0.011574183
v -0.01074618 0.2322016 -0.010684913
v -0.0084692435 0.23221357 -0.033244945
v -0.03358165 0.23211078 -0.0107242195
v -0.03193115 0.23194516 -0.030659415
v -0.008787455 0.23222554 -0.05895282
v -0.057859283 0.22835715 0.0022536244
v -0.051762797 0.22142693 -0.008887289
v -0.03152727 0.23207457 -0.056342717
v -0.069667466 0.20506564 0.002141332
v -0.050407887 0.22231969 -0.051955756
v -0.06757498 0.20670576 -0.04627994
v -0.05006807 0.22265376 -0.085970946
v -0.08418262 0.1915358 -0.042927742
v -0.066741295 0.20743361 -0.08293205
v -0.085419245 0.19109112 -0.008792387
v 0.052887477 0.24730542 0.003534206
v 0.04281479 0.23054314 0.0022513173
v 0.058609914 0.21562947 0.0025613816
v 0.056883615 0.217012 -0.02340234
v 0.07379903 0.2009773 -0.020191887
v 0.039397173 0.2306697 -0.028312707
v 0.05541537 0.21825059 -0.05302731
v 0.01696162 0.23223206 -0.032372326
v 0.016252346 0.23223454 -0.05862833
v 0.015084909 0.23225889 -0.089115694
v 0.03843138 0.23130737 -0.05644707
v -0.009457673 0.232245 -0.089224204
v 0.013405304 0.23228833 -0.11852042
v -0.031689584 0.23192117 -0.08825739
v -0.0102869915 0.23228294 -0.1188651
v -0.03178593 0.23221394 -0.119243324
v -0.049588405 0.22372293 -0.11926161
v -0.03225736 0.23103149 -0.14886183
v -0.06507592 0.20898512 -0.11801414
v -0.056545604 0.21171108 -0.15759222
v -0.08346014 0.19261922 -0.07896476
v -0.08205784 0.19382527 -0.115159914
v -0.0900023 0.17526849 -0.14377297
v -0.089548014 0.17365168 -0.111157365
v 0.07553972 0.1995645 0.0024441392
v 0.09761457 0.18798983 0.002658351
v 0.088236265 0.18490857 -0.01680566
v 0.07224426 0.20248526 -0.049649592
v 0.086887434 0.1861894 -0.04580685
v 0.070807196 0.20381507 -0.083210535
v 0.08621653 0.1884089 -0.078917846
v 0.054172363 0.21937115 -0.08593963
v 0.06913826 0.20540431 -0.11527613
v 0.037118733 0.23116797 -0.087968856
v 0.0352814 0.23180136 -0.11813011
v 0.032585304 0.23088822 -0.1469906
v 0.052883334 0.22059245 -0.11708744
v 0.010652044 0.23201825 -0.14542082
v -0.011340312 0.23183699 -0.14573352
v -0.077428445 0.19750862 -0.14850193
v 0.08926326 0.1668641 -0.074321695
v 0.08433537 0.19087924 -0.11465241
v 0.089241505 0.16998278 -0.10663155
v 0.06659064 0.20779784 -0.14323857
v 0.08263284 0.19289501 -0.13896273
v 0.051341157 0.22181292 -0.14683667
v 0.089543946 0.17275698 -0.13397965
v 0.08376104 0.17423521 -0.15527527
v 0.06778726 0.19081274 -0.1579218
v 0.05389771 0.1880952 -0.15802617
v -0.04847588 0.22310367 -0.15212351
v 0.023911305 0.20838575 -0.15801002
v -0.012571046 0.21528214 -0.1594323
v -0.02901399 0.20628315 -0.15808426
v -0.04743522 0.18738917 -0.15803063
v -0.062661976 0.17104162 -0.15843603
v -0.08994346 0.15038373 -0.13694896
v -0.080286436 0.1483917 -0.15795474
v -0.05743755 0.15080817 -0.16910312
v -0.088944554 0.12738577 -0.15412442
v -0.06871431 0.12045904 -0.15800928
v -0.075619735 0.11217829 -0.15211049
v -0.058027834 0.09415664 -0.1506081
v -0.048067 0.113051474 -0.15799153
v -0.036706347 0.07932602 -0.14882466
v -0.027880935 0.09471422 -0.1580366
v -0.011080017 0.07766964 -0.14406273
v -0.008273661 0.08938935 -0.15818061
v 0.046785753 0.18783258 -0.15800817
v 0.038196083 0.19554539 -0.15805449
v 0.04986592 0.18776228 -0.15877484
v 0.006892993 0.21543404 -0.15803683
v -0.057429984 0.16877171 -0.17403781
v -0.0022098713 0.05570516 0.015619408
v -0.006050542 0.07133575 0.0002802398
v 0.01911629 0.070776105 0.0014222014
v 0.025427831 0.055667937 0.015680026
v 0.042245902 0.07432589 0.0022341113
v 0.0520489 0.057625577 0.012412828
v 0.06426118 0.08165621 0.0020452088
v 0.07821521 0.06328222 0.0072213104
v 0.038047995 0.078090824 -0.015205193
v 0.05463025 0.09116467 -0.011460554
v 0.06946134 0.10542917 -0.005389344
v 0.08471784 0.093907356 0.0021586365
v 0.08247655 0.117631055 -0.010504332
v 0.101055965 0.080288626 0.007424245
v 0.10301223 0.112135604 0.0021371334
v 0.12215976 0.10270952 0.0069355634
v 0.13273919 0.1324259 0.0062957644
v 0.10919709 0.13679242 0.0026549995
v 0.13163653 0.16584165 0.0047566895
v 0.080093615 0.23783934 0.0022324426
v 0.09446539 0.25478834 0.01761192
v 0.12056607 0.23219779 0.020591427
v 0.10422636 0.22100577 0.00277156
v 0.08659732 0.11920094 0.002218489
v 0.08936565 0.14045554 -0.0050533004
v 0.08935905 0.16309494 -0.0114455
v 0.1061674 0.16400634 0.0026651965
v 0.1248566 0.19753419 0.0028563458
v 0.14070672 0.20402648 0.023184916
v 0.05554024 0.17660028 -0.17066371
v 0.053375658 0.18019275 -0.19041057
v 0.039317165 0.19436637 -0.18607172
v 0.056864355 0.1625737 -0.19247796
v 0.056858223 0.15907797 -0.1691497
v 0.05143992 0.18245713 -0.21627213
v 0.056886718 0.16507702 -0.21963462
v 0.050829407 0.18392956 -0.24540615
v 0.056884367 0.16674402 -0.24935736
v 0.050306726 0.18449959 -0.27606958
v 0.056902435 0.16691358 -0.27974308
v 0.036109425 0.19725879 -0.24159935
v 0.035436228 0.19786474 -0.27247518
v 0.056892924 0.16650209 -0.3101728
v 0.050355133 0.18447417 -0.30643994
v 0.035295725 0.19801563 -0.3025539
v 0.020727055 0.2099179 -0.23788948
v 0.03754965 0.19596532 -0.21280299
v 0.02175091 0.20773226 -0.20953006
v 0.050675716 0.18420248 -0.33654594
v 0.035223298 0.19807287 -0.33250844
v 0.051104393 0.1837945 -0.366691
v 0.03549198 0.19780777 -0.36189765
v 0.056944977 0.164683 -0.3709951
v 0.018778553 0.20973286 -0.3284198
v 0.018505923 0.20917249 -0.2985221
v 0.019025603 0.21010032 -0.35727036
v 0.03644495 0.19827516 -0.391379
v 0.018904893 0.2095388 -0.38604045
v 0.036837094 0.19751555 -0.41895127
v 0.020829208 0.21047862 -0.42070717
v 0.020570647 0.2101018 -0.4275372
v 0.037948683 0.19643298 -0.43936384
v 0.018797431 0.21044256 -0.43830377
v 0.020407487 0.21049747 -0.45580047
v 0.03866662 0.19512202 -0.45709556
v 0.04740593 0.1763069 -0.45590138
v 0.05516733 0.17911439 -0.44234157
v 0.019800337 0.20930949 -0.47420776
v 0.040687237 0.19410627 -0.47597003
v 0.023123555 0.2080905 -0.49525064
v 0.043812092 0.1902284 -0.49334085
v 0.057588626 0.16171253 -0.49534374
v 0.05821132 0.17230208 -0.4823268
v 0.047967028 0.18042596 -0.42443663
v 0.05166742 0.17616673 -0.46236163
v 0.05272863 0.17534785 -0.46221155
v 0.019201314 0.20877816 -0.26877028
v 0.052479945 0.18342565 -0.39612746
v 0.05689123 0.16548929 -0.34040874
v 0.023443464 0.20704436 -0.18281995
v 0.058585744 0.16439173 -0.39971542
v 0.043805324 0.16268577 -0.4227277
v 0.052438304 0.14857139 -0.41859537
v 0.049070735 0.14452112 -0.4206683
v 0.05852444 0.1429057 -0.40179908
v 0.05746442 0.14305417 -0.37460643
v 0.049977288 0.14676695 -0.45700628
v 0.049447536 0.13890319 -0.4295935
v 0.0449975 0.12840429 -0.42726034
v -0.032342967 0.2007755 -0.17796867
v -0.02901399 0.20628315 -0.15808426
v -0.012571046 0.21528214 -0.1594323
v -0.04743522 0.18738917 -0.15803063
v -0.057429984 0.16877171 -0.17403781
v -0.062661976 0.17104162 -0.15843603
v -0.06871431 0.12045904 -0.15800928
v -0.05743755 0.15080817 -0.16910312
v -0.05738814 0.14197902 -0.18971121
v 0.023911305 0.20838575 -0.15801002
v 0.023443464 0.20704436 -0.18281995
v 0.0044961977 0.20994863 -0.18078282
v 0.02175091 0.20773226 -0.20953006
v 0.006892993 0.21543404 -0.15803683
v -0.014909491 0.20983244 -0.1794451
v -0.017706377 0.20990567 -0.20426145
v -0.034467302 0.19885367 -0.20173956
v -0.019747475 0.20955928 -0.23114564
v -0.0501562 0.1846038 -0.19898272
v -0.036058065 0.19738719 -0.22780551
v -0.048202924 0.18639237 -0.17647445
v -0.057446234 0.16573499 -0.19536595
v -0.057430733 0.16355716 -0.22008689
v -0.051818218 0.18304431 -0.22413008
v -0.05722947 0.13960244 -0.21508542
v -0.057171404 0.139344 -0.24349348
v -0.043849554 0.11897721 -0.20912294
v -0.045123756 0.12022734 -0.1820739
v 0.0024424584 0.2100007 -0.2066455
v 0.020727055 0.2099179 -0.23788948
v 0.00066780305 0.21003892 -0.23450676
v 0.019201314 0.20877816 -0.26877028
v -0.0010189062 0.21012688 -0.26488572
v -0.021083888 0.20929542 -0.260732
v -0.0020284827 0.2101947 -0.29454666
v -0.037054487 0.1964665 -0.25695544
v -0.022176713 0.20860787 -0.2907675
v -0.052850407 0.18219821 -0.25302696
v -0.05268533 0.1816872 -0.283158
v -0.057433747 0.16247971 -0.2485002
v -0.057432838 0.16214354 -0.27899152
v -0.05750873 0.14037614 -0.2743104
v -0.05743477 0.16260085 -0.31033218
v -0.04588406 0.120975114 -0.26875007
v -0.04800498 0.12294767 -0.30256033
v -0.04408532 0.11921726 -0.23705749
v 0.018505923 0.20917249 -0.2985221
v 0.018778553 0.20973286 -0.3284198
v -0.0022217815 0.21025625 -0.3245744
v 0.019025603 0.21010032 -0.35727036
v -0.022071779 0.20874816 -0.3208627
v -0.001734734 0.21032003 -0.35311347
v -0.037675086 0.19587876 -0.28701544
v -0.037916023 0.19566615 -0.31719112
v -0.02260695 0.20953143 -0.34938693
v -0.05316823 0.1818792 -0.31369436
v -0.053057037 0.18136564 -0.3428105
v -0.057439744 0.16290691 -0.34001654
v -0.057428006 0.14141971 -0.30667788
v -0.057470813 0.14208215 -0.33760744
v -0.05754941 0.14224586 -0.36712378
v -0.049520556 0.12446826 -0.3355596
v 0.018904893 0.2095388 -0.38604045
v -0.0018094525 0.21045536 -0.38048667
v 0.020829208 0.21047862 -0.42070717
v -0.02275697 0.20954052 -0.3755589
v -0.023131995 0.20931962 -0.40089595
v -0.038446955 0.19547568 -0.37240463
v -0.03810577 0.19549951 -0.3458873
v -0.053270016 0.18165697 -0.3700673
v -0.039384507 0.19575632 -0.396905
v -0.057536922 0.1625525 -0.36843377
v -0.059154168 0.16203086 -0.39342195
v -0.05907802 0.14155138 -0.3935303
v -0.05017759 0.12516516 -0.36608094
v -0.05147371 0.12398769 -0.39294022
v -0.052639153 0.14055756 -0.4198643
v 0.020570647 0.2101018 -0.4275372
v 0.018797431 0.21044256 -0.43830377
v -0.0029471344 0.21055266 -0.4321711
v 0.020407487 0.21049747 -0.45580047
v -0.0018278464 0.21056992 -0.4070285
v -0.024078427 0.20772292 -0.42386556
v -0.040532175 0.19475092 -0.4189993
v -0.027080623 0.20691143 -0.4448837
v -0.05429001 0.18126658 -0.39444697
v -0.054163527 0.18009417 -0.41615498
v -0.04267427 0.19259953 -0.43967587
v -0.05638888 0.1606528 -0.41470706
v -0.055928957 0.17803542 -0.4332959
v -0.054847006 0.15839338 -0.43111604
v -0.050674606 0.13776812 -0.42883074
v -0.057616323 0.15521304 -0.45107746
v -0.05731925 0.13446118 -0.44347787
v 0.023123555 0.2080905 -0.49525064
v 0.017321471 0.20585604 -0.49921232
v -0.0012717835 0.20891117 -0.4925989
v -0.02018625 0.20868567 -0.49546778
v -0.01860778 0.2094334 -0.49391013
v -0.022235319 0.20831284 -0.49552077
v -0.0074001 0.21050864 -0.468001
v -0.019358825 0.20887363 -0.4940868
v -0.032598127 0.18877058 -0.4995709
v -0.022979528 0.20699666 -0.49625582
v -0.030975914 0.20337588 -0.4651354
v -0.042901393 0.19158363 -0.49452752
v -0.0045175576 0.21053481 -0.45030427
v -0.054096907 0.18236338 -0.46030706
v -0.051374175 0.18453357 -0.49418753
v -0.057379443 0.1692643 -0.49725544
v -0.058066145 0.1708971 -0.47214037
v -0.057816874 0.1399861 -0.4957705
v -0.058067054 0.15491956 -0.46455133
v -0.056871776 0.17339917 -0.46238285
v -0.05338136 0.1804641 -0.46039748
v -0.056760184 0.17653303 -0.46251005
v -0.05519187 0.1772481 -0.45554572
v -0.051211216 0.14365636 -0.45628172
v -0.05037801 0.1388318 -0.46106493
v -0.056647684 0.1330047 -0.46353668
v -0.041353416 0.11416961 -0.46643162
v -0.035107173 0.12001636 -0.46104813
v -0.035422698 0.10829006 -0.4390157
v -0.053983252 0.12508571 -0.48815143
v 0.019800337 0.20930949 -0.47420776
v -0.041614737 0.12288612 -0.49967116
v -0.042667937 0.123122826 -0.5000457
v -0.048464034 0.12741582 -0.41934007
v -0.04979481 0.1288288 -0.4194395
v -0.026682816 0.11850442 -0.42587972
v -0.019275036 0.10940023 -0.4222023
v -0.010659874 0.100905366 -0.41919494
v -0.0064149243 0.10033566 -0.41924882
v -0.00845164 0.1000282 -0.4186725
v -0.005691416 0.0961811 -0.41068113
v -0.023737146 0.098170504 -0.40792698
v 0.041114338 0.17823005 -0.49930286
v 0.026666554 0.12937424 -0.49383366
v 0.017274322 0.1233274 -0.47677922
v 0.030498821 0.1563615 -0.48405594
v 0.030314043 0.14936164 -0.45560873
v 0.018164558 0.17977542 -0.49796474
v 0.018542396 0.1868666 -0.4980172
v 0.024100795 0.16954409 -0.4598887
v 0.007800632 0.18084525 -0.46268892
v 0.025174085 0.16555732 -0.4276867
v 0.023002673 0.12990473 -0.45268905
v 0.027278854 0.148067 -0.4255067
v 0.01956934 0.1329343 -0.42436963
v 0.029423956 0.14136234 -0.3834896
v 0.028326798 0.16147321 -0.39746052
v 0.027521944 0.13767588 -0.39304322
v 0.016614942 0.1445645 -0.37917757
v 0.018891249 0.17172389 -0.3818481
v 0.013652211 0.17235921 -0.40161484
v 0.012199 0.17859517 -0.42929965
v 0.0369778 0.13740101 -0.49985784
v 0.03401488 0.14152263 -0.49785966
v -0.01972644 0.38967025 0.29150218
v -0.03722244 0.38611677 0.2616679
v -0.04167643 0.37682763 0.2842344
v -0.0028885903 0.39933205 0.23115043
v -0.032009367 0.39141482 0.23593281
v 0.025703453 0.3951388 0.25032592
v 0.05051124 0.37189445 0.2389272
v 0.05375276 0.37344134 0.20999512
v 0.020780593 0.39653552 0.27930528
v 0.02897012 0.39406404 0.22279294
v 0.056193635 0.3692255 0.1966936
v -0.008840319 0.3992312 0.25890005
v 0.034649108 0.39079577 0.19844231
v -0.000039628852 0.4027922 0.20766221
v 0.03618032 0.38724476 0.1959055
v 0.046204254 0.37072843 0.19565469
v -0.028335126 0.39974 0.21259104
v 0.052588172 0.3712502 0.26652586
v -0.04235242 0.31782275 0.29015595
v -0.010207194 0.31797752 0.30581826
v -0.012300582 0.3296048 0.292261
v -0.048198353 0.33577326 0.28643566
v -0.05283826 0.35752535 0.28520632
v 0.0013907035 0.3761708 0.29245478
v 0.04417536 0.36538428 0.28929496
v 0.023243474 0.35552013 0.29242373
v 0.046699736 0.3180076 0.27443957
v 0.026179498 0.32542378 0.29243362
v -0.015101447 0.35146397 0.29247552
v -0.03515102 0.367352 0.2923038
v -0.04037737 0.3675448 0.2920738
v 0.018542396 0.1868666 -0.4980172
v 0.007800632 0.18084525 -0.46268892
v -0.002455526 0.18492806 -0.4995988
v -0.01032821 0.17930068 -0.46164513
v -0.016355693 0.18335322 -0.49572837
v -0.025417406 0.16939585 -0.45904112
v -0.026961531 0.16867925 -0.48652852
v -0.031040983 0.15214196 -0.45612514
v -0.031042933 0.1511274 -0.48107046
v 0.006000826 0.17754515 -0.3803174
v 0.013652211 0.17235921 -0.40161484
v 0.018891249 0.17172389 -0.3818481
v -0.0146002555 0.16868949 -0.37963575
v -0.019193355 0.17109486 -0.40195
v -0.024267133 0.15366152 -0.3791734
v -0.0023647489 0.17855725 -0.40220195
v -0.0063296366 0.18046181 -0.42989254
v 0.012199 0.17859517 -0.42929965
v -0.021968536 0.17075646 -0.42927796
v -0.029660577 0.15445065 -0.42817307
v -0.029034207 0.15516369 -0.40187252
v 0.045371674 0.320566 0.23385283
v 0.055719033 0.34455648 0.22720166
v 0.055421397 0.33606198 0.25210977
v 0.046699736 0.3180076 0.27443957
v 0.052588172 0.3712502 0.26652586
v 0.05051124 0.37189445 0.2389272
v 0.04417536 0.36538428 0.28929496
v 0.04713018 0.3186283 0.21845587
v 0.04869254 0.3242733 0.19651327
v 0.058058225 0.3483934 0.20847122
v 0.04532745 0.32015443 0.19923814
v 0.049302362 0.32558784 0.1967787
v 0.056075078 0.35104814 0.1964482
v 0.05375276 0.37344134 0.20999512
v 0.055654712 0.36992607 0.19759507
v 0.046204254 0.37072843 0.19565469
v 0.056193635 0.3692255 0.1966936
v 0.19153929 0.116732806 0.2558741
v 0.19433194 0.14299576 0.25548518
v 0.21340984 0.14493006 0.26532602
v 0.21432972 0.11417654 0.2746768
v 0.22230557 0.12533739 0.29030532
v 0.20029086 0.06758006 0.32866085
v 0.2205171 0.08159524 0.35322243
v 0.20400131 0.068529636 0.3568012
v 0.20915389 0.070952624 0.384543
v 0.2221022 0.102029875 0.39675468
v 0.20921734 0.08898466 0.40569293
v 0.21047676 0.11039704 0.42617708
v 0.22180384 0.14448592 0.42319357
v 0.21065688 0.13772126 0.4380573
v 0.20883757 0.17165968 0.4392497
v 0.22149613 0.20240404 0.4243105
v 0.21267948 0.205724 0.43505406
v 0.22210717 0.2141007 0.39608175
v 0.21860093 0.22684358 0.4088437
v 0.19840726 0.20772506 0.25849944
v 0.22234055 0.20001744 0.29142958
v 0.22205848 0.1762967 0.28444523
v 0.24374324 0.17462692 0.2953936
v 0.21132034 0.17681763 0.2641068
v 0.2221002 0.1487079 0.284409
v 0.24379137 0.1524055 0.29534775
v 0.24692598 0.17286184 0.31030267
v 0.2436485 0.13686602 0.29535812
v 0.2469177 0.13881645 0.32465154
v 0.24691689 0.12794855 0.32366532
v 0.22228271 0.10622642 0.30983013
v 0.24697432 0.11478552 0.33144617
v 0.2465238 0.11213938 0.34655017
v 0.23353142 0.09462189 0.32742208
v 0.21971005 0.07963255 0.32711244
v 0.21593714 0.08993009 0.30068785
v 0.23519933 0.0945817 0.35010576
v 0.23916337 0.09533496 0.37325913
v 0.22209853 0.08720058 0.37789178
v 0.23900175 0.10981532 0.39179617
v 0.24698296 0.11430971 0.364649
v 0.24056998 0.12619543 0.40845096
v 0.24702007 0.13808978 0.39213777
v 0.22325021 0.121023566 0.41463184
v 0.23953903 0.14949146 0.4165179
v 0.24696502 0.15568295 0.39584017
v 0.2209742 0.17279565 0.42662358
v 0.23767382 0.17351402 0.4164946
v 0.22253808 0.1966344 0.41407913
v 0.24695966 0.18255526 0.37675607
v 0.23691124 0.19744356 0.4124757
v 0.24420935 0.20981513 0.3905021
v 0.24722406 0.21509597 0.37105358
v 0.24696079 0.19243208 0.36259073
v 0.23592636 0.22891219 0.37771505
v 0.24567062 0.21297446 0.35309815
v 0.2385003 0.22899503 0.35441005
v 0.2436561 0.20905179 0.31578648
v 0.23742253 0.21777804 0.31059277
v 0.23873278 0.22880812 0.3315727
v 0.24362889 0.1933731 0.30068254
v 0.2469635 0.1917544 0.31179243
v 0.24588647 0.2075797 0.320368
v 0.24694353 0.18628326 0.33749437
v 0.24693936 0.17118692 0.33117265
v 0.2469795 0.21138045 0.3380736
v 0.24695408 0.19131781 0.35041898
v 0.24694553 0.1727272 0.3473013
v 0.24695033 0.17352147 0.36054224
v 0.24693936 0.15524547 0.34808344
v 0.24693224 0.15402424 0.33207744
v 0.24694309 0.15815397 0.3617071
v 0.24695286 0.17233396 0.37214833
v 0.24693763 0.14160727 0.3665753
v 0.24693668 0.13531783 0.3543048
v 0.24694327 0.15098602 0.37332612
v 0.24694991 0.12424497 0.38003802
v 0.24694729 0.16114226 0.37469774
v 0.24699572 0.17247608 0.39317966
v 0.24692887 0.13563906 0.3398146
v 0.24692023 0.15373643 0.31390965
v 0.24696216 0.18846403 0.370614
v 0.19114879 0.18745197 0.15185563
v 0.18340635 0.16239728 0.13055564
v 0.18235096 0.19492374 0.13913745
v 0.19136548 0.16288261 0.1446414
v 0.19146901 0.1348688 0.14809541
v 0.18367904 0.12714925 0.14003776
v 0.19114181 0.13767602 0.188373
v 0.1911169 0.16838925 0.18803164
v 0.19112706 0.17108083 0.21160457
v 0.19115922 0.13916768 0.21281399
v 0.1911135 0.1651234 0.16589104
v 0.19118863 0.19374403 0.16551249
v 0.19077069 0.19770637 0.1853557
v 0.1911433 0.13645482 0.16628814
v 0.19116026 0.17298177 0.23341261
v 0.1911954 0.14146736 0.23529255
v 0.19175985 0.20427607 0.24853186
v 0.19217727 0.17506279 0.25358206
v 0.19162697 0.20246841 0.22940454
v 0.19119287 0.2013558 0.2076161
v 0.18927851 0.115549624 0.2376326
v 0.1879166 0.11453617 0.21326004
v 0.18595198 0.11465026 0.18702841
v 0.18677786 0.11471231 0.16256629
v 0.16624191 0.07760804 0.30051458
v 0.18991837 0.111632 0.26707286
v 0.19513264 0.07714184 0.3018549
v 0.16589636 0.09726717 0.27784646
v 0.17038038 0.0690832 0.3102708
v 0.16730261 0.10864005 0.16074044
v 0.16638395 0.12142253 0.14101967
v 0.1647721 0.10772288 0.1857635
v 0.16669977 0.107756205 0.21364862
v 0.16512766 0.11094806 0.24254355
v 0.10170305 0.3157538 0.39408195
v 0.08091413 0.31831324 0.36561167
v 0.078532316 0.3191286 0.39471072
v 0.10180469 0.31448483 0.36653423
v 0.119492725 0.30060288 0.36704606
v 0.08488513 0.31826478 0.3337559
v 0.104100645 0.31320456 0.33481187
v 0.119845405 0.3003606 0.33516085
v 0.10737679 0.3113206 0.3037153
v 0.12242085 0.29814583 0.3029439
v 0.08981401 0.31866515 0.30370027
v 0.09333546 0.31803063 0.27523482
v 0.11276271 0.25955072 0.48537993
v 0.1341247 0.24186653 0.48565775
v 0.1374808 0.25141487 0.46633208
v 0.09093063 0.27681026 0.48716754
v 0.11534943 0.26942074 0.46531093
v 0.09379884 0.28729063 0.46648037
v 0.09665694 0.29810238 0.44384307
v 0.117515415 0.28126293 0.4427367
v 0.12054382 0.2934038 0.41924566
v 0.14102304 0.27678394 0.41927487
v 0.10006314 0.30928937 0.4198314
v 0.121587224 0.30059797 0.3947891
v 0.14132637 0.2841337 0.39441675
v 0.14199388 0.28109285 0.37098038
v 0.13772708 0.28490907 0.33441955
v 0.15463233 0.2705379 0.3334419
v 0.1403369 0.28266406 0.30088896
v 0.15974653 0.26570287 0.2935902
v 0.14479408 0.2787029 0.27064407
v 0.12572122 0.29517478 0.27345413
v 0.12804401 0.29304036 0.2468538
v 0.10947534 0.30946288 0.27455026
v 0.11031297 0.30871797 0.24746582
v 0.09228288 0.31807354 0.2461501
v 0.08766867 0.31720018 0.22203018
v 0.14921102 0.22751455 0.46643507
v 0.15492249 0.24343517 0.44435358
v 0.13907677 0.26384345 0.4435929
v 0.15826976 0.26053774 0.4184869
v 0.16128185 0.26695812 0.3910166
v 0.16204175 0.2667952 0.37225896
v 0.17667344 0.2606693 0.3827178
v 0.17284817 0.26074037 0.36316848
v 0.19070756 0.25938553 0.39083564
v 0.15973905 0.2680139 0.3677672
v 0.17265159 0.26083386 0.33123177
v 0.16811451 0.25318024 0.3012222
v 0.1901271 0.24748135 0.2987678
v 0.18047741 0.22248505 0.27351636
v 0.16520846 0.23684093 0.2728458
v 0.14720026 0.27652386 0.24591853
v 0.14799285 0.27568504 0.22108962
v 0.12899998 0.29215062 0.22099593
v 0.14839122 0.27527854 0.19513926
v 0.110367395 0.30857906 0.22154124
v 0.12974924 0.2914228 0.19451556
v 0.111824535 0.3071775 0.19518636
v 0.09200808 0.31754214 0.19667123
v 0.09844241 0.3174528 0.16998552
v 0.10055576 0.31683797 0.14818007
v 0.11376296 0.3054052 0.16859777
v 0.11485183 0.30443054 0.14362681
v 0.1312812 0.29001352 0.16833533
v 0.11520673 0.30451044 0.11807084
v 0.13458127 0.28709507 0.14283265
v 0.08556869 0.3172878 0.118301764
v 0.11319342 0.29765785 0.0935884
v 0.08111282 0.31270975 0.09376243
v 0.04012227 0.30388454 0.07716137
v 0.07776559 0.29672387 0.069051586
v 0.038333554 0.28774977 0.07065905
v 0.10272703 0.26734728 0.043168146
v 0.07227433 0.2796299 0.043314967
v 0.16472036 0.20379537 0.13546115
v 0.16477117 0.16369647 0.12638827
v 0.21094066 0.25134563 0.3883205
v 0.21406314 0.25192726 0.35838127
v 0.22217292 0.22969475 0.37857187
v 0.19370332 0.26039323 0.36062485
v 0.21548069 0.2510322 0.3285625
v 0.19489262 0.26075867 0.32839966
v 0.21254548 0.23827995 0.29978383
v 0.22204983 0.2192573 0.31112158
v 0.22206962 0.22980046 0.33122593
v 0.17419833 0.2122926 0.2506551
v 0.17018464 0.21277194 0.22747795
v 0.16594031 0.21158981 0.20356046
v 0.17332882 0.21174589 0.18036741
v 0.14817864 0.27539176 0.16777173
v 0.15822548 0.2659572 0.14266609
v 0.16304338 0.2615388 0.1193734
v 0.13931742 0.28326833 0.1179594
v 0.16249436 0.24823798 0.09627232
v 0.14048687 0.27454537 0.09400503
v 0.13622594 0.2591963 0.07033304
v 0.10828646 0.2828283 0.06925084
v 0.12997717 0.24376845 0.045026504
v 0.12056607 0.23219779 0.020591427
v 0.09446539 0.25478834 0.01761192
v 0.06362121 0.26378033 0.019911371
v 0.16465163 0.2215346 0.15336101
v 0.17935717 0.21051274 0.15814766
v 0.22208658 0.22982985 0.3556531
v 0.14870465 0.2132437 0.049738217
v 0.15608215 0.22921939 0.07467308
v 0.14070672 0.20402648 0.023184916
v 0.14224476 0.16690107 0.028309427
v 0.1248566 0.19753419 0.0028563458
v 0.13163653 0.16584165 0.0047566895
v 0.14232692 0.1285322 0.028585065
v 0.13273919 0.1324259 0.0062957644
v 0.12215976 0.10270952 0.0069355634
v 0.13329065 0.09654077 0.027142467
v 0.14147016 0.08689153 0.050450847
v 0.15031582 0.120946735 0.0551276
v 0.16508722 0.20484775 0.1129345
v 0.15896472 0.17056882 0.08434926
v 0.16449389 0.16974951 0.10650997
v 0.16472214 0.23020507 0.12510741
v 0.15804964 0.1069043 0.0810928
v 0.14764744 0.07381261 0.074322194
v 0.15160614 0.06066504 0.097030334
v 0.1642856 0.08998865 0.103029616
v 0.16476199 0.24853584 0.14759783
v 0.16600549 0.07571271 0.12299169
v 0.14945152 0.05165121 0.12110803
v 0.12628028 0.03752911 0.09698197
v 0.12471965 0.030095577 0.120634675
v 0.10169195 0.016195104 0.09519713
v 0.101519905 0.009342 0.119621664
v 0.09895653 0.008121073 0.14661859
v 0.1509287 0.16850355 0.057193603
v 0.12028337 0.026968285 0.14709887
v 0.14355087 0.046853542 0.14859046
v 0.1629259 0.06541847 0.1509098
v 0.16472721 0.11719214 0.11895617
v 0.1646483 0.23021121 0.17595816
v 0.16386372 0.26006362 0.17125143
v 0.16464439 0.23321593 0.2004295
v 0.16466072 0.23357221 0.22493598
v 0.16465828 0.25943816 0.22214988
v 0.1647172 0.2318788 0.24872866
v 0.16477478 0.258693 0.19719361
v 0.1643636 0.2600785 0.24608189
v 0.09741281 0.006126553 0.17621744
v 0.16333944 0.26176062 0.26781213
v 0.16476873 0.08847906 0.1553382
v 0.1582421 0.060079202 0.18063848
v 0.16509461 0.082434095 0.18350883
v 0.15534177 0.057001337 0.2116095
v 0.1652543 0.07999561 0.21309792
v 0.15234214 0.054181024 0.24282108
v 0.16572839 0.07739937 0.24339607
v 0.16489798 0.07099507 0.27569354
v 0.14711735 0.049659476 0.27523404
v 0.13554534 0.039929837 0.21006729
v 0.13221088 0.036979124 0.24193203
v 0.11211244 0.019945115 0.24129514
v 0.114465155 0.021951959 0.20924447
v 0.109641604 0.017746314 0.2745515
v 0.09169339 0.0027122796 0.27503753
v 0.09086493 0.0019860715 0.30830872
v 0.10758279 0.015978545 0.30748463
v 0.10747954 0.015679464 0.3394289
v 0.091184154 0.0018464476 0.3407231
v 0.1247187 0.030549094 0.3070385
v 0.124532595 0.030345097 0.3379568
v 0.09238906 0.0035100877 0.37007058
v 0.109237455 0.017402425 0.3686028
v 0.113700956 0.020251676 0.39506584
v 0.09550789 0.004573345 0.39727426
v 0.09677515 0.013740882 0.42175364
v 0.11671964 0.029021755 0.41846877
v 0.09630187 0.028238311 0.44346863
v 0.11762381 0.04363115 0.43924993
v 0.09627142 0.042428568 0.46442467
v 0.11878675 0.05788116 0.45963043
v 0.12703028 0.032441735 0.36704206
v 0.14292905 0.04598421 0.33610618
v 0.14524168 0.04789552 0.3648125
v 0.15864328 0.060065955 0.33465433
v 0.16142684 0.061053574 0.36250693
v 0.16311815 0.0634138 0.39247948
v 0.15443033 0.055396557 0.39179534
v 0.17715853 0.066538766 0.33255678
v 0.18162644 0.0665161 0.35989553
v 0.15853211 0.05932948 0.30760372
v 0.16344106 0.06429395 0.39093053
v 0.15743256 0.06255467 0.41324234
v 0.1368658 0.04526107 0.4160952
v 0.18588516 0.06652968 0.38688457
v 0.18755403 0.083535425 0.4069441
v 0.1893368 0.10446325 0.42785513
v 0.09288588 0.0040534586 0.24154852
v 0.09505718 0.004376963 0.20865303
v 0.13178277 0.036196724 0.3931002
v 0.13992986 0.060441032 0.43654394
v 0.14310741 0.07491317 0.4561574
v 0.11873009 0.069083944 0.47828
v 0.09637962 0.054993853 0.484021
v 0.14219901 0.086069286 0.47369933
v 0.073372334 0.043329358 0.49007648
v 0.0734596 0.032020092 0.4683156
v 0.09420997 0.07048574 0.49786168
v 0.115748554 0.079478204 0.49399114
v 0.13800341 0.091656595 0.49084568
v 0.13893071 0.042885274 0.17833138
v 0.14293176 0.04599701 0.30649877
v 0.1280348 0.03338939 0.2746234
v 0.16477135 0.10197104 0.13234341
v 0.1169621 0.024158657 0.17710523
v 0.15991604 0.2658368 0.28350466
v -0.04235242 0.31782275 0.29015595
v -0.048198353 0.33577326 0.28643566
v -0.057260297 0.33895138 0.26168585
v -0.055594347 0.36473 0.262021
v -0.050030693 0.31907818 0.26114446
v -0.05705869 0.34039873 0.23675294
v -0.05283826 0.35752535 0.28520632
v -0.04167643 0.37682763 0.2842344
v -0.03722244 0.38611677 0.2616679
v -0.032009367 0.39141482 0.23593281
v -0.05471192 0.36954826 0.23717105
v -0.055108454 0.37203348 0.21301994
v -0.05968891 0.3399809 0.21343578
v -0.05005584 0.32333267 0.19781664
v -0.05222986 0.31721303 0.21347497
v -0.05218586 0.31991845 0.2352421
v -0.046024036 0.31829715 0.19651654
v -0.045121927 0.31784415 0.19600625
v -0.051337115 0.37479314 0.19522083
v -0.028335126 0.39974 0.21259104
v -0.042264 0.32307294 0.19522607
v 0.022467049 0.119458616 -0.49742562
v 0.019255396 0.118729696 -0.49818927
v 0.017124962 0.11813124 -0.4982956
v 0.017274322 0.1233274 -0.47677922
v 0.026666554 0.12937424 -0.49383366
v -0.013273647 0.11803832 -0.49676633
v -0.011739909 0.12117397 -0.4780627
v 0.006064558 0.12018276 -0.47741926
v 0.0064506 0.12054499 -0.452237
v 0.023002673 0.12990473 -0.45268905
v 0.005781004 0.12311359 -0.42480218
v 0.01956934 0.1329343 -0.42436963
v 0.027521944 0.13767588 -0.39304322
v 0.027278854 0.148067 -0.4255067
v 0.029423956 0.14136234 -0.3834896
v 0.020567928 0.13234504 -0.39248228
v 0.016614942 0.1445645 -0.37917757
v 0.0042030644 0.13069548 -0.37933367
v -0.012715021 0.12141632 -0.45248765
v -0.009189051 0.12725884 -0.42608422
v -0.011649708 0.12307688 -0.40187776
v 0.006137245 0.122911245 -0.398449
v -0.009696196 0.12161418 -0.38207364
v 0.031053778 0.1268166 -0.49839693
v 0.037266273 0.12266152 -0.49966145
v 0.018891249 0.17172389 -0.3818481
v -0.003723208 0.15036553 -0.37914872
v 0.006000826 0.17754515 -0.3803174
v -0.0146002555 0.16868949 -0.37963575
v -0.024267133 0.15366152 -0.3791734
v -0.02023367 0.1380136 -0.38081384
v -0.03772015 0.17283103 -0.49694008
v -0.026961531 0.16867925 -0.48652852
v -0.031042933 0.1511274 -0.48107046
v -0.03771289 0.15437189 -0.49823308
v -0.03386018 0.128961 -0.49797755
v -0.025952732 0.13163197 -0.48101526
v -0.02691579 0.13423486 -0.45375293
v -0.031040983 0.15214196 -0.45612514
v -0.029660577 0.15445065 -0.42817307
v -0.022373859 0.13950889 -0.42717677
v -0.029034207 0.15516369 -0.40187252
v -0.023230288 0.13798815 -0.40177315
v 0.038741704 0.12164106 -0.4994948
v -0.20193195 0.21841514 0.43112856
v -0.18031025 0.22108792 0.42945814
v -0.18315312 0.24199426 0.40845358
v -0.22032148 0.21051474 0.42396098
v -0.20256904 0.23870547 0.4088583
v -0.22870874 0.19927704 0.4119044
v -0.21941605 0.22992925 0.40424913
v -0.22617671 0.21500961 0.394404
v -0.21892494 0.24680081 0.380468
v -0.2459783 0.18951192 0.40593332
v -0.2429316 0.20980117 0.39292908
v -0.24327657 0.22535138 0.37453824
v -0.24719134 0.1774635 0.39376044
v -0.2472145 0.19350918 0.38453335
v -0.24722406 0.20709646 0.36961466
v -0.16559637 0.24456915 0.40612084
v -0.16200244 0.22573194 0.4285388
v -0.15264595 0.27290273 0.3898185
v -0.16294032 0.26514953 0.35961127
v -0.1668132 0.26264834 0.38880104
v -0.1838277 0.25970688 0.38571507
v -0.20321122 0.25812453 0.3848673
v -0.19804034 0.25996298 0.3524183
v -0.21477112 0.25139767 0.34990966
v -0.19236606 0.2595621 0.31755435
v -0.22750148 0.23092736 0.375544
v -0.22286743 0.23493148 0.3483215
v -0.21123126 0.25335503 0.3144688
v -0.23874614 0.22879702 0.34797686
v -0.2224201 0.23691925 0.3171097
v -0.24623576 0.21304473 0.34882337
v -0.23626381 0.22652867 0.31952024
v -0.24656755 0.21192369 0.3255847
v -0.24469608 0.19749844 0.30477738
v -0.14634344 0.25738007 0.44521695
v -0.12588695 0.2712431 0.44888258
v -0.12337517 0.2869381 0.42638195
v -0.103408985 0.29983166 0.43188208
v -0.14274555 0.2740851 0.42190593
v -0.12181273 0.29982892 0.4036209
v -0.13815933 0.28581113 0.3970244
v -0.13186711 0.28994498 0.37132055
v -0.14801458 0.2763172 0.3652442
v -0.1274944 0.29365385 0.34109586
v -0.1615527 0.264691 0.33188647
v -0.144297 0.2793232 0.33485985
v -0.17914274 0.260231 0.35555643
v -0.17476127 0.26023299 0.32320458
v -0.16555098 0.2503521 0.29241157
v -0.17665762 0.23739001 0.28958333
v -0.19824615 0.22766224 0.27981925
v -0.19319695 0.20701468 0.25799692
v -0.2186633 0.21660759 0.28319663
v -0.22302121 0.20495342 0.29646212
v -0.1284667 0.25617373 0.47014546
v -0.13037953 0.24269107 0.48920316
v -0.107933685 0.25772527 0.49366945
v -0.106057264 0.27186003 0.47505838
v -0.08334222 0.286003 0.4810735
v -0.10425067 0.28596538 0.45393413
v -0.08189467 0.2967424 0.4583245
v -0.08081928 0.30688047 0.43469328
v -0.054857653 0.29690698 0.45838982
v -0.0809937 0.31642735 0.41297662
v -0.05190976 0.3171359 0.41128308
v -0.10391012 0.3126526 0.41026318
v -0.08541891 0.31851056 0.39688897
v -0.10037271 0.3167132 0.38463223
v -0.11575716 0.30386466 0.37743717
v -0.09526647 0.3177574 0.35150522
v -0.11194381 0.30731687 0.34674126
v -0.1255205 0.29528794 0.30883121
v -0.11031977 0.3088056 0.31364292
v -0.14191848 0.28122428 0.3034972
v -0.14287582 0.2803473 0.27326977
v -0.1575236 0.26769543 0.29680538
v -0.16004947 0.26586607 0.26716733
v -0.18888748 0.21066456 0.22657083
v -0.16727835 0.21451825 0.25743467
v -0.16560093 0.21222939 0.23160157
v -0.1900714 0.2072748 0.24500956
v -0.16620377 0.21311237 0.20762813
v -0.19235337 0.20743075 0.20396937
v -0.16922262 0.2154754 0.18484662
v -0.19244313 0.204249 0.1810316
v -0.082895376 0.268628 0.49737954
v -0.055984378 0.27179235 0.49747425
v -0.055507608 0.2871887 0.48156136
v -0.026106868 0.2868344 0.48242778
v -0.024269821 0.29669482 0.45892793
v 0.008669311 0.29619834 0.460146
v -0.022255335 0.3074385 0.4336661
v -0.05351526 0.30733922 0.4338619
v -0.019502543 0.31707776 0.41062647
v -0.049359884 0.31853256 0.38700223
v -0.08434134 0.31942198 0.3965246
v -0.016285429 0.3183833 0.38748765
v 0.019301813 0.31862724 0.38874406
v -0.012694499 0.31816924 0.36191094
v -0.04605418 0.31813142 0.35825562
v -0.010610128 0.31807476 0.33131075
v -0.073566996 0.31808728 0.35579282
v -0.04323571 0.31801212 0.3252486
v -0.070496246 0.31795877 0.32088083
v -0.09297914 0.31801468 0.31754547
v -0.06837489 0.31784493 0.29009318
v -0.09242932 0.31755215 0.2866633
v -0.10992503 0.30915612 0.28241527
v -0.10975295 0.30931246 0.25335777
v -0.1253978 0.29534686 0.27813214
v -0.1255103 0.2952096 0.24950643
v -0.14312509 0.2801141 0.24558297
v -0.124987006 0.29568344 0.22200677
v -0.160507 0.26452845 0.24095091
v -0.14224607 0.28089347 0.21874933
v -0.16179428 0.2650231 0.21480842
v -0.16141212 0.26560277 0.1903908
v -0.16534242 0.21357334 0.16381957
v -0.19307205 0.1839766 0.13989331
v -0.16989082 0.2053798 0.14464006
v -0.19235307 0.20010942 0.15921767
v -0.17276052 0.18705757 0.13155007
v -0.19122648 0.17237343 0.13497289
v -0.02773421 0.2713708 0.49760985
v 0.0018813552 0.27050427 0.4979611
v 0.005108483 0.2863841 0.48350132
v 0.04044842 0.29527366 0.46241164
v 0.03634053 0.28608236 0.48451787
v 0.012057805 0.30687547 0.43503886
v 0.044305462 0.30593395 0.43731576
v 0.015739761 0.31686518 0.41213113
v 0.05113533 0.31895456 0.390899
v 0.047668397 0.31576183 0.41443413
v 0.055037208 0.31829193 0.36434287
v 0.08091413 0.31831324 0.36561167
v 0.022433143 0.31822476 0.36348218
v 0.025879176 0.31814784 0.33393544
v 0.028723108 0.31803834 0.30983448
v 0.060430937 0.31822333 0.33270568
v -0.010207194 0.31797752 0.30581826
v 0.026179498 0.32542378 0.29243362
v -0.04235242 0.31782275 0.29015595
v -0.012300582 0.3296048 0.292261
v -0.050030693 0.31907818 0.26114446
v -0.06993076 0.317704 0.26048297
v -0.070524275 0.31754178 0.23319297
v -0.09259612 0.3175341 0.2573495
v -0.09147561 0.31822848 0.22932164
v -0.10890615 0.31011465 0.2257868
v -0.107357636 0.31155172 0.19867565
v -0.12389365 0.29665822 0.19474803
v -0.1046798 0.31388986 0.17094938
v -0.14230102 0.28084186 0.19226839
v -0.14368957 0.27967134 0.16491213
v -0.16234997 0.26214737 0.16360174
v -0.122522295 0.29787156 0.14063653
v -0.14494917 0.2786563 0.13855253
v 0.0649703 0.2850479 0.48705834
v 0.06933748 0.29434523 0.46471918
v 0.09379884 0.28729063 0.46648037
v 0.07272765 0.30426565 0.44126576
v 0.07567399 0.31452537 0.41747367
v 0.10006314 0.30928937 0.4198314
v 0.078532316 0.3191286 0.39471072
v 0.10170305 0.3157538 0.39408195
v 0.08488513 0.31826478 0.3337559
v 0.08981401 0.31866515 0.30370027
v 0.06966567 0.3181261 0.30482638
v 0.07385073 0.31803676 0.27507114
v 0.046699736 0.3180076 0.27443957
v 0.057940006 0.31796825 0.27435982
v -0.046024036 0.31829715 0.19651654
v -0.06822469 0.31702375 0.20838897
v -0.05222986 0.31721303 0.21347497
v -0.05686183 0.3169277 0.18367866
v -0.05218586 0.31991845 0.2352421
v -0.08878066 0.31762087 0.20332076
v -0.082502775 0.3169806 0.17658664
v -0.10217616 0.3156484 0.14412096
v -0.12303265 0.29741573 0.16720398
v -0.07595792 0.31693473 0.14872013
v -0.045139864 0.31626993 0.15571426
v -0.07283555 0.31705457 0.12292277
v -0.044451848 0.30981654 0.12770912
v -0.100008406 0.31666088 0.118583485
v -0.06975423 0.31596637 0.10054026
v -0.12257603 0.29844686 0.11605686
v -0.09409989 0.31209892 0.09510646
v -0.14661193 0.27830014 0.11439549
v -0.11818103 0.2938723 0.094029285
v -0.14356935 0.27183706 0.09299939
v -0.10967019 0.28510636 0.073133186
v -0.13660875 0.26149577 0.07308304
v -0.100482285 0.27626562 0.051766545
v -0.12868422 0.2515859 0.05258209
v -0.09201683 0.2674588 0.031147022
v 0.09093063 0.27681026 0.48716754
v 0.09665694 0.29810238 0.44384307
v 0.09333546 0.31803063 0.27523482
v 0.09228288 0.31807354 0.2461501
v 0.071754575 0.31794387 0.24682689
v 0.08766867 0.31720018 0.22203018
v 0.045371674 0.320566 0.23385283
v 0.06861162 0.3174475 0.22023341
v 0.04713018 0.3186283 0.21845587
v 0.04532745 0.32015443 0.19923814
v -0.045121927 0.31784415 0.19600625
v -0.017642979 0.32062554 0.20669983
v -0.011064736 0.31909215 0.20582052
v -0.0072799874 0.31690994 0.19549085
v -0.008738984 0.3168602 0.18758446
v 0.0016093036 0.3163867 0.16830231
v -0.0006441 0.3098513 0.13410836
v 0.060307134 0.3171317 0.17380288
v -0.008421346 0.31009194 0.099470936
v 0.041547745 0.30994523 0.10902816
v -0.049993075 0.3152225 0.09975092
v -0.11978228 0.24326865 0.03244798
v -0.082869545 0.25762632 0.012486998
v -0.110079005 0.23715687 0.013670496
v 0.09200808 0.31754214 0.19667123
v 0.06638811 0.31723425 0.19851644
v 0.09844241 0.3174528 0.16998552
v 0.10055576 0.31683797 0.14818007
v 0.05006034 0.3137481 0.14316413
v 0.08556869 0.3172878 0.118301764
v 0.042173456 0.3145669 0.08540111
v 0.08111282 0.31270975 0.09376243
v 0.04012227 0.30388454 0.07716137
v -0.019806689 0.28918138 0.07617582
v -0.020938003 0.28573155 0.07574065
v 0.055421397 0.33606198 0.25210977
v -0.24466625 0.12820509 0.40162134
v -0.24256495 0.115243606 0.39092088
v -0.2253016 0.107643 0.39500087
v -0.22585014 0.09332345 0.3783105
v -0.22735316 0.12193892 0.41000324
v -0.21373942 0.09313782 0.4075548
v -0.24667409 0.14103562 0.40660018
v -0.22937626 0.1380699 0.41799945
v -0.21551478 0.11238063 0.4256516
v -0.22700801 0.15752006 0.41740364
v -0.21629012 0.16050547 0.43551153
v -0.24615678 0.15254694 0.4069203
v -0.22786808 0.17925718 0.41927338
v -0.21830231 0.18616834 0.4344923
v -0.24371424 0.17214903 0.4129278
v -0.24256817 0.102054186 0.37502992
v -0.2148925 0.07478252 0.38675576
v -0.19085076 0.068387374 0.38955575
v -0.19123235 0.08759761 0.41163796
v -0.1665839 0.06703304 0.39000255
v -0.19241285 0.10879682 0.4328001
v -0.16761395 0.08422749 0.41151452
v -0.21648195 0.13517635 0.43557245
v -0.19410753 0.13364 0.4444009
v -0.19570348 0.16291007 0.44437277
v -0.16982847 0.13439266 0.44432324
v -0.17256501 0.16527674 0.44432312
v -0.15340489 0.13491127 0.45212692
v -0.19935486 0.19242588 0.44398922
v -0.17732409 0.19650544 0.4443125
v -0.15884036 0.20165226 0.44560212
v -0.14196157 0.045192808 0.39389992
v -0.1526036 0.10490235 0.45517015
v -0.15522173 0.06419693 0.42033732
v -0.16584268 0.107446395 0.43195903
v -0.13765946 0.06535965 0.4478827
v -0.15449065 0.09466593 0.4476983
v -0.13873321 0.08090281 0.47218823
v -0.14827129 0.108571514 0.47224766
v -0.13466 0.090442106 0.49207354
v -0.14857352 0.13617587 0.47120076
v -0.1424169 0.11368278 0.4916994
v -0.14916086 0.16749069 0.4689415
v -0.14269015 0.13804032 0.49058616
v -0.15456894 0.1670708 0.44937128
v -0.15193084 0.2157298 0.45792758
v -0.15707561 0.24002916 0.43806905
v -0.1598812 0.26096618 0.4171356
v -0.13298628 0.04577966 0.4222535
v -0.14297062 0.16576639 0.48861265
v -0.14459264 0.19480231 0.48738694
v -0.14479181 0.22182661 0.4871456
v -0.14843312 0.23946103 0.4666975
v -0.24705192 0.14370531 0.3932637
v -0.24699238 0.13359955 0.38228363
v -0.24706927 0.1603356 0.39396375
v -0.24704477 0.15224312 0.37897784
v -0.24709219 0.16809374 0.37826556
v -0.24700868 0.14551827 0.3645022
v -0.24701196 0.122803144 0.36871672
v -0.24705216 0.11839822 0.35069668
v -0.24203113 0.09713865 0.35298836
v -0.24711889 0.1790329 0.37539935
v -0.24709913 0.18710618 0.36459172
v -0.247055 0.16662118 0.36369216
v -0.24702936 0.16814548 0.34888536
v -0.24699539 0.1427864 0.34926337
v -0.24701753 0.16953343 0.3335902
v -0.24705544 0.12137753 0.3325047
v -0.24698609 0.14710602 0.3342113
v -0.24157369 0.09832512 0.3299424
v -0.24144655 0.10825907 0.3091541
v -0.2470802 0.19257012 0.349585
v -0.24707088 0.19161527 0.33382368
v -0.24706614 0.18673736 0.32229006
v -0.24703118 0.17100698 0.3172456
v -0.2453802 0.17375062 0.29779112
v -0.24699613 0.15233393 0.31933057
v -0.24701649 0.13150191 0.3187273
v -0.2470156 0.14225778 0.3109373
v -0.24067926 0.12376988 0.2941838
v -0.24143648 0.14253376 0.2895115
v -0.19425309 0.119996704 0.2586177
v -0.17506021 0.11190088 0.24377736
v -0.1677405 0.10981118 0.26889074
v -0.16540256 0.07998502 0.25824106
v -0.17355615 0.087159775 0.290654
v -0.16583264 0.076303385 0.29014426
v -0.16542146 0.08496653 0.24578717
v -0.16528624 0.07799514 0.23198332
v -0.15787983 0.058138788 0.262187
v -0.16441727 0.06605926 0.2905197
v -0.21725893 0.1771729 0.26785654
v -0.1954742 0.17609148 0.25782567
v -0.23226267 0.17594968 0.2848568
v -0.24706969 0.15314579 0.30298054
v -0.22274783 0.13973977 0.27274138
v -0.19352487 0.12853304 0.25820804
v -0.19188097 0.1330347 0.24174254
v -0.19187135 0.17570634 0.24152765
v -0.1918129 0.13741179 0.22169219
v -0.18068463 0.11197895 0.22135764
v -0.19182044 0.17545028 0.22306012
v -0.19181207 0.1758387 0.20143312
v -0.19180399 0.14103533 0.19961406
v -0.19180563 0.17481887 0.17824385
v -0.18676075 0.11393952 0.19720717
v -0.19127569 0.117440246 0.17364477
v -0.16538316 0.09733053 0.19790898
v -0.1655719 0.10771468 0.16970672
v -0.16305465 0.06585072 0.2011358
v -0.1590428 0.05929114 0.23278752
v -0.16558495 0.24179727 0.26142395
v -0.16552565 0.23899013 0.23623726
v -0.16550884 0.24021761 0.2118811
v -0.1918216 0.17232817 0.15623523
v -0.19179809 0.14509943 0.17651947
v -0.19189423 0.1485672 0.15329827
v -0.19195977 0.12722892 0.15642537
v -0.18944144 0.14991722 0.13152243
v -0.1756914 0.12183941 0.14555383
v -0.16542098 0.12895986 0.12864925
v -0.16539133 0.09301878 0.13919969
v -0.16573742 0.076773636 0.16976954
v -0.1585427 0.059183076 0.14194831
v -0.14479238 0.046855032 0.20315118
v -0.15169692 0.052563533 0.17106004
v -0.165483 0.24016096 0.18762729
v -0.16545552 0.23736975 0.1634406
v -0.16540417 0.23033306 0.14012928
v -0.16551793 0.21474297 0.122079715
v -0.16983044 0.15819716 0.12948087
v -0.16557455 0.18583599 0.11709601
v -0.16568273 0.12311902 0.11266007
v -0.16209456 0.1290586 0.09268504
v -0.16453424 0.06718862 0.117442794
v -0.16150293 0.08307053 0.09035671
v -0.1392717 0.042265534 0.11683008
v -0.14057052 0.053306133 0.09254851
v -0.16434586 0.25931638 0.13747315
v -0.16558102 0.25746515 0.111037076
v -0.16272682 0.24482583 0.094365336
v -0.15699744 0.23345296 0.075539894
v -0.16125676 0.18600152 0.089640215
v -0.15419605 0.18371768 0.06612852
v -0.15534109 0.13605887 0.06995175
v -0.1465731 0.18108205 0.0409352
v -0.1539053 0.09692742 0.066854246
v -0.14663544 0.107278325 0.042720415
v -0.1363338 0.06807637 0.0684932
v -0.12976348 0.08061178 0.04455051
v -0.15034872 0.22377838 0.054940104
v -0.1431401 0.21638933 0.033343364
v -0.13437468 0.21170807 0.012724979
v -0.13967168 0.17917407 0.018099407
v -0.14754224 0.14197476 0.044199355
v -0.14049727 0.14585714 0.02086678
v -0.12587368 0.17731409 0.002729408
v -0.13897943 0.11424758 0.019862425
v -0.12819842 0.1481695 0.0031880108
v -0.12165121 0.089499794 0.02270402
v -0.111089505 0.0960932 0.0050318493
v -0.12619361 0.11973123 0.002731395
v 0.026612677 0.35749844 0.20350568
v 0.018229088 0.3763043 0.20157102
v 0.027742565 0.35702115 0.20229182
v 0.015055075 0.37434667 0.20303398
v 0.014896861 0.3747362 0.20314516
v 0.014945896 0.37998334 0.20241019
v -0.0010808343 0.39337918 0.19491191
v -0.0035057783 0.38823712 0.2075733
v -0.021623189 0.38897717 0.2035285
v -0.022329163 0.39647925 0.19507436
v -0.051337115 0.37479314 0.19522083
v -0.05005584 0.32333267 0.19781664
v -0.03988376 0.36852103 0.20657218
v -0.034259625 0.32350448 0.20359837
v -0.031670745 0.36759967 0.20004475
v -0.03233075 0.35662138 0.20414807
v -0.01996622 0.3816411 0.20785162
v 0.034649108 0.39079577 0.19844231
v 0.03618032 0.38724476 0.1959055
v 0.046204254 0.37072843 0.19565469
v 0.007003704 0.38115612 0.20153028
v 0.006565029 0.3826741 0.2001869
v -0.042264 0.32307294 0.19522607
v -0.017642979 0.32062554 0.20669983
v -0.045121927 0.31784415 0.19600625
v -0.011064736 0.31909215 0.20582052
v -0.0008405586 0.31715477 0.20018063
v -0.0072799874 0.31690994 0.19549085
v -0.012193224 0.32147056 0.19873935
v -0.028335126 0.39974 0.21259104
v -0.000039628852 0.4027922 0.20766221
v -0.055108454 0.37203348 0.21301994
v -0.054096907 0.18236338 -0.46030706
v -0.058066145 0.1708971 -0.47214037
v -0.056871776 0.17339917 -0.46238285
v -0.056760184 0.17653303 -0.46251005
v -0.06871431 0.12045904 -0.15800928
v -0.045123756 0.12022734 -0.1820739
v -0.048067 0.113051474 -0.15799153
v -0.025889104 0.101758756 -0.17795819
v -0.027880935 0.09471422 -0.1580366
v -0.0075165117 0.09839614 -0.17538242
v -0.008273661 0.08938935 -0.15818061
v 0.010931608 0.09839958 -0.17175557
v 0.02725836 0.10298568 -0.19573493
v 0.03059979 0.105982155 -0.15808271
v -0.043849554 0.11897721 -0.20912294
v -0.023407348 0.099845916 -0.20523803
v -0.024354996 0.10062767 -0.23068641
v -0.008303481 0.09841389 -0.20118615
v -0.0077854167 0.09842691 -0.22851844
v 0.010162745 0.09842473 -0.19843434
v 0.010003093 0.098436244 -0.227149
v 0.027078407 0.10266272 -0.2261502
v 0.008631239 0.09843736 -0.25856465
v 0.040381785 0.11562752 -0.22641128
v 0.025759757 0.10258227 -0.2575491
v 0.04013764 0.11538462 -0.19357987
v 0.056643825 0.1315459 -0.23395635
v 0.040624496 0.1156834 -0.15810278
v 0.052102704 0.12820524 -0.19286348
v 0.052609734 0.12723929 -0.15953046
v 0.056859985 0.14434807 -0.19284977
v 0.056839824 0.14177461 -0.16310667
v 0.056864355 0.1625737 -0.19247796
v 0.056858223 0.15907797 -0.1691497
v 0.056886718 0.16507702 -0.21963462
v 0.05685313 0.14645195 -0.22372974
v -0.023085855 0.09931682 -0.25212198
v -0.04408532 0.11921726 -0.23705749
v -0.04588406 0.120975114 -0.26875007
v -0.009105716 0.09842995 -0.25841892
v -0.015342562 0.09843592 -0.29493517
v 0.0050491877 0.09844037 -0.29239297
v 0.023888469 0.10116954 -0.29029346
v 0.0014328444 0.09843775 -0.3273791
v 0.039925173 0.11519218 -0.25659698
v 0.038513828 0.11383702 -0.28823274
v 0.036828935 0.11221398 -0.32060045
v 0.05265794 0.12768583 -0.2859072
v 0.05136599 0.12673905 -0.31716383
v 0.05439138 0.12880427 -0.25561482
v 0.056856707 0.14687836 -0.28306168
v 0.056855835 0.14744207 -0.25308347
v 0.056884367 0.16674402 -0.24935736
v 0.056902435 0.16691358 -0.27974308
v 0.056892924 0.16650209 -0.3101728
v -0.03249876 0.107848614 -0.29852313
v -0.04800498 0.12294767 -0.30256033
v -0.049520556 0.12446826 -0.3355596
v -0.03476111 0.11009708 -0.33366317
v -0.05017759 0.12516516 -0.36608094
v -0.018768089 0.09946472 -0.3309607
v -0.022531953 0.098477036 -0.37136376
v -0.0014861046 0.09843481 -0.36037588
v -0.0226263 0.098959014 -0.37254655
v 0.019009171 0.09839026 -0.35571986
v -0.004324969 0.09719832 -0.38842255
v 0.021451438 0.09965608 -0.32400745
v 0.035284277 0.11071985 -0.35151678
v 0.050513357 0.12525265 -0.34776336
v 0.034170642 0.10801807 -0.38223863
v 0.056856472 0.14441568 -0.34401762
v 0.05746442 0.14305417 -0.37460643
v 0.056861967 0.14584336 -0.3136779
v 0.05689123 0.16548929 -0.34040874
v 0.056944977 0.164683 -0.3709951
v -0.05147371 0.12398769 -0.39294022
v -0.03744163 0.110134095 -0.3912301
v -0.048464034 0.12741582 -0.41934007
v -0.03591591 0.11118985 -0.36629707
v -0.023421358 0.09753801 -0.38996756
v -0.023737146 0.098170504 -0.40792698
v -0.005691416 0.0961811 -0.41068113
v 0.011712929 0.098241106 -0.41889954
v 0.015929654 0.09738461 -0.38607353
v 0.011378791 0.098755 -0.41913933
v -0.0064149243 0.10033566 -0.41924882
v 0.018311255 0.098012544 -0.41816306
v 0.016047245 0.10106725 -0.42099923
v 0.013485128 0.10282334 -0.42714792
v 0.026612049 0.10711273 -0.4274224
v 0.0067306096 0.09865248 -0.45378113
v 0.03199042 0.10573691 -0.4145987
v 0.049945924 0.122547925 -0.40526795
v 0.049801055 0.123804435 -0.3781929
v 0.05852444 0.1429057 -0.40179908
v 0.052438304 0.14857139 -0.41859537
v 0.049977288 0.14676695 -0.45700628
v 0.049447536 0.13890319 -0.4295935
v 0.046303693 0.1334403 -0.4534204
v 0.0466582 0.12178743 -0.45157546
v 0.04568773 0.1318532 -0.46182984
v 0.034636475 0.11963565 -0.4601177
v 0.0518739 0.14566375 -0.45875072
v 0.05074172 0.14665641 -0.45765138
v 0.058382325 0.14577323 -0.46829045
v 0.058410496 0.14041033 -0.48475337
v 0.057588626 0.16171253 -0.49534374
v 0.05821132 0.17230208 -0.4823268
v -0.026682816 0.11850442 -0.42587972
v -0.050674606 0.13776812 -0.42883074
v -0.036762137 0.109383754 -0.4130233
v -0.019275036 0.10940023 -0.4222023
v -0.035422698 0.10829006 -0.4390157
v -0.00845164 0.1000282 -0.4186725
v -0.010659874 0.100905366 -0.41919494
v 0.00022420447 0.098943725 -0.42940605
v -0.0136018805 0.09792188 -0.45459557
v 0.0049883905 0.09868852 -0.42811465
v -0.0050557395 0.09786594 -0.45431978
v -0.012889642 0.09870847 -0.46442842
v 0.006329299 0.09684639 -0.46554917
v 0.0046880627 0.09589185 -0.48055226
v 0.022673707 0.10579734 -0.46389067
v 0.029308498 0.10276642 -0.44963878
v 0.0449975 0.12840429 -0.42726034
v 0.03758541 0.11029487 -0.47701108
v 0.0240679 0.09749584 -0.47781932
v 0.05123621 0.123386055 -0.47929424
v 0.045185067 0.119022295 -0.49753517
v 0.04967328 0.13375928 -0.500036
v -0.056647684 0.1330047 -0.46353668
v -0.041233666 0.113053195 -0.48296654
v -0.041353416 0.11416961 -0.46643162
v -0.035107173 0.12001636 -0.46104813
v -0.02968507 0.10743965 -0.463691
v -0.022146398 0.09674846 -0.480088
v -0.02391344 0.09652178 -0.49351132
v 0.0061267363 0.09709146 -0.4959842
v -0.037905682 0.1152472 -0.4992509
v -0.042667937 0.123122826 -0.5000457
v -0.0236689 0.09718747 -0.49492604
v -0.021490088 0.09717958 -0.49612522
v 0.022151243 0.098003775 -0.49805254
v 0.034816973 0.10764649 -0.49189532
v -0.053983252 0.12508571 -0.48815143
v -0.033551656 0.10773147 -0.49685073
v 0.05166742 0.17616673 -0.46236163
v 0.05698414 0.16079815 -0.49473286
v 0.03669617 0.13471659 -0.49849635
v 0.0369778 0.13740101 -0.49985784
v 0.038741704 0.12164106 -0.4994948
v 0.03401488 0.14152263 -0.49785966
v 0.041114338 0.17823005 -0.49930286
v 0.038606245 0.12028698 -0.49888897
v 0.022467049 0.119458616 -0.49742562
v 0.017321471 0.20585604 -0.49921232
v 0.043812092 0.1902284 -0.49334085
v 0.023123555 0.2080905 -0.49525064
v 0.019255396 0.118729696 -0.49818927
v 0.023311928 0.098761 -0.4968294
v 0.017124962 0.11813124 -0.4982956
v -0.013273647 0.11803832 -0.49676633
v -0.015398721 0.10162834 -0.49815667
v 0.037266273 0.12266152 -0.49966145
v -0.011080017 0.07766964 -0.14406273
v 0.013943443 0.087283604 -0.1576306
v 0.015082555 0.07754465 -0.14321467
v 0.04119863 0.09206267 -0.15803161
v 0.042314544 0.07946261 -0.14460663
v 0.053532843 0.103093565 -0.15802266
v 0.058946244 0.09454546 -0.1436594
v 0.066177465 0.11744747 -0.15809336
v 0.046785753 0.18783258 -0.15800817
v 0.04986592 0.18776228 -0.15877484
v 0.06359817 0.1738097 -0.15903087
v 0.05389771 0.1880952 -0.15802617
v 0.05554024 0.17660028 -0.17066371
v 0.06966732 0.15583095 -0.15803173
v 0.073029816 0.13564037 -0.15803449
v 0.07499805 0.11017857 -0.1452277
v 0.088476874 0.12811267 -0.14939813
v 0.08376104 0.17423521 -0.15527527
v 0.089010924 0.15202534 -0.15239003
v 0.06778726 0.19081274 -0.1579218
v 0.05463025 0.09116467 -0.011460554
v 0.038047995 0.078090824 -0.015205193
v 0.036530543 0.07790015 -0.039884623
v 0.05400015 0.09049522 -0.037900038
v 0.0542547 0.09050509 -0.06606813
v 0.036042076 0.07845273 -0.06655762
v 0.055389915 0.09149547 -0.09547115
v 0.036899723 0.07835187 -0.09521723
v 0.070885375 0.10673622 -0.06618623
v 0.07234675 0.108129576 -0.09668226
v 0.038696896 0.07875147 -0.120808356
v 0.06949458 0.105351694 -0.03613571
v 0.06946134 0.10542917 -0.005389344
v 0.08247655 0.117631055 -0.010504332
v 0.082859695 0.11757237 -0.035682734
v 0.08666638 0.12177166 -0.067614086
v 0.08933102 0.14035733 -0.038032107
v 0.08936565 0.14045554 -0.0050533004
v 0.08928398 0.14325124 -0.070399866
v 0.056753013 0.09283017 -0.12125727
v 0.07376224 0.1094465 -0.12259871
v 0.08857999 0.1262548 -0.12540722
v 0.08940337 0.14903578 -0.12916127
v 0.089543946 0.17275698 -0.13397965
v 0.086892165 0.12431523 -0.09895371
v 0.08659732 0.11920094 0.002218489
v 0.08651012 0.11919899 0.0019548559
v 0.08923663 0.14620861 -0.102142476
v 0.089301914 0.16434976 -0.041570015
v 0.08935905 0.16309494 -0.0114455
v 0.08926326 0.1668641 -0.074321695
v 0.088236265 0.18490857 -0.01680566
v 0.086887434 0.1861894 -0.04580685
v 0.08621653 0.1884089 -0.078917846
v 0.089241505 0.16998278 -0.10663155
v -0.044567697 0.08038808 -0.0066713276
v -0.06331833 0.098735355 -0.011645255
v -0.060027894 0.095465295 -0.03852665
v -0.07959312 0.11407857 -0.0072070872
v -0.04413625 0.08013029 -0.039917566
v -0.04013263 0.07884926 -0.06804286
v -0.085419245 0.19109112 -0.008792387
v -0.08418262 0.1915358 -0.042927742
v -0.08975095 0.17287019 -0.04101814
v -0.0898551 0.17232642 -0.0109599745
v -0.08984033 0.15094344 -0.00904774
v -0.08970428 0.15033282 -0.03922482
v -0.08963047 0.17278336 -0.075113
v -0.08985644 0.13010907 -0.0058277366
v -0.089883894 0.12860265 -0.037941672
v -0.08958821 0.14990267 -0.07227195
v -0.077108815 0.11198486 -0.037786156
v -0.075645305 0.11080336 -0.06884336
v -0.058305 0.09376013 -0.06806792
v -0.03937165 0.07822578 -0.09732014
v -0.05759065 0.09307181 -0.098696284
v -0.08346014 0.19261922 -0.07896476
v -0.08205784 0.19382527 -0.115159914
v -0.089548014 0.17365168 -0.111157365
v -0.08954168 0.15002823 -0.10689375
v -0.0900023 0.17526849 -0.14377297
v -0.08900051 0.12708116 -0.10306647
v -0.08863633 0.12708923 -0.13141575
v -0.08930841 0.1273666 -0.07012838
v -0.07509886 0.1103769 -0.10040658
v -0.057423912 0.092966534 -0.12605758
v -0.07512042 0.11018797 -0.12817676
v -0.038297784 0.07829654 -0.12395106
v -0.058027834 0.09415664 -0.1506081
v -0.08994346 0.15038373 -0.13694896
v -0.088944554 0.12738577 -0.15412442
v -0.080286436 0.1483917 -0.15795474
v -0.075619735 0.11217829 -0.15211049
v -0.036706347 0.07932602 -0.14882466
v -0.014641748 0.07700137 -0.041250054
v -0.010797367 0.07688842 -0.017977294
v 0.012820832 0.077080145 -0.040989026
v -0.006050542 0.07133575 0.0002802398
v 0.01911629 0.070776105 0.0014222014
v -0.029010661 0.07749744 0.00037826857
v -0.04394144 0.079257086 0.0013807352
v -0.057873905 0.082250446 0.0013171734
v -0.014271076 0.077198245 -0.09625847
v -0.012882356 0.077255964 -0.121931285
v -0.015195332 0.077121265 -0.06788132
v 0.012856297 0.07723579 -0.09551251
v 0.012234848 0.07718079 -0.06739913
v 0.015009558 0.07694383 -0.017085379
v 0.042245902 0.07432589 0.0022341113
v 0.013983771 0.077279754 -0.12087179
v -0.13437468 0.21170807 0.012724979
v -0.12587368 0.17731409 0.002729408
v -0.13967168 0.17917407 0.018099407
v -0.071544304 0.06446254 0.0057650055
v -0.0920492 0.07704731 0.005030172
v -0.07520053 0.092608094 0.0021018048
v -0.082869545 0.25762632 0.012486998
v -0.048389524 0.26213497 0.017538922
v -0.038815424 0.24474117 0.0035137066
v -0.070991434 0.24268314 0.002590747
v -0.03358165 0.23211078 -0.0107242195
v -0.110079005 0.23715687 0.013670496
v -0.09637393 0.22753981 0.0029742578
v -0.08122438 0.21540545 0.0021351848
v -0.11664244 0.20525149 0.0026677677
v -0.10379228 0.17443313 0.0026597236
v -0.097525135 0.19663762 0.0025518986
v -0.12819842 0.1481695 0.0031880108
v -0.10584709 0.15020207 0.002532188
v -0.12619361 0.11973123 0.002731395
v -0.10535214 0.1263565 0.0021124345
v -0.09396312 0.10652346 0.002088667
v -0.111089505 0.0960932 0.0050318493
v -0.0022098713 0.05570516 0.015619408
v -0.05025576 0.05959621 0.009391944
v -0.027578779 0.057360932 0.012963765
v -0.057859283 0.22835715 0.0022536244
v -0.069667466 0.20506564 0.002141332
v -0.051762797 0.22142693 -0.008887289
v 0.026666554 0.12937424 -0.49383366
v 0.027058268 0.34612167 0.20224851
v 0.028442303 0.35379314 0.20347795
v 0.029970912 0.34410796 0.20073779
v 0.027024508 0.34626463 0.20316507
v 0.026612677 0.35749844 0.20350568
v 0.029970912 0.34410796 0.20073779
v 0.026612677 0.35749844 0.20350568
v 0.027742565 0.35702115 0.20229182
v 0.028442303 0.35379314 0.20347795
v 0.057588626 0.16171253 -0.49534374
v 0.04967328 0.13375928 -0.500036
v 0.05698414 0.16079815 -0.49473286
v 0.22253808 0.1966344 0.41407913
v 0.23767382 0.17351402 0.4164946
v 0.23691124 0.19744356 0.4124757
v 0.24420935 0.20981513 0.3905021
v 0.22210717 0.2141007 0.39608175
v 0.017321471 0.20585604 -0.49921232
v 0.041114338 0.17823005 -0.49930286
v 0.019252425 0.1967033 -0.49989432
v 0.018542396 0.1868666 -0.4980172
v 0.018164558 0.17977542 -0.49796474
v 0.030498821 0.1563615 -0.48405594
v -0.0012717835 0.20891117 -0.4925989
v -0.021119041 0.20089382 -0.4999699
v -0.002455526 0.18492806 -0.4995988
v -0.016355693 0.18335322 -0.49572837
v -0.032598127 0.18877058 -0.4995709
v -0.022979528 0.20699666 -0.49625582
v -0.03772015 0.17283103 -0.49694008
v -0.026961531 0.16867925 -0.48652852
v -0.02018625 0.20868567 -0.49546778
v -0.042901393 0.19158363 -0.49452752
v -0.051374175 0.18453357 -0.49418753
v -0.057379443 0.1692643 -0.49725544
v -0.03771289 0.15437189 -0.49823308
v -0.047157347 0.14965683 -0.49890906
v -0.048369307 0.1495655 -0.49937236
v -0.03386018 0.128961 -0.49797755
v -0.04447165 0.13780619 -0.4957204
v -0.057816874 0.1399861 -0.4957705
v -0.057308804 0.16166256 -0.49838942
v -0.05773756 0.16018994 -0.4973957
v -0.041614737 0.12288612 -0.49967116
v -0.037905682 0.1152472 -0.4992509
v -0.021490088 0.09717958 -0.49612522
v -0.013273647 0.11803832 -0.49676633
v -0.033551656 0.10773147 -0.49685073
v -0.0236689 0.09718747 -0.49492604
v -0.042667937 0.123122826 -0.5000457
v -0.022235319 0.20831284 -0.49552077
v -0.057379443 0.1692643 -0.49725544
v -0.048369307 0.1495655 -0.49937236
v -0.057308804 0.16166256 -0.49838942
v -0.05773756 0.16018994 -0.4973957
v -0.021490088 0.09717958 -0.49612522
v -0.013273647 0.11803832 -0.49676633
v -0.015398721 0.10162834 -0.49815667
v 0.04869254 0.3242733 0.19651327
v 0.04532745 0.32015443 0.19923814
v 0.03637078 0.32850882 0.1987873
v 0.049302362 0.32558784 0.1967787
v 0.02125864 0.3324144 0.20122749
v 0.023638733 0.33832687 0.20266603
v 0.027058268 0.34612167 0.20224851
v 0.029970912 0.34410796 0.20073779
v -0.0008405586 0.31715477 0.20018063
v -0.0072799874 0.31690994 0.19549085
v -0.0054035513 0.34484136 0.20308818
v -0.011053054 0.3300127 0.20301916
v 0.013421737 0.35687694 0.20317222
v 0.026612677 0.35749844 0.20350568
v -0.02396106 0.34942776 0.20296913
v -0.030599304 0.33896673 0.20043556
v -0.034259625 0.32350448 0.20359837
v 0.04720396 0.35193768 0.19945133
v 0.056075078 0.35104814 0.1964482
v -0.012193224 0.32147056 0.19873935
v -0.03233075 0.35662138 0.20414807
v -0.031670745 0.36759967 0.20004475
v -0.009625391 0.37613425 0.20274553
v 0.027742565 0.35702115 0.20229182
v 0.046204254 0.37072843 0.19565469
v 0.031107314 0.36239225 0.20017718
v 0.015055075 0.37434667 0.20303398
v 0.007003704 0.38115612 0.20153028
v 0.014896861 0.3747362 0.20314516
v 0.006565029 0.3826741 0.2001869
v -0.005025775 0.37907773 0.20185234
v -0.0035057783 0.38823712 0.2075733
v -0.021623189 0.38897717 0.2035285
v 0.018114062 0.36803472 0.20312649
v -0.01996622 0.3816411 0.20785162
v 0.027742565 0.35702115 0.20229182
v 0.046204254 0.37072843 0.19565469
v 0.031107314 0.36239225 0.20017718
v 0.05166742 0.17616673 -0.46236163
v 0.05821132 0.17230208 -0.4823268
v 0.05272863 0.17534785 -0.46221155
vt 0.67769355 0.77740115
vt 0.6792543 0.780091
vt 0.67796326 0.7820192
vt 0.67703885 0.79045326
vt 0.88035387 0.78876126
vt 0.88221574 0.79325545
vt 0.8916511 0.7895405
vt 0.79078937 0.50492144
vt 0.79216385 0.50588936
vt 0.80208653 0.50570065
vt 0.9535299 0.8671535
vt 0.95264417 0.8673366
vt 0.9530504 0.87410563
vt 0.9198375 0.78973854
vt 0.92251414 0.77249354
vt 0.9215971 0.7601728
vt 0.91715765 0.7741972
vt 0.95110273 0.86436665
vt 0.95032346 0.8756638
vt 0.9519085 0.865342
vt 0.9112891 0.34192777
vt 0.8960398 0.32411718
vt 0.91273534 0.3261448
vt 0.8950275 0.34120917
vt 0.89669335 0.3058684
vt 0.87716824 0.3075223
vt 0.9171265 0.30752063
vt 0.89651126 0.28621674
vt 0.91720104 0.28665155
vt 0.87850773 0.34328794
vt 0.8781279 0.32613075
vt 0.8614228 0.331379
vt 0.85950255 0.31211668
vt 0.8574325 0.2930122
vt 0.83835775 0.29517257
vt 0.8757274 0.28877008
vt 0.8551751 0.2767514
vt 0.87425333 0.26910222
vt 0.8961406 0.264596
vt 0.8730037 0.24851382
vt 0.9161043 0.26632255
vt 0.91537803 0.23814523
vt 0.89113104 0.2389816
vt 0.9155412 0.23724842
vt 0.89581406 0.21673936
vt 0.93870866 0.25230217
vt 0.9361013 0.2274583
vt 0.9360354 0.27398968
vt 0.959697 0.23442411
vt 0.97522974 0.21176285
vt 0.98125553 0.23716533
vt 0.8628507 0.34945726
vt 0.8492593 0.35785246
vt 0.84312296 0.34048247
vt 0.8398437 0.36947423
vt 0.83947235 0.32005537
vt 0.81675375 0.3281117
vt 0.8168542 0.30359536
vt 0.8405119 0.27638304
vt 0.81874305 0.27038956
vt 0.8233699 0.24476093
vt 0.83993006 0.28440994
vt 0.8505753 0.257868
vt 0.8487802 0.23511708
vt 0.8728219 0.226614
vt 0.8479416 0.21374965
vt 0.8723677 0.20728695
vt 0.8474928 0.19476843
vt 0.89411676 0.20271677
vt 0.87169284 0.18978071
vt 0.91385907 0.20219493
vt 0.8931532 0.18641359
vt 0.91500324 0.21968019
vt 0.933383 0.20515966
vt 0.912516 0.1850366
vt 0.9545891 0.20895803
vt 0.93130344 0.18537629
vt 0.97118664 0.18778563
vt 0.95131236 0.18661976
vt 0.9894878 0.18886709
vt 0.9874846 0.16506839
vt 0.9930117 0.21222198
vt 0.99805254 0.23436749
vt 0.826173 0.3564465
vt 0.79682046 0.27428675
vt 0.773399 0.28314376
vt 0.7735582 0.26030433
vt 0.7977452 0.25217748
vt 0.79772824 0.22835499
vt 0.7732657 0.23599052
vt 0.82253766 0.22113156
vt 0.82192874 0.2006138
vt 0.8213334 0.18149918
vt 0.7963278 0.18660438
vt 0.84690607 0.17637181
vt 0.8459801 0.15571433
vt 0.87096375 0.17195064
vt 0.89236087 0.16895974
vt 0.8700048 0.15193295
vt 0.91131026 0.16689491
vt 0.910105 0.1462655
vt 0.9294053 0.16637748
vt 0.94908583 0.16631067
vt 0.9471437 0.1442818
vt 0.9688376 0.16601384
vt 0.96732193 0.14298773
vt 0.985464 0.14141196
vt 0.7496772 0.26974338
vt 0.7497663 0.24353975
vt 0.72845954 0.25038803
vt 0.74958694 0.21849912
vt 0.72908306 0.22320199
vt 0.77250415 0.21283215
vt 0.7488909 0.19689822
vt 0.7971123 0.20659542
vt 0.7717378 0.19185007
vt 0.7953924 0.16486007
vt 0.7707182 0.1697346
vt 0.76915294 0.14412642
vt 0.7458179 0.14888233
vt 0.7939915 0.13924348
vt 0.76698345 0.11587173
vt 0.82060033 0.1602872
vt 0.8192146 0.13506961
vt 0.7922182 0.112189054
vt 0.844906 0.13123989
vt 0.81755716 0.10859966
vt 0.86875594 0.12775266
vt 0.84316313 0.104943335
vt 0.8903969 0.12491608
vt 0.8671765 0.10167056
vt 0.891805 0.14853692
vt 0.9087576 0.12279183
vt 0.90732473 0.09705937
vt 0.92769206 0.14502847
vt 0.92613566 0.12115896
vt 0.94552195 0.1196146
vt 0.9439479 0.093408585
vt 0.9661595 0.1181916
vt 0.9844283 0.11698407
vt 0.9831624 0.09095073
vt 0.7278987 0.27895665
vt 0.70940125 0.28788793
vt 0.70871806 0.25723422
vt 0.7103456 0.22731888
vt 0.6892064 0.26303285
vt 0.69267714 0.23358965
vt 0.66788435 0.26647848
vt 0.7131997 0.22438198
vt 0.6936676 0.20918989
vt 0.72872245 0.2011661
vt 0.7108436 0.20501792
vt 0.7273942 0.17886269
vt 0.7095685 0.1825515
vt 0.7476046 0.17469001
vt 0.72512084 0.15299022
vt 0.7226983 0.12366897
vt 0.705384 0.12732655
vt 0.7436135 0.11984831
vt 0.72004116 0.09519464
vt 0.74133486 0.09182292
vt 0.7651736 0.0889523
vt 0.7392388 0.06768829
vt 0.7902512 0.08621049
vt 0.7886594 0.06377852
vt 0.8156552 0.083319426
vt 0.84111714 0.080239415
vt 0.81388044 0.06158161
vt 0.8653906 0.07707721
vt 0.83912754 0.05899602
vt 0.88719004 0.07467669
vt 0.8851579 0.0531196
vt 0.8890937 0.099086404
vt 0.9059676 0.072636366
vt 0.90490466 0.050468624
vt 0.9247076 0.09515655
vt 0.9237707 0.070584536
vt 0.9431883 0.06863427
vt 0.94301325 0.046173394
vt 0.96468914 0.09211141
vt 0.96324396 0.067376435
vt 0.98153996 0.06682277
vt 0.96238834 0.044596314
vt 0.6468266 0.2667005
vt 0.65214306 0.23950267
vt 0.6329852 0.2382747
vt 0.6726682 0.23783416
vt 0.65537465 0.21576834
vt 0.67508376 0.21309888
vt 0.67615396 0.18999475
vt 0.65694124 0.1931796
vt 0.693492 0.18613338
vt 0.67603225 0.16426522
vt 0.6923422 0.1604352
vt 0.7077625 0.1567514
vt 0.6897738 0.1310345
vt 0.6860851 0.10258508
vt 0.6696952 0.10682213
vt 0.7022114 0.09892899
vt 0.68155915 0.07695311
vt 0.6987646 0.07350165
vt 0.71787786 0.07045472
vt 0.6948167 0.050146997
vt 0.7152507 0.04840654
vt 0.7375856 0.04635918
vt 0.7633489 0.06581098
vt 0.7620805 0.045031607
vt 0.7868695 0.04362607
vt 0.8120777 0.041748345
vt 0.8371106 0.039777935
vt 0.8634001 0.055863857
vt 0.8614767 0.03714013
vt 0.8835914 0.03414768
vt 0.90407646 0.030165195
vt 0.92351335 0.048137605
vt 0.9237553 0.027188301
vt 0.9434588 0.025078773
vt 0.9625157 0.022564054
vt 0.9809214 0.043424606
vt 0.6280648 0.26371264
vt 0.6163063 0.2347756
vt 0.61238617 0.25806022
vt 0.61843354 0.21364307
vt 0.6361942 0.21613842
vt 0.6193998 0.1941548
vt 0.6375721 0.19449168
vt 0.6572376 0.16819453
vt 0.63751984 0.17137909
vt 0.6195504 0.17394644
vt 0.6363453 0.14588702
vt 0.6189823 0.1516931
vt 0.655637 0.14025664
vt 0.63258755 0.11996484
vt 0.67382926 0.13535988
vt 0.6511828 0.11248922
vt 0.6449745 0.08773363
vt 0.6269558 0.09575915
vt 0.66364753 0.08145791
vt 0.6375675 0.06533748
vt 0.65667206 0.0585742
vt 0.6758064 0.05309689
vt 0.616273 0.12795591
vt 0.6110948 0.10551363
vt 0.60353553 0.083696306
vt 0.6196974 0.07372755
vt 0.60984206 0.05056542
vt 0.62753874 0.040809035
vt 0.59715396 0.02598703
vt 0.61504304 0.015403926
vt 0.64706296 0.033165276
vt 0.6660726 0.02745378
vt 0.634975 0.0073319674
vt 0.65434635 0.0013065934
vt 0.5828267 0.038790822
vt 0.5945757 0.06149751
vt 0.20100111 0.36321402
vt 0.21875511 0.35852534
vt 0.2299307 0.37714952
vt 0.19191822 0.35079968
vt 0.20552056 0.34162343
vt 0.18597014 0.33336687
vt 0.18177658 0.36450088
vt 0.18866754 0.3812815
vt 0.18048443 0.34817934
vt 0.16224697 0.345267
vt 0.16451061 0.33033538
vt 0.1399361 0.32682097
vt 0.13991505 0.34246755
vt 0.13989922 0.35870302
vt 0.11703886 0.33975673
vt 0.11399388 0.32304728
vt 0.098223165 0.33813685
vt 0.08948383 0.32120717
vt 0.23743588 0.3970394
vt 0.23712026 0.4176479
vt 0.21754964 0.4173118
vt 0.21664256 0.43753684
vt 0.21647203 0.3982191
vt 0.19321974 0.39867997
vt 0.21038015 0.37991536
vt 0.16656348 0.39762378
vt 0.16778961 0.41599214
vt 0.16448836 0.3792416
vt 0.13967717 0.37682772
vt 0.16223237 0.36144698
vt 0.114289485 0.3749299
vt 0.13948467 0.3955258
vt 0.11660263 0.3567189
vt 0.08940055 0.37356734
vt 0.09529019 0.35588408
vt 0.086908825 0.33644176
vt 0.074961856 0.35406578
vt 0.05551971 0.34873033
vt 0.04456258 0.3679284
vt 0.06960953 0.33131027
vt 0.23547576 0.43872505
vt 0.21528089 0.45914888
vt 0.23388031 0.46112096
vt 0.19459863 0.43631494
vt 0.19470511 0.41710818
vt 0.19365749 0.4568116
vt 0.19240578 0.47573692
vt 0.16812932 0.45456302
vt 0.16833398 0.43506467
vt 0.14013882 0.43387544
vt 0.13967198 0.41442442
vt 0.11124485 0.43295765
vt 0.111412264 0.41300297
vt 0.11239915 0.39376247
vt 0.084899865 0.4119085
vt 0.08620561 0.39230287
vt 0.061928887 0.39064014
vt 0.060887832 0.41105616
vt 0.06605096 0.3717469
vt 0.040190805 0.388703
vt 0.23234478 0.48177952
vt 0.21375512 0.4788444
vt 0.21045743 0.4968257
vt 0.18975689 0.49268425
vt 0.1649348 0.48967773
vt 0.16700074 0.47288305
vt 0.18464285 0.5079353
vt 0.1619931 0.5058498
vt 0.17893316 0.52156365
vt 0.1374027 0.5051694
vt 0.13566959 0.5194149
vt 0.13891046 0.48835355
vt 0.11317902 0.5044816
vt 0.13994458 0.47126293
vt 0.112861276 0.4876666
vt 0.11213913 0.47048366
vt 0.086152874 0.4707992
vt 0.1404498 0.4531486
vt 0.11158608 0.45232922
vt 0.08501579 0.452299
vt 0.084617086 0.4323517
vt 0.06071806 0.4537112
vt 0.060582843 0.43258274
vt 0.039286528 0.4106872
vt 0.039124176 0.43362486
vt 0.040049106 0.45657575
vt 0.021016002 0.45973504
vt 0.02020095 0.43578696
vt 0.22889534 0.50138575
vt 0.21952434 0.51888984
vt 0.20294335 0.5133914
vt 0.1935967 0.5282295
vt 0.1779595 0.5332479
vt 0.15917921 0.519739
vt 0.18161914 0.5427729
vt 0.15778744 0.5330561
vt 0.13374658 0.53263205
vt 0.10898848 0.53165
vt 0.112105444 0.51880795
vt 0.08892588 0.53016126
vt 0.09337336 0.5182102
vt 0.092213884 0.50380546
vt 0.08099635 0.51839846
vt 0.08857793 0.48786324
vt 0.073747404 0.50541484
vt 0.06613574 0.4902799
vt 0.062038623 0.47311538
vt 0.04790834 0.49552673
vt 0.04170123 0.477064
vt 0.023501638 0.48160088
vt 0.030881343 0.50136757
vt 0.07124349 0.5250168
vt 0.05886834 0.5116554
vt 0.06114986 0.53392607
vt 0.04502439 0.5186057
vt 0.1583052 0.54569066
vt 0.16030048 0.55989933
vt 0.10352869 0.54344076
vt 0.2255518 0.58535546
vt 0.19245982 0.5858703
vt 0.20970374 0.57601875
vt 0.16778341 0.57737803
vt 0.19548957 0.5655409
vt 0.18584223 0.5546524
vt 0.12848416 0.55818444
vt 0.12422448 0.5713296
vt 0.1316346 0.54490083
vt 0.095359206 0.5562284
vt 0.0818653 0.5672294
vt 0.07037618 0.552553
vt 0.080691904 0.5409058
vt 0.21182618 0.6081274
vt 0.21943462 0.62037736
vt 0.21169464 0.6089475
vt 0.1977142 0.6029819
vt 0.20887807 0.5948672
vt 0.17868987 0.5946212
vt 0.15303625 0.58752567
vt 0.14437221 0.60065603
vt 0.119238585 0.58286107
vt 0.081785366 0.58447605
vt 0.084498 0.59994614
vt 0.07252577 0.5714615
vt 0.05152516 0.5968703
vt 0.053659502 0.56393194
vt 0.043323748 0.58515394
vt 0.04991525 0.5457736
vt 0.03294757 0.57438666
vt 0.017473212 0.58757913
vt 0.019404298 0.60000277
vt 0.028046295 0.6081192
vt 0.16743772 0.606489
vt 0.1597209 0.61894155
vt 0.18748899 0.6138702
vt 0.138182 0.6138607
vt 0.1154028 0.59727323
vt 0.11262907 0.61040014
vt 0.086197235 0.61311024
vt 0.06248987 0.6231293
vt 0.05742289 0.61024916
vt 0.045444194 0.6377422
vt 0.03462209 0.6220577
vt 0.20435174 0.6216356
vt 0.22172567 0.62987185
vt 0.044967055 0.3015045
vt 0.053225316 0.26915413
vt 0.06035081 0.2939273
vt 0.06950223 0.25647414
vt 0.07610292 0.28613234
vt 0.059310846 0.22143364
vt 0.033367906 0.24490583
vt 0.036107488 0.212057
vt 0.032651074 0.26046252
vt 0.037466772 0.27941716
vt 0.07060332 0.2191068
vt 0.06752571 0.17845392
vt 0.086120084 0.2509328
vt 0.08589113 0.21862149
vt 0.091402166 0.27932107
vt 0.10589459 0.2724222
vt 0.10233607 0.24541777
vt 0.12503971 0.2163639
vt 0.117594436 0.23892492
vt 0.057311572 0.22008312
vt 0.056908876 0.17465448
vt 0.06806334 0.14938772
vt 0.08685196 0.155254
vt 0.08518782 0.18374646
vt 0.103977785 0.1623047
vt 0.10348314 0.18911248
vt 0.10387673 0.21765596
vt 0.12529613 0.19435334
vt 0.1352664 0.1972987
vt 0.13262348 0.21880233
vt 0.1469726 0.21930021
vt 0.13036373 0.23560673
vt 0.14325915 0.23642886
vt 0.162825 0.22189116
vt 0.11976759 0.2517264
vt 0.1289171 0.2524327
vt 0.15941772 0.2376883
vt 0.12139374 0.26953602
vt 0.15570724 0.25254452
vt 0.15145679 0.26873326
vt 0.17605859 0.25356513
vt 0.14880903 0.28459948
vt 0.17360413 0.26871824
vt 0.12757461 0.2848177
vt 0.11826343 0.1687606
vt 0.13005005 0.17471242
vt 0.13611028 0.15955985
vt 0.15046746 0.1669488
vt 0.15296516 0.15118301
vt 0.14940771 0.18345511
vt 0.16753028 0.17342013
vt 0.1488549 0.20063633
vt 0.16509745 0.20432043
vt 0.1831076 0.20854104
vt 0.16649838 0.1885742
vt 0.18078206 0.2250601
vt 0.19984192 0.2129255
vt 0.1784833 0.23987675
vt 0.19762373 0.2283696
vt 0.19587013 0.24193603
vt 0.1947114 0.2541651
vt 0.21099518 0.24478287
vt 0.19370866 0.26744032
vt 0.21368451 0.26189852
vt 0.17097844 0.2840476
vt 0.1925771 0.28222692
vt 0.21020609 0.29190618
vt 0.1921951 0.29639596
vt 0.14163992 0.14520383
vt 0.14527157 0.12951005
vt 0.15460795 0.13745856
vt 0.16902825 0.15751863
vt 0.16994728 0.14278418
vt 0.18803899 0.16373116
vt 0.18847819 0.14854026
vt 0.1864804 0.17936385
vt 0.20631975 0.16996026
vt 0.18494086 0.19355327
vt 0.20187707 0.19861597
vt 0.21727067 0.20356178
vt 0.2040316 0.18492585
vt 0.21503244 0.21780181
vt 0.21245006 0.23222363
vt 0.20988536 0.27614665
vt 0.18884088 0.1329838
vt 0.20902058 0.15567827
vt 0.20745714 0.13976073
vt 0.22197473 0.1767227
vt 0.22290562 0.16128582
vt 0.21988231 0.19068253
vt 0.2234026 0.14588672
vt 0.23654853 0.15068358
vt 0.23684211 0.16740912
vt 0.2392613 0.17744285
vt 0.2110529 0.25475872
vt 0.23306675 0.20906031
vt 0.2244949 0.23722208
vt 0.22417189 0.25038326
vt 0.2258706 0.26748192
vt 0.2256852 0.28193843
vt 0.21719486 0.3063712
vt 0.22910649 0.30000538
vt 0.23805636 0.28689194
vt 0.23389812 0.3137424
vt 0.24490923 0.30742145
vt 0.24519596 0.31535834
vt 0.25932634 0.31629097
vt 0.2564288 0.3021232
vt 0.2738882 0.31441188
vt 0.27174824 0.3017673
vt 0.28678563 0.30606717
vt 0.28191376 0.29556167
vt 0.24141467 0.18306983
vt 0.23928325 0.19328171
vt 0.24086276 0.18037039
vt 0.22755918 0.22275108
vt 0.23360921 0.2760843
vt 0.2287565 0.11748129
vt 0.22404422 0.12656057
vt 0.21660034 0.11849785
vt 0.22024831 0.109077334
vt 0.20884423 0.112179875
vt 0.21113929 0.10215461
vt 0.19979963 0.10786933
vt 0.2011476 0.096322656
vt 0.20721483 0.120570004
vt 0.19908807 0.117215395
vt 0.19063978 0.114821136
vt 0.18973932 0.10483122
vt 0.18298739 0.11579621
vt 0.18948653 0.09410113
vt 0.17799008 0.10456252
vt 0.17640994 0.093224585
vt 0.1626518 0.09654075
vt 0.16618173 0.10885978
vt 0.14892522 0.105323315
vt 0.120721266 0.14951873
vt 0.10735951 0.14202905
vt 0.11511534 0.12218219
vt 0.12635945 0.1320709
vt 0.17823735 0.11386281
vt 0.16969113 0.11951262
vt 0.1614678 0.1277256
vt 0.15501194 0.11797917
vt 0.13545477 0.11603612
vt 0.12565023 0.10450423
vt 0.255302 0.17139882
vt 0.2720693 0.18030012
vt 0.26302695 0.19994879
vt 0.27817035 0.16153872
vt 0.25770748 0.15257013
vt 0.2958117 0.19020414
vt 0.30350223 0.17049497
vt 0.32450843 0.20000118
vt 0.33307377 0.17948079
vt 0.35624608 0.20943987
vt 0.36492306 0.18741906
vt 0.31513864 0.22220701
vt 0.34699717 0.23279947
vt 0.39780706 0.19501078
vt 0.38881874 0.21784765
vt 0.3791853 0.24195367
vt 0.30521142 0.24441898
vt 0.28711638 0.21085781
vt 0.27763984 0.23156929
vt 0.4215852 0.22577459
vt 0.41168883 0.25065923
vt 0.45442253 0.23350078
vt 0.44378686 0.25834948
vt 0.46436536 0.20988834
vt 0.4018223 0.2749048
vt 0.3691758 0.2659546
vt 0.43346596 0.28289568
vt 0.47563857 0.26575893
vt 0.4647705 0.29019648
vt 0.5054555 0.27149236
vt 0.50214255 0.29736984
vt 0.50901365 0.2989806
vt 0.5273739 0.2755921
vt 0.5195483 0.30399668
vt 0.53789234 0.307994
vt 0.5461297 0.27967358
vt 0.550358 0.2561232
vt 0.5370521 0.24930072
vt 0.5571937 0.3136654
vt 0.5668945 0.28260803
vt 0.5804012 0.31660688
vt 0.5870618 0.28264666
vt 0.600094 0.24415594
vt 0.58135706 0.24918866
vt 0.5171775 0.24734443
vt 0.5574043 0.2526114
vt 0.5576244 0.25087392
vt 0.3373529 0.2555765
vt 0.48585522 0.2402972
vt 0.43097076 0.20214188
vt 0.25352007 0.21919703
vt 0.4947078 0.21745783
vt 0.5220792 0.22548658
vt 0.5197119 0.20503342
vt 0.52524984 0.20443135
vt 0.5028713 0.19233143
vt 0.47411758 0.18449175
vt 0.5596912 0.2171244
vt 0.53486234 0.19993639
vt 0.5381483 0.18629777
vt 0.9137968 0.409441
vt 0.91975653 0.39472753
vt 0.93553114 0.39659452
vt 0.8972892 0.3933854
vt 0.87836415 0.40362287
vt 0.8784372 0.39137328
vt 0.83930814 0.38253462
vt 0.8638815 0.39815974
vt 0.8522767 0.41262043
vt 0.9674277 0.39985883
vt 0.9644402 0.41795886
vt 0.9481775 0.414546
vt 0.96091163 0.43750572
vt 0.95205295 0.39730167
vt 0.9311316 0.411851
vt 0.92713964 0.43066007
vt 0.90978664 0.42733538
vt 0.92378104 0.4507779
vt 0.89138186 0.42381895
vt 0.9063501 0.44693
vt 0.89519083 0.40699875
vt 0.8737372 0.4194125
vt 0.87039864 0.43837547
vt 0.8879735 0.44281697
vt 0.8493404 0.4330247
vt 0.847915 0.45498753
vt 0.8276304 0.42757976
vt 0.8291115 0.40685052
vt 0.9444542 0.4339028
vt 0.9581285 0.45847762
vt 0.94116914 0.45462435
vt 0.9551015 0.48128492
vt 0.9380239 0.47714603
vt 0.92105263 0.4728325
vt 0.9356114 0.49909532
vt 0.90362686 0.46879095
vt 0.9185227 0.49515647
vt 0.8854133 0.4646114
vt 0.8837847 0.48730886
vt 0.868019 0.46003336
vt 0.86648583 0.48315817
vt 0.8476831 0.47857368
vt 0.8656943 0.5067948
vt 0.82802945 0.47334844
vt 0.82947206 0.49927664
vt 0.8269778 0.44897848
vt 0.95288455 0.5032263
vt 0.95160276 0.525206
vt 0.9340611 0.52124935
vt 0.95045286 0.54622096
vt 0.9173184 0.5175254
vt 0.93332344 0.5421273
vt 0.9014704 0.49127126
vt 0.89996105 0.513751
vt 0.9160152 0.53845286
vt 0.88252974 0.51018
vt 0.88125044 0.5317779
vt 0.8651266 0.5289908
vt 0.8474706 0.5031658
vt 0.8472985 0.526495
vt 0.84702843 0.5485027
vt 0.83060217 0.524402
vt 0.9490048 0.56691754
vt 0.93214345 0.5618927
vt 0.9490176 0.59164536
vt 0.9149806 0.5573791
vt 0.9138256 0.5754894
vt 0.89756185 0.5542526
vt 0.89859563 0.5349121
vt 0.8806512 0.5518503
vt 0.8965402 0.5719131
vt 0.86420304 0.5499965
vt 0.86322904 0.56808645
vt 0.84658533 0.56759983
vt 0.8311453 0.5473705
vt 0.8307697 0.56727576
vt 0.8451035 0.58682275
vt 0.9484945 0.59638786
vt 0.9466452 0.6037623
vt 0.92921954 0.5986718
vt 0.94756335 0.6158797
vt 0.9310491 0.5808571
vt 0.9120057 0.5918527
vt 0.8947987 0.58771956
vt 0.90906835 0.60668474
vt 0.8794714 0.56947577
vt 0.87822783 0.5851062
vt 0.8919347 0.6024019
vt 0.8619414 0.58350325
vt 0.8758763 0.5973901
vt 0.8596293 0.59537494
vt 0.84279764 0.59319496
vt 0.85646045 0.60975623
vt 0.8416278 0.60327303
vt 0.95065564 0.6430024
vt 0.94617414 0.6462179
vt 0.9311735 0.6414084
vt 0.9168042 0.6444094
vt 0.91774845 0.64315915
vt 0.91549915 0.64474624
vt 0.9247089 0.6242003
vt 0.9172732 0.643377
vt 0.89768416 0.64619744
vt 0.914257 0.64516324
vt 0.90453315 0.62080973
vt 0.8905618 0.64082754
vt 0.92748034 0.6114986
vt 0.8792433 0.61668986
vt 0.88194984 0.6401873
vt 0.86924136 0.6421306
vt 0.8695722 0.6250675
vt 0.84695333 0.64178914
vt 0.85647094 0.6199239
vt 0.87160295 0.61870474
vt 0.8777098 0.6165383
vt 0.8742574 0.61903167
vt 0.87496334 0.6131462
vt 0.8451255 0.6134306
vt 0.84338963 0.6168556
vt 0.8398181 0.62076575
vt 0.8227788 0.6201818
vt 0.82398164 0.6142772
vt 0.8181849 0.59942925
vt 0.83473414 0.63742554
vt 0.9470822 0.6285462
vt 0.8303108 0.6482247
vt 0.82970893 0.6477608
vt 0.83370626 0.5866464
vt 0.8351546 0.5872728
vt 0.8213363 0.5874376
vt 0.8129763 0.5854362
vt 0.8046908 0.58307916
vt 0.8030483 0.5808911
vt 0.803347 0.5821629
vt 0.8025365 0.57512605
vt 0.8152532 0.57434154
vt 0.71937144 0.48732775
vt 0.71465915 0.527239
vt 0.700033 0.533587
vt 0.70668626 0.50589657
vt 0.6842312 0.51027006
vt 0.71782297 0.48528326
vt 0.7178404 0.4798069
vt 0.6875504 0.49358606
vt 0.68874145 0.47779965
vt 0.6620417 0.4971522
vt 0.68131334 0.5264426
vt 0.6606449 0.5110656
vt 0.6590264 0.52430296
vt 0.628031 0.51773435
vt 0.638314 0.50147516
vt 0.6357049 0.52044404
vt 0.6192024 0.5114387
vt 0.6257221 0.49099523
vt 0.6411827 0.48706222
vt 0.6628755 0.48263103
vt 0.7227001 0.5193426
vt 0.72540945 0.516038
vt 0.8232764 0.7743611
vt 0.8035078 0.788824
vt 0.8062216 0.76753753
vt 0.82625896 0.8204546
vt 0.8030525 0.81094533
vt 0.8503147 0.80751765
vt 0.8781011 0.8144774
vt 0.88031536 0.84008276
vt 0.8476721 0.7878196
vt 0.8523106 0.82948935
vt 0.8846493 0.85307145
vt 0.8253514 0.7985102
vt 0.85689735 0.8509088
vt 0.8256716 0.84063554
vt 0.8600972 0.85365665
vt 0.8770642 0.85838634
vt 0.80281043 0.83212775
vt 0.8775939 0.79160714
vt 0.81556034 0.7156523
vt 0.8460468 0.71741587
vt 0.8386213 0.7308775
vt 0.807139 0.7297827
vt 0.79939944 0.74718463
vt 0.8408363 0.76851547
vt 0.8740173 0.7721998
vt 0.861097 0.75851995
vt 0.8926969 0.7364051
vt 0.869739 0.73562646
vt 0.8325042 0.7479005
vt 0.8150008 0.7582572
vt 0.8103591 0.7572238
vt 0.9739986 0.30459964
vt 0.96084964 0.33105505
vt 0.9577981 0.3007735
vt 0.9464358 0.3298427
vt 0.9464857 0.30206704
vt 0.93189913 0.33045638
vt 0.9319158 0.3086273
vt 0.91746694 0.33195555
vt 0.9175871 0.3122819
vt 0.9493559 0.39536345
vt 0.9593626 0.3800226
vt 0.9605208 0.39613473
vt 0.9318448 0.39339763
vt 0.9320283 0.37552607
vt 0.91776353 0.39318538
vt 0.94619507 0.37718737
vt 0.94655573 0.35525012
vt 0.9609256 0.3576666
vt 0.9322329 0.35415018
vt 0.91808516 0.3540684
vt 0.91749173 0.37481874
vt 0.88038737 0.8976245
vt 0.8594456 0.90190446
vt 0.86671716 0.8823611
vt 0.8816688 0.86397433
vt 0.8392947 0.86989516
vt 0.83778316 0.89169383
vt 0.8446218 0.8509096
vt 0.88073015 0.90988594
vt 0.8753477 0.9269401
vt 0.8556772 0.9165473
vt 0.8796811 0.9250955
vt 0.8741571 0.9268047
vt 0.85330296 0.9259798
vt 0.83587873 0.9145368
vt 0.8383525 0.9245703
vt 0.83744305 0.9333636
vt 0.8388783 0.92542714
vt 0.22376902 0.76045984
vt 0.20049943 0.7642497
vt 0.19494842 0.7505979
vt 0.21561562 0.7401146
vt 0.2040633 0.73110396
vt 0.24326622 0.700981
vt 0.2228187 0.6883995
vt 0.23650432 0.6831441
vt 0.22638516 0.6687282
vt 0.20342813 0.66612005
vt 0.21296237 0.65766674
vt 0.1951873 0.64760923
vt 0.17165302 0.6556513
vt 0.17395349 0.64380455
vt 0.15003034 0.6467495
vt 0.13233441 0.6626443
vt 0.12687519 0.6551773
vt 0.12739384 0.6811678
vt 0.11619422 0.67526245
vt 0.14866146 0.76462114
vt 0.15349215 0.7382381
vt 0.17043698 0.7407514
vt 0.170177 0.7274625
vt 0.17217804 0.7548373
vt 0.18912454 0.73808885
vt 0.18258442 0.7258274
vt 0.16972682 0.71992785
vt 0.190815 0.7243293
vt 0.18722498 0.7101795
vt 0.19359972 0.7097849
vt 0.21383348 0.71764296
vt 0.19977945 0.7042675
vt 0.19948341 0.6966151
vt 0.21432109 0.70450604
vt 0.2272881 0.7034581
vt 0.22679403 0.720439
vt 0.21112193 0.6926276
vt 0.2056404 0.68163735
vt 0.21481344 0.67553985
vt 0.19558044 0.67378557
vt 0.19577521 0.6881135
vt 0.18388066 0.6678992
vt 0.17933156 0.6774214
vt 0.1883232 0.65848184
vt 0.17000008 0.6661997
vt 0.16928704 0.6774241
vt 0.15225066 0.65759104
vt 0.15619974 0.66851735
vt 0.13775547 0.6679593
vt 0.1568537 0.68900377
vt 0.1436881 0.67290646
vt 0.14010346 0.68521607
vt 0.1400669 0.69516087
vt 0.15330006 0.696773
vt 0.12969968 0.69469815
vt 0.14340518 0.7033791
vt 0.13403511 0.7050419
vt 0.14965871 0.7200485
vt 0.1449044 0.7234891
vt 0.13768528 0.714987
vt 0.1593502 0.7263019
vt 0.15935801 0.72060543
vt 0.15018556 0.7177531
vt 0.15962681 0.7080716
vt 0.16849503 0.70976824
vt 0.14636531 0.71005166
vt 0.1553769 0.702447
vt 0.16583602 0.70219755
vt 0.1638251 0.6959478
vt 0.17532144 0.7002135
vt 0.17784978 0.70784944
vt 0.17209679 0.69393706
vt 0.16305347 0.6902836
vt 0.18059331 0.6899828
vt 0.18557371 0.69528496
vt 0.17462374 0.68767834
vt 0.18844068 0.6817341
vt 0.16888922 0.6880071
vt 0.16051489 0.6803395
vt 0.1872047 0.70238185
vt 0.17996767 0.71669173
vt 0.15442218 0.69254804
vt 0.17681657 0.83691853
vt 0.19591123 0.84946024
vt 0.1722172 0.84658545
vt 0.19447309 0.8397077
vt 0.2135496 0.83648837
vt 0.22023715 0.84228456
vt 0.21034047 0.81119514
vt 0.18708482 0.81280583
vt 0.1829344 0.7972832
vt 0.20779225 0.7945201
vt 0.19130479 0.8268225
vt 0.17072417 0.8292086
vt 0.16529089 0.81682235
vt 0.2119616 0.8254984
vt 0.17911422 0.78259987
vt 0.20412935 0.778752
vt 0.15147074 0.77416754
vt 0.17524736 0.7689888
vt 0.15623055 0.7878936
vt 0.16042568 0.802385
vt 0.22562669 0.77537763
vt 0.22790918 0.79339457
vt 0.22877361 0.8121156
vt 0.22783668 0.8281652
vt 0.26611155 0.72853714
vt 0.23035303 0.7518538
vt 0.24456091 0.72019297
vt 0.2538727 0.74756914
vt 0.26737842 0.71693075
vt 0.24317451 0.83334655
vt 0.23169726 0.8495297
vt 0.24664137 0.8144354
vt 0.24664219 0.79375595
vt 0.24528632 0.7731723
vt 0.017217845 0.7069105
vt 0.00786673 0.72654307
vt 0.0013066202 0.7096979
vt 0.02215869 0.7232009
vt 0.03744838 0.71998876
vt 0.015598895 0.7449555
vt 0.029058296 0.74185485
vt 0.043055974 0.7390479
vt 0.036426425 0.7602611
vt 0.050715208 0.75834024
vt 0.023157269 0.7624584
vt 0.029381383 0.7794437
vt 0.03078406 0.6429148
vt 0.049420748 0.6390977
vt 0.05061536 0.6522422
vt 0.011730745 0.6454877
vt 0.031533442 0.65649736
vt 0.012502298 0.6595889
vt 0.013448586 0.6748237
vt 0.031684287 0.6719294
vt 0.032370135 0.68797296
vt 0.050095744 0.6845121
vt 0.014786424 0.6909333
vt 0.03399443 0.70330983
vt 0.05135123 0.70009804
vt 0.057034668 0.7135984
vt 0.05962566 0.7362812
vt 0.07535353 0.7336275
vt 0.06811415 0.7565769
vt 0.08853794 0.757777
vt 0.07713209 0.77516115
vt 0.05827826 0.7763221
vt 0.06429267 0.7929586
vt 0.04249542 0.7780109
vt 0.046801154 0.79505825
vt 0.032098144 0.79778343
vt 0.031976063 0.8137949
vt 0.06749102 0.64602077
vt 0.06703602 0.66279006
vt 0.050230257 0.6678884
vt 0.06607291 0.6815713
vt 0.069564715 0.69845706
vt 0.07332818 0.7092821
vt 0.0819691 0.7009756
vt 0.0831437 0.71273565
vt 0.08952752 0.69423664
vt 0.072423466 0.71229446
vt 0.09011905 0.7314652
vt 0.09874919 0.7505527
vt 0.113429345 0.7443349
vt 0.12769705 0.76337385
vt 0.113425985 0.7680222
vt 0.083074294 0.7907028
vt 0.08753989 0.80663943
vt 0.06881561 0.8095661
vt 0.09183682 0.8235396
vt 0.05018333 0.81181914
vt 0.07329994 0.8268497
vt 0.055031665 0.8290313
vt 0.0377314 0.8302216
vt 0.04537469 0.8478338
vt 0.050081927 0.86281097
vt 0.060761284 0.84661883
vt 0.065783255 0.8633706
vt 0.07874303 0.8440244
vt 0.0704449 0.8804084
vt 0.086092174 0.8605167
vt 0.04558205 0.8861303
vt 0.07707359 0.8968034
vt 0.050000936 0.904062
vt 0.02990511 0.93119
vt 0.060960323 0.9233884
vt 0.036171716 0.9426831
vt 0.09747338 0.93536973
vt 0.07215953 0.9443133
vt 0.16214629 0.8566578
vt 0.19633281 0.86216986
vt 0.104074724 0.69226205
vt 0.11059657 0.7083431
vt 0.12153978 0.69382995
vt 0.09681181 0.7106419
vt 0.116993256 0.7229397
vt 0.10426997 0.7273508
vt 0.12696032 0.7372314
vt 0.13879733 0.7288055
vt 0.12968224 0.7188703
vt 0.13638103 0.7781983
vt 0.13893755 0.7936734
vt 0.14208457 0.80902094
vt 0.14939657 0.82354105
vt 0.09587648 0.84166056
vt 0.110283256 0.85664207
vt 0.11767636 0.8710831
vt 0.0945606 0.8761632
vt 0.12862809 0.8855739
vt 0.10375749 0.89129233
vt 0.11492476 0.9083241
vt 0.086678386 0.91515297
vt 0.12613072 0.9278316
vt 0.13326885 0.94820815
vt 0.10542504 0.95613784
vt 0.080393665 0.96496487
vt 0.14540102 0.84464145
vt 0.15766859 0.83726674
vt 0.12488032 0.70634806
vt 0.1555642 0.9211804
vt 0.14300089 0.9015579
vt 0.16267475 0.94273394
vt 0.19633973 0.93909085
vt 0.1686957 0.96393055
vt 0.19826077 0.959563
vt 0.23060167 0.93821734
vt 0.22832204 0.9572249
vt 0.256503 0.9591328
vt 0.26007265 0.940869
vt 0.26719996 0.9214331
vt 0.23622775 0.91670763
vt 0.16242173 0.8732086
vt 0.19198644 0.8943595
vt 0.19199973 0.87720984
vt 0.14122707 0.8654512
vt 0.24729608 0.8956605
vt 0.2775345 0.902153
vt 0.28817582 0.88432413
vt 0.2607785 0.87814635
vt 0.12431993 0.8513817
vt 0.27225333 0.86325496
vt 0.29696926 0.8664443
vt 0.31844592 0.88721216
vt 0.3255568 0.8691593
vt 0.3472675 0.89109147
vt 0.35316032 0.87216
vt 0.35732806 0.8513987
vt 0.19441034 0.91574913
vt 0.33188465 0.8491195
vt 0.30484036 0.8461137
vt 0.28163946 0.84286684
vt 0.23666711 0.86659205
vt 0.13447146 0.8297285
vt 0.11201865 0.836605
vt 0.12742057 0.81397223
vt 0.12337172 0.7981458
vt 0.1046553 0.80315757
vt 0.12079929 0.7826381
vt 0.109012514 0.81929797
vt 0.100540586 0.7878207
vt 0.36137342 0.82841414
vt 0.09596454 0.7740918
vt 0.26153553 0.83852994
vt 0.28850842 0.8206155
vt 0.26809028 0.81728905
vt 0.29291618 0.79682446
vt 0.27078676 0.79485226
vt 0.29666457 0.7724525
vt 0.27284214 0.7720264
vt 0.27608317 0.74699825
vt 0.30201152 0.7461748
vt 0.3164955 0.79887754
vt 0.32116774 0.7735424
vt 0.34598455 0.7750445
vt 0.34184897 0.80080444
vt 0.35027263 0.7473448
vt 0.37352175 0.7483858
vt 0.37712815 0.7191623
vt 0.35410267 0.718384
vt 0.35568294 0.6881467
vt 0.37996563 0.68855846
vt 0.3303507 0.71816206
vt 0.33022803 0.6890189
vt 0.38073817 0.65845525
vt 0.35391137 0.6582011
vt 0.34803766 0.6286403
vt 0.37983838 0.6280839
vt 0.3731738 0.59752214
vt 0.33743742 0.59995556
vt 0.3626983 0.5654567
vt 0.3229535 0.56951964
vt 0.35097995 0.5327796
vt 0.3078932 0.5382811
vt 0.3254264 0.6595343
vt 0.30339694 0.69155586
vt 0.2967602 0.6634849
vt 0.2808358 0.69448584
vt 0.27248713 0.6691454
vt 0.26226377 0.6360881
vt 0.27767146 0.6349582
vt 0.26179904 0.69764864
vt 0.2525973 0.67632324
vt 0.28377146 0.71911544
vt 0.2614612 0.6451595
vt 0.26456168 0.6105992
vt 0.3003668 0.6036625
vt 0.24010922 0.66045725
vt 0.22503245 0.6486055
vt 0.20670348 0.63770515
vt 0.3696781 0.77632743
vt 0.36597654 0.8028807
vt 0.3161894 0.6307902
vt 0.2802999 0.5733888
vt 0.2610022 0.5435349
vt 0.2967957 0.50919795
vt 0.33967897 0.5013253
vt 0.25015742 0.51569366
vt 0.38115194 0.49259412
vt 0.391167 0.52617234
vt 0.32692617 0.47292423
vt 0.28954643 0.48265308
vt 0.24890631 0.48950315
vt 0.31143388 0.82352644
vt 0.30527157 0.7190638
vt 0.3264129 0.74656075
vt 0.24949925 0.85607207
vt 0.3373382 0.82602626
vt 0.09132513 0.7638999
vt 0.9580577 0.66227555
vt 0.95333916 0.6770794
vt 0.9324525 0.67847
vt 0.9315172 0.69844633
vt 0.9338715 0.66187894
vt 0.9129937 0.6781774
vt 0.9504941 0.69482183
vt 0.9494858 0.7127055
vt 0.9312573 0.720716
vt 0.9105381 0.72630125
vt 0.9118038 0.70121133
vt 0.89247656 0.70193565
vt 0.8950183 0.6769505
vt 0.8822366 0.66266966
vt 0.8953771 0.6584188
vt 0.9128573 0.6613367
vt 0.8806638 0.6575448
vt 0.8800134 0.65689206
vt 0.8779073 0.70326203
vt 0.89154714 0.7327786
vt 0.87614584 0.65989447
vt 0.80898577 0.54958606
vt 0.806418 0.55169356
vt 0.8045076 0.5527388
vt 0.7956604 0.5309305
vt 0.8163148 0.53932965
vt 0.77589154 0.561496
vt 0.7699981 0.5441041
vt 0.785651 0.5368458
vt 0.7759225 0.5159053
vt 0.7905149 0.50757325
vt 0.7642613 0.49573612
vt 0.7751118 0.48782194
vt 0.76530653 0.46558535
vt 0.7856421 0.48077232
vt 0.76124614 0.45898402
vt 0.76065224 0.46966517
vt 0.75151837 0.46083188
vt 0.7482138 0.4713149
vt 0.7613176 0.5229424
vt 0.7534171 0.5019011
vt 0.74729156 0.48647767
vt 0.7554234 0.4800148
vt 0.7449131 0.4777218
vt 0.820756 0.5456606
vt 0.8271889 0.55203223
vt 0.7413761 0.44650447
vt 0.73768 0.46554637
vt 0.7321206 0.44834828
vt 0.72482234 0.46125853
vt 0.72664636 0.47328055
vt 0.7360643 0.4769175
vt 0.71734154 0.5697069
vt 0.719933 0.5562808
vt 0.73643667 0.55451006
vt 0.73362327 0.57072306
vt 0.7562347 0.5692627
vt 0.75459236 0.55169517
vt 0.7465214 0.52856743
vt 0.731607 0.53313154
vt 0.7269841 0.5100283
vt 0.73994935 0.50685376
vt 0.7237881 0.49006045
vt 0.7362751 0.48907822
vt 0.8294385 0.5522116
vt 0.5207903 0.6581735
vt 0.5320739 0.6511422
vt 0.5415529 0.66820025
vt 0.5112514 0.664598
vt 0.530094 0.6723935
vt 0.50297415 0.66989946
vt 0.51976275 0.6763144
vt 0.5102124 0.67998576
vt 0.52601445 0.6904448
vt 0.49368605 0.6748839
vt 0.50190365 0.683132
vt 0.5071522 0.69298
vt 0.4861933 0.6787628
vt 0.49279115 0.6852285
vt 0.49779555 0.6937599
vt 0.55356336 0.6648067
vt 0.5442177 0.64518
vt 0.57546586 0.68095976
vt 0.56502974 0.7038307
vt 0.56123805 0.6819472
vt 0.5487969 0.68582964
vt 0.5369472 0.6882853
vt 0.5398636 0.7071579
vt 0.52827 0.7074011
vt 0.5392936 0.7292342
vt 0.51564157 0.6919605
vt 0.5175759 0.7070185
vt 0.52694166 0.7274977
vt 0.50828034 0.7059407
vt 0.5152714 0.72465575
vt 0.4991345 0.70436996
vt 0.505911 0.72077394
vt 0.49678046 0.7159878
vt 0.48781005 0.7262778
vt 0.5737296 0.6371929
vt 0.5933757 0.63405067
vt 0.6022605 0.65345865
vt 0.6214148 0.6498339
vt 0.58391535 0.6566297
vt 0.60861593 0.67227674
vt 0.5914365 0.67638224
vt 0.5965965 0.69620943
vt 0.5796467 0.70010066
vt 0.6002653 0.7196248
vt 0.56401384 0.7246089
vt 0.58222455 0.7235099
vt 0.55253774 0.70615244
vt 0.5521649 0.7289975
vt 0.54937696 0.7546068
vt 0.53558105 0.7552689
vt 0.5170364 0.753933
vt 0.50242895 0.7723078
vt 0.50409746 0.74595416
vt 0.4961956 0.7377303
vt 0.58407843 0.61564344
vt 0.57492983 0.5992932
vt 0.59784484 0.59382915
vt 0.60680866 0.6113736
vt 0.62961864 0.6066218
vt 0.6148773 0.6303529
vt 0.63564 0.62636274
vt 0.6406026 0.6465651
vt 0.65877384 0.6219511
vt 0.6434144 0.6648714
vt 0.6675166 0.6641164
vt 0.6256773 0.66816145
vt 0.64099544 0.6774339
vt 0.62948406 0.68702257
vt 0.6136538 0.6921837
vt 0.6333632 0.7125682
vt 0.6172147 0.7159118
vt 0.6010803 0.74491465
vt 0.61804146 0.7419755
vt 0.5830779 0.7480303
vt 0.58057374 0.77165455
vt 0.56568575 0.75215805
vt 0.5620341 0.77521414
vt 0.5019189 0.79880327
vt 0.5217856 0.78104824
vt 0.51917 0.79826754
vt 0.50169724 0.7840792
vt 0.51694345 0.81462604
vt 0.4973574 0.81476945
vt 0.51378345 0.8317196
vt 0.49381295 0.8303978
vt 0.62219965 0.58751833
vt 0.6474196 0.58122355
vt 0.6535391 0.60059804
vt 0.68081015 0.59434843
vt 0.68638426 0.61720854
vt 0.71750164 0.61258626
vt 0.6913252 0.64114964
vt 0.6636744 0.64405847
vt 0.695777 0.6625154
vt 0.67107004 0.68377453
vt 0.6418423 0.6776477
vt 0.69981563 0.6821888
vt 0.7320218 0.6800904
vt 0.7036192 0.70393324
vt 0.6745076 0.70724463
vt 0.70543474 0.73003787
vt 0.65129733 0.7093849
vt 0.6768075 0.7345776
vt 0.65342754 0.73754203
vt 0.63446486 0.7395287
vt 0.654223 0.762699
vt 0.63367593 0.7643626
vt 0.61720276 0.7668308
vt 0.6158156 0.7900719
vt 0.59977716 0.7691281
vt 0.598 0.79175323
vt 0.5787222 0.7932804
vt 0.59664387 0.81355536
vt 0.5595762 0.7953251
vt 0.5777776 0.8142448
vt 0.5573532 0.8151892
vt 0.55539346 0.8337512
vt 0.51052564 0.84838057
vt 0.47742167 0.8561876
vt 0.50030863 0.86208093
vt 0.48894444 0.8442951
vt 0.48307216 0.87113684
vt 0.4700363 0.85887915
vt 0.6748456 0.5742361
vt 0.7050079 0.5679831
vt 0.7116254 0.58896095
vt 0.7480343 0.6083071
vt 0.742472 0.5860176
vt 0.7228891 0.6372417
vt 0.7533097 0.63334626
vt 0.72778964 0.6594176
vt 0.76169884 0.6774932
vt 0.7576133 0.65599704
vt 0.7657479 0.70150673
vt 0.7903161 0.700416
vt 0.73539126 0.70236427
vt 0.73849463 0.7284578
vt 0.74062014 0.7499314
vt 0.7706597 0.73005927
vt 0.70511955 0.75169003
vt 0.736838 0.7662756
vt 0.6766141 0.76378214
vt 0.70243585 0.76679146
vt 0.6686238 0.7873838
vt 0.6514838 0.7868151
vt 0.6493849 0.8091023
vt 0.6320509 0.7880434
vt 0.63131046 0.8107689
vt 0.61490506 0.8122434
vt 0.614492 0.834278
vt 0.59547824 0.83530825
vt 0.6145948 0.857122
vt 0.5752837 0.83484787
vt 0.5707864 0.85602176
vt 0.54979616 0.85406715
vt 0.59084105 0.8786785
vt 0.5662955 0.87641186
vt 0.7704974 0.58210385
vt 0.77600914 0.60466784
vt 0.80038804 0.5995326
vt 0.78047395 0.6283057
vt 0.78419155 0.6521958
vt 0.807999 0.64784247
vt 0.78781337 0.67359996
vt 0.8106566 0.67259616
vt 0.79380095 0.72953355
vt 0.79785675 0.7569882
vt 0.7788079 0.75535184
vt 0.7818478 0.78231436
vt 0.7567472 0.78169554
vt 0.76706076 0.78222555
vt 0.66788536 0.84128445
vt 0.64952314 0.82965803
vt 0.6637041 0.826667
vt 0.6572833 0.8511882
vt 0.6653785 0.8085887
vt 0.6314748 0.83207905
vt 0.6343135 0.85468715
vt 0.6139613 0.87922174
vt 0.5934973 0.85736376
vt 0.637054 0.8786271
vt 0.66484696 0.8759602
vt 0.6363082 0.90069336
vt 0.66262454 0.90029025
vt 0.61251634 0.9000739
vt 0.63545746 0.92028457
vt 0.58775693 0.898545
vt 0.61216295 0.9208458
vt 0.5618976 0.8948489
vt 0.58463824 0.91778713
vt 0.5561201 0.9116497
vt 0.57925737 0.9382471
vt 0.54893786 0.9293564
vt 0.5732786 0.9591223
vt 0.5416244 0.9482198
vt 0.5667171 0.97902477
vt 0.7968574 0.5777401
vt 0.80402714 0.62306166
vt 0.80023754 0.78310996
vt 0.7975815 0.8095749
vt 0.77829206 0.80756885
vt 0.7913747 0.8311482
vt 0.7528982 0.8172255
vt 0.7734359 0.83108765
vt 0.7535457 0.83085954
vt 0.75012654 0.84739393
vt 0.6687748 0.8417776
vt 0.69410485 0.83465886
vt 0.69990534 0.8364392
vt 0.7023323 0.84576863
vt 0.70029354 0.85240793
vt 0.7076943 0.8699631
vt 0.70217097 0.8995861
vt 0.7612665 0.871092
vt 0.691563 0.9286078
vt 0.7373559 0.9252371
vt 0.6535721 0.9237226
vt 0.5355538 0.96746284
vt 0.5601384 0.9980576
vt 0.53159153 0.98619497
vt 0.7928549 0.854298
vt 0.76939386 0.8500716
vt 0.79573023 0.87857664
vt 0.7951141 0.897916
vt 0.7487183 0.8967101
vt 0.77854043 0.9225361
vt 0.73571706 0.9457138
vt 0.77164507 0.9438775
vt 0.7320108 0.9568697
vt 0.67532784 0.9530767
vt 0.67218095 0.95409834
vt 0.73713493 0.8000556
vt 0.46331677 0.66589385
vt 0.4537312 0.6674576
vt 0.44914177 0.6569797
vt 0.43556476 0.66086686
vt 0.46152717 0.6549636
vt 0.44590214 0.6440219
vt 0.4705634 0.6666257
vt 0.4721062 0.65580434
vt 0.4614584 0.64288545
vt 0.48263517 0.6586748
vt 0.4883665 0.648855
vt 0.47622696 0.6683138
vt 0.4938303 0.66266125
vt 0.5009043 0.6552305
vt 0.48678997 0.668977
vt 0.44139087 0.6722129
vt 0.4286162 0.6476609
vt 0.42480803 0.63237876
vt 0.44343773 0.6301515
vt 0.422452 0.61734945
vt 0.46187946 0.6292311
vt 0.4403453 0.6158054
vt 0.4751155 0.64435923
vt 0.47808513 0.6314587
vt 0.49442703 0.63765925
vt 0.48153356 0.61663103
vt 0.5012333 0.6251628
vt 0.48670518 0.60520375
vt 0.50932235 0.6465899
vt 0.51898056 0.636822
vt 0.52953434 0.62759346
vt 0.41304988 0.59862614
vt 0.46754965 0.5957496
vt 0.43175894 0.6021222
vt 0.46081427 0.6126998
vt 0.44094792 0.5833731
vt 0.45876688 0.5969251
vt 0.45843837 0.5761017
vt 0.47500604 0.58588624
vt 0.4697104 0.56733984
vt 0.49231112 0.59312147
vt 0.4833105 0.5751183
vt 0.51245695 0.6014338
vt 0.49806288 0.5810481
vt 0.5073642 0.61437404
vt 0.5435798 0.6205215
vt 0.55727327 0.64069635
vt 0.5676272 0.65960544
vt 0.41985834 0.58765066
vt 0.51572454 0.587682
vt 0.5352442 0.59489316
vt 0.55459964 0.60016847
vt 0.5634576 0.6185644
vt 0.46922195 0.6733089
vt 0.46165356 0.67659146
vt 0.47778773 0.67590076
vt 0.47094074 0.6818635
vt 0.47911784 0.6847868
vt 0.46465564 0.6882445
vt 0.45253444 0.6813861
vt 0.44601727 0.6908808
vt 0.43251693 0.68470967
vt 0.48434016 0.6877623
vt 0.48711452 0.69412357
vt 0.47613052 0.691985
vt 0.47497422 0.69999754
vt 0.4604925 0.69617414
vt 0.4739268 0.70849365
vt 0.44446388 0.70242494
vt 0.4607613 0.7054819
vt 0.42827284 0.69979733
vt 0.4311536 0.7152709
vt 0.48837557 0.7022944
vt 0.48635444 0.71039426
vt 0.48268583 0.71619517
vt 0.47322536 0.71785593
vt 0.4737156 0.7294119
vt 0.46204644 0.71495134
vt 0.44875306 0.71257645
vt 0.45476976 0.71892416
vt 0.43952802 0.72783357
vt 0.45233437 0.7335818
vt 0.435871 0.7711532
vt 0.4218189 0.78320277
vt 0.41564327 0.76549995
vt 0.39528963 0.77556616
vt 0.39774802 0.75205576
vt 0.38886195 0.7542385
vt 0.39977142 0.7841215
vt 0.39563736 0.7945491
vt 0.37850448 0.7748632
vt 0.38190034 0.7549456
vt 0.47680557 0.7563108
vt 0.47674662 0.7730983
vt 0.47540912 0.74100935
vt 0.46095777 0.7249392
vt 0.45016718 0.75064504
vt 0.44132158 0.77245957
vt 0.44298616 0.78453016
vt 0.4760266 0.7855339
vt 0.44596073 0.7994239
vt 0.42465466 0.8002258
vt 0.47497973 0.79917264
vt 0.4743848 0.8146883
vt 0.44886678 0.8153489
vt 0.47287583 0.83065504
vt 0.4287002 0.8178823
vt 0.4336456 0.8333574
vt 0.4089267 0.8194655
vt 0.4160801 0.83907455
vt 0.3858241 0.81632096
vt 0.38117474 0.7942811
vt 0.54226905 0.7785799
vt 0.538948 0.7969958
vt 0.5375954 0.81489766
vt 0.47032437 0.84515125
vt 0.45205763 0.83117115
vt 0.4542777 0.846454
vt 0.4397477 0.8445325
vt 0.45501107 0.86011547
vt 0.43056583 0.8560389
vt 0.43502527 0.8723368
vt 0.4061663 0.8618641
vt 0.3931897 0.8391268
vt 0.37874502 0.8596786
vt 0.3659043 0.81472284
vt 0.3719086 0.8380583
vt 0.53446174 0.8330376
vt 0.5295309 0.85142446
vt 0.52098733 0.86868817
vt 0.50638807 0.8816301
vt 0.4592711 0.87381756
vt 0.48193705 0.88471407
vt 0.42940456 0.8850344
vt 0.4331375 0.901677
vt 0.3842717 0.8789837
vt 0.39559263 0.90069026
vt 0.35598922 0.8842479
vt 0.36618203 0.90260035
vt 0.54422325 0.8737919
vt 0.5399275 0.89309126
vt 0.52986205 0.9056004
vt 0.52051604 0.9211118
vt 0.48084974 0.9073851
vt 0.47782418 0.9275118
vt 0.43748185 0.9212728
vt 0.47420192 0.9495048
vt 0.40466356 0.9210738
vt 0.41122556 0.9419713
vt 0.37673917 0.92261016
vt 0.38488954 0.94336075
vt 0.51214814 0.93884003
vt 0.50523424 0.95789146
vt 0.5007669 0.9772149
vt 0.47095427 0.97011214
vt 0.4404967 0.943659
vt 0.4415843 0.96414846
vt 0.4662662 0.9882582
vt 0.41497815 0.96166867
vt 0.440572 0.9824272
vt 0.3897509 0.9630193
vt 0.39190587 0.98062325
vt 0.41594264 0.9794922
vt 0.9520813 0.7410901
vt 0.935561 0.7416028
vt 0.9527108 0.73978895
vt 0.93583196 0.74451023
vt 0.935201 0.7442791
vt 0.9316911 0.741724
vt 0.9145525 0.7480386
vt 0.9216384 0.7567341
vt 0.91023207 0.76636934
vt 0.903473 0.760814
vt 0.892474 0.78654146
vt 0.90811414 0.8236544
vt 0.90596724 0.787321
vt 0.92060643 0.8192966
vt 0.91386145 0.7851323
vt 0.91807646 0.7933574
vt 0.9165118 0.7694535
vt 0.93028605 0.7235021
vt 0.933865 0.7224928
vt 0.94932777 0.7210476
vt 0.93325263 0.7521665
vt 0.931857 0.7530382
vt 0.9142289 0.8257593
vt 0.9339739 0.81740296
vt 0.914719 0.8304235
vt 0.9387815 0.8150505
vt 0.9452835 0.80844086
vt 0.9475757 0.8142326
vt 0.93577486 0.8099602
vt 0.8893403 0.75688285
vt 0.9046445 0.73985904
vt 0.8780018 0.78488594
vt 0.62163043 0.53952974
vt 0.6206713 0.5534341
vt 0.6168234 0.54592735
vt 0.6174988 0.54343224
vt 0.51304555 0.34814036
vt 0.5393603 0.36019343
vt 0.5189854 0.36820996
vt 0.54100513 0.3871618
vt 0.5234614 0.3939082
vt 0.54362917 0.40646148
vt 0.52776504 0.41228616
vt 0.5456367 0.42575502
vt 0.5698556 0.43216956
vt 0.5435939 0.449113
vt 0.56208706 0.3546219
vt 0.56485784 0.38222438
vt 0.58561814 0.37421513
vt 0.5649978 0.39762318
vt 0.5874316 0.39038098
vt 0.567284 0.41558015
vt 0.5902219 0.40702957
vt 0.5933609 0.42300946
vt 0.61499393 0.39774418
vt 0.5976881 0.43913555
vt 0.6176911 0.413912
vt 0.5729512 0.4482503
vt 0.6081075 0.4565559
vt 0.54773664 0.46000648
vt 0.5766866 0.463269
vt 0.55244404 0.47321188
vt 0.5805503 0.47717857
vt 0.5591144 0.48422658
vt 0.5841733 0.49174345
vt 0.5677434 0.49468577
vt 0.6039365 0.4878077
vt 0.6034494 0.47142822
vt 0.60344166 0.3702917
vt 0.58524853 0.3468939
vt 0.6111079 0.3367265
vt 0.61134195 0.3815726
vt 0.6397934 0.36699563
vt 0.6414343 0.3864485
vt 0.6432084 0.4042549
vt 0.66904706 0.37561643
vt 0.62065464 0.43099475
vt 0.6449858 0.42210555
vt 0.6700098 0.41323674
vt 0.6466155 0.44021273
vt 0.67066 0.43225598
vt 0.62366974 0.44861853
vt 0.64798534 0.4580812
vt 0.62537026 0.46538985
vt 0.62609345 0.48267674
vt 0.6489795 0.47621238
vt 0.67210215 0.46939027
vt 0.6392597 0.3478009
vt 0.6387676 0.32633066
vt 0.6660966 0.3173002
vt 0.667893 0.3373512
vt 0.6915053 0.31032908
vt 0.6688037 0.3560481
vt 0.70155853 0.3456198
vt 0.6953015 0.36693418
vt 0.70256853 0.34527928
vt 0.69431484 0.38636303
vt 0.7176614 0.36011422
vt 0.6695603 0.39464438
vt 0.69387656 0.40535516
vt 0.69412404 0.42460102
vt 0.71718496 0.39779174
vt 0.6944497 0.44308364
vt 0.7175987 0.43588233
vt 0.67131925 0.4505542
vt 0.69506645 0.46227252
vt 0.7182654 0.4554646
vt 0.7140973 0.3053574
vt 0.7152867 0.3244053
vt 0.7365125 0.30094934
vt 0.69466054 0.3293389
vt 0.7168253 0.34220445
vt 0.7315849 0.3389297
vt 0.7358595 0.35606772
vt 0.7429384 0.37152106
vt 0.71773595 0.37877715
vt 0.7432583 0.37140828
vt 0.7440984 0.35536885
vt 0.742444 0.37714124
vt 0.74534935 0.37541258
vt 0.75037485 0.373986
vt 0.75079733 0.38625163
vt 0.7703462 0.36778694
vt 0.74096704 0.3905611
vt 0.73662984 0.41174126
vt 0.71705276 0.41743743
vt 0.73777664 0.43052042
vt 0.7516315 0.4286825
vt 0.7745189 0.42013526
vt 0.7559661 0.41731918
vt 0.7712193 0.41027403
vt 0.7682593 0.4032333
vt 0.77666146 0.40828204
vt 0.7748917 0.3965025
vt 0.77607596 0.41940403
vt 0.77515537 0.4200741
vt 0.7823095 0.41931015
vt 0.7907657 0.41526634
vt 0.7980433 0.42717683
vt 0.79131347 0.43498474
vt 0.7484801 0.32010478
vt 0.7445301 0.29042804
vt 0.73307776 0.32193935
vt 0.7464984 0.33200252
vt 0.76064646 0.32860452
vt 0.7435712 0.35354483
vt 0.7440614 0.35140848
vt 0.7522989 0.36145198
vt 0.7725821 0.35017645
vt 0.7514342 0.36560917
vt 0.7716398 0.35774398
vt 0.78018814 0.35204506
vt 0.7788206 0.36804247
vt 0.7886555 0.3682996
vt 0.77677816 0.3825755
vt 0.76647055 0.38549125
vt 0.7531661 0.4091257
vt 0.7860904 0.39241803
vt 0.7863719 0.38079256
vt 0.78768545 0.40439248
vt 0.79753447 0.39981854
vt 0.7989245 0.4089594
vt 0.78902406 0.30270886
vt 0.7994185 0.3281635
vt 0.7871813 0.32438672
vt 0.7795163 0.32304382
vt 0.7827632 0.33554715
vt 0.7930395 0.3484757
vt 0.8022545 0.35023916
vt 0.7977767 0.37141234
vt 0.8116158 0.33246583
vt 0.8148293 0.32495916
vt 0.80336016 0.35065335
vt 0.80355674 0.35293663
vt 0.7962716 0.38037634
vt 0.794738 0.38991308
vt 0.806494 0.31378698
vt 0.8088126 0.33954048
vt 0.7798933 0.43875885
vt 0.79858506 0.42636985
vt 0.80564845 0.40666014
vt 0.806709 0.40803188
vt 0.80157804 0.39904428
vt 0.8089815 0.41043723
vt 0.8099378 0.43490255
vt 0.8008514 0.39787722
vt 0.80517507 0.38806546
vt 0.8259748 0.4505278
vt 0.8086723 0.44430196
vt 0.8224001 0.45333755
vt 0.8055445 0.38578784
vt 0.79611623 0.3813432
vt 0.8064397 0.3832804
vt 0.8133609 0.36351097
vt 0.8082267 0.35369658
vt 0.8026345 0.39813614
vt 0.51296675 0.41467464
vt 0.531071 0.43262166
vt 0.51814383 0.4364922
vt 0.53303677 0.4550283
vt 0.5222557 0.45581007
vt 0.5369269 0.46584523
vt 0.52671033 0.46963984
vt 0.5417958 0.47825533
vt 0.57927406 0.51481116
vt 0.5776099 0.5149353
vt 0.56703556 0.5087161
vt 0.5756251 0.51560795
vt 0.574725 0.50336134
vt 0.55763817 0.49984014
vt 0.5480414 0.48987073
vt 0.53240985 0.483091
vt 0.5385149 0.49502385
vt 0.5561018 0.5163381
vt 0.5467259 0.5059319
vt 0.56894 0.5215296
vt 0.45041612 0.5084915
vt 0.44603503 0.49363434
vt 0.4596886 0.48366356
vt 0.46504015 0.49838
vt 0.4811579 0.48871422
vt 0.4752379 0.47406888
vt 0.49844822 0.4802159
vt 0.49249232 0.46520263
vt 0.48774713 0.50362056
vt 0.50528985 0.49505007
vt 0.5080978 0.45900822
vt 0.47040397 0.5127446
vt 0.45325604 0.5237261
vt 0.46149 0.5331561
vt 0.47551656 0.5243656
vt 0.4946513 0.5167751
vt 0.48368964 0.5384732
vt 0.46550322 0.5500484
vt 0.50228083 0.52918875
vt 0.5135855 0.47387987
vt 0.51994777 0.48845637
vt 0.5267228 0.5010072
vt 0.53488404 0.51263255
vt 0.5446706 0.52435994
vt 0.51230145 0.50784916
vt 0.45494512 0.53941274
vt 0.45507947 0.5392842
vt 0.52014416 0.5201146
vt 0.49264637 0.5522432
vt 0.47569418 0.5619894
vt 0.51132023 0.54234296
vt 0.4850734 0.5737676
vt 0.5014365 0.5644629
vt 0.5202515 0.55427897
vt 0.52958626 0.53274465
vt 0.41198692 0.4423492
vt 0.4046568 0.4206503
vt 0.42445588 0.41221976
vt 0.3927016 0.4051162
vt 0.4332608 0.4279998
vt 0.45283568 0.41957104
vt 0.36926967 0.33579946
vt 0.3923201 0.32442963
vt 0.39648172 0.34046155
vt 0.37474346 0.35129368
vt 0.37986472 0.3702712
vt 0.40208983 0.3593129
vt 0.4202497 0.3279574
vt 0.38408035 0.3898083
vt 0.40824425 0.37743926
vt 0.42545217 0.34706056
vt 0.41541874 0.3942145
vt 0.43743086 0.382959
vt 0.44505617 0.40193874
vt 0.47241578 0.4092034
vt 0.46597522 0.39081782
vt 0.41649893 0.31030405
vt 0.44075206 0.2954241
vt 0.44476008 0.31366962
vt 0.4493404 0.33375496
vt 0.4666437 0.29989666
vt 0.45403156 0.35319555
vt 0.47361866 0.34238648
vt 0.43120736 0.36567158
vt 0.4592333 0.3711483
vt 0.48470485 0.38073266
vt 0.47834596 0.3606063
vt 0.49061877 0.40028906
vt 0.5014051 0.37059283
vt 0.46992382 0.3219478
vt 0.48921224 0.33335698
vt 0.48615986 0.31358325
vt 0.49436578 0.35004693
vt 0.5083148 0.3920915
vt 0.44438636 0.44845366
vt 0.43159026 0.46040165
vt 0.45306307 0.46742147
vt 0.42258725 0.4713716
vt 0.42988354 0.48801386
vt 0.41431782 0.45627576
vt 0.4075484 0.4475147
vt 0.40047276 0.43916613
vt 0.47932088 0.42833567
vt 0.49682814 0.42062247
vt 0.4607988 0.43786967
vt 0.48643222 0.44834435
vt 0.468837 0.457448
vt 0.43972123 0.47794497
vt 0.4372906 0.50301975
vt 0.50293005 0.44141167
vt 0.3254263 0.33999026
vt 0.34387824 0.36217546
vt 0.3289854 0.36767417
vt 0.38754532 0.44752115
vt 0.37802833 0.43536878
vt 0.3910984 0.4266476
vt 0.3407025 0.28587127
vt 0.35675937 0.26367974
vt 0.3719663 0.2726128
vt 0.35530016 0.29138947
vt 0.3835517 0.28122103
vt 0.3312979 0.31169653
vt 0.3453954 0.31327283
vt 0.35917774 0.3151189
vt 0.34091008 0.33771753
vt 0.35976234 0.3562503
vt 0.3565113 0.3361628
vt 0.35062495 0.38448083
vt 0.3653048 0.37664914
vt 0.3573369 0.40466404
vt 0.37075377 0.39631915
vt 0.37973872 0.41254807
vt 0.36808753 0.4204728
vt 0.4145571 0.4841081
vt 0.39648637 0.45781547
vt 0.4049562 0.46979094
vt 0.36854818 0.2960174
vt 0.36996326 0.31689197
vt 0.37852675 0.2977022
vt 0.8107457 0.39926863
vt 0.9470114 0.8730464
vt 0.9500119 0.86752236
vt 0.94875586 0.8755557
vt 0.9477265 0.8731942
vt 0.9495352 0.8642585
vt 0.94597834 0.87536407
vt 0.94498914 0.86394495
vt 0.94671303 0.8647133
vt 0.943924 0.8671709
vt 0.65908813 0.5281432
vt 0.68255156 0.52976173
vt 0.65989256 0.5273255
vt 0.1368703 0.64770436
vt 0.15254027 0.63115937
vt 0.13499817 0.63653034
vt 0.11517261 0.6285817
vt 0.1161222 0.6478565
vt 0.5678521 0.54701346
vt 0.57452947 0.5189776
vt 0.57282126 0.5415487
vt 0.5795395 0.5374241
vt 0.58419096 0.53434485
vt 0.59649277 0.5142208
vt 0.57469696 0.56119734
vt 0.5884338 0.5694733
vt 0.59026843 0.5501382
vt 0.59812295 0.5584169
vt 0.60127395 0.57191646
vt 0.5850991 0.57424456
vt 0.61403435 0.5682448
vt 0.6138328 0.55596274
vt 0.58382225 0.5723198
vt 0.6047218 0.5805761
vt 0.61311316 0.58259976
vt 0.62563497 0.5788231
vt 0.6255092 0.55930376
vt 0.6329669 0.56292254
vt 0.6336875 0.5636477
vt 0.63936824 0.5445557
vt 0.63978994 0.55577743
vt 0.6445611 0.5653993
vt 0.6260733 0.5727615
vt 0.6251498 0.57165945
vt 0.6478077 0.5462191
vt 0.6506203 0.5393916
vt 0.6527523 0.5181015
vt 0.63463527 0.52484626
vt 0.65330034 0.5320363
vt 0.65445143 0.5194135
vt 0.6483023 0.54707694
vt 0.5842761 0.57387036
vt 0.6165362 0.5374321
vt 0.6153374 0.5548124
vt 0.6133333 0.5428434
vt 0.6117675 0.54327446
vt 0.6074562 0.55514187
vt 0.6087151 0.53689253
vt 0.611293 0.55015194
vt 0.90653867 0.90315616
vt 0.90219253 0.9011625
vt 0.9069619 0.8926565
vt 0.90771145 0.90328467
vt 0.9066519 0.880108
vt 0.9118732 0.880458
vt 0.918616 0.8815133
vt 0.9177342 0.8844433
vt 0.89015204 0.86637783
vt 0.88484794 0.8628494
vt 0.9106791 0.8570376
vt 0.89803994 0.85570717
vt 0.9237028 0.86842066
vt 0.92739964 0.87843525
vt 0.91041696 0.8418514
vt 0.90078926 0.8387232
vt 0.8878349 0.8394354
vt 0.92740005 0.89578044
vt 0.9286348 0.903092
vt 0.8904468 0.85696596
vt 0.9137337 0.8324601
vt 0.92409533 0.8301971
vt 0.9336757 0.8470319
vt 0.9278189 0.87985617
vt 0.94219947 0.8921715
vt 0.93279165 0.88168293
vt 0.93738556 0.8661082
vt 0.94105154 0.85858417
vt 0.93768823 0.8659459
vt 0.9424832 0.8577901
vt 0.937012 0.8498478
vt 0.9452859 0.84742814
vt 0.93816066 0.83466583
vt 0.9333495 0.8695281
vt 0.93582374 0.83777374
vt 0.9435813 0.85948205
vt 0.94226253 0.87860036
vt 0.94062936 0.86430156
vt 0.6788957 0.53212893
vt 0.6615154 0.53093004
vt 0.6787447 0.53037226
vn -0.6886235 -0.1678887 0.70541555
vn 0 0 0
vn 0 0 0
vn -0.7183321 -0.4900989 0.49376318
vn -0.09136323 0.13176475 0.9870617
vn 0 0 0
vn -0.67216456 0.6102699 0.41924387
vn -0.7452715 -0.5873844 -0.31551534
vn 0 1 0
vn -0.96433973 -0.20787632 -0.163818
vn -0.13265312 0.05138603 -0.9898296
vn 0 0 0
vn -0.4123708 0.08408885 -0.90712696
vn -0.4383915 0.23954293 -0.86627483
vn 0 0 0
vn -0.19885425 0.26563352 -0.94334286
vn 0 0 0
vn 0.66102153 0.6920434 -0.2900455
vn 0.8338132 0.5491317 0.056656465
vn 0.9830344 -0.008884861 0.1832061
vn -0.8048712 -0.5529418 0.21549423
vn -0.64565057 -0.7611017 0.062124602
vn -0.71478975 -0.64867574 0.2613339
vn -0.79663277 -0.60374683 0.029428005
vn -0.51403236 -0.85764915 0.014443746
vn -0.49605212 -0.8591914 -0.12538916
vn -0.59511846 -0.75968444 0.2621327
vn -0.21726829 -0.97574073 0.026916906
vn -0.20143199 -0.8980304 0.3911094
vn -0.80629563 -0.56757575 -0.16656855
vn -0.63821065 -0.75625336 -0.14411095
vn -0.60001534 -0.65357 -0.46133265
vn -0.4391 -0.7391008 -0.5108045
vn -0.23503305 -0.87337077 -0.42659461
vn -0.37360007 -0.64650524 -0.6651721
vn -0.19129929 -0.977992 -0.083283804
vn -0.47991946 -0.8586103 -0.18018234
vn -0.4414057 -0.8964182 -0.039941814
vn -0.47084326 -0.88085985 0.04891376
vn -0.6278395 -0.7783424 0.00075749366
vn -0.36798242 -0.82783526 0.42341205
vn -0.7106558 -0.6919045 0.12742226
vn -0.63846195 -0.76963294 0.005610058
vn -0.6629738 -0.7405397 0.10984833
vn -0.6487936 -0.76095086 -0.0045503303
vn -0.7829569 -0.5274042 0.3298837
vn -0.6229399 -0.7145666 0.31834015
vn -0.58485013 -0.6118251 0.5325602
vn -0.67276543 -0.601542 0.43073642
vn -0.5580279 -0.70306087 0.4408064
vn -0.7852093 -0.51139677 0.34917006
vn -0.82082415 -0.44099212 -0.36300647
vn -0.8025155 -0.29648405 -0.5177509
vn -0.57473356 -0.48927128 -0.6559687
vn -0.75830525 -0.081506334 -0.6467843
vn -0.38024405 -0.64594674 -0.66194206
vn -0.41846567 -0.6369629 -0.64742935
vn -0.78195155 -0.5612761 -0.27114746
vn -0.77591896 -0.6302821 -0.026348522
vn -0.81289816 -0.5824049 -0.0010296579
vn -0.6535326 -0.7568386 0.009509315
vn -0.76997656 -0.5498766 -0.32368475
vn -0.6518672 -0.75753987 -0.034677096
vn -0.654764 -0.7557602 -0.0105188005
vn -0.6438842 -0.7651221 -0.001168219
vn -0.6442689 -0.7647979 0.0013033054
vn -0.6383314 -0.7697563 -0.0028761402
vn -0.4198115 -0.9075961 -0.0052562677
vn -0.61890244 -0.7854171 0.008931472
vn -0.37351546 -0.92762387 0.00041750818
vn -0.6275341 -0.7678773 0.12870686
vn -0.33097616 -0.9436217 0.0057382844
vn -0.6559428 -0.744935 0.121700086
vn -0.58854187 -0.7135286 0.38012555
vn -0.43359232 -0.87616414 0.21055666
vn -0.5714944 -0.6916284 0.4416382
vn -0.3692786 -0.82395536 0.4298033
vn -0.44325635 -0.7563827 0.48104987
vn -0.42864615 -0.76103514 0.48691678
vn -0.3780544 -0.53779167 0.7535615
vn -0.14794576 -0.53417534 0.8323273
vn -0.40623677 -0.5155479 0.75444156
vn -0.6607342 -0.46794322 0.58690673
vn -0.5912667 -0.19054572 -0.7836428
vn -0.78953093 -0.61370856 0.001652808
vn -0.95182097 -0.30539992 -0.027708171
vn -0.6982525 -0.7156547 -0.01678759
vn -0.64444643 -0.76464933 0.00044194903
vn -0.6497348 -0.7601608 0.0004539847
vn -0.6482123 -0.7614594 0.0005905829
vn -0.6502526 -0.7597158 -0.0018691869
vn -0.5021561 -0.8647633 -0.004864451
vn -0.086548164 -0.99624705 0.0011319774
vn -0.17637135 -0.9843236 -0.00038515864
vn -0.08674355 -0.99622595 -0.0030714325
vn 0.00024094983 -1 0.0000009811142
vn -0.052608255 -0.9986075 0.0039271335
vn -0.038942263 -0.9992414 0.00037030078
vn 0.00023181806 -1 -0.000040652005
vn -0.09281822 -0.9775446 0.18918604
vn 0.0026482674 -0.9893433 0.1455778
vn -0.058795217 -0.9114147 0.40726703
vn -0.14146106 -0.868131 0.4757493
vn 0.000040569157 -0.8879883 0.45986596
vn -0.13917556 -0.86563003 0.48095194
vn 0.0022998238 -0.8791269 0.47658223
vn 0.019031338 -0.6564685 0.7541133
vn -0.7370601 -0.6750857 0.03164897
vn -0.64539856 -0.7638456 0.0007419274
vn -0.65398145 -0.7563838 -0.013851275
vn -0.59055185 -0.8069933 -0.0032090067
vn -0.6203781 -0.7842435 -0.009652831
vn -0.56030804 -0.828277 -0.0034834964
vn -0.21717997 -0.9761298 -0.0018789069
vn -0.49202096 -0.87054425 -0.0082529
vn -0.19491985 -0.9808188 0.0008699419
vn -0.00013784696 -0.99999994 -0.0003230072
vn -0.0042701894 -0.9999884 -0.0022280624
vn 0.0003442374 -0.99999994 0.0000045841907
vn 0.00032773562 -0.99999994 0.00005050653
vn 0.0003480127 -0.99999994 -0.00003709849
vn 0.0004235612 -0.9999999 0.000009767753
vn 0.00032776763 -0.99999994 -0.00001796261
vn 0.00036455874 -0.99999994 -0.000010043801
vn 0.0004555225 -0.9999999 -0.000013008539
vn 0.00036432158 -0.99999994 -0.00001304735
vn 0.0004568819 -0.9999999 -0.000021120342
vn 0.0003484121 -0.99999994 -0.000053151194
vn 0.0004158255 -0.99999994 -0.000056997935
vn 0.0005087682 -0.99999887 0.0014098187
vn 0.00041765603 -0.99999994 -0.000046248377
vn 0.00024816144 -0.99999994 -0.00015004852
vn 0.0022424012 -0.981653 0.19066301
vn 0.00019005452 -0.9915465 0.12975171
vn -0.001592332 -0.9230489 0.38467932
vn -0.0008836016 -0.91571784 0.4018209
vn 0.0003733653 -0.8879657 0.45990953
vn 0.0005668902 -0.8879801 0.4598815
vn -0.0026476067 -0.8829452 0.46946862
vn -0.0016411779 -0.6742633 0.7384892
vn -0.0058453633 -0.7695073 0.63861126
vn -0.9123287 -0.40943617 -0.0042868983
vn -0.9519995 -0.29810455 -0.06950274
vn -0.6832216 -0.7027323 -0.19843267
vn -0.6438082 -0.7541418 -0.1295421
vn -0.67691886 -0.6509033 -0.34366524
vn -0.6021992 -0.6916275 -0.39875746
vn -0.6513476 -0.58318216 -0.48543265
vn -0.60504943 -0.789713 -0.101333514
vn -0.31944808 -0.8681986 -0.37971583
vn -0.33354 -0.94270974 0.0070296177
vn -0.3232273 -0.9384627 -0.12170423
vn -0.019724071 -0.99980193 -0.002658442
vn -0.03704287 -0.9895792 -0.13914333
vn -0.008483001 -0.9999637 0.0007850591
vn 0.00035483754 -0.99999994 0.00012447305
vn 0.00030142302 -0.99999994 0.00015386382
vn 0.00096499553 -0.99649346 -0.08366531
vn 0.00040847162 -0.99999994 0.00008045782
vn 0.000162502 -0.99999994 0.00027802453
vn 0.00013505685 -1 0.000117901654
vn 0.000076089025 -1 0.000014382281
vn 0.12464974 -0.99219316 -0.0038907323
vn 0.00024125005 -1 -0.000007788196
vn 0.06929497 -0.9975941 0.0020361983
vn 0.00019025384 -1 -0.000033967324
vn 0.00008964845 -1 -0.00009900911
vn 0.06355084 -0.997967 -0.0048098224
vn -0.00021439795 -0.99999994 -0.00014856983
vn 0.045723367 -0.99894816 -0.003451411
vn -0.00015418281 -0.9999998 0.00057395716
vn 0.05698833 -0.9983715 -0.0025978785
vn 0.0004240332 -0.9999998 0.00048332365
vn 0.0007370954 -0.9844317 0.17576593
vn 0.07668726 -0.9888323 0.12778771
vn -0.00073276565 -0.9220886 0.38697806
vn 0.002822319 -0.9227179 0.3854655
vn 0.0016629638 -0.88719386 0.4613939
vn 0.11366543 -0.87961817 0.46190053
vn 0.0009935804 -0.8872065 0.46137148
vn 0.0036285652 -0.8890053 0.45788258
vn 0.008442499 -0.67387235 0.7387996
vn 0.21065556 -0.8592083 0.46624607
vn -0.6817444 -0.5620515 -0.468319
vn -0.5834058 -0.6562892 -0.47845814
vn -0.5515954 -0.64782697 -0.52541673
vn -0.58095 -0.65497965 -0.4832171
vn -0.3457996 -0.77787954 -0.52471524
vn -0.34534615 -0.7775214 -0.52554405
vn -0.03561196 -0.8468886 -0.5305765
vn -0.044078726 -0.84804904 -0.52808136
vn -0.03324386 -0.90848356 -0.41659632
vn 0.0022606503 -0.85284424 -0.52216053
vn -0.0033194947 -0.926483 -0.37632206
vn -0.0010101119 -0.9954868 -0.09489453
vn -0.00499947 -0.9311666 -0.3645598
vn 0.004166547 -0.9309746 -0.3650602
vn -0.0013203252 -0.84926677 -0.52796227
vn 0.003982642 -0.9954998 -0.0946799
vn 0.15432845 -0.91072726 -0.38309085
vn 0.16110565 -0.9800578 -0.1163258
vn 0.15045583 -0.9886163 0.0009061565
vn 0.4777534 -0.87432 -0.085535504
vn 0.4968316 -0.86784256 -0.0027721017
vn 0.47093475 -0.8820793 -0.012511074
vn 0.115253255 -0.9933316 -0.003003231
vn 0.45157886 -0.8922235 0.0037197666
vn 0.42393154 -0.9056942 0.00028175843
vn 0.39446226 -0.9188398 -0.011530381
vn 0.42138955 -0.90685624 -0.006526538
vn 0.06528632 -0.9978515 0.0054869214
vn 0.3805802 -0.9246505 0.01342458
vn 0.4096268 -0.91225207 0.0014347653
vn 0.4031859 -0.899527 0.16820315
vn 0.16615777 -0.90072685 0.4013511
vn 0.47670963 -0.7985823 0.36744273
vn 0.44606677 -0.75751 0.4766582
vn 0.5211126 -0.7225063 0.4543416
vn 0.2847259 -0.6845882 0.67102176
vn -0.6552752 -0.5571621 -0.5100831
vn -0.38378295 -0.45825323 -0.8016948
vn -0.4019685 -0.3602569 -0.8418054
vn -0.19204229 -0.49365088 -0.8481914
vn -0.31377134 -0.7681518 -0.5581132
vn -0.010595913 -0.6826649 -0.7306548
vn -0.024615899 -0.8484955 -0.5286298
vn 0.00013529258 -0.84994084 -0.5268781
vn -0.00018015268 -0.84944475 -0.52767754
vn 0.026447628 -0.7439318 -0.667732
vn 0.000021114163 -0.8495635 -0.5274864
vn -0.01319069 -0.75682515 -0.6534843
vn 0.00016291966 -0.8502841 -0.52632403
vn -0.000006785007 -0.8499413 -0.5268774
vn -0.0019458779 -0.8526454 -0.52248645
vn 0.00006314506 -0.84986895 -0.5269941
vn 0.089621074 -0.8445991 -0.5278451
vn 0.051526293 -0.84488744 -0.5324569
vn 0.1206896 -0.8373797 -0.53313154
vn 0.46676025 -0.7310952 -0.4976291
vn 0.42224064 -0.75345284 -0.50400555
vn 0.5142022 -0.78527725 -0.3448707
vn 0.0077487826 -0.7623238 -0.64714944
vn 0.0047011822 -0.69024116 -0.72356415
vn 0.25286683 -0.6395167 -0.7260005
vn 0.34549832 -0.77144265 -0.53432864
vn 0.5949419 -0.6332934 -0.4949582
vn 0.60653 -0.6353827 -0.4779228
vn 0.72718436 -0.48152602 -0.48921943
vn 0.83728945 -0.3530591 -0.41748735
vn 0.5997573 -0.64424324 -0.47459647
vn 0.630044 -0.69600564 -0.3444136
vn 0.7315213 -0.51647794 -0.44511467
vn 0.81642556 -0.47300267 -0.3312367
vn 0.61643225 -0.37352842 -0.6931723
vn 0.3367588 -0.38573545 -0.85895383
vn -0.1070672 -0.14477581 0.9836547
vn -0.40623677 -0.5155479 0.75444156
vn -0.3780544 -0.53779167 0.7535615
vn -0.22734217 -0.1496944 0.9622407
vn -0.6607342 -0.46794322 0.58690673
vn -0.73752546 -0.06743927 0.6719436
vn -0.012234338 -0.000728593 0.9999249
vn -0.003006252 -0.0032423986 0.9999902
vn -0.2048411 0.004262736 0.97878593
vn -0.2491397 0.002875943 0.9684633
vn -0.8272983 0.0234789 0.561272
vn -0.8099078 0.0018261669 0.58655435
vn -0.28786466 0.0015061734 0.9576699
vn -0.014352097 0.0030258005 0.9998924
vn -0.2633271 0.0095201945 0.96465963
vn -0.82248163 -0.014314914 0.5686115
vn -0.3728538 -0.022221213 0.927624
vn -0.8363695 0.14089285 0.52975017
vn -0.14794576 -0.53417534 0.8323273
vn 0.019031338 -0.6564685 0.7541133
vn 0.006619466 -0.1327004 0.9911341
vn 0.000030709412 -0.17239182 0.98502845
vn -0.021301258 -0.069254465 0.99737155
vn 0.00064453203 0.000050818366 0.99999976
vn -0.08567329 -0.12924369 0.9879049
vn 0.00063687953 0.00013278045 0.99999976
vn 0.0005047436 0.00008254916 0.9999999
vn 0.0007298533 0.00017256987 0.9999997
vn 0.0006910977 0.00018779401 0.99999976
vn -0.010019331 -0.00033304284 0.99994975
vn 0.00059269666 0.00020465296 0.9999998
vn 0.0005343176 0.00013219728 0.9999998
vn -0.022081207 0.0008058365 0.99975586
vn 0.00007923825 0.00054991554 0.9999998
vn -0.029827625 -0.0033614638 0.9995494
vn -0.29501227 0.18457809 0.93749595
vn -0.0780803 0.10136382 0.99178064
vn -0.43676022 0.5480061 0.71339315
vn -0.12308805 0.3916991 0.911823
vn -0.6100318 0.54261434 0.5774348
vn -0.0016411779 -0.6742633 0.7384892
vn -0.0024998346 -0.19613709 0.9805733
vn -0.0058453633 -0.7695073 0.63861126
vn 0.0008852428 -0.00049091433 0.99999946
vn 0.00048359335 0.000052144635 0.9999999
vn 0.00026112166 -0.0015506849 0.99999875
vn -0.00014145355 -0.0005607669 0.9999998
vn 0.00032437802 0.000051953895 0.99999994
vn 0.00041218 0.00006320516 0.99999994
vn 0.00037519116 0.0000656046 0.99999994
vn 0.000439707 0.000092205875 0.9999999
vn 0.00034326065 0.0000883515 0.99999994
vn 0.00041554548 0.00011948227 0.9999999
vn 0.000476533 0.00015286401 0.9999999
vn 0.00035794417 0.00013469603 0.99999994
vn 0.00044417835 0.00018036977 0.9999999
vn -0.0039786412 0.049615465 0.99876046
vn 0.00039811793 0.047041584 0.99889284
vn -0.012460622 0.050584458 0.998642
vn -0.018394196 0.4206095 0.90705526
vn 0.008442499 -0.67387235 0.7387996
vn -0.00045436795 -0.16777745 0.98582476
vn 0.05633924 -0.2271383 0.9722315
vn 0.00046708863 -0.0005109702 0.99999976
vn 0.00021880631 0.000023483262 1
vn 0.00026923133 0.000039256814 0.99999994
vn 0.049953833 -0.047577836 0.99761766
vn 0.000020248364 0.000028759916 1
vn 0.042073064 -0.09671053 0.9944229
vn 0.00007846352 0.000016768596 1
vn 0.0619522 -0.0034446432 0.99807316
vn 0.0001879945 0.000031732176 1
vn 0.0000803557 0.000055953187 1
vn 0.00024745814 0.000040461186 0.99999994
vn 0.00018284527 0.0000380881 1
vn 0.00024289415 0.000046344823 0.99999994
vn 0.00020506022 0.000040513278 1
vn 0.00029817986 0.000052281106 0.99999994
vn 0.00028285 0.0000608109 0.99999994
vn 0.0002583252 0.00006825738 0.99999994
vn 0.0003081594 0.0000813789 0.99999994
vn 0.0016362902 0.024546629 0.9996973
vn 0.000108317356 0.047082335 0.998891
vn -0.0014057079 0.40169093 0.9157742
vn 0.0033883452 0.43181986 0.9019535
vn 0.0014327543 0.30012086 0.9539001
vn -0.0072783623 0.78186375 0.6234069
vn -0.0042120893 0.83134204 0.5557451
vn 0.2847259 -0.6845882 0.67102176
vn 0.5127439 -0.64185214 0.5701925
vn 0.327044 -0.40145138 0.85549927
vn 0.35258237 -0.5054673 0.78752047
vn 0.309217 -0.10550647 0.94512075
vn 0.06696001 0.00078791525 0.99775535
vn 0.79426765 -0.31279355 0.5208638
vn 0.34282738 -0.011866342 0.9393235
vn 0.43565837 0.0023663947 0.900109
vn 0.37887245 -0.008992711 0.9254052
vn 0.061739415 -0.0012494063 0.9980915
vn 0.4318114 0.020274397 0.901736
vn 0.04955584 -0.0026353637 0.99876785
vn 0.00011662411 0.0000027066637 1
vn 0.06309433 0.0333237 0.99745107
vn 0.0001554102 0.000014418501 1
vn 0.014303581 0.029734612 0.9994555
vn 0.0153860245 0.0256236 0.99955326
vn 0.002124479 0.041693624 0.99912816
vn 0.16004281 0.2743178 0.9482278
vn 0.061314937 0.33082455 0.94169825
vn 0.08967378 0.79001546 0.6064934
vn 0.3784333 0.6441661 0.66470915
vn 0.44033837 0.24462335 0.8638643
vn 0.21393168 0.2926223 0.93199
vn 0.6599545 0.4929299 0.5669923
vn 0.49952707 0.6197128 0.6053335
vn 0.773339 -0.04010293 0.63272315
vn 0.9618513 -0.06998224 0.2644704
vn 0.87608767 -0.0011412789 0.48215047
vn 0.6503805 -0.6984418 0.29863742
vn 0.73293924 -0.41124845 0.5419177
vn 0.69292235 -0.5753938 0.43448895
vn 0.8331243 -0.18602659 0.52086276
vn 0.7879099 -0.5302505 0.31310114
vn 0.8296181 -0.42236164 0.36516356
vn 0.9633764 0.0020100144 0.26814526
vn 0.7669884 -0.025176125 0.6411669
vn 0.8864293 0.01465527 0.4626319
vn 0.9636083 0.000010611035 0.2673182
vn 0.8241786 0.041335903 0.56481946
vn 0.92919725 0.16484293 0.33078593
vn 0.81436807 0.14776187 0.5612229
vn 0.74290377 -0.664064 0.08433874
vn 0.44235098 -0.89680314 0.008352923
vn 0.2080627 -0.918171 0.33715275
vn 0.54932576 -0.59893674 0.58268005
vn 0.78922546 -0.5290631 0.31179386
vn 0.4549371 -0.5486491 0.70143884
vn 0.20314282 -0.29222053 0.9345267
vn 0.13683373 -0.27916366 0.9504442
vn 0.17257953 0.010889579 0.9849354
vn 0.1942466 0.43127918 0.8810599
vn 0.1680974 0.36837706 0.9143531
vn 0.6421744 0.4581502 0.6145815
vn 0.1749535 0.675895 0.71593106
vn 0.8682186 0.33209598 0.36865798
vn 0.6268362 0.56237125 0.53927267
vn 0.66318464 0.6154361 0.4259396
vn 0.82167995 0.47882453 0.3091426
vn 0.7041274 0.66589767 0.24654603
vn 0.26822463 0.9021037 0.33803028
vn 0.18241283 0.90233874 0.39052576
vn 0.11430744 -0.6100685 0.78406006
vn 0.5303608 -0.49209815 0.6903309
vn 0.16251658 -0.7128526 0.6822239
vn 0.51962525 -0.11818184 0.8461812
vn 0.18301369 0.022790814 0.98284614
vn 0.58436596 0.014230462 0.8113655
vn 0.6004632 0.24729595 0.7604529
vn 0.705733 0.54643005 0.4509492
vn 0.34642652 0.68658954 0.63920534
vn 0.7478728 0.62164325 0.23290755
vn 0.7115239 0.6099825 0.34879085
vn 0.17594132 -0.92705333 0.33108425
vn 0.13900734 -0.9902756 0.005578623
vn -0.5349845 0.72742414 -0.42970413
vn -0.07090825 0.8487864 -0.5239596
vn -0.43544775 0.7211434 -0.5388297
vn -0.07907147 0.889444 -0.45015228
vn -0.4394306 0.74491966 -0.5019915
vn 0.06946509 0.8497149 -0.5226463
vn 0.10981728 0.9371212 -0.33127633
vn -0.031334043 0.9787704 -0.20255063
vn 0.0025293946 0.8727547 -0.48815244
vn -0.17337741 0.8535756 -0.49127278
vn 0.017887808 0.956472 -0.29127538
vn -0.050177537 0.88263804 -0.4673674
vn -0.031697355 0.8312695 -0.55496514
vn -0.0006186922 0.83001167 -0.5577457
vn -0.36175996 0.75820726 -0.54244953
vn -0.22577092 0.6872424 -0.69045305
vn 0.027093451 0.7169732 -0.6965741
vn 0.044132292 0.67705995 -0.7346034
vn 0.100519426 0.683094 -0.72337985
vn -0.21934383 0.7057581 -0.6736422
vn -0.03361479 0.5792897 -0.8144283
vn 0.16022432 0.78427345 -0.5993691
vn 0.064878374 0.8530495 -0.51778114
vn 0.021789445 0.8839867 -0.467004
vn 0.07632485 0.74152046 -0.6665747
vn -0.002971047 0.687221 -0.72644234
vn 0.009692872 0.6411776 -0.7673313
vn -0.05290462 0.64603806 -0.7614696
vn 0.02044164 0.9968793 -0.076248884
vn -0.0021266062 0.99999774 -0.0001226081
vn -0.0046940176 0.9999886 -0.0008695027
vn -0.04732203 0.9058901 -0.4208607
vn -0.22592498 0.9710878 -0.077113025
vn -0.0034847027 0.9999933 0.0011242869
vn -0.40125954 0.26913518 -0.87553245
vn -0.6338968 0.76009256 -0.14294773
vn -0.252025 0.9677207 0.00017710368
vn -0.6417135 0.7166133 -0.2732567
vn -0.58365136 0.8120038 -0.0009593727
vn -0.67402875 0.7387022 -0.0021001084
vn -0.5734899 0.8191733 0.008033398
vn -0.77449703 0.6325302 -0.0077404846
vn -0.6725695 0.74002457 0.0037281124
vn -0.8197423 0.48218927 -0.30905676
vn -0.010877646 0.4744871 -0.88019526
vn 0.29823124 0.7703236 -0.5636131
vn 0.39994958 0.41035095 -0.819544
vn 0.66479605 0.7468976 -0.013791985
vn 0.7103595 0.7038103 -0.00636413
vn 0.3571125 0.9340116 -0.0096476
vn 0.65030426 0.75967383 -0.0001570371
vn 0.033727057 0.99943054 -0.0010316919
vn 0.028274667 0.9995932 0.0037357772
vn 0.02206574 0.99975497 0.0017520285
vn 0.33205283 0.943258 -0.0022937458
vn -0.0060508456 0.9999817 0.00010293366
vn 0.014781334 0.9998505 -0.008970247
vn -0.23704773 0.97149324 0.0030431177
vn -0.004814885 0.99997836 -0.004488056
vn -0.23142163 0.97283244 -0.006405176
vn -0.6058862 0.79517114 -0.024592422
vn -0.19282822 0.8151131 -0.5462672
vn -0.67684174 0.734983 -0.04105128
vn -0.5545625 0.61431247 -0.5613204
vn -0.83364624 0.5522741 -0.005220767
vn -0.8215928 0.56960577 -0.02311933
vn -0.872972 0.15513399 -0.46244276
vn -0.9907882 0.13512991 0.0088667525
vn 0.31683785 0.3754134 -0.87102157
vn 0.28757018 0.20863667 -0.93475884
vn 0.87658906 0.43552864 -0.20471074
vn 0.7126539 0.70151174 0.0023828906
vn 0.9358315 0.3524329 -0.0032346684
vn 0.69232327 0.72158575 0.0015577629
vn 0.86892474 0.49493298 -0.0033371556
vn 0.62410295 0.78133214 -0.0039510475
vn 0.68458796 0.72892994 -0.00070817006
vn 0.31373936 0.94947183 -0.008417947
vn 0.29688382 0.9547749 -0.016275138
vn 0.2368788 0.90513384 -0.3530172
vn 0.58313483 0.81230706 -0.010537976
vn 0.035924062 0.88015354 -0.47332785
vn 0.006787044 0.953053 -0.30272752
vn -0.6843493 0.39614424 -0.6121566
vn 0.9949487 0.10025836 -0.005038759
vn 0.8691918 0.49447462 -0.0006725326
vn 0.99598795 0.08866867 0.012075765
vn 0.63960093 0.6211619 -0.45284498
vn 0.74402463 0.5253199 -0.4128757
vn 0.5166046 0.62381274 -0.5864958
vn 0.97384906 0.17790039 -0.14131325
vn 0.70740676 0.18267654 -0.682792
vn 0.6180954 0.53823787 -0.57293814
vn 0.24874377 0.39111415 -0.88609046
vn -0.583677 0.7990328 -0.1444568
vn 0.35352167 0.7258966 -0.58999705
vn -0.13926363 0.79994476 -0.58369005
vn -0.2922276 0.4965105 -0.81736183
vn -0.5490206 0.34139168 -0.7629077
vn -0.640674 0.27301443 -0.717635
vn -0.94331187 0.074238196 -0.32349873
vn -0.6649721 0.33438233 -0.6678327
vn -0.75291014 0.078863695 -0.65338105
vn -0.7800987 -0.2719595 -0.56345725
vn -0.55803084 -0.3877888 -0.7336358
vn -0.6612781 -0.6541179 -0.36720708
vn -0.55699277 -0.71180433 -0.4278944
vn -0.4136451 -0.62036526 -0.66636676
vn -0.24279062 -0.74676853 -0.61918455
vn -0.27213117 -0.7236859 -0.63421077
vn -0.029466826 -0.9267983 -0.3744017
vn -0.0959243 -0.81405264 -0.5728148
vn 0.6289821 0.6091236 -0.4830631
vn 0.5410929 0.6021516 -0.58705366
vn -0.017898409 0.4226047 -0.90613735
vn 0.17636085 0.8209601 -0.5430667
vn -0.9613389 0.25487393 -0.104244076
vn -0.01319069 -0.75682515 -0.6534843
vn -0.11485425 -0.8895631 -0.44213805
vn 0.05188978 -0.8539871 -0.51770025
vn 0.0077487826 -0.7623238 -0.64714944
vn 0.13060226 -0.73327965 -0.6672661
vn 0.0047011822 -0.69024116 -0.72356415
vn 0.23052679 -0.41448188 -0.88037616
vn 0.25286683 -0.6395167 -0.7260005
vn 0.30570546 -0.9169528 -0.25640163
vn 0.67332 -0.71234107 -0.198016
vn 0.5778055 -0.6437821 -0.50168264
vn 0.21265732 -0.31271845 -0.92573434
vn 0.84492713 -0.4440506 -0.29818994
vn 0.3367588 -0.38573545 -0.85895383
vn 0.2126174 -0.08350721 -0.9735607
vn 0.61643225 -0.37352842 -0.6931723
vn 0.5391844 -0.10450594 -0.8356786
vn 0.2345359 -0.06909589 -0.9696487
vn 0.54078984 0.0184571 -0.8409552
vn 0.18541269 0.34947297 -0.9184175
vn 0.36664474 0.646676 -0.66886604
vn 0.5708123 0.5147585 -0.6396851
vn 0.27206638 0.23454139 -0.9332579
vn 0.4481305 -0.011019967 -0.8939002
vn 0.92690885 -0.1940954 -0.3211961
vn 0.86084926 -0.04941765 -0.50645477
vn 0.4664291 0.058510613 -0.88262135
vn 0.45258498 0.10144639 -0.88593197
vn 0.78970486 0.28914392 -0.54107493
vn 0.91302943 0.32536882 -0.24599262
vn 0.82456917 0.5653902 -0.020483363
vn 0.66763014 0.74434936 -0.0146318255
vn 0.9938748 0.110033095 -0.010278777
vn 0.9337812 -0.042261843 -0.35534015
vn 0.88268465 0.4699645 0.0010940841
vn 0.9915687 0.12945424 0.005760726
vn 0.8347582 0.55059695 0.004665169
vn 0.97942734 0.20178495 0.00221257
vn 0.8430077 0.53790027 -0.0011404671
vn 0.9905011 0.13750415 -0.00042550566
vn 0.65674543 0.7541113 0.0012435786
vn 0.62657934 0.7793057 -0.008997502
vn 0.98573947 0.16825986 -0.0025128592
vn 0.8284288 0.5600943 -0.0002164791
vn 0.6094251 0.79283786 0.003031791
vn 0.3846255 0.9230709 0.0018274304
vn 0.65544367 0.7552076 0.007421571
vn 0.3338168 0.9423747 0.022275966
vn 0.83645165 0.5480381 0.0016717977
vn 0.6338343 0.77346855 -0.0006495339
vn 0.81044483 0.58563316 0.014592637
vn 0.63640404 0.7711686 0.016996322
vn 0.9850698 0.170381 0.024653316
vn 0.35625398 0.93433416 0.010140554
vn 0.26362124 0.9645704 0.010381082
vn 0.31215873 0.95002 0.0043458557
vn 0.64685625 0.7621368 -0.026916724
vn 0.31693375 0.9484057 0.008923195
vn 0.68953145 0.72420746 0.0083605
vn 0.25937545 0.96555364 0.020749519
vn 0.29916438 0.9540036 -0.019437367
vn 0.70982087 0.7038479 -0.027431833
vn 0.32811484 0.9445699 0.011329432
vn 0.32820186 0.94439 -0.020273322
vn 0.73837155 0.673628 0.032137465
vn 0.7473636 0.6518496 -0.12860659
vn 0.9724158 0.23158732 0.027834607
vn 0.32437196 0.9456961 -0.021016724
vn 0.7356849 0.6771253 -0.016406875
vn 0.32807794 0.93697464 -0.120180465
vn 0.7161589 0.5331068 -0.45045924
vn 0.83105856 0.28812942 -0.47573423
vn 0.9507282 0.30796105 0.035720274
vn 0.9627805 0.26998484 0.0127257155
vn 0.95234877 0.25837398 0.16209492
vn 0 0 0
vn 0.3064616 0.95176876 -0.014749943
vn 0.83234066 0.5529884 -0.037587695
vn 0.98746794 0.15781304 -0.0014546775
vn 0.4478744 0.8938547 -0.020792618
vn 0.97711736 0.1128273 -0.18030995
vn 0.9848553 0.038654886 -0.16901447
vn 0.9126327 -0.061341643 -0.40415183
vn 0.9653721 0.2502766 -0.073609404
vn 0.9687309 -0.22723752 -0.099616975
vn 0.98457783 -0.17227016 0.030486891
vn 0.98752433 -0.1026581 0.11940266
vn 0.98437935 -0.17557324 -0.013090635
vn 0.83774066 -0.5460443 -0.005123889
vn -0.5974414 0.8007135 -0.04383752
vn -0.2922276 0.4965105 -0.81736183
vn -0.13926363 0.79994476 -0.58369005
vn -0.5490206 0.34139168 -0.7629077
vn -0.9613389 0.25487393 -0.104244076
vn -0.640674 0.27301443 -0.717635
vn -0.55803084 -0.3877888 -0.7336358
vn -0.75291014 0.078863695 -0.65338105
vn -0.971414 -0.19981375 -0.12817669
vn 0.35352167 0.7258966 -0.58999705
vn 0.4478744 0.8938547 -0.020792618
vn 0.09526883 0.9912735 -0.09110762
vn 0.3338168 0.9423747 0.022275966
vn 0.17636085 0.8209601 -0.5430667
vn -0.24698615 0.965065 -0.087449424
vn -0.23041154 0.97304964 0.009212277
vn -0.61105025 0.79159087 0.0012330958
vn -0.31184748 0.9501192 0.004966924
vn -0.7716328 0.6359111 0.014139061
vn -0.64514786 0.76405656 0.0013568193
vn -0.8238631 0.56678456 -0.0021969175
vn -0.97274244 0.23188461 0.001294532
vn -0.9951343 0.0985157 -0.0015664325
vn -0.8634246 0.50440174 0.008764604
vn -0.9572469 -0.28908846 0.010306033
vn -0.9580186 -0.2866858 0.0034125317
vn -0.7694361 -0.63871896 0.0024829474
vn -0.66746837 -0.6955912 -0.26577958
vn 0.047158804 0.99878436 0.014346645
vn 0.3846255 0.9230709 0.0018274304
vn 0.0038807755 0.9999667 -0.0071792006
vn 0.3064616 0.95176876 -0.014749943
vn 0.013435081 0.9999076 0.0020536182
vn -0.35332158 0.9355019 -0.00029372447
vn -0.011635374 0.9999314 0.0013524686
vn -0.65357774 0.75685376 -0.0029200555
vn -0.37283355 0.927897 -0.0015161159
vn -0.8531262 0.5217031 -0.0012505449
vn -0.86137354 0.5079716 0.0006790803
vn -0.9920428 0.12584682 -0.0037002617
vn -0.9939832 0.10943067 0.004722788
vn -0.9657205 -0.259578 0.0018071062
vn -0.9965854 0.08256584 0.0005838615
vn -0.7817217 -0.62359595 0.0062652626
vn -0.78557414 -0.6187333 0.0065102964
vn -0.7502017 -0.6611955 0.004227072
vn 0.26362124 0.9645704 0.010381082
vn 0.35625398 0.93433416 0.010140554
vn -0.026723763 0.99963397 0.004220041
vn 0.31215873 0.95002 0.0043458557
vn -0.3694426 0.92917913 0.011757951
vn -0.013496427 0.9999023 0.0036299524
vn -0.658742 0.7523648 0.002485581
vn -0.6618619 0.74962056 0.002812644
vn -0.41692877 0.9088574 0.012189276
vn -0.88232225 0.47063938 0.0024487488
vn -0.8041785 0.59438694 0.0010686811
vn -0.9942363 0.10719937 0.0015667552
vn -0.9741921 -0.22571942 -0.00075771543
vn -0.97941166 -0.20187168 -0.00079202605
vn -0.98012257 -0.19717807 0.021922205
vn -0.8249134 -0.56525123 0.0029900216
vn 0.31693375 0.9484057 0.008923195
vn -0.008523332 0.9999404 0.006824906
vn 0.25937545 0.96555364 0.020749519
vn -0.37844145 0.9256252 0.00005135627
vn -0.3693483 0.9292413 -0.009617797
vn -0.66963154 0.74255145 0.014524602
vn -0.6785648 0.73452973 0.0039911936
vn -0.88526285 0.46443677 0.024660395
vn -0.662342 0.7491316 0.010239359
vn -0.9955653 0.087001935 0.03578251
vn -0.9941604 0.0915689 -0.057097964
vn -0.9795161 -0.198072 -0.036273025
vn -0.8031271 -0.59468067 0.03663071
vn -0.8435373 -0.53157693 -0.07662136
vn -0.96433973 -0.20787632 -0.163818
vn 0.29916438 0.9540036 -0.019437367
vn 0.32811484 0.9445699 0.011329432
vn -0.040448852 0.999167 0.0053977272
vn 0.32820186 0.94439 -0.020273322
vn -0.044538666 0.99893945 -0.011674252
vn -0.3489196 0.93712664 -0.006982996
vn -0.67866784 0.7344408 0.002570164
vn -0.49279124 0.87011266 -0.0077935285
vn -0.8767011 0.48058808 -0.020743482
vn -0.87589467 0.48248672 0.0038837728
vn -0.7083475 0.7057192 0.014290892
vn -0.9979159 0.021986645 -0.060665857
vn -0.95118725 0.30854452 0.006560809
vn -0.9971888 -0.07355008 0.014314034
vn -0.9099332 -0.40212485 0.10157321
vn -0.99799263 -0.022081219 0.059355717
vn -0.8288554 -0.4841894 0.28028446
vn 0.32807794 0.93697464 -0.120180465
vn 0.2699972 0.33876765 -0.9012979
vn 0.003401937 0.9307107 -0.36574042
vn 0.073450714 0.57817036 -0.81260324
vn 0.0024426214 0.99770826 -0.067618825
vn -0.81548333 0.4490275 0.3651865
vn -0.23551273 0.97076136 -0.046433724
vn -0.33640212 0.9356553 0.10668992
vn -0.44729418 0.7067524 -0.548114
vn -0.45640454 0.4060981 -0.7916939
vn -0.4621921 0.8703102 -0.17011367
vn -0.5528209 0.7754963 -0.30495
vn -0.06611755 0.9977598 -0.010189919
vn -0.763164 0.6461421 -0.0090044495
vn -0.7193918 0.5225813 -0.45758525
vn -0.74823105 0.17635225 -0.63957036
vn -0.9967978 0.07949033 -0.008683936
vn -0.9555302 -0.09224171 -0.28009534
vn -0.99088126 -0.049010646 0.125508
vn -0.95511955 0.098102376 0.2795042
vn -0.98848623 0.11451905 0.098895736
vn -0.25627172 -0.14206845 0.9561074
vn -0.99871826 0.05055273 -0.0024998935
vn -0.8213373 -0.56187385 -0.098503105
vn -0.784228 -0.022082962 0.62007964
vn -0.8987895 -0.3823938 0.21436511
vn -0.5814146 -0.5863383 0.5640607
vn -0.77256894 -0.6341677 0.03112304
vn -0.61348474 -0.78767675 -0.056584407
vn -0.8069978 -0.56673676 -0.16602415
vn 0.32437196 0.9456961 -0.021016724
vn -0.2552392 -0.047982935 -0.9656866
vn -0.6574617 -0.6558047 -0.37103146
vn -0.7452715 -0.5873844 -0.31551534
vn 0 1 0
vn -0.59489584 -0.73896164 -0.3162825
vn -0.70461607 -0.7093795 -0.017233435
vn -0.6247243 -0.42293188 0.6563902
vn -0.1565995 -0.9516621 -0.2642268
vn -0.13288142 -0.97156566 -0.19596612
vn -0.028904757 -0.99389493 -0.10647717
vn -0.37234053 -0.88729006 -0.27217436
vn -0.40868327 0.002226389 -0.9126736
vn -0.7687818 0.21766642 -0.6013285
vn -0.842924 0.5225411 -0.1281792
vn -0.9493301 -0.097198024 -0.2988728
vn -0.9999927 0.0037108916 -0.00090437446
vn -0.82551914 -0.4501961 -0.3403551
vn -0.2790036 -0.6799915 -0.6780624
vn -0.8737772 -0.48135293 -0.06937396
vn -0.26198328 -0.9563626 -0.12936503
vn -0.89731497 -0.44107103 0.01679893
vn -0.7692916 0.63363016 -0.081873566
vn -0.9941349 0.10703019 -0.015501981
vn -0.74002135 0.6723541 -0.017560896
vn -0.98334444 0.01385789 -0.18122269
vn -0.83531874 -0.5064233 -0.21395816
vn -0.83464694 0.5435232 0.089146055
vn -0.5235736 0.08006243 -0.8482103
vn -0.45785496 -0.3100692 -0.83320224
vn -0.39426956 -0.9182673 -0.03656014
vn -0.36654133 -0.92842245 -0.0606566
vn -0.33939227 0.053871006 -0.93910104
vn 0.2629499 -0.013527973 -0.96471465
vn -0.16766934 0.893741 0.41606978
vn -0.5600773 0.82204354 0.10275118
vn -0.67216456 0.6102699 0.41924387
vn -0.03310098 0.9981523 0.05095353
vn -0.5223313 0.8420716 0.134482
vn 0.3672057 0.9257115 0.09065415
vn 0.88442814 0.46347967 0.05452945
vn 0.8338132 0.5491317 0.056656465
vn 0.42479283 0.7152485 0.554951
vn 0.38540658 0.9227287 -0.0057911435
vn 0.66102153 0.6920434 -0.2900455
vn -0.06658682 0.99297386 0.09782153
vn 0.31588593 0.81635624 -0.4835066
vn 0.032457806 0.9982351 -0.049730834
vn -0.20132491 0.020113654 -0.97931796
vn -0.15149355 -0.09801244 -0.98358697
vn -0.4661487 0.88222957 -0.066153884
vn 0.8509415 0.35800284 0.38435996
vn -0.23681825 0.9438094 0.23052326
vn -0.045686338 0.95128477 0.30490994
vn -0.0967741 0.19688196 0.9756394
vn -0.70643896 -0.024125438 0.70736265
vn -0.6073559 0.16027755 0.7780938
vn 0.16956715 0.35446376 0.91956645
vn 0.581488 0.20948896 0.7861209
vn 0.17236587 -0.036522463 0.9843557
vn 0.76307887 0.43568066 0.4773814
vn 0.25821173 0.5162764 0.81656927
vn -0.07270735 -0.045575567 0.9963114
vn -0.09136323 0.13176475 0.9870617
vn 0 0 0
vn -0.2790036 -0.6799915 -0.6780624
vn -0.26198328 -0.9563626 -0.12936503
vn 0.061161272 -0.91227573 -0.40498427
vn 0.25328144 -0.96388876 -0.0822618
vn 0.39991277 -0.7533382 -0.52206445
vn 0.80072075 -0.59449476 -0.07363598
vn 0.852916 -0.46637526 -0.23458147
vn 0.99577457 -0.08727673 -0.028561916
vn 0.9692936 0.07175675 -0.23520383
vn 0.029085075 -0.8265224 -0.56215185
vn -0.39426956 -0.9182673 -0.03656014
vn -0.45785496 -0.3100692 -0.83320224
vn 0.39192668 -0.53262323 -0.75013727
vn 0.6194426 -0.7704666 -0.15057233
vn 0.8248102 -0.11446692 -0.5537015
vn 0.03907179 -0.9968948 -0.06836848
vn 0.16827999 -0.9835983 -0.06493276
vn -0.36654133 -0.92842245 -0.0606566
vn 0.7277722 -0.6841237 -0.048191346
vn 0.9960795 -0.038548335 -0.07962175
vn 0.9924556 -0.09172431 -0.081354626
vn 0.6591398 0.75165707 -0.023375481
vn 0.9832344 -0.17835563 0.037938602
vn 0.9919588 -0.115252174 0.052294277
vn 0.76307887 0.43568066 0.4773814
vn 0.8509415 0.35800284 0.38435996
vn 0.88442814 0.46347967 0.05452945
vn 0.581488 0.20948896 0.7861209
vn 0.9600046 0.27856106 0.028192556
vn 0.91826665 -0.3908364 -0.06350819
vn 0.9991489 -0.019037116 0.03659287
vn 0.01443842 0.9761389 -0.21666645
vn 0.28076658 -0.05073378 -0.9584342
vn 0.5511319 -0.09769161 -0.8286797
vn 0.8338132 0.5491317 0.056656465
vn 0.9830344 -0.008884861 0.1832061
vn -0.15149355 -0.09801244 -0.98358697
vn 0.66102153 0.6920434 -0.2900455
vn 0.6439112 -0.58396804 -0.49432755
vn 0.81569093 -0.021644216 -0.5780829
vn 0.73624855 -0.08206444 -0.6717168
vn 0.64833516 -0.4718245 -0.5975309
vn 0.75460535 -0.36876512 -0.54275507
vn 0.31579116 -0.9330811 -0.17214997
vn 0.6381988 -0.7697807 0.011833032
vn 0.3244411 -0.9458806 -0.0069220946
vn 0.58862215 -0.7600944 0.27528253
vn 0.6468758 -0.57268435 0.50357157
vn 0.44954687 -0.66458625 0.5968523
vn 0.5303608 -0.49209815 0.6903309
vn 0.643377 -0.16017936 0.7486044
vn 0.51962525 -0.11818184 0.8461812
vn 0.58436596 0.014230462 0.8113655
vn 0.8739719 0.15579566 0.46032694
vn 0.6004632 0.24729595 0.7604529
vn 0.7276034 0.50125414 0.46833494
vn 0.705733 0.54643005 0.4509492
vn 0.6431841 0.44938818 -0.6199713
vn 0.66636103 0.365842 -0.64970964
vn 0.7397978 0.14570254 -0.65686375
vn 0.6090254 0.1052003 -0.78614306
vn 0.7109686 0.062398978 -0.7004498
vn 0.7197923 -0.04079173 -0.69298995
vn 0.79439014 -0.06766574 -0.6036271
vn 0.9956667 0.004124887 -0.092902526
vn 0.81356156 -0.39263412 -0.42890096
vn 0.99797523 -0.018209392 -0.060941912
vn 0.73665506 -0.4790227 -0.47736415
vn 0.8113345 -0.36634552 -0.45555162
vn 0.93665487 -0.29549533 -0.18804288
vn 0.9441722 -0.32705113 -0.03970427
vn 0.75507045 -0.5583457 -0.34368405
vn 0.6922601 -0.6760056 -0.2525715
vn 0.670436 -0.60698664 -0.42671153
vn 0.74993056 -0.6564232 -0.08193141
vn 0.7306121 -0.65301186 0.19945294
vn 0.6669108 -0.6835665 0.29659188
vn 0.8212852 -0.44064054 0.36239
vn 0.9850348 -0.15643273 0.072354496
vn 0.7131875 -0.35963562 0.60168576
vn 0.97940564 -0.12798136 0.15615825
vn 0.61350745 -0.41433135 0.67226344
vn 0.70048845 -0.07200996 0.7100215
vn 0.97304565 0.0006570743 0.23061165
vn 0.64546865 0.05408938 0.76186913
vn 0.8043845 0.17422713 0.5679881
vn 0.531041 0.49751362 0.68591225
vn 0.97166836 0.077515885 0.22327529
vn 0.8528181 0.19370137 0.48495477
vn 0.80889386 0.42993554 0.40105635
vn 0.90271115 0.36177737 0.23287277
vn 0.9987558 -0.0075917407 0.049286403
vn 0.64304686 0.6726336 0.36613488
vn 0.96277773 0.2702857 -0.0021655196
vn 0.5723414 0.81945986 0.030180873
vn 0.8914574 0.36789355 -0.26449585
vn 0.34791493 0.7075216 -0.61511654
vn 0.56010884 0.81013536 -0.17308594
vn 0.6493895 0.38620976 -0.6550842
vn 0.99254113 0.07233166 -0.09813401
vn 0.9945119 0.0835373 -0.062989004
vn 0.9998888 0.014814003 0.0017231529
vn 0.9999998 -0.00028229418 -0.0005075799
vn 0.9676608 0.24976413 -0.035361663
vn 0.9993268 0.025033943 -0.0268184
vn 0.9999999 -0.00032368148 -0.00041035062
vn 0.9999998 -0.0004588337 -0.00032016565
vn 0.9999999 -0.00034080484 -0.00027753916
vn 0.99999976 -0.00040824438 -0.00056886976
vn 0.9999999 -0.00044570226 -0.00021807883
vn 0.99999946 -0.00048423986 -0.00092780933
vn 0.9999998 0.00060881063 -0.00009867648
vn 0.9999997 0.0006096336 -0.00049787166
vn 0.99999785 0.0004948534 -0.0020031624
vn 0.98657465 -0.12418806 0.106055625
vn 0.99999887 -0.0010304325 -0.0011185305
vn 0.9781118 0.120591655 0.1695729
vn 0.99994 -0.008817193 -0.0065027876
vn 0.9971106 -0.029700138 -0.06991667
vn 0.99779415 0.054416694 0.038021896
vn 0.94124365 0.20868893 -0.26553595
vn 0.49989647 -0.012709944 -0.8659919
vn 0.64395547 0.44813296 -0.6200792
vn 0.97646457 0.021294586 -0.21462402
vn 0.9666133 -0.12360505 -0.22445606
vn 0.4334254 -0.5526658 -0.7118307
vn 0.9963343 -0.0854672 -0.0036423109
vn 0.9999949 0.0030954636 -0.00082223053
vn 0.9999996 -0.0003193155 -0.0008656409
vn 0.99872327 -0.050114863 -0.006348253
vn 0.9999851 0.0012663031 0.005315016
vn 0.952552 0.30398887 -0.015345113
vn 0.84072596 0.5410051 -0.022212537
vn 0.99614245 -0.08660575 0.014128431
vn 0.9993574 0.0034808763 -0.035674956
vn 0.9957325 -0.049174204 -0.078094505
vn 0.8774551 0.44290394 -0.18414295
vn 0.8310958 0.011232082 -0.5560158
vn 0.7941366 0.60416245 -0.06583949
vn 0.94373727 0.32742435 -0.046403553
vn 0.8395374 -0.5428972 -0.020968076
vn 0.6857771 -0.727811 -0.0009574019
vn 0.67539054 -0.7372721 -0.01665749
vn 0.8191064 -0.5566764 -0.13847785
vn 0.4436579 -0.67785615 -0.5862412
vn 0.17074265 -0.739639 -0.65098476
vn 0.22505702 -0.7566609 -0.6138515
vn 0.73314303 -0.5920248 -0.3346759
vn 0.25928786 -0.91379076 -0.31265998
vn 0.75877655 -0.63036215 -0.16401747
vn 0.8037796 -0.25770253 -0.5362162
vn 0.84614074 -0.53291225 -0.0070962417
vn 0.8357658 -0.54847395 0.025920505
vn 0.8700577 -0.49123257 -0.041111145
vn 0.40474817 0.90849435 0.10400455
vn 0.07609639 0.9969868 -0.015054692
vn 0.052097853 0.99450785 0.09077392
vn 0.43016028 0.90270215 -0.009535854
vn 0.63801575 0.76978683 -0.01908317
vn 0.13745843 0.9904863 0.0064858724
vn 0.50017935 0.86591554 -0.003302424
vn 0.6413215 0.767269 0.002233321
vn 0.50739 0.86166024 0.009849112
vn 0.651833 0.75836015 0.0019105092
vn 0.113719456 0.9934323 0.0126569485
vn 0.3006614 0.9537045 -0.0071017686
vn 0.49952707 0.6197128 0.6053335
vn 0.6599545 0.4929299 0.5669923
vn 0.66318464 0.6154361 0.4259396
vn 0.3784333 0.6441661 0.66470915
vn 0.5790254 0.69863844 0.42027843
vn 0.3592211 0.82567734 0.43499094
vn 0.46374366 0.772429 0.43393007
vn 0.5676143 0.7035393 0.42760542
vn 0.5929048 0.7374704 0.32342115
vn 0.6335257 0.69064623 0.34878784
vn 0.3502141 0.8659395 0.3570699
vn 0.6306805 0.77382964 0.058564458
vn 0.6350652 0.76554525 0.10311478
vn 0.63199466 0.77419084 -0.034804177
vn 0.6527113 0.75760674 -0.00008426954
vn 0.5719815 0.82008415 -0.017298045
vn 0.6554928 0.7552012 -0.0005708674
vn 0.7475913 0.6622168 -0.05075616
vn 0.6626985 0.74885803 -0.0065029482
vn 0.656989 0.7538963 -0.0024070244
vn 0.6569572 0.7539238 -0.0024946302
vn 0.5958674 0.80305624 -0.006535108
vn 0.5449409 0.83825314 -0.01926427
vn 0.1858277 0.98204285 -0.03255674
vn 0.22083881 0.97522867 -0.012619412
vn 0.92919725 0.16484293 0.33078593
vn 0.8682186 0.33209598 0.36865798
vn 0.6429517 0.6529157 0.40039244
vn 0.82167995 0.47882453 0.3091426
vn 0.7041274 0.66589767 0.24654603
vn 0.54623634 0.83672756 -0.038895395
vn 0.26822463 0.9021037 0.33803028
vn 0.14680122 0.9891647 0.0016165581
vn 0.18241283 0.90233874 0.39052576
vn 0.5248106 0.8510588 -0.016516948
vn 0.3453045 0.92648333 -0.14964458
vn 0.5270263 0.71094644 -0.46561623
vn 0.17657678 0.8083997 -0.5615252
vn 0.30532563 0.7373676 -0.602549
vn 0.89414966 0.3953584 -0.21020973
vn 0.6720274 0.74052423 -0.001718522
vn 0.67978615 0.73339033 -0.005423747
vn 0.6582577 0.7527901 -0.0019456034
vn 0.6767949 0.73617166 0.00010131063
vn 0.5478679 0.83652073 -0.008591561
vn 0.65817016 0.75286555 -0.002353975
vn 0.5607702 0.8276909 0.021552503
vn 0.21933578 0.9743605 0.050133623
vn 0.21799763 0.97587186 0.012292066
vn 0.121205255 0.991385 -0.04964974
vn 0.64457077 0.7645344 0.0039530853
vn 0.65891105 0.7522089 0.0042414563
vn 0.6590523 0.75208926 -0.0034287719
vn 0.55791456 0.8192736 -0.13237102
vn 0.6651726 0.7466673 0.0057772743
vn 0.12580855 0.9883754 -0.08535937
vn 0.49369654 0.7673298 -0.40922943
vn 0.22259432 0.8598819 -0.45940712
vn -0.03361479 0.5792897 -0.8144283
vn 0.16022432 0.78427345 -0.5993691
vn -0.050177537 0.88263804 -0.4673674
vn 0.42968282 0.72415733 -0.53941524
vn 0.064878374 0.8530495 -0.51778114
vn 0.8957417 0.16541763 -0.41265455
vn 0.9248393 -0.022554459 -0.37968877
vn 0.7115239 0.6099825 0.34879085
vn 0.71073645 0.7018081 0.048157036
vn 0.7478728 0.62164325 0.23290755
vn 0.25824094 0.9657008 0.027085071
vn 0.7334942 0.6706827 -0.11032207
vn 0.20703934 0.9541418 -0.21621306
vn 0.67415667 0.5726756 -0.4664284
vn 0.71141505 0.46082494 -0.5305931
vn 0.7137952 0.65634894 -0.24434099
vn 0.64110386 0.7083394 -0.29536608
vn 0.75286144 0.64954096 -0.10628353
vn 0.77574146 0.63090444 -0.013593108
vn 0.747979 0.65836954 0.084124915
vn 0.6769213 0.7360452 -0.00388571
vn 0.7571484 0.65323275 -0.0036446974
vn 0.91402024 0.39823908 -0.07728306
vn 0.6752108 0.7152267 -0.18039162
vn 0.89512444 0.32313004 -0.307147
vn 0.6858831 0.5970981 -0.4159786
vn 0.6764992 0.54446703 -0.49588752
vn 0.49152353 0.6945288 -0.52538973
vn 0.6812718 0.5453296 -0.48834872
vn 0.5708123 0.5147585 -0.6396851
vn 0.36664474 0.646676 -0.66886604
vn 0.07632485 0.74152046 -0.6665747
vn 0.8881138 0.41783065 -0.19149792
vn 0.7510434 0.64865863 -0.12319022
vn 0.7083174 0.70583993 0.008742492
vn 0.9055297 0.20332791 -0.3723892
vn 0.9232375 0.1497708 -0.3538378
vn 0.78970486 0.28914392 -0.54107493
vn 0.9267016 0.013840084 -0.375543
vn 0.45258498 0.10144639 -0.88593197
vn 0.54078984 0.0184571 -0.8409552
vn 0.9211815 -0.10405997 -0.3749616
vn 0.5391844 -0.10450594 -0.8356786
vn 0.61643225 -0.37352842 -0.6931723
vn 0.72718436 -0.48152602 -0.48921943
vn 0.83728945 -0.3530591 -0.41748735
vn 0.94470096 -0.08328204 -0.31718162
vn 0.9913992 0.007350216 -0.13066576
vn 0.9717466 -0.002936127 -0.23600821
vn 0.9901998 -0.013615234 -0.1389926
vn 0.9995229 0.02341799 -0.02013683
vn 0.9555827 -0.07650728 -0.28461972
vn 0.7315213 -0.51647794 -0.44511467
vn 0.81642556 -0.47300267 -0.3312367
vn 0.955935 -0.11754357 -0.26902014
vn 0.99623716 0.086605124 -0.0033363337
vn 0.9497004 -0.30546013 -0.06901585
vn 0.7149963 -0.69560635 -0.0700863
vn 0.630044 -0.69600564 -0.3444136
vn 0.6607988 -0.74605733 -0.08211841
vn 0.5142022 -0.78527725 -0.3448707
vn 0.4777534 -0.87432 -0.085535504
vn 0.4968316 -0.86784256 -0.0027721017
vn 0.9583311 0.0002086612 -0.28565973
vn 0.6593397 -0.7518166 0.006555186
vn 0.6948682 -0.71902025 -0.012963724
vn 0.85183 -0.5238159 -0.0016187156
vn 0.991774 0.0049371603 -0.12790567
vn 0.99319166 0.11585653 0.012149376
vn 0.91069394 0.41278386 -0.015684843
vn 0.999814 0.019281194 -0.0005010964
vn 0.99611443 0.084875785 -0.023496423
vn 0.9572047 0.28940347 -0.0021872357
vn 0.9819201 0.1861473 -0.03438157
vn 0.9329157 0.3600212 -0.0072836876
vn 0.90122545 0.43333068 0.0041503445
vn 0.47093475 -0.8820793 -0.012511074
vn 0.9387303 0.3439563 0.021897703
vn 0.99467367 -0.102935225 0.0053546964
vn 0.84588504 -0.5331836 0.013921447
vn 0.9824689 -0.18642022 0.001549845
vn 0.8086687 -0.5882041 0.0084231645
vn 0.98136294 -0.19190484 -0.0099682305
vn 0.7776417 -0.62865543 -0.008104765
vn 0.9752038 -0.21977025 -0.026049504
vn 0.9272357 -0.37403318 -0.018250711
vn 0.7017847 -0.7122795 0.012497776
vn 0.65261143 -0.7576865 -0.0030819485
vn 0.64893454 -0.7608403 -0.0024560995
vn 0.64321315 -0.7656814 -0.0029805207
vn 0.65435714 -0.75616574 0.005485621
vn 0.64482147 -0.7643319 -0.0014268293
vn 0.39446226 -0.9188398 -0.011530381
vn 0.42138955 -0.90685624 -0.006526538
vn 0.64545053 -0.7637985 -0.0023498666
vn 0.6463566 -0.7630352 0.0006972316
vn 0.3805802 -0.9246505 0.01342458
vn 0.6482897 -0.76139176 -0.001770408
vn 0.64915496 -0.76065564 -0.00089596264
vn 0.4096268 -0.91225207 0.0014347653
vn 0.640558 -0.76786244 -0.008525728
vn 0.6499562 -0.7563895 0.073700845
vn 0.4031859 -0.899527 0.16820315
vn 0.47670963 -0.7985823 0.36744273
vn 0.6110712 -0.71446323 0.34078473
vn 0.44606677 -0.75751 0.4766582
vn 0.5736486 -0.6827356 0.45254764
vn 0.5211126 -0.7225063 0.4543416
vn 0.56581837 -0.69940126 0.43667775
vn 0.64905787 -0.7607161 -0.0059117433
vn 0.65478593 -0.75581324 -0.0012861693
vn 0.64741117 -0.7621124 -0.0065959697
vn 0.57120436 -0.8204028 -0.025783781
vn 0.44235098 -0.89680314 0.008352923
vn 0.74290377 -0.664064 0.08433874
vn 0.65398014 -0.7517836 0.08444715
vn 0.18569306 -0.9802747 -0.06767335
vn 0.13900734 -0.9902756 0.005578623
vn 0.73151475 -0.6765407 -0.084728256
vn 0.2080627 -0.918171 0.33715275
vn 0.78922546 -0.5290631 0.31179386
vn 0.6503805 -0.6984418 0.29863742
vn 0.17594132 -0.92705333 0.33108425
vn 0.16251658 -0.7128526 0.6822239
vn 0.11430744 -0.6100685 0.78406006
vn 0.42393154 -0.9056942 0.00028175843
vn 0.45157886 -0.8922235 0.0037197666
vn 0.65061176 -0.75572395 0.0747373
vn 0.69292235 -0.5753938 0.43448895
vn 0.7879099 -0.5302505 0.31310114
vn 0.54335606 -0.67378527 0.50077695
vn 0.5127439 -0.64185214 0.5701925
vn 0.8296181 -0.42236164 0.36516356
vn 0.2847259 -0.6845882 0.67102176
vn 0.21065556 -0.8592083 0.46624607
vn 0.327044 -0.40145138 0.85549927
vn 0.35258237 -0.5054673 0.78752047
vn 0.79426765 -0.31279355 0.5208638
vn 0.66107476 -0.7503132 -0.0032049597
vn 0.67374814 -0.73883796 -0.013487733
vn 0.64849496 -0.7612186 -0.0006879861
vn 0.9999651 -0.0059709214 -0.00585294
vn 0.66189986 -0.7495884 0.0024057578
vn 0 0 0
vn -0.23681825 0.9438094 0.23052326
vn -0.70643896 -0.024125438 0.70736265
vn -0.9849956 -0.10272245 0.13867879
vn -0.91019183 0.3896388 0.14047213
vn -0.8494246 0.5164725 0.108323745
vn -0.99504894 -0.08724919 0.047593776
vn -0.6073559 0.16027755 0.7780938
vn -0.67216456 0.6102699 0.41924387
vn -0.5600773 0.82204354 0.10275118
vn -0.5223313 0.8420716 0.134482
vn -0.9260861 0.37451395 0.045866992
vn -0.9239375 0.37667236 -0.06676378
vn -0.98661584 -0.05308649 -0.1541786
vn -0.4535209 0.0036717777 -0.8912381
vn -0.91250694 0.4047363 -0.059326258
vn -0.8627879 0.5051688 0.020038107
vn -0.18237141 0.9810432 -0.06553488
vn 0.024000982 0.99316156 -0.11425438
vn -0.4383915 0.23954293 -0.86627483
vn -0.4661487 0.88222957 -0.066153884
vn 0.26269346 0.55476195 -0.78945005
vn -0.20579126 0.92486507 -0.31980395
vn 0.20881449 -0.17565253 -0.9620513
vn -0.043363955 -0.031089636 -0.9985755
vn -0.842924 0.5225411 -0.1281792
vn -0.7687818 0.21766642 -0.6013285
vn 0.093642645 0.60450464 -0.7910785
vn 0.30020535 0.9490289 -0.09602553
vn -0.071753204 0.99619925 -0.04938142
vn -0.1859121 0.9805687 -0.06262386
vn -0.7692916 0.63363016 -0.081873566
vn -0.24346842 0.9686444 -0.049508978
vn -0.74002135 0.6723541 -0.017560896
vn -0.83464694 0.5435232 0.089146055
vn -0.9941349 0.10703019 -0.015501981
vn -0.98334444 0.01385789 -0.18122269
vn -0.531034 0.8180467 -0.22091301
vn -0.5235736 0.08006243 -0.8482103
vn -0.22600079 0.36473578 -0.9032671
vn 0.3617114 0.92477536 -0.11813282
vn 0.547557 0.8317519 -0.09148831
vn 0.46318746 0.8817273 0.08952315
vn -0.28982535 0.9495465 -0.119844615
vn 0.353681 0.72999567 -0.5848214
vn -0.17339537 0.47513515 -0.86265904
vn -0.11776327 -0.061524138 -0.991134
vn -0.45785496 -0.3100692 -0.83320224
vn -0.015576922 0.01793851 -0.9997178
vn 0.029085075 -0.8265224 -0.56215185
vn 0.39192668 -0.53262323 -0.75013727
vn 0.8248102 -0.11446692 -0.5537015
vn 0.6108193 0.34233057 -0.7139395
vn 0.2734945 -0.13661528 -0.9521224
vn 0.852916 -0.46637526 -0.23458147
vn 0.9692936 0.07175675 -0.23520383
vn 0.5650024 0.08771905 -0.8204131
vn 0.511661 0.30735314 -0.8023322
vn 0.8335259 0.5178093 -0.19263461
vn 0.840454 0.5309643 -0.10823099
vn 0.99577457 -0.08727673 -0.028561916
vn 0.9960795 -0.038548335 -0.07962175
vn 0.8314912 0.55411386 -0.03975279
vn 0.9924556 -0.09172431 -0.081354626
vn 0.88814825 0.45657423 -0.052275136
vn -0.09936206 0.002463472 -0.9950483
vn -0.27734503 0.5575466 0.78244585
vn -0.06242869 0.60697407 0.79226583
vn -0.062178615 0.7435491 0.6657842
vn -0.69729245 0.41147396 0.58691776
vn -0.3539686 0.7149974 0.60289717
vn -0.7541867 0.37759933 0.5372348
vn -0.7843062 0.49457955 0.37450603
vn -0.6658401 0.55837065 0.49485275
vn -0.72333986 0.6525904 0.22562182
vn -0.79304355 0.34503773 0.5020268
vn -0.8405226 0.3799334 0.38622844
vn -0.6971601 0.6543571 0.29289004
vn -0.9975123 0.052953843 0.046531487
vn -0.9920163 0.079000965 0.0982978
vn -0.9874799 0.15597779 0.023544274
vn -0.58774596 0.60492444 0.5372347
vn -0.63511616 0.4236258 0.64588594
vn -0.6895003 0.71792406 0.09578331
vn -0.42826977 0.9036122 -0.008363771
vn -0.40373737 0.8449362 0.35082617
vn -0.13423546 0.93076867 0.34007433
vn -0.3684526 0.8793519 0.30163375
vn -0.2433381 0.9699307 -0.004577467
vn -0.669327 0.7422821 -0.03191594
vn -0.2077105 0.8971917 -0.38974786
vn -0.6907199 0.7054368 0.15894952
vn -0.728056 0.6855117 -0.002846788
vn -0.59671897 0.7166446 -0.36103606
vn -0.68261933 0.7305078 -0.019729024
vn -0.7639864 0.5909191 -0.25911275
vn -0.9642935 0.26420996 -0.018199278
vn -0.7031814 0.5674966 -0.42834976
vn -0.9726835 0.20977013 -0.09941503
vn -0.75978583 0.34333548 -0.5521288
vn -0.7647021 0.52401626 0.37501696
vn -0.575617 0.6924596 0.43493074
vn -0.56821424 0.71568817 0.4061071
vn -0.46646956 0.77660185 0.4234332
vn -0.6701507 0.67008215 0.3191989
vn -0.63306135 0.755392 0.16916318
vn -0.6764987 0.73164797 0.08390908
vn -0.6494282 0.7602584 -0.015817802
vn -0.63133305 0.7754485 -0.009908402
vn -0.65207434 0.75815237 -0.0020115275
vn -0.5754949 0.8154885 -0.06151564
vn -0.6479904 0.7616428 -0.0029346005
vn -0.16729479 0.985789 -0.015249005
vn -0.06680698 0.9886611 -0.13448429
vn -0.75616753 0.5880818 -0.28700253
vn -0.24403042 0.7139023 -0.65634793
vn -0.22913069 0.7141703 -0.66140753
vn -0.53240895 0.49770722 -0.6847103
vn -0.7299713 0.3974992 -0.55600023
vn -0.71992207 0.37528333 -0.5838447
vn -0.59054124 0.68632567 0.42452103
vn -0.6100318 0.54261434 0.5774348
vn -0.43676022 0.5480061 0.71339315
vn -0.5477544 0.7201012 0.42593357
vn -0.27270767 0.8066885 0.524294
vn -0.5320592 0.7244407 0.43829057
vn -0.3062048 0.8556731 0.41720763
vn -0.09789818 0.9141691 0.39333293
vn -0.007529425 0.9191431 0.39385188
vn -0.1427143 0.9240009 0.35476038
vn 0.008787236 0.9683991 0.24925081
vn -0.40529934 0.87164205 0.27563116
vn -0.12597564 0.990997 0.045333225
vn -0.47352037 0.8807448 0.008189714
vn -0.6194695 0.78476155 -0.020169904
vn -0.25139847 0.96781504 -0.011524744
vn -0.59962344 0.80028015 0.0018509561
vn -0.6567437 0.7541129 -0.0012012532
vn -0.547315 0.83692664 0.00039841293
vn -0.6509052 0.7591488 -0.0039482787
vn -0.649893 0.7600257 0.00027512579
vn -0.76462024 0.6444512 -0.0062073465
vn -0.8406998 0.54145694 -0.0069444715
vn -0.7991592 0.6009917 0.012387879
vn -0.72581744 0.636285 -0.26140085
vn -0.8657039 0.49986017 -0.026393553
vn -0.8341143 0.5492668 -0.05058991
vn -0.7651819 0.6420581 0.04751933
vn -0.84483355 0.5347038 0.018657278
vn -0.6877493 0.72478604 -0.041061196
vn -0.85500735 0.5113972 -0.086228244
vn -0.12308805 0.3916991 0.911823
vn -0.018394196 0.4206095 0.90705526
vn -0.036416564 0.8141795 0.5794701
vn -0.0028062367 0.85526884 0.518177
vn -0.00048391818 0.9211559 0.38919345
vn -0.0005881376 0.921093 0.38934216
vn -0.00209986 0.92044497 0.3908665
vn 0.0005675476 0.91958773 0.39288428
vn -0.00037094788 0.9784137 0.20665556
vn 0.012779793 0.99969596 0.02108675
vn 0.0000098834835 0.999687 0.025017157
vn -0.0019396497 0.99975324 0.02212811
vn -0.005387289 0.99982715 0.017795676
vn -0.0009908429 0.9999698 -0.00770992
vn 0.0033110578 0.9999246 -0.011826716
vn -0.0014433201 0.999991 -0.0039895903
vn -0.012818441 0.9998031 -0.015146585
vn -0.001161131 0.99998945 -0.0044414904
vn -0.0019086445 0.9999952 -0.0024402137
vn -0.23684625 0.97151923 -0.0073614256
vn -0.0032731963 0.9999751 -0.0062533766
vn -0.2423691 0.97017026 -0.0051852725
vn -0.58154243 0.8135153 0.0011114477
vn -0.54231614 0.8401687 0.0031210424
vn -0.65973985 0.7514935 -0.0008838306
vn -0.6587566 0.7523561 -0.000112367496
vn -0.65466183 0.7559097 -0.004293063
vn -0.6594672 0.7517331 0.0006018795
vn -0.8662889 0.49943963 0.010181222
vn -0.6444869 0.764572 0.008142179
vn -0.9012636 0.43268067 0.022613768
vn -0.8404614 0.5417788 -0.010021154
vn -0.8085195 0.55791694 -0.18714954
vn -0.6894454 0.546637 -0.47524
vn -0.88259214 0.4224559 -0.20630601
vn -0.78967017 0.5550391 -0.26144338
vn -0.65058947 0.20783065 -0.73043805
vn -0.8890468 0.04711541 -0.45538548
vn -0.0014057079 0.40169093 0.9157742
vn 0.0033883452 0.43181986 0.9019535
vn -0.0042120893 0.83134204 0.5557451
vn -0.0011930228 0.9217282 0.3878347
vn -0.0072783623 0.78186375 0.6234069
vn -0.0009428851 0.91895425 0.39436305
vn -0.0003915559 0.9189466 0.39438173
vn 0.00008782401 0.96155715 0.27460498
vn -0.003988405 0.9991543 0.04092334
vn 0.0049065347 0.9661407 0.25796908
vn -0.0024178678 0.9999448 -0.010223565
vn 0.07609639 0.9969868 -0.015054692
vn -0.0014911755 0.99995905 -0.0089253895
vn -0.00190871 0.9999924 -0.0034055486
vn 0.035263054 0.9973201 0.06410203
vn -0.004999143 0.9999852 -0.0021286292
vn -0.045686338 0.95128477 0.30490994
vn 0.25821173 0.5162764 0.81656927
vn -0.23681825 0.9438094 0.23052326
vn -0.0967741 0.19688196 0.9756394
vn -0.8494246 0.5164725 0.108323745
vn -0.017491827 0.99981105 0.008475821
vn -0.037831392 0.99911827 -0.018207433
vn -0.20757505 0.9781857 0.008084624
vn -0.18362893 0.98299044 -0.0031994912
vn -0.58274126 0.812623 0.0075116837
vn -0.4711078 0.88205785 -0.005602346
vn -0.6587263 0.7523827 -0.00006688787
vn -0.48766822 0.87278444 0.02066456
vn -0.63760954 0.77035964 -0.0003921299
vn -0.6565803 0.75420445 -0.008829877
vn -0.915051 0.4032845 -0.0065804417
vn -0.64954376 0.7603193 0.002744574
vn -0.6830172 0.73035234 0.008542198
vn 0.08967378 0.79001546 0.6064934
vn 0.10572367 0.91040564 0.39998004
vn 0.3592211 0.82567734 0.43499094
vn 0.09825227 0.9065459 0.4105132
vn 0.078879945 0.9447115 0.31827366
vn 0.3502141 0.8659395 0.3570699
vn 0.052097853 0.99450785 0.09077392
vn 0.40474817 0.90849435 0.10400455
vn 0.13745843 0.9904863 0.0064858724
vn 0.113719456 0.9934323 0.0126569485
vn -0.008678679 0.9999508 -0.0047989786
vn 0.011280187 0.9999321 0.0029294684
vn 0.76307887 0.43568066 0.4773814
vn -0.002537502 0.99801075 0.06299323
vn -0.18237141 0.9810432 -0.06553488
vn 0.0034309179 0.99995494 -0.008854266
vn -0.91250694 0.4047363 -0.059326258
vn -0.005888867 0.9997202 -0.022908952
vn -0.8627879 0.5051688 0.020038107
vn -0.09530237 0.99484503 -0.034652196
vn -0.07152047 0.99743503 -0.0028498857
vn -0.33793974 0.941157 0.004498032
vn -0.6588971 0.75222945 -0.0023407873
vn 0.050093427 0.9977203 -0.04521991
vn 0.026170496 0.9949932 -0.096455336
vn 0.081850566 0.9962258 0.028891455
vn 0.08745875 0.9945932 -0.055993542
vn -0.366512 0.92587084 -0.09182676
vn 0.0025293946 0.8727547 -0.48815244
vn -0.6220381 0.7724676 -0.12791537
vn -0.17337741 0.8535756 -0.49127278
vn -0.66591907 0.7282201 -0.16200995
vn -0.5349845 0.72742414 -0.42970413
vn -0.6434241 0.61986536 -0.4491908
vn -0.43544775 0.7211434 -0.5388297
vn -0.64125973 0.56698364 -0.5170256
vn -0.4394306 0.74491966 -0.5019915
vn -0.6423665 0.5715102 -0.5106284
vn -0.36175996 0.75820726 -0.54244953
vn 0.3784333 0.6441661 0.66470915
vn 0.46374366 0.772429 0.43393007
vn 0.3006614 0.9537045 -0.0071017686
vn 0.1858277 0.98204285 -0.03255674
vn 0.05110231 0.99849844 -0.019732745
vn 0.22083881 0.97522867 -0.012619412
vn 0.6591398 0.75165707 -0.023375481
vn 0.06983629 0.9973548 -0.020155352
vn 0.9600046 0.27856106 0.028192556
vn 0.01443842 0.9761389 -0.21666645
vn 0.024000982 0.99316156 -0.11425438
vn 0.33777654 0.4561141 -0.8233267
vn -0.08224871 0.795875 -0.5998484
vn -0.011478416 0.9980198 -0.06184414
vn -0.024550928 0.9993269 -0.027258825
vn 0.009770646 0.99167603 -0.12838669
vn -0.013949505 0.9952786 -0.096051954
vn -0.011690677 0.9949324 -0.09986387
vn -0.031334043 0.9787704 -0.20255063
vn -0.07862742 0.99647945 0.029093172
vn 0.10981728 0.9371212 -0.33127633
vn -0.62505746 0.5994782 -0.4999291
vn -0.22577092 0.6872424 -0.69045305
vn -0.44888186 0.5219966 -0.7252755
vn 0.21933578 0.9743605 0.050133623
vn 0.031899173 0.99944746 -0.0093387505
vn 0.21799763 0.97587186 0.012292066
vn 0.121205255 0.991385 -0.04964974
vn -0.05552602 0.99400365 -0.09419972
vn 0.12580855 0.9883754 -0.08535937
vn -0.10295162 0.9419294 -0.31964043
vn 0.22259432 0.8598819 -0.45940712
vn -0.03361479 0.5792897 -0.8144283
vn -0.21934383 0.7057581 -0.6736422
vn 0.06946509 0.8497149 -0.5226463
vn 0.9919588 -0.115252174 0.052294277
vn -0.7183321 -0.4900989 0.49376318
vn -0.7755538 -0.47868416 0.41155523
vn -0.7188946 -0.51635027 0.46537396
vn -0.71478975 -0.64867574 0.2613339
vn -0.72752017 -0.45832402 0.51054233
vn -0.5318455 -0.6238836 0.5726339
vn -0.6886235 -0.1678887 0.70541555
vn -0.77014065 -0.13267232 0.62392426
vn -0.62940085 -0.45480418 0.6300855
vn -0.7110734 -0.006469915 0.70308805
vn -0.6783739 0.013408232 0.7345945
vn -0.74066186 -0.06297857 0.6689198
vn -0.6823163 0.03384253 0.73027337
vn -0.63161576 0.1052448 0.76810485
vn -0.73075557 0.092932776 0.6762838
vn -0.8048712 -0.5529418 0.21549423
vn -0.59511846 -0.75968444 0.2621327
vn -0.20143199 -0.8980304 0.3911094
vn -0.16918221 -0.73332477 0.6584924
vn -0.36798242 -0.82783526 0.42341205
vn -0.1653396 -0.5633777 0.8094865
vn -0.58485013 -0.6118251 0.5325602
vn -0.52018934 -0.19204627 0.8321786
vn -0.1835011 -0.21623743 0.95894146
vn -0.21913269 -0.0054746903 0.9756797
vn -0.25726593 -0.19401902 0.946663
vn -0.14217792 0.01572764 0.9897162
vn -0.7661389 0.017924128 0.642425
vn -0.18045089 0.2147591 0.9598521
vn -0.09652366 0.3073064 0.94670266
vn -0.5181337 0.1542615 0.84127337
vn -0.7106558 -0.6919045 0.12742226
vn -0.8736536 -0.24423192 0.42080894
vn -0.7829569 -0.5274042 0.3298837
vn -0.46093416 -0.49989712 0.73324114
vn -0.67276543 -0.601542 0.43073642
vn -0.77079844 -0.38486645 0.50768846
vn -0.7852093 -0.51139677 0.34917006
vn -0.93323445 -0.18793026 0.30619556
vn -0.6607342 -0.46794322 0.58690673
vn -0.96351254 0.0005622149 0.26766258
vn -0.73752546 -0.06743927 0.6719436
vn -0.960259 0.004389625 0.27907592
vn -0.8272983 0.0234789 0.561272
vn -0.7774525 0.01965523 0.6286344
vn -0.9530592 0.053751726 0.29797474
vn -0.8705321 0.29287183 0.3954744
vn -0.82589024 0.49835733 0.2637145
vn -0.6229399 -0.7145666 0.31834015
vn -0.8099078 0.0018261669 0.58655435
vn -0.82248163 -0.014314914 0.5686115
vn -0.8363695 0.14089285 0.52975017
vn -0.80449575 0.46734944 0.36656663
vn -0.9949872 -0.08822135 0.047090042
vn -0.9941856 -0.08304236 0.068548635
vn -0.99728453 0.0004381471 0.073643416
vn -0.99999547 -0.0029596775 -0.0005684782
vn -0.99999124 -0.0037144641 -0.0019320564
vn -0.9999995 -0.0008629694 -0.00048948434
vn -0.9914448 -0.12389902 0.04106291
vn -0.99292976 -0.11865967 -0.0032309666
vn -0.79663277 -0.60374683 0.029428005
vn -0.9999853 -0.0037607686 -0.003907642
vn -0.9999268 0.006251656 -0.0103561375
vn -0.99999475 -0.0022757303 -0.0023152544
vn -0.99999744 -0.0019092632 -0.0012283025
vn -0.9999997 0.0006113535 -0.00047685928
vn -0.9999983 -0.0018394424 -0.00023028506
vn -0.99247867 -0.11134902 -0.050867215
vn -0.9999999 0.00043635626 -0.00000198227
vn -0.80629563 -0.56757575 -0.16656855
vn -0.82082415 -0.44099212 -0.36300647
vn -0.99977213 0.020853894 0.004554362
vn -0.99997133 0.007223046 -0.0022685335
vn -0.9976298 0.02745411 -0.063095436
vn -0.99935466 0.0011918201 -0.03590001
vn -0.9337704 0.07666435 -0.34956452
vn -0.9997553 0.0146093555 -0.016610147
vn -0.994324 -0.07563324 -0.074828364
vn -0.9761247 -0.1161695 -0.18353543
vn -0.8025155 -0.29648405 -0.5177509
vn -0.75830525 -0.081506334 -0.6467843
vn -0.41846567 -0.6369629 -0.64742935
vn -0.86932373 -0.49126855 0.05414284
vn -0.78195155 -0.5612761 -0.27114746
vn -0.969687 -0.23665962 -0.060822267
vn -0.37360007 -0.64650524 -0.6651721
vn -0.76997656 -0.5498766 -0.32368475
vn -0.9541936 -0.29862326 0.018404115
vn -0.93057233 -0.36586413 0.013364719
vn -0.81289816 -0.5824049 -0.0010296579
vn -0.77591896 -0.6302821 -0.026348522
vn -0.63020545 0.10272983 -0.76960224
vn -0.7198254 0.0011401634 -0.6941542
vn -0.66890556 0.282269 -0.68766963
vn -0.98411393 -0.022412801 -0.17611758
vn -0.5912667 -0.19054572 -0.7836428
vn -0.72226006 -0.029262811 -0.69100225
vn -0.9559472 -0.2408655 -0.16777584
vn -0.9952681 0.024999885 -0.09389556
vn -0.9834799 -0.17812017 0.032255515
vn -0.9055965 -0.3676846 0.21143088
vn -0.99919903 0.039993852 -0.0013452232
vn -0.99968594 0.0063885767 0.024233239
vn -0.9979664 -0.060570896 0.019854167
vn -0.99994814 -0.01003886 0.0017079137
vn -0.8152698 -0.57612216 -0.058466468
vn -0.8768749 -0.47586897 -0.06811095
vn -0.87027526 -0.4460802 -0.20888609
vn -0.87812847 -0.4701046 -0.08883734
vn -0.95182097 -0.30539992 -0.027708171
vn -0.78953093 -0.61370856 0.001652808
vn -0.9878178 0.15397218 -0.022550533
vn -0.9948941 0.100676425 -0.00707619
vn -0.9965965 0.08237601 0.0030907383
vn -0.9998163 -0.018879455 0.0033104382
vn -0.9999729 -0.0056818617 0.004689909
vn -0.9988013 -0.012009123 -0.04745288
vn -0.8261827 -0.4776557 -0.29877603
vn -0.6039408 -0.21091795 -0.7686151
vn -0.75540173 -0.53802043 -0.3740351
vn -0.9534494 -0.13162442 -0.27131024
vn -0.9672722 -0.19267713 -0.16510604
vn -0.9508937 -0.30944493 -0.00670909
vn -0.9123287 -0.40943617 -0.0042868983
vn -0.6982525 -0.7156547 -0.01678759
vn -0.7370601 -0.6750857 0.03164897
vn -0.9940341 0.10895595 -0.004979282
vn -0.9980087 0.061418887 -0.014364255
vn -0.99745905 0.069111206 0.017293891
vn -0.9909489 0.0809709 -0.107069716
vn -0.49578598 -0.01928226 -0.86823064
vn -0.98083687 -0.005271578 -0.19475946
vn -0.9957072 -0.008999819 -0.09212005
vn -0.9754507 -0.0031025773 -0.22019611
vn -0.9519995 -0.29810455 -0.06950274
vn -0.864657 -0.36006308 -0.3503183
vn -0.6832216 -0.7027323 -0.19843267
vn -0.67691886 -0.6509033 -0.34366524
vn -0.92042035 0.39032143 0.021808151
vn -0.9474984 0.29890642 -0.11358609
vn -0.90921634 0.20776728 -0.36077476
vn -0.92319 0.16808735 -0.34563985
vn -0.9758021 0.011785591 -0.21833774
vn -0.956722 0.0021601825 -0.29099533
vn -0.95713335 -0.0057407455 -0.28959072
vn -0.95134175 0.017340953 -0.30764946
vn -0.8904543 -0.2333516 -0.3906893
vn -0.9013864 -0.22419 -0.3704611
vn -0.6513476 -0.58318216 -0.48543265
vn -0.6817444 -0.5620515 -0.468319
vn -0.8763715 0.26556674 -0.401805
vn -0.85554194 0.3122124 -0.4130029
vn -0.71100235 0.29905283 -0.6364299
vn -0.90102154 0.016994985 -0.43344134
vn -0.9569019 -0.00518484 -0.290365
vn -0.89560807 -0.009748807 -0.4447372
vn -0.5051781 0.027157696 -0.86258775
vn -0.7981673 -0.28297827 -0.53183866
vn -0.47803697 -0.0013126004 -0.87833875
vn -0.6552752 -0.5571621 -0.5100831
vn -0.4019685 -0.3602569 -0.8418054
vn -0.31191415 -0.1244101 -0.94192976
vn -0.13753742 -0.044785257 -0.9894836
vn -0.38721344 -0.2402368 -0.8901416
vn -0.24925639 -0.09806589 -0.96345955
vn -0.02243913 -0.07421475 -0.9969898
vn -0.3654337 -0.5528859 -0.7488494
vn -0.020510504 -0.23290291 -0.97228366
vn -0.09430987 0.31580535 -0.9441253
vn -0.17570323 -0.5217202 -0.8348272
vn 0.2666647 -0.3844218 -0.8838042
vn -0.19885425 0.26563352 -0.94334286
vn -0.4383915 0.23954293 -0.86627483
vn -0.4535209 0.0036717777 -0.8912381
vn 0.26925144 -0.04211346 -0.9621487
vn -0.017223122 0.055903707 -0.9982876
vn -0.025151595 0.026356 -0.9993362
vn -0.024429899 -0.014557708 -0.9995955
vn 0.09286839 -0.0011550072 -0.9956777
vn 0.31588593 0.81635624 -0.4835066
vn -0.20132491 0.020113654 -0.97931796
vn -0.15149355 -0.09801244 -0.98358697
vn -0.003206716 -0.3264326 -0.94521505
vn 0.20424984 0.70176333 -0.68250287
vn 0.26269346 0.55476195 -0.78945005
vn 0.33777654 0.4561141 -0.8233267
vn 0.024000982 0.99316156 -0.11425438
vn -0.08224871 0.795875 -0.5998484
vn -0.044519555 0.24842057 -0.96762866
vn -0.011478416 0.9980198 -0.06184414
vn -0.1447093 -0.24571592 -0.95847946
vn -0.4661487 0.88222957 -0.066153884
vn 0.032457806 0.9982351 -0.049730834
vn -0.9239375 0.37667236 -0.06676378
vn -0.763164 0.6461421 -0.0090044495
vn -0.9967978 0.07949033 -0.008683936
vn -0.95511955 0.098102376 0.2795042
vn -0.25627172 -0.14206845 0.9561074
vn -0.55803084 -0.3877888 -0.7336358
vn -0.66746837 -0.6955912 -0.26577958
vn -0.4136451 -0.62036526 -0.66636676
vn -0.52101666 -0.844022 -0.12715541
vn -0.27213117 -0.7236859 -0.63421077
vn -0.095837034 -0.96709955 -0.235656
vn -0.0959243 -0.81405264 -0.5728148
vn 0.20413136 -0.95847887 -0.19911979
vn 0.50449604 -0.863386 0.006958587
vn 0.47876412 -0.7290277 -0.4891866
vn -0.7694361 -0.63871896 0.0024829474
vn -0.44203368 -0.89699405 0.0027991307
vn -0.5537414 -0.8326769 0.0044385707
vn -0.061695606 -0.9980524 0.009223375
vn -0.0533271 -0.99857414 0.0024421616
vn 0.1029356 -0.9946853 -0.0023431655
vn 0.12402132 -0.9922793 -0.00072325714
vn 0.44299638 -0.896495 -0.007136904
vn 0.14188205 -0.98988307 -0.0009863176
vn 0.6928406 -0.7210811 -0.0037413817
vn 0.5201314 -0.85408276 -0.0024341806
vn 0.71028113 -0.7039068 0.0039958595
vn 0.87716293 -0.48006353 0.011144557
vn 0.62272567 -0.64191896 -0.44738442
vn 0.8378466 -0.5457275 0.013951051
vn 0.76432186 -0.43385053 -0.47705954
vn 0.9915214 -0.12962776 0.009054209
vn 0.8934161 -0.14189686 -0.42623115
vn 0.9938748 0.110033095 -0.010278777
vn 0.9337812 -0.042261843 -0.35534015
vn 0.9915687 0.12945424 0.005760726
vn 0.99997497 -0.007059311 -0.00043150873
vn -0.5360868 -0.8441548 -0.0036995353
vn -0.7502017 -0.6611955 0.004227072
vn -0.7817217 -0.62359595 0.0062652626
vn -0.017096665 -0.9998521 0.0018418841
vn -0.19463675 -0.9807853 -0.01329197
vn 0.056737866 -0.99837124 -0.005976978
vn 0.4118215 -0.9112573 0.0036247019
vn 0.01542192 -0.99984473 0.008526622
vn 0.6796129 -0.733571 -0.00005246837
vn 0.68385154 -0.72962105 -0.00045544715
vn 0.66780925 -0.74433184 -0.0009318473
vn 0.8675873 -0.49702784 -0.015987
vn 0.83379096 -0.5520696 -0.0034267355
vn 0.9138579 -0.4052727 -0.024856534
vn 0.9957426 -0.09195731 -0.006358691
vn 0.99933076 -0.03544234 -0.009050326
vn 0.97942734 0.20178495 0.00221257
vn 0.9905011 0.13750415 -0.00042550566
vn 0.98573947 0.16825986 -0.0025128592
vn -0.60683376 -0.7947631 -0.01022081
vn -0.78557414 -0.6187333 0.0065102964
vn -0.8249134 -0.56525123 0.0029900216
vn -0.6491037 -0.760625 0.010675761
vn -0.8031271 -0.59468067 0.03663071
vn -0.343632 -0.9389237 0.018421294
vn -0.3325317 -0.94279855 0.023528107
vn -0.013938445 -0.9997489 0.017546885
vn -0.3514469 -0.9340794 0.06309339
vn 0.26528758 -0.96400386 0.017862806
vn -0.0066913133 -0.99959975 0.027487423
vn 0.4121467 -0.91103923 0.011940776
vn 0.6537287 -0.75656706 0.015653284
vn 0.8374742 -0.546256 0.015534205
vn 0.60846394 -0.7933656 0.018511403
vn 0.98920065 -0.14626941 0.009342821
vn 0.98457783 -0.17227016 0.030486891
vn 0.9919078 -0.12694542 -0.0019687181
vn 0.98746794 0.15781304 -0.0014546775
vn 0.9850698 0.170381 0.024653316
vn -0.8435373 -0.53157693 -0.07662136
vn -0.70489335 -0.70923287 0.010682447
vn -0.7452715 -0.5873844 -0.31551534
vn -0.68856627 -0.7246016 0.028793067
vn -0.36602002 -0.93004906 0.032219645
vn -0.37234053 -0.88729006 -0.27217436
vn -0.028904757 -0.99389493 -0.10647717
vn 0.040782355 -0.99903417 -0.016355336
vn 0.24741611 -0.9689084 -0.0013193302
vn -0.06979016 -0.8071378 -0.5862234
vn -0.1565995 -0.9516621 -0.2642268
vn 0.41505146 -0.90609944 -0.081951864
vn -0.062547036 -0.8830731 -0.4650482
vn 0.29060116 -0.9564413 -0.027768377
vn 0.5736571 -0.8155143 -0.07651072
vn 0.2103798 -0.9767429 0.041395675
vn 0.65325475 -0.7549135 -0.057998594
vn 0.83718646 -0.509345 -0.19921479
vn 0.8211052 -0.5704673 0.018798852
vn 0.9687309 -0.22723752 -0.099616975
vn 0.9126327 -0.061341643 -0.40415183
vn 0.98752433 -0.1026581 0.11940266
vn 0.98437935 -0.17557324 -0.013090635
vn 0.9507496 -0.24218675 -0.19344471
vn 0.8717681 -0.47533134 -0.11866137
vn 0.78272384 -0.50288033 0.36668065
vn 0.76733506 -0.6297376 -0.120944306
vn 0.79916084 -0.10966969 0.59102833
vn 0.7016868 0.08844084 0.7069751
vn 0.95581704 -0.12579009 0.26568907
vn 0.98741364 -0.15547334 0.029022677
vn 0.83105856 0.28812942 -0.47573423
vn 0.9507282 0.30796105 0.035720274
vn -0.59489584 -0.73896164 -0.3162825
vn -0.9099332 -0.40212485 0.10157321
vn -0.6373034 -0.6801887 -0.3621983
vn -0.70461607 -0.7093795 -0.017233435
vn -0.61348474 -0.78767675 -0.056584407
vn -0.13288142 -0.97156566 -0.19596612
vn -0.6247243 -0.42293188 0.6563902
vn -0.25961882 -0.9584455 0.11823848
vn -0.43461955 -0.8977029 0.07235607
vn 0.14676699 -0.98498327 0.09092537
vn 0.036647197 -0.99915534 -0.018591171
vn -0.16955587 -0.97851145 0.11732911
vn 0.19350938 -0.97732043 0.086016886
vn 0.049336307 -0.9963523 0.069627255
vn 0.49087116 -0.8602277 0.13803555
vn 0.60098517 -0.79920846 -0.009091134
vn 0.83774066 -0.5460443 -0.005123889
vn 0.6825851 -0.6933292 0.2310242
vn 0.37468114 -0.90515524 0.20076847
vn 0.856986 -0.5069405 0.09266248
vn 0.63443166 -0.6181389 -0.46411282
vn 0.66235495 -0.18891221 -0.7249814
vn -0.8987895 -0.3823938 0.21436511
vn -0.6981038 -0.7159036 -0.011538276
vn -0.5814146 -0.5863383 0.5640607
vn -0.77256894 -0.6341677 0.03112304
vn -0.54081184 -0.8277739 0.14937487
vn -0.37605327 -0.9118707 0.16454704
vn -0.3534189 -0.9334151 -0.061897222
vn -0.016403608 -0.65775067 -0.75305706
vn -0.48731 -0.45876393 -0.7430105
vn -0.6574617 -0.6558047 -0.37103146
vn -0.49775025 -0.61126983 -0.6152999
vn 0.01012952 -0.09593707 -0.9953359
vn 0.37467036 -0.77024025 -0.5160931
vn 0.51333994 -0.5462682 -0.6618709
vn -0.8069978 -0.56673676 -0.16602415
vn -0.5277557 -0.56740564 -0.6320797
vn 0.95234877 0.25837398 0.16209492
vn 0.07539642 0.03564499 -0.99651635
vn 0.018273992 0.112308525 -0.99350536
vn -0.33939227 0.053871006 -0.93910104
vn -0.09936206 0.002463472 -0.9950483
vn 0.2629499 -0.013527973 -0.96471465
vn -0.40868327 0.002226389 -0.9126736
vn -0.03141445 -0.55429804 -0.8317252
vn -0.20579126 0.92486507 -0.31980395
vn 0.2699972 0.33876765 -0.9012979
vn 0.7161589 0.5331068 -0.45045924
vn 0.32807794 0.93697464 -0.120180465
vn 0.20881449 -0.17565253 -0.9620513
vn -0.33333334 -0.6666667 0.6666667
vn -0.043363955 -0.031089636 -0.9985755
vn 0.093642645 0.60450464 -0.7910785
vn 0 0 0
vn -0.11776327 -0.061524138 -0.991134
vn -0.029466826 -0.9267983 -0.3744017
vn 0.1168921 -0.6885287 -0.7157265
vn 0.039371602 -0.9555995 -0.2920265
vn 0.10871166 -0.46697816 -0.8775609
vn 0.31497186 -0.90874153 -0.27382758
vn 0.3940678 -0.39704087 -0.82889634
vn 0.6543411 -0.71540284 -0.24502361
vn 0.36688036 -0.29909304 -0.88087577
vn 0.6289821 0.6091236 -0.4830631
vn -0.017898409 0.4226047 -0.90613735
vn 0.43925214 0.29148683 -0.84976053
vn 0.24874377 0.39111415 -0.88609046
vn 0.91302943 0.32536882 -0.24599262
vn 0.43222684 -0.021787215 -0.90150166
vn 0.3712486 -0.16170081 -0.9143453
vn 0.69467574 -0.63448286 -0.33890578
vn 0.777318 -0.38267732 -0.49933437
vn 0.70740676 0.18267654 -0.682792
vn 0.900921 0.0000079794745 -0.43398312
vn 0.6180954 0.53823787 -0.57293814
vn 0.67332 -0.71234107 -0.198016
vn 0.30570546 -0.9169528 -0.25640163
vn 0.3208767 -0.9470678 -0.01003644
vn 0.65348476 -0.75693107 0.0036167111
vn 0.62247646 -0.78263026 -0.0035942013
vn 0.36480206 -0.9310679 -0.005664292
vn 0.63631976 -0.7714085 0.0051044575
vn 0.2623226 -0.9649472 0.007982802
vn 0.69878465 -0.7152957 -0.0072149546
vn 0.71727514 -0.69678426 0.0028408365
vn 0.38149196 -0.92432857 0.008977575
vn 0.68588394 -0.7277078 0.0021249196
vn 0.5778055 -0.6437821 -0.50168264
vn 0.84492713 -0.4440506 -0.29818994
vn 0.83661234 -0.5473617 0.021794673
vn 0.93259233 -0.3609297 -0.0011557268
vn 0.98792875 -0.1543301 0.013381588
vn 0.92690885 -0.1940954 -0.3211961
vn 0.99926734 -0.037975922 -0.0047511463
vn 0.67251474 -0.7400765 0.003278149
vn 0.7396271 -0.6730156 -0.0013163376
vn 0.9539236 -0.30003572 -0.0028934784
vn 0.9995023 -0.003571684 -0.031342994
vn 0.97384906 0.17790039 -0.14131325
vn 0.8932825 -0.44949523 0.0007013968
vn 0.4481305 -0.011019967 -0.8939002
vn 0 0 0
vn 0.9984317 -0.055977497 -0.00080110267
vn 0.9993437 0.035874296 -0.005018484
vn 0.86084926 -0.04941765 -0.50645477
vn 0.9949487 0.10025836 -0.005038759
vn 0.87658906 0.43552864 -0.20471074
vn 0.9358315 0.3524329 -0.0032346684
vn 0.86892474 0.49493298 -0.0033371556
vn 0.99598795 0.08866867 0.012075765
vn -0.3630604 -0.9232373 -0.12577763
vn -0.6253879 -0.67104 -0.3982402
vn -0.6862821 -0.72728914 -0.008207593
vn -0.7186651 -0.5754404 -0.39037
vn -0.3770331 -0.92619103 -0.004023552
vn -0.32350323 -0.946227 -0.0002521137
vn -0.8197423 0.48218927 -0.30905676
vn -0.77449703 0.6325302 -0.0077404846
vn -0.9879353 0.15465006 -0.008199249
vn -0.90043986 0.09851758 -0.42367715
vn -0.92767423 -0.028860662 -0.37227353
vn -0.9999938 0.0015158723 -0.0031728137
vn -0.9881627 0.15330376 -0.0056987884
vn -0.9319318 -0.2914034 -0.21584076
vn -0.9484832 -0.3168264 0.0007458401
vn -0.9999618 -0.0069032502 -0.005366995
vn -0.7519223 -0.6592386 -0.004162795
vn -0.7389108 -0.67379767 -0.0027420684
vn -0.6676715 -0.7444557 0.0007404489
vn -0.39205748 -0.9199395 -0.0014742177
vn -0.6759393 -0.7369571 -0.0005320658
vn -0.83364624 0.5522741 -0.005220767
vn -0.8215928 0.56960577 -0.02311933
vn -0.9907882 0.13512991 0.0088667525
vn -0.99986684 -0.0157566 0.004250104
vn -0.872972 0.15513399 -0.46244276
vn -0.9629413 -0.26961723 -0.0071133324
vn -0.94039834 -0.34007138 0.0015415904
vn -0.9157282 -0.40176824 -0.0049133333
vn -0.74120027 -0.6712823 -0.0014739863
vn -0.6591945 -0.7519017 -0.01031779
vn -0.73483 -0.67811054 -0.013819457
vn -0.33267358 -0.94244766 -0.033476584
vn -0.55699277 -0.71180433 -0.4278944
vn -0.94331187 0.074238196 -0.32349873
vn -0.7800987 -0.2719595 -0.56345725
vn -0.6649721 0.33438233 -0.6678327
vn -0.6612781 -0.6541179 -0.36720708
vn -0.24279062 -0.74676853 -0.61918455
vn -0.057975873 -0.99830294 0.0054773795
vn -0.054753885 -0.9906327 -0.12509514
vn 0.014813167 -0.9998746 -0.0056013153
vn -0.11485425 -0.8895631 -0.44213805
vn 0.05188978 -0.8539871 -0.51770025
vn -0.053940047 -0.64558595 -0.7617803
vn -0.043047022 -0.48941496 -0.8709879
vn -0.18670627 -0.38840452 -0.9023761
vn -0.024358727 -0.9997029 0.0008851186
vn -0.020453934 -0.9997403 -0.010049386
vn -0.024843188 -0.9996856 -0.0034009481
vn 0.024382599 -0.9996983 -0.0029714229
vn 0.026685923 -0.99963415 -0.004410917
vn 0.03330111 -0.9925161 -0.117485195
vn 0.13060226 -0.73327965 -0.6672661
vn 0.030837247 -0.9995001 -0.0069750585
vn -0.71100235 0.29905283 -0.6364299
vn -0.5051781 0.027157696 -0.86258775
vn -0.90102154 0.016994985 -0.43344134
vn -0.19204229 -0.49365088 -0.8481914
vn -0.38378295 -0.45825323 -0.8016948
vn -0.22628322 -0.3188193 -0.9204076
vn -0.22577092 0.6872424 -0.69045305
vn 0.027093451 0.7169732 -0.6965741
vn 0.100519426 0.683094 -0.72337985
vn -0.1664375 0.31717238 -0.9336489
vn -0.04732203 0.9058901 -0.4208607
vn -0.44888186 0.5219966 -0.7252755
vn -0.2375691 0.273098 -0.9321901
vn -0.015044996 0.012679998 -0.9998064
vn -0.15851031 0.09408703 -0.98286426
vn -0.25674215 0.054544345 -0.9649396
vn -0.18267436 0.18502349 -0.96560675
vn -0.47803697 -0.0013126004 -0.87833875
vn -0.31343585 0.0074416925 -0.9495802
vn -0.31191415 -0.1244101 -0.94192976
vn -0.31246525 -0.085497305 -0.94607383
vn -0.2471933 -0.22676979 -0.9420568
vn -0.4019685 -0.3602569 -0.8418054
vn -0.01319069 -0.75682515 -0.6534843
vn -0.010595913 -0.6826649 -0.7306548
vn 0.026447628 -0.7439318 -0.667732
vn -0.40125954 0.26913518 -0.87553245
vn -0.6417135 0.7166133 -0.2732567
vn -0.6338968 0.76009256 -0.14294773
vn -0.7687818 0.21766642 -0.6013285
vn -0.13265312 0.05138603 -0.9898296
vn -0.4123708 0.08408885 -0.90712696
vn -0.18657815 0.07143249 -0.9798398
vn 0 0 0
vn -0.13753742 -0.044785257 -0.9894836
vn -0.18657815 0.07143249 -0.9798398
vn -0.13753742 -0.044785257 -0.9894836
vn -0.24925639 -0.09806589 -0.96345955
vn -0.4123708 0.08408885 -0.90712696
vn 0.83105856 0.28812942 -0.47573423
vn 0.66235495 -0.18891221 -0.7249814
vn 0.07539642 0.03564499 -0.99651635
vn 0.531041 0.49751362 0.68591225
vn 0.8043845 0.17422713 0.5679881
vn 0.8528181 0.19370137 0.48495477
vn 0.80889386 0.42993554 0.40105635
vn 0.7276034 0.50125414 0.46833494
vn 0.2699972 0.33876765 -0.9012979
vn -0.40868327 0.002226389 -0.9126736
vn -0.015351032 0.18043886 -0.9834664
vn -0.2790036 -0.6799915 -0.6780624
vn -0.82551914 -0.4501961 -0.3403551
vn -0.9493301 -0.097198024 -0.2988728
vn 0.003401937 0.9307107 -0.36574042
vn -0.016085278 0.03191552 -0.9993611
vn 0.061161272 -0.91227573 -0.40498427
vn 0.39991277 -0.7533382 -0.52206445
vn -0.44729418 0.7067524 -0.548114
vn -0.45640454 0.4060981 -0.7916939
vn 0.2734945 -0.13661528 -0.9521224
vn 0.852916 -0.46637526 -0.23458147
vn 0.073450714 0.57817036 -0.81260324
vn -0.5528209 0.7754963 -0.30495
vn -0.7193918 0.5225813 -0.45758525
vn -0.74823105 0.17635225 -0.63957036
vn 0.5650024 0.08771905 -0.8204131
vn -0.025900902 -0.020627914 -0.99945164
vn -0.7257031 -0.32729918 -0.6051696
vn 0.511661 0.30735314 -0.8023322
vn -0.1568523 -0.017351056 -0.9874696
vn -0.9555302 -0.09224171 -0.28009534
vn 0 0 0
vn 0 0 0
vn -0.2552392 -0.047982935 -0.9656866
vn -0.48731 -0.45876393 -0.7430105
vn 0.01012952 -0.09593707 -0.9953359
vn 0.093642645 0.60450464 -0.7910785
vn -0.5277557 -0.56740564 -0.6320797
vn -0.49775025 -0.61126983 -0.6152999
vn -0.6574617 -0.6558047 -0.37103146
vn -0.81548333 0.4490275 0.3651865
vn -0.74823105 0.17635225 -0.63957036
vn -0.7257031 -0.32729918 -0.6051696
vn 0 0 0
vn 0 0 0
vn 0.01012952 -0.09593707 -0.9953359
vn 0.093642645 0.60450464 -0.7910785
vn 0 0 0
vn 0.91826665 -0.3908364 -0.06350819
vn 0.01443842 0.9761389 -0.21666645
vn -0.16961649 0.03362339 -0.9849364
vn 0.28076658 -0.05073378 -0.9584342
vn -0.01945206 0.06540424 -0.9976692
vn -0.06452882 0.101251855 -0.9927659
vn -0.13265312 0.05138603 -0.9898296
vn -0.18657815 0.07143249 -0.9798398
vn -0.044519555 0.24842057 -0.96762866
vn -0.011478416 0.9980198 -0.06184414
vn -0.04497681 0.02488315 -0.9986781
vn 0.014200386 0.08813278 -0.9960075
vn 0.049561974 0.049185697 -0.9975592
vn -0.13753742 -0.044785257 -0.9894836
vn 0.030758614 0.05858075 -0.9978087
vn -0.055639155 -0.002131348 -0.99844867
vn -0.017223122 0.055903707 -0.9982876
vn -0.16957696 0.054440714 -0.9840121
vn 0.5511319 -0.09769161 -0.8286797
vn -0.1447093 -0.24571592 -0.95847946
vn -0.024429899 -0.014557708 -0.9995955
vn -0.025151595 0.026356 -0.9993362
vn -0.058009394 0.01647724 -0.99818003
vn -0.24925639 -0.09806589 -0.96345955
vn -0.15149355 -0.09801244 -0.98358697
vn 0 0 0
vn -0.02243913 -0.07421475 -0.9969898
vn -0.003206716 -0.3264326 -0.94521505
vn -0.3654337 -0.5528859 -0.7488494
vn 0.20424984 0.70176333 -0.68250287
vn -0.15368791 0.2228824 -0.9626544
vn -0.17570323 -0.5217202 -0.8348272
vn 0.2666647 -0.3844218 -0.8838042
vn 0.025755739 -0.010318 -0.999615
vn 0.09286839 -0.0011550072 -0.9956777
vn -0.24925639 -0.09806589 -0.96345955
vn -0.15149355 -0.09801244 -0.98358697
vn 0 0 0
vn 0.95234877 0.25837398 0.16209492
vn 0.9507282 0.30796105 0.035720274
vn 0 0 0
usemtl material_0
f 1/1/1 2/2/2 3/3/3 4/4/4
f 1/1/1 4/4/4 3/3/3 2/2/2
f 5/5/5 6/6/6 7/7/7
f 8/8/8 9/9/9 10/10/10
f 11/11/11 12/12/12 13/13/13
f 14/14/14 17/17/17 15/15/15 16/16/16
f 14/14/14 16/16/16 15/15/15 17/17/17
f 18/18/18 19/19/19 20/20/20
f 21/21/21 24/24/24 22/22/22 23/23/23
f 23/23/23 22/22/22 25/25/25 27/27/27
f 22/22/22 31/31/31 26/26/26 25/25/25
f 27/27/27 25/25/25 28/28/28 29/29/29
f 24/24/24 30/30/30 31/31/31 22/22/22
f 30/30/30 52/52/52 32/32/32 31/31/31
f 31/31/31 32/32/32 33/33/33 26/26/26
f 26/26/26 33/33/33 34/34/34 36/36/36
f 33/33/33 56/56/56 35/35/35 34/34/34
f 36/36/36 34/34/34 37/37/37 38/38/38
f 25/25/25 26/26/26 36/36/36 28/28/28
f 28/28/28 36/36/36 38/38/38 39/39/39
f 39/39/39 38/38/38 40/40/40 43/43/43
f 29/29/29 28/28/28 39/39/39 41/41/41
f 42/42/42 41/41/41 39/39/39 43/43/43
f 42/42/42 43/43/43 44/44/44
f 44/44/44 43/43/43 45/45/45 73/73/73
f 42/42/42 44/44/44 46/46/46 48/48/48
f 44/44/44 73/73/73 47/47/47 46/46/46
f 49/49/49 76/76/76 50/50/50 51/51/51
f 52/52/52 53/53/53 54/54/54 32/32/32
f 55/55/55 84/84/84 54/54/54 53/53/53
f 32/32/32 54/54/54 56/56/56 33/33/33
f 57/57/57 56/56/56 54/54/54 84/84/84
f 57/57/57 58/58/58 35/35/35 56/56/56
f 59/59/59 60/60/60 61/61/61 64/64/64
f 59/59/59 63/63/63 37/37/37 62/62/62
f 62/62/62 37/37/37 34/34/34 35/35/35
f 59/59/59 64/64/64 63/63/63
f 63/63/63 40/40/40 38/38/38 37/37/37
f 65/65/65 40/40/40 63/63/63 64/64/64
f 43/43/43 40/40/40 65/65/65 45/45/45
f 65/65/65 64/64/64 66/66/66 67/67/67
f 61/61/61 91/91/91 66/66/66 64/64/64
f 67/67/67 66/66/66 68/68/68 70/70/70
f 45/45/45 65/65/65 67/67/67 69/69/69
f 69/69/69 67/67/67 70/70/70 72/72/72
f 45/45/45 69/69/69 71/71/71 73/73/73
f 71/71/71 69/69/69 72/72/72 75/75/75
f 47/47/47 73/73/73 71/71/71 74/74/74
f 74/74/74 71/71/71 75/75/75 77/77/77
f 49/49/49 47/47/47 74/74/74 76/76/76
f 76/76/76 74/74/74 77/77/77 79/79/79
f 76/76/76 79/79/79 78/78/78 50/50/50
f 50/50/50 78/78/78 80/80/80 82/82/82
f 78/78/78 105/105/105 81/81/81 80/80/80
f 83/83/83 51/51/51 50/50/50 82/82/82
f 85/85/85 86/86/86 87/87/87 88/88/88
f 60/60/60 85/85/85 88/88/88 61/61/61
f 61/61/61 88/88/88 89/89/89 91/91/91
f 88/88/88 87/87/87 90/90/90 89/89/89
f 92/92/92 91/91/91 89/89/89 115/115/115
f 66/66/66 91/91/91 92/92/92 68/68/68
f 68/68/68 92/92/92 93/93/93 95/95/95
f 92/92/92 115/115/115 94/94/94 93/93/93
f 93/93/93 123/123/123 96/96/96 95/95/95
f 70/70/70 68/68/68 95/95/95 97/97/97
f 97/97/97 95/95/95 96/96/96 99/99/99
f 72/72/72 70/70/70 97/97/97 98/98/98
f 98/98/98 97/97/97 99/99/99 132/132/132
f 72/72/72 98/98/98 100/100/100 75/75/75
f 98/98/98 132/132/132 101/101/101 100/100/100
f 77/77/77 75/75/75 100/100/100 102/102/102
f 102/102/102 100/100/100 101/101/101 135/135/135
f 77/77/77 102/102/102 103/103/103 79/79/79
f 102/102/102 135/135/135 104/104/104 103/103/103
f 78/78/78 79/79/79 103/103/103 105/105/105
f 103/103/103 104/104/104 106/106/106 105/105/105
f 105/105/105 106/106/106 107/107/107 81/81/81
f 87/87/87 108/108/108 109/109/109 90/90/90
f 108/108/108 142/142/142 110/110/110 109/109/109
f 90/90/90 109/109/109 111/111/111 113/113/113
f 109/109/109 110/110/110 112/112/112 111/111/111
f 113/113/113 111/111/111 114/114/114 116/116/116
f 89/89/89 90/90/90 113/113/113 115/115/115
f 115/115/115 113/113/113 116/116/116 94/94/94
f 117/117/117 94/94/94 116/116/116 118/118/118
f 93/93/93 94/94/94 117/117/117 123/123/123
f 118/118/118 116/116/116 114/114/114 155/155/155
f 117/117/117 118/118/118 119/119/119 121/121/121
f 118/118/118 155/155/155 120/120/120 119/119/119
f 121/121/121 119/119/119 122/122/122 125/125/125
f 123/123/123 117/117/117 121/121/121 124/124/124
f 124/124/124 121/121/121 125/125/125 127/127/127
f 96/96/96 123/123/123 124/124/124 126/126/126
f 126/126/126 124/124/124 127/127/127 129/129/129
f 96/96/96 126/126/126 128/128/128 99/99/99
f 128/128/128 126/126/126 129/129/129 131/131/131
f 99/99/99 128/128/128 130/130/130 132/132/132
f 130/130/130 128/128/128 131/131/131 173/173/173
f 101/101/101 132/132/132 130/130/130 133/133/133
f 130/130/130 173/173/173 134/134/134 133/133/133
f 135/135/135 101/101/101 133/133/133 136/136/136
f 136/136/136 133/133/133 134/134/134 176/176/176
f 104/104/104 135/135/135 136/136/136 137/137/137
f 136/136/136 176/176/176 138/138/138 137/137/137
f 104/104/104 137/137/137 139/139/139 106/106/106
f 139/139/139 137/137/137 138/138/138 180/180/180
f 106/106/106 139/139/139 140/140/140 107/107/107
f 139/139/139 180/180/180 141/141/141 140/140/140
f 110/110/110 142/142/142 143/143/143 144/144/144
f 145/145/145 110/110/110 144/144/144
f 145/145/145 149/149/149 112/112/112 110/110/110
f 145/145/145 144/144/144 146/146/146 147/147/147
f 147/147/147 146/146/146 148/148/148 187/187/187
f 145/145/145 147/147/147 149/149/149
f 149/149/149 147/147/147 150/150/150 152/152/152
f 149/149/149 152/152/152 151/151/151 112/112/112
f 111/111/111 112/112/112 151/151/151 114/114/114
f 114/114/114 151/151/151 153/153/153 155/155/155
f 151/151/151 152/152/152 154/154/154 153/153/153
f 155/155/155 153/153/153 156/156/156 120/120/120
f 120/120/120 156/156/156 157/157/157 159/159/159
f 156/156/156 195/195/195 158/158/158 157/157/157
f 159/159/159 157/157/157 160/160/160 161/161/161
f 119/119/119 120/120/120 159/159/159 122/122/122
f 122/122/122 159/159/159 161/161/161 162/162/162
f 162/162/162 161/161/161 163/163/163 206/206/206
f 125/125/125 122/122/122 162/162/162 164/164/164
f 162/162/162 206/206/206 165/165/165 164/164/164
f 127/127/127 125/125/125 164/164/164 166/166/166
f 166/166/166 164/164/164 165/165/165 168/168/168
f 129/129/129 127/127/127 166/166/166 167/167/167
f 167/167/167 166/166/166 168/168/168 170/170/170
f 131/131/131 129/129/129 167/167/167 169/169/169
f 169/169/169 167/167/167 170/170/170 211/211/211
f 131/131/131 169/169/169 171/171/171 173/173/173
f 169/169/169 211/211/211 172/172/172 171/171/171
f 134/134/134 173/173/173 171/171/171 174/174/174
f 171/171/171 172/172/172 175/175/175 174/174/174
f 176/176/176 134/134/134 174/174/174 177/177/177
f 177/177/177 174/174/174 175/175/175 215/215/215
f 176/176/176 177/177/177 178/178/178 138/138/138
f 177/177/177 215/215/215 179/179/179 178/178/178
f 180/180/180 138/138/138 178/178/178 181/181/181
f 181/181/181 178/178/178 179/179/179 183/183/183
f 141/141/141 180/180/180 181/181/181 182/182/182
f 182/182/182 181/181/181 183/183/183 219/219/219
f 148/148/148 184/184/184 185/185/185 187/187/187
f 184/184/184 220/220/220 186/186/186 185/185/185
f 187/187/187 185/185/185 188/188/188 189/189/189
f 147/147/147 187/187/187 189/189/189 150/150/150
f 150/150/150 189/189/189 190/190/190 192/192/192
f 189/189/189 188/188/188 191/191/191 190/190/190
f 192/192/192 190/190/190 193/193/193 194/194/194
f 150/150/150 192/192/192 154/154/154 152/152/152
f 154/154/154 192/192/192 194/194/194 195/195/195
f 195/195/195 194/194/194 196/196/196 158/158/158
f 153/153/153 154/154/154 195/195/195 156/156/156
f 158/158/158 196/196/196 197/197/197 199/199/199
f 196/196/196 234/234/234 198/198/198 197/197/197
f 199/199/199 197/197/197 200/200/200 201/201/201
f 157/157/157 158/158/158 199/199/199 160/160/160
f 160/160/160 199/199/199 201/201/201 202/202/202
f 202/202/202 201/201/201 203/203/203 204/204/204
f 161/161/161 160/160/160 202/202/202 163/163/163
f 163/163/163 202/202/202 204/204/204 205/205/205
f 206/206/206 163/163/163 205/205/205 207/207/207
f 165/165/165 206/206/206 207/207/207 208/208/208
f 168/168/168 165/165/165 208/208/208 209/209/209
f 170/170/170 168/168/168 209/209/209 210/210/210
f 211/211/211 170/170/170 210/210/210 212/212/212
f 211/211/211 212/212/212 213/213/213 172/172/172
f 175/175/175 172/172/172 213/213/213 214/214/214
f 215/215/215 175/175/175 214/214/214 216/216/216
f 215/215/215 216/216/216 217/217/217 179/179/179
f 183/183/183 179/179/179 217/217/217 218/218/218
f 220/220/220 222/222/222 221/221/221 186/186/186
f 186/186/186 221/221/221 223/223/223 224/224/224
f 224/224/224 223/223/223 225/225/225 226/226/226
f 185/185/185 186/186/186 224/224/224 188/188/188
f 188/188/188 224/224/224 226/226/226 191/191/191
f 227/227/227 191/191/191 226/226/226 228/228/228
f 190/190/190 191/191/191 227/227/227 193/193/193
f 226/226/226 225/225/225 229/229/229 228/228/228
f 227/227/227 228/228/228 230/230/230 232/232/232
f 228/228/228 229/229/229 231/231/231 230/230/230
f 232/232/232 230/230/230 233/233/233 235/235/235
f 193/193/193 227/227/227 232/232/232 234/234/234
f 232/232/232 235/235/235 198/198/198 234/234/234
f 194/194/194 193/193/193 234/234/234 196/196/196
f 198/198/198 235/235/235 236/236/236 238/238/238
f 235/235/235 233/233/233 237/237/237 236/236/236
f 238/238/238 236/236/236 239/239/239 240/240/240
f 197/197/197 198/198/198 238/238/238 200/200/200
f 200/200/200 238/238/238 240/240/240 241/241/241
f 201/201/201 200/200/200 241/241/241 203/203/203
f 230/230/230 231/231/231 242/242/242 233/233/233
f 233/233/233 242/242/242 243/243/243 237/237/237
f 237/237/237 243/243/243 244/244/244 245/245/245
f 236/236/236 237/237/237 245/245/245 239/239/239
f 239/239/239 245/245/245 246/246/246 247/247/247
f 247/247/247 246/246/246 248/248/248 249/249/249
f 239/239/239 247/247/247 250/250/250 240/240/240
f 241/241/241 240/240/240 250/250/250 251/251/251
f 251/251/251 250/250/250 252/252/252 253/253/253
f 247/247/247 249/249/249 252/252/252 250/250/250
f 246/246/246 255/255/255 254/254/254 248/248/248
f 246/246/246 245/245/245 244/244/244 255/255/255
f 256/256/256 257/257/257 258/258/258 280/280/280
f 259/259/259 260/260/260 257/257/257 256/256/256
f 259/259/259 264/264/264 261/261/261 260/260/260
f 259/259/259 256/256/256 262/262/262 264/264/264
f 256/256/256 280/280/280 263/263/263 262/262/262
f 265/265/265 264/264/264 262/262/262 285/285/285
f 261/261/261 264/264/264 265/265/265 266/266/266
f 267/267/267 266/266/266 265/265/265 268/268/268
f 265/265/265 285/285/285 269/269/269 268/268/268
f 267/267/267 268/268/268 270/270/270 271/271/271
f 270/270/270 268/268/268 269/269/269 288/288/288
f 271/271/271 270/270/270 272/272/272 273/273/273
f 274/274/274 275/275/275 276/276/276 278/278/278
f 275/275/275 296/296/296 277/277/277 276/276/276
f 279/279/279 278/278/278 276/276/276 300/300/300
f 280/280/280 258/258/258 274/274/274 278/278/278
f 263/263/263 280/280/280 278/278/278 279/279/279
f 263/263/263 279/279/279 281/281/281 283/283/283
f 279/279/279 300/300/300 282/282/282 281/281/281
f 284/284/284 283/283/283 281/281/281 287/287/287
f 285/285/285 262/262/262 263/263/263 283/283/283
f 285/285/285 283/283/283 284/284/284 269/269/269
f 269/269/269 284/284/284 286/286/286 288/288/288
f 286/286/286 284/284/284 287/287/287 309/309/309
f 288/288/288 286/286/286 289/289/289 290/290/290
f 270/270/270 288/288/288 290/290/290 272/272/272
f 291/291/291 272/272/272 290/290/290 292/292/292
f 291/291/291 295/295/295 273/273/273 272/272/272
f 292/292/292 290/290/290 289/289/289 314/314/314
f 291/291/291 292/292/292 293/293/293 295/295/295
f 292/292/292 314/314/314 294/294/294 293/293/293
f 296/296/296 298/298/298 297/297/297 277/277/277
f 299/299/299 277/277/277 297/297/297 301/301/301
f 300/300/300 276/276/276 277/277/277 299/299/299
f 297/297/297 317/317/317 302/302/302 301/301/301
f 299/299/299 301/301/301 303/303/303 304/304/304
f 303/303/303 301/301/301 302/302/302 321/321/321
f 305/305/305 304/304/304 303/303/303 333/333/333
f 300/300/300 299/299/299 304/304/304 282/282/282
f 282/282/282 304/304/304 305/305/305 306/306/306
f 306/306/306 305/305/305 307/307/307 308/308/308
f 287/287/287 281/281/281 282/282/282 306/306/306
f 287/287/287 306/306/306 308/308/308 309/309/309
f 309/309/309 308/308/308 310/310/310 311/311/311
f 286/286/286 309/309/309 311/311/311 289/289/289
f 289/289/289 311/311/311 312/312/312 314/314/314
f 311/311/311 310/310/310 313/313/313 312/312/312
f 294/294/294 314/314/314 312/312/312 315/315/315
f 315/315/315 312/312/312 313/313/313 339/339/339
f 297/297/297 298/298/298 316/316/316 317/317/317
f 316/316/316 344/344/344 318/318/318 317/317/317
f 317/317/317 318/318/318 319/319/319 302/302/302
f 320/320/320 321/321/321 302/302/302 319/319/319
f 320/320/320 319/319/319 322/322/322 323/323/323
f 318/318/318 346/346/346 322/322/322 319/319/319
f 323/323/323 322/322/322 324/324/324 349/349/349
f 320/320/320 323/323/323 325/325/325 327/327/327
f 323/323/323 349/349/349 326/326/326 325/325/325
f 327/327/327 325/325/325 328/328/328 330/330/330
f 329/329/329 321/321/321 320/320/320 327/327/327
f 329/329/329 327/327/327 330/330/330 331/331/331
f 332/332/332 331/331/331 330/330/330 359/359/359
f 333/333/333 329/329/329 331/331/331 334/334/334
f 303/303/303 321/321/321 329/329/329 333/333/333
f 334/334/334 331/331/331 332/332/332 335/335/335
f 305/305/305 333/333/333 334/334/334 307/307/307
f 307/307/307 334/334/334 335/335/335 336/336/336
f 336/336/336 335/335/335 337/337/337 338/338/338
f 308/308/308 307/307/307 336/336/336 310/310/310
f 310/310/310 336/336/336 338/338/338 313/313/313
f 339/339/339 313/313/313 338/338/338 340/340/340
f 338/338/338 337/337/337 341/341/341 340/340/340
f 340/340/340 341/341/341 342/342/342 343/343/343
f 344/344/344 345/345/345 346/346/346 318/318/318
f 322/322/322 346/346/346 347/347/347 324/324/324
f 348/348/348 324/324/324 347/347/347 350/350/350
f 348/348/348 351/351/351 349/349/349 324/324/324
f 349/349/349 351/351/351 352/352/352 326/326/326
f 326/326/326 352/352/352 353/353/353 354/354/354
f 354/354/354 353/353/353 355/355/355 356/356/356
f 325/325/325 326/326/326 354/354/354 328/328/328
f 328/328/328 354/354/354 356/356/356 357/357/357
f 358/358/358 360/360/360 357/357/357 356/356/356
f 330/330/330 328/328/328 357/357/357 359/359/359
f 359/359/359 357/357/357 360/360/360 361/361/361
f 332/332/332 359/359/359 361/361/361 362/362/362
f 362/362/362 361/361/361 363/363/363 364/364/364
f 332/332/332 362/362/362 337/337/337 335/335/335
f 341/341/341 337/337/337 362/362/362 364/364/364
f 341/341/341 364/364/364 365/365/365 342/342/342
f 364/364/364 363/363/363 366/366/366 365/365/365
f 358/358/358 356/356/356 355/355/355 367/367/367
f 368/368/368 367/367/367 369/369/369 370/370/370
f 358/358/358 367/367/367 368/368/368 360/360/360
f 363/363/363 368/368/368 370/370/370 366/366/366
f 361/361/361 360/360/360 368/368/368 363/363/363
f 348/348/348 350/350/350 371/371/371 351/351/351
f 350/350/350 379/379/379 372/372/372 371/371/371
f 352/352/352 351/351/351 371/371/371 382/382/382
f 352/352/352 382/382/382 373/373/373 353/353/353
f 374/374/374 391/391/391 375/375/375 376/376/376
f 377/377/377 378/378/378 376/376/376 375/375/375
f 377/377/377 372/372/372 379/379/379 378/378/378
f 377/377/377 381/381/381 380/380/380 372/372/372
f 382/382/382 371/371/371 372/372/372 380/380/380
f 373/373/373 382/382/382 380/380/380 383/383/383
f 384/384/384 383/383/383 380/380/380 381/381/381
f 373/373/373 383/383/383 385/385/385 386/386/386
f 384/384/384 385/385/385 383/383/383
f 369/369/369 386/386/386 385/385/385 402/402/402
f 373/373/373 386/386/386 355/355/355 353/353/353
f 367/367/367 355/355/355 386/386/386 369/369/369
f 387/387/387 388/388/388 389/389/389
f 387/387/387 389/389/389 390/390/390 391/391/391
f 391/391/391 390/390/390 392/392/392 375/375/375
f 377/377/377 375/375/375 392/392/392 393/393/393
f 392/392/392 407/407/407 394/394/394 393/393/393
f 377/377/377 393/393/393 395/395/395 381/381/381
f 395/395/395 393/393/393 394/394/394 411/411/411
f 384/384/384 381/381/381 395/395/395 396/396/396
f 395/395/395 411/411/411 397/397/397 396/396/396
f 384/384/384 396/396/396 398/398/398
f 398/398/398 396/396/396 399/399/399 401/401/401
f 384/384/384 398/398/398 400/400/400 385/385/385
f 400/400/400 398/398/398 401/401/401 403/403/403
f 404/404/404 403/403/403 401/401/401 405/405/405
f 401/401/401 399/399/399 406/406/406 405/405/405
f 394/394/394 407/407/407 408/408/408 410/410/410
f 392/392/392 390/390/390 409/409/409 407/407/407
f 411/411/411 394/394/394 410/410/410 412/412/412
f 411/411/411 412/412/412 413/413/413 397/397/397
f 397/397/397 413/413/413 414/414/414 415/415/415
f 416/416/416 417/417/417 415/415/415 414/414/414
f 396/396/396 397/397/397 415/415/415 399/399/399
f 406/406/406 399/399/399 415/415/415 417/417/417
f 389/389/389 418/418/418 409/409/409 390/390/390
f 389/389/389 419/419/419 418/418/418
f 420/420/420 429/429/429 421/421/421 422/422/422
f 422/422/422 421/421/421 423/423/423 424/424/424
f 425/425/425 428/428/428 426/426/426 427/427/427
f 425/425/425 421/421/421 429/429/429 428/428/428
f 425/425/425 430/430/430 423/423/423 421/421/421
f 425/425/425 431/431/431 430/430/430
f 430/430/430 433/433/433 432/432/432 423/423/423
f 434/434/434 424/424/424 423/423/423 432/432/432
f 435/435/435 434/434/434 432/432/432 436/436/436
f 436/436/436 432/432/432 433/433/433 446/446/446
f 437/437/437 438/438/438 436/436/436 446/446/446
f 425/425/425 439/439/439 440/440/440 431/431/431
f 431/431/431 441/441/441 442/442/442 443/443/443
f 443/443/443 442/442/442 444/444/444 445/445/445
f 430/430/430 431/431/431 443/443/443 433/433/433
f 433/433/433 443/443/443 445/445/445 446/446/446
f 437/437/437 446/446/446 445/445/445 447/447/447
f 444/444/444 464/464/464 447/447/447 445/445/445
f 437/437/437 447/447/447 448/448/448 449/449/449
f 448/448/448 471/471/471 450/450/450 449/449/449
f 437/437/437 449/449/449 451/451/451 438/438/438
f 451/451/451 449/449/449 450/450/450 452/452/452
f 452/452/452 450/450/450 453/453/453 456/456/456
f 454/454/454 451/451/451 452/452/452 455/455/455
f 455/455/455 452/452/452 456/456/456 458/458/458
f 457/457/457 455/455/455 458/458/458 459/459/459
f 459/459/459 458/458/458 460/460/460 462/462/462
f 457/457/457 459/459/459 461/461/461 463/463/463
f 461/461/461 459/459/459 462/462/462 484/484/484
f 465/465/465 466/466/466 467/467/467 469/469/469
f 466/466/466 488/488/488 468/468/468 467/467/467
f 469/469/469 467/467/467 470/470/470 474/474/474
f 465/465/465 469/469/469 471/471/471 448/448/448
f 469/469/469 474/474/474 472/472/472 471/471/471
f 453/453/453 450/450/450 471/471/471 472/472/472
f 453/453/453 472/472/472 473/473/473 475/475/475
f 474/474/474 497/497/497 473/473/473 472/472/472
f 475/475/475 473/473/473 476/476/476 478/478/478
f 456/456/456 453/453/453 475/475/475 477/477/477
f 477/477/477 475/475/475 478/478/478 479/479/479
f 458/458/458 456/456/456 477/477/477 460/460/460
f 460/460/460 477/477/477 479/479/479 480/480/480
f 480/480/480 479/479/479 481/481/481 514/514/514
f 462/462/462 460/460/460 480/480/480 482/482/482
f 483/483/483 482/482/482 480/480/480 514/514/514
f 484/484/484 462/462/462 482/482/482 485/485/485
f 483/483/483 503/503/503 485/485/485 482/482/482
f 485/485/485 503/503/503 486/486/486 487/487/487
f 488/488/488 489/489/489 490/490/490 468/468/468
f 490/490/490 492/492/492 491/491/491 468/468/468
f 467/467/467 468/468/468 491/491/491 470/470/470
f 470/470/470 491/491/491 493/493/493 495/495/495
f 491/491/491 492/492/492 494/494/494 493/493/493
f 495/495/495 493/493/493 496/496/496 500/500/500
f 474/474/474 470/470/470 495/495/495 497/497/497
f 495/495/495 500/500/500 498/498/498 497/497/497
f 473/473/473 497/497/497 498/498/498 476/476/476
f 476/476/476 498/498/498 499/499/499 501/501/501
f 499/499/499 498/498/498 500/500/500 509/509/509
f 478/478/478 476/476/476 501/501/501 502/502/502
f 479/479/479 478/478/478 502/502/502 481/481/481
f 504/504/504 506/506/506 505/505/505 494/494/494
f 493/493/493 494/494/494 505/505/505 496/496/496
f 505/505/505 508/508/508 507/507/507 496/496/496
f 509/509/509 500/500/500 496/496/496 507/507/507
f 510/510/510 511/511/511 512/512/512 508/508/508
f 505/505/505 506/506/506 510/510/510 508/508/508
f 513/513/513 508/508/508 512/512/512
f 515/515/515 535/535/535 501/501/501 499/499/499
f 501/501/501 535/535/535 516/516/516 502/502/502
f 481/481/481 502/502/502 516/516/516 517/517/517
f 483/483/483 514/514/514 481/481/481 517/517/517
f 483/483/483 517/517/517 518/518/518 503/503/503
f 518/518/518 519/519/519 486/486/486 503/503/503
f 520/520/520 486/486/486 519/519/519 521/521/521
f 519/519/519 536/536/536 522/522/522 521/521/521
f 523/523/523 521/521/521 522/522/522 524/524/524
f 523/523/523 524/524/524 525/525/525
f 524/524/524 527/527/527 526/526/526 525/525/525
f 528/528/528 526/526/526 527/527/527 529/529/529
f 530/530/530 528/528/528 529/529/529 531/531/531
f 532/532/532 533/533/533 509/509/509 507/507/507
f 532/532/532 507/507/507 534/534/534
f 513/513/513 534/534/534 507/507/507 508/508/508
f 515/515/515 499/499/499 509/509/509 533/533/533
f 537/537/537 538/538/538 539/539/539 540/540/540
f 540/540/540 539/539/539 541/541/541 542/542/542
f 543/543/543 544/544/544 542/542/542 541/541/541
f 465/465/465 448/448/448 447/447/447 464/464/464
f 543/543/543 541/541/541 545/545/545 546/546/546
f 543/543/543 546/546/546 547/547/547 548/548/548
f 549/549/549 551/551/551 548/548/548 547/547/547
f 550/550/550 544/544/544 543/543/543 548/548/548
f 550/550/550 548/548/548 551/551/551 552/552/552
f 551/551/551 554/554/554 553/553/553 552/552/552
f 554/554/554 563/563/563 555/555/555 553/553/553
f 556/556/556 557/557/557 558/558/558 559/559/559
f 444/444/444 557/557/557 556/556/556 464/464/464
f 465/465/465 464/464/464 556/556/556 466/466/466
f 466/466/466 556/556/556 559/559/559 488/488/488
f 560/560/560 561/561/561 554/554/554 551/551/551
f 554/554/554 561/561/561 562/562/562 563/563/563
f 490/490/490 489/489/489 563/563/563 562/562/562
f 489/489/489 564/564/564 555/555/555 563/563/563
f 488/488/488 559/559/559 564/564/564 489/489/489
f 559/559/559 558/558/558 565/565/565 564/564/564
f 549/549/549 560/560/560 551/551/551
f 532/532/532 566/566/566 567/567/567 568/568/568
f 566/566/566 570/570/570 569/569/569 567/567/567
f 569/569/569 572/572/572 571/571/571 567/567/567
f 572/572/572 574/574/574 573/573/573 571/571/571
f 574/574/574 576/576/576 575/575/575 573/573/573
f 577/577/577 573/573/573 575/575/575 578/578/578
f 575/575/575 576/576/576 579/579/579 580/580/580
f 578/578/578 575/575/575 580/580/580 581/581/581
f 582/582/582 577/577/577 578/578/578 613/613/613
f 583/583/583 568/568/568 567/567/567 571/571/571
f 583/583/583 571/571/571 573/573/573 577/577/577
f 583/583/583 577/577/577 582/582/582 584/584/584
f 532/532/532 568/568/568 533/533/533
f 515/515/515 533/533/533 568/568/568 616/616/616
f 581/581/581 580/580/580 585/585/585 586/586/586
f 586/586/586 585/585/585 587/587/587 588/588/588
f 585/585/585 615/615/615 589/589/589 587/587/587
f 581/581/581 586/586/586 590/590/590 591/591/591
f 590/590/590 586/586/586 588/588/588 592/592/592
f 592/592/592 588/588/588 593/593/593 594/594/594
f 594/594/594 593/593/593 595/595/595 596/596/596
f 597/597/597 596/596/596 595/595/595 598/598/598
f 597/597/597 598/598/598 599/599/599
f 598/598/598 601/601/601 600/600/600 599/599/599
f 602/602/602 601/601/601 598/598/598 603/603/603
f 601/601/601 605/605/605 604/604/604 600/600/600
f 606/606/606 604/604/604 605/605/605 607/607/607
f 608/608/608 607/607/607 605/605/605 609/609/609
f 610/610/610 595/595/595 593/593/593 614/614/614
f 610/610/610 603/603/603 598/598/598 595/595/595
f 611/611/611 605/605/605 601/601/601 602/602/602
f 611/611/611 602/602/602 603/603/603 623/623/623
f 611/611/611 612/612/612 609/609/609 605/605/605
f 613/613/613 578/578/578 581/581/581 591/591/591
f 588/588/588 587/587/587 614/614/614 593/593/593
f 589/589/589 617/617/617 614/614/614 587/587/587
f 580/580/580 579/579/579 615/615/615 585/585/585
f 616/616/616 568/568/568 583/583/583 584/584/584
f 610/610/610 614/614/614 617/617/617 618/618/618
f 619/619/619 620/620/620 618/618/618 617/617/617
f 619/619/619 617/617/617 621/621/621
f 622/622/622 621/621/621 617/617/617 589/589/589
f 623/623/623 603/603/603 610/610/610 618/618/618
f 623/623/623 618/618/618 620/620/620 624/624/624
f 619/619/619 625/625/625 624/624/624 620/620/620
f 626/626/626 627/627/627 628/628/628 640/640/640
f 629/629/629 627/627/627 626/626/626 646/646/646
f 629/629/629 646/646/646 630/630/630 631/631/631
f 632/632/632 633/633/633 634/634/634 653/653/653
f 635/635/635 636/636/636 637/637/637 639/639/639
f 637/637/637 636/636/636 638/638/638 654/654/654
f 637/637/637 640/640/640 628/628/628 639/639/639
f 637/637/637 654/654/654 641/641/641 640/640/640
f 626/626/626 640/640/640 641/641/641 642/642/642
f 642/642/642 641/641/641 643/643/643 645/645/645
f 626/626/626 642/642/642 644/644/644 646/646/646
f 644/644/644 642/642/642 645/645/645 649/649/649
f 646/646/646 644/644/644 647/647/647 630/630/630
f 634/634/634 633/633/633 630/630/630 647/647/647
f 634/634/634 647/647/647 648/648/648 650/650/650
f 647/647/647 644/644/644 649/649/649 648/648/648
f 648/648/648 665/665/665 651/651/651 650/650/650
f 634/634/634 650/650/650 652/652/652 653/653/653
f 652/652/652 650/650/650 651/651/651 671/671/671
f 654/654/654 638/638/638 655/655/655 656/656/656
f 656/656/656 655/655/655 657/657/657 658/658/658
f 641/641/641 654/654/654 656/656/656 643/643/643
f 643/643/643 656/656/656 658/658/658 659/659/659
f 659/659/659 658/658/658 660/660/660 662/662/662
f 645/645/645 643/643/643 659/659/659 661/661/661
f 661/661/661 659/659/659 662/662/662 678/678/678
f 645/645/645 661/661/661 663/663/663 649/649/649
f 661/661/661 678/678/678 664/664/664 663/663/663
f 648/648/648 649/649/649 663/663/663 665/665/665
f 665/665/665 663/663/663 664/664/664 666/666/666
f 651/651/651 665/665/665 666/666/666 667/667/667
f 667/667/667 666/666/666 668/668/668 684/684/684
f 651/651/651 667/667/667 669/669/669 671/671/671
f 667/667/667 684/684/684 670/670/670 669/669/669
f 658/658/658 657/657/657 672/672/672 660/660/660
f 660/660/660 672/672/672 673/673/673 674/674/674
f 674/674/674 673/673/673 675/675/675 677/677/677
f 662/662/662 660/660/660 674/674/674 676/676/676
f 676/676/676 674/674/674 677/677/677 680/680/680
f 678/678/678 662/662/662 676/676/676 679/679/679
f 679/679/679 676/676/676 680/680/680 694/694/694
f 678/678/678 679/679/679 681/681/681 664/664/664
f 679/679/679 694/694/694 682/682/682 681/681/681
f 681/681/681 668/668/668 666/666/666 664/664/664
f 681/681/681 682/682/682 683/683/683 668/668/668
f 684/684/684 668/668/668 683/683/683 685/685/685
f 683/683/683 697/697/697 686/686/686 685/685/685
f 684/684/684 685/685/685 687/687/687 670/670/670
f 687/687/687 685/685/685 686/686/686 700/700/700
f 677/677/677 675/675/675 688/688/688 689/689/689
f 689/689/689 688/688/688 690/690/690 707/707/707
f 680/680/680 677/677/677 689/689/689 691/691/691
f 689/689/689 707/707/707 692/692/692 691/691/691
f 680/680/680 691/691/691 693/693/693 694/694/694
f 693/693/693 691/691/691 692/692/692 696/696/696
f 682/682/682 694/694/694 693/693/693 695/695/695
f 695/695/695 693/693/693 696/696/696 711/711/711
f 683/683/683 682/682/682 695/695/695 697/697/697
f 695/695/695 711/711/711 698/698/698 697/697/697
f 697/697/697 698/698/698 699/699/699 686/686/686
f 700/700/700 686/686/686 699/699/699 701/701/701
f 702/702/702 701/701/701 699/699/699
f 703/703/703 704/704/704 705/705/705 707/707/707
f 705/705/705 704/704/704 706/706/706 732/732/732
f 707/707/707 705/705/705 708/708/708 692/692/692
f 703/703/703 707/707/707 690/690/690
f 696/696/696 692/692/692 708/708/708 709/709/709
f 709/709/709 708/708/708 710/710/710 713/713/713
f 711/711/711 696/696/696 709/709/709 712/712/712
f 712/712/712 709/709/709 713/713/713 715/715/715
f 711/711/711 712/712/712 714/714/714 698/698/698
f 714/714/714 712/712/712 715/715/715 716/716/716
f 702/702/702 699/699/699 698/698/698 714/714/714
f 702/702/702 714/714/714 716/716/716 717/717/717
f 717/717/717 716/716/716 718/718/718 719/719/719
f 720/720/720 721/721/721 722/722/722 726/726/726
f 722/722/722 723/723/723 724/724/724
f 725/725/725 727/727/727 724/724/724 723/723/723
f 726/726/726 722/722/722 724/724/724
f 726/726/726 724/724/724 727/727/727
f 726/726/726 727/727/727 725/725/725
f 725/725/725 729/729/729 728/728/728 726/726/726
f 728/728/728 731/731/731 730/730/730 726/726/726
f 710/710/710 732/732/732 726/726/726 730/730/730
f 733/733/733 713/713/713 710/710/710 730/730/730
f 733/733/733 730/730/730 731/731/731 734/734/734
f 733/733/733 734/734/734 735/735/735 736/736/736
f 735/735/735 737/737/737 736/736/736
f 736/736/736 737/737/737 738/738/738 739/739/739
f 740/740/740 741/741/741 739/739/739 738/738/738
f 733/733/733 741/741/741 740/740/740 742/742/742
f 740/740/740 738/738/738 718/718/718 742/742/742
f 733/733/733 742/742/742 715/715/715 713/713/713
f 716/716/716 715/715/715 742/742/742 718/718/718
f 743/743/743 719/719/719 718/718/718 738/738/738
f 743/743/743 738/738/738 744/744/744
f 745/745/745 744/744/744 738/738/738 737/737/737
f 743/743/743 744/744/744 745/745/745 746/746/746
f 743/743/743 746/746/746 747/747/747 748/748/748
f 745/745/745 737/737/737 749/749/749
f 708/708/708 705/705/705 732/732/732 710/710/710
f 732/732/732 706/706/706 750/750/750 726/726/726
f 720/720/720 726/726/726 750/750/750
f 743/743/743 748/748/748 719/719/719
f 751/751/751 752/752/752 749/749/749 737/737/737
f 753/753/753 702/702/702 717/717/717
f 702/702/702 754/754/754 753/753/753 701/701/701
f 755/755/755 717/717/717 719/719/719
f 719/719/719 756/756/756 755/755/755
f 719/719/719 748/748/748 757/757/757 756/756/756
f 758/758/758 756/756/756 757/757/757 759/759/759
f 758/758/758 760/760/760 761/761/761 756/756/756
f 762/762/762 763/763/763 764/764/764 765/765/765
f 764/764/764 772/772/772 766/766/766 765/765/765
f 767/767/767 765/765/765 766/766/766 769/769/769
f 768/768/768 767/767/767 769/769/769 770/770/770
f 770/770/770 769/769/769 771/771/771 781/781/781
f 772/772/772 774/774/774 773/773/773 766/766/766
f 769/769/769 766/766/766 773/773/773 771/771/771
f 775/775/775 776/776/776 771/771/771 773/773/773
f 775/775/775 773/773/773 777/777/777
f 775/775/775 778/778/778 776/776/776
f 779/779/779 780/780/780 776/776/776 778/778/778
f 781/781/781 771/771/771 776/776/776 780/780/780
f 762/762/762 783/783/783 782/782/782 763/763/763
f 784/784/784 795/795/795 785/785/785 786/786/786
f 785/785/785 795/795/795 787/787/787 788/788/788
f 789/789/789 790/790/790 791/791/791 793/793/793
f 792/792/792 801/801/801 790/790/790 789/789/789
f 794/794/794 796/796/796 793/793/793 791/791/791
f 795/795/795 789/789/789 793/793/793 787/787/787
f 784/784/784 792/792/792 789/789/789 795/795/795
f 796/796/796 797/797/797 787/787/787 793/793/793
f 794/794/794 799/799/799 798/798/798 796/796/796
f 788/788/788 787/787/787 797/797/797 800/800/800
f 802/802/802 803/803/803 804/804/804 805/805/805
f 804/804/804 812/812/812 806/806/806 805/805/805
f 807/807/807 808/808/808 801/801/801 792/792/792
f 809/809/809 811/811/811 810/810/810 808/808/808
f 809/809/809 808/808/808 807/807/807 812/812/812
f 813/813/813 806/806/806 812/812/812 807/807/807
f 809/809/809 812/812/812 804/804/804 811/811/811
f 813/813/813 786/786/786 806/806/806
f 813/813/813 807/807/807 792/792/792 784/784/784
f 813/813/813 784/784/784 786/786/786 814/814/814
f 815/815/815 816/816/816 817/817/817
f 817/817/817 816/816/816 818/818/818 819/819/819
f 819/819/819 818/818/818 820/820/820 821/821/821
f 821/821/821 820/820/820 822/822/822 823/823/823
f 824/824/824 830/830/830 825/825/825 826/826/826
f 824/824/824 827/827/827 828/828/828 830/830/830
f 829/829/829 835/835/835 828/828/828 827/827/827
f 831/831/831 830/830/830 828/828/828 833/833/833
f 831/831/831 832/832/832 825/825/825 830/830/830
f 818/818/818 816/816/816 832/832/832 831/831/831
f 818/818/818 831/831/831 833/833/833 820/820/820
f 820/820/820 833/833/833 834/834/834 822/822/822
f 833/833/833 828/828/828 835/835/835 834/834/834
f 836/836/836 843/843/843 837/837/837 838/838/838
f 839/839/839 838/838/838 840/840/840 842/842/842
f 841/841/841 840/840/840 838/838/838 837/837/837
f 844/844/844 837/837/837 843/843/843 846/846/846
f 844/844/844 847/847/847 845/845/845 837/837/837
f 847/847/847 848/848/848 845/845/845
f 848/848/848 850/850/850 849/849/849 845/845/845
f 841/841/841 837/837/837 845/845/845 849/849/849
f 848/848/848 851/851/851 852/852/852 850/850/850
f 853/853/853 854/854/854 855/855/855 856/856/856
f 857/857/857 856/856/856 855/855/855 877/877/877
f 858/858/858 887/887/887 859/859/859 860/860/860
f 861/861/861 860/860/860 859/859/859 891/891/891
f 861/861/861 891/891/891 862/862/862 863/863/863
f 864/864/864 863/863/863 862/862/862 896/896/896
f 864/864/864 896/896/896 865/865/865 866/866/866
f 867/867/867 866/866/866 865/865/865 899/899/899
f 867/867/867 899/899/899 868/868/868 869/869/869
f 870/870/870 871/871/871 869/869/869 868/868/868
f 872/872/872 873/873/873 874/874/874 876/876/876
f 873/873/873 913/913/913 875/875/875 874/874/874
f 877/877/877 855/855/855 876/876/876 874/874/874
f 877/877/877 874/874/874 875/875/875 878/878/878
f 878/878/878 875/875/875 879/879/879 933/933/933
f 857/857/857 877/877/877 878/878/878 880/880/880
f 878/878/878 933/933/933 881/881/881 880/880/880
f 882/882/882 883/883/883 857/857/857 880/880/880
f 882/882/882 880/880/880 881/881/881 884/884/884
f 885/885/885 884/884/884 881/881/881 932/932/932
f 882/882/882 884/884/884 886/886/886 883/883/883
f 886/886/886 884/884/884 885/885/885 889/889/889
f 883/883/883 886/886/886 887/887/887 888/888/888
f 859/859/859 887/887/887 886/886/886 889/889/889
f 883/883/883 888/888/888 856/856/856 857/857/857
f 859/859/859 889/889/889 890/890/890 891/891/891
f 890/890/890 889/889/889 885/885/885 893/893/893
f 862/862/862 891/891/891 890/890/890 892/892/892
f 892/892/892 890/890/890 893/893/893 929/929/929
f 862/862/862 892/892/892 894/894/894 896/896/896
f 892/892/892 929/929/929 895/895/895 894/894/894
f 865/865/865 896/896/896 894/894/894 897/897/897
f 894/894/894 895/895/895 898/898/898 897/897/897
f 899/899/899 865/865/865 897/897/897 900/900/900
f 900/900/900 897/897/897 898/898/898 931/931/931
f 901/901/901 868/868/868 899/899/899 900/900/900
f 902/902/902 903/903/903 900/900/900 931/931/931
f 902/902/902 934/934/934 904/904/904 903/903/903
f 870/870/870 904/904/904 905/905/905 907/907/907
f 901/901/901 870/870/870 868/868/868
f 904/904/904 934/934/934 906/906/906 905/905/905
f 907/907/907 905/905/905 908/908/908 909/909/909
f 910/910/910 911/911/911 912/912/912 918/918/918
f 910/910/910 913/913/913 911/911/911
f 910/910/910 915/915/915 914/914/914 913/913/913
f 913/913/913 914/914/914 879/879/879 875/875/875
f 916/916/916 917/917/917 879/879/879 914/914/914
f 916/916/916 914/914/914 915/915/915 918/918/918
f 910/910/910 918/918/918 915/915/915
f 908/908/908 919/919/919 916/916/916 918/918/918
f 909/909/909 908/908/908 918/918/918 912/912/912
f 905/905/905 906/906/906 919/919/919 908/908/908
f 916/916/916 919/919/919 920/920/920 917/917/917
f 921/921/921 920/920/920 919/919/919 906/906/906
f 922/922/922 923/923/923 917/917/917 920/920/920
f 921/921/921 924/924/924 922/922/922 920/920/920
f 925/925/925 930/930/930 924/924/924 921/921/921
f 926/926/926 927/927/927 922/922/922 924/924/924
f 928/928/928 926/926/926 924/924/924 930/930/930
f 928/928/928 895/895/895 929/929/929 926/926/926
f 928/928/928 930/930/930 898/898/898 895/895/895
f 931/931/931 898/898/898 930/930/930 925/925/925
f 893/893/893 927/927/927 926/926/926 929/929/929
f 893/893/893 885/885/885 932/932/932 927/927/927
f 927/927/927 932/932/932 923/923/923 922/922/922
f 932/932/932 881/881/881 933/933/933 923/923/923
f 923/923/923 933/933/933 879/879/879 917/917/917
f 902/902/902 931/931/931 925/925/925 934/934/934
f 925/925/925 921/921/921 906/906/906 934/934/934
f 935/935/935 938/938/938 936/936/936 937/937/937
f 939/939/939 940/940/940 936/936/936 938/938/938
f 941/941/941 942/942/942 943/943/943 944/944/944
f 941/941/941 948/948/948 945/945/945 942/942/942
f 942/942/942 945/945/945 946/946/946 947/947/947
f 935/935/935 946/946/946 945/945/945 938/938/938
f 939/939/939 938/938/938 945/945/945 948/948/948
f 949/949/949 950/950/950 944/944/944 943/943/943
f 951/951/951 952/952/952 949/949/949 953/953/953
f 949/949/949 943/943/943 954/954/954 953/953/953
f 954/954/954 943/943/943 942/942/942 947/947/947
f 854/854/854 950/950/950 949/949/949 952/952/952
f 955/955/955 956/956/956 944/944/944 950/950/950
f 853/853/853 955/955/955 950/950/950 854/854/854
f 956/956/956 957/957/957 941/941/941 944/944/944
f 941/941/941 957/957/957 958/958/958 948/948/948
f 939/939/939 948/948/948 958/958/958 940/940/940
f 854/854/854 952/952/952 876/876/876 855/855/855
f 872/872/872 876/876/876 952/952/952 951/951/951
f 959/959/959 962/962/962 960/960/960 961/961/961
f 959/959/959 961/961/961 963/963/963
f 961/961/961 960/960/960 856/856/856 888/888/888
f 853/853/853 856/856/856 960/960/960
f 858/858/858 961/961/961 888/888/888 887/887/887
f 964/964/964 965/965/965 940/940/940 958/958/958
f 966/966/966 957/957/957 956/956/956 967/967/967
f 964/964/964 958/958/958 957/957/957 966/966/966
f 968/968/968 967/967/967 956/956/956 955/955/955
f 853/853/853 968/968/968 955/955/955
f 853/853/853 960/960/960 962/962/962 968/968/968
f 969/969/969 972/972/972 970/970/970 971/971/971
f 969/969/969 992/992/992 973/973/973 972/972/972
f 974/974/974 970/970/970 972/972/972 975/975/975
f 972/972/972 973/973/973 976/976/976 975/975/975
f 974/974/974 975/975/975 977/977/977 979/979/979
f 975/975/975 976/976/976 978/978/978 977/977/977
f 980/980/980 979/979/979 977/977/977 1002/1002/1002
f 981/981/981 982/982/982 983/983/983 985/985/985
f 984/984/984 981/981/981 985/985/985 986/986/986
f 987/987/987 986/986/986 985/985/985 988/988/988
f 988/988/988 985/985/985 983/983/983 1008/1008/1008
f 987/987/987 988/988/988 989/989/989 991/991/991
f 988/988/988 1008/1008/1008 990/990/990 989/989/989
f 969/969/969 991/991/991 989/989/989 992/992/992
f 989/989/989 990/990/990 993/993/993 992/992/992
f 992/992/992 993/993/993 994/994/994 973/973/973
f 973/973/973 994/994/994 995/995/995 976/976/976
f 994/994/994 1015/1015/1015 996/996/996 995/995/995
f 976/976/976 995/995/995 997/997/997 978/978/978
f 998/998/998 997/997/997 995/995/995 996/996/996
f 978/978/978 997/997/997 999/999/999 1000/1000/1000
f 998/998/998 999/999/999 997/997/997
f 1001/1001/1001 1000/1000/1000 999/999/999 1021/1021/1021
f 977/977/977 978/978/978 1000/1000/1000 1002/1002/1002
f 1002/1002/1002 1000/1000/1000 1001/1001/1001 1003/1003/1003
f 980/980/980 1002/1002/1002 1003/1003/1003 1004/1004/1004
f 1005/1005/1005 1004/1004/1004 1003/1003/1003 1025/1025/1025
f 983/983/983 1006/1006/1006 1007/1007/1007 1008/1008/1008
f 1007/1007/1007 1009/1009/1009 990/990/990 1008/1008/1008
f 1010/1010/1010 993/993/993 990/990/990 1009/1009/1009
f 1011/1011/1011 1010/1010/1010 1012/1012/1012 1013/1013/1013
f 1011/1011/1011 993/993/993 1010/1010/1010
f 1014/1014/1014 1049/1049/1049 1013/1013/1013 1012/1012/1012
f 1011/1011/1011 1013/1013/1013 1015/1015/1015
f 1015/1015/1015 1013/1013/1013 1016/1016/1016 996/996/996
f 1011/1011/1011 1015/1015/1015 994/994/994 993/993/993
f 998/998/998 996/996/996 1016/1016/1016 1017/1017/1017
f 1016/1016/1016 1051/1051/1051 1018/1018/1018 1017/1017/1017
f 1017/1017/1017 1018/1018/1018 1019/1019/1019 1020/1020/1020
f 1001/1001/1001 1021/1021/1021 1022/1022/1022 1023/1023/1023
f 1023/1023/1023 1022/1022/1022 1024/1024/1024 1026/1026/1026
f 1003/1003/1003 1001/1001/1001 1023/1023/1023 1025/1025/1025
f 1025/1025/1025 1023/1023/1023 1026/1026/1026 1027/1027/1027
f 1005/1005/1005 1025/1025/1025 1027/1027/1027 1028/1028/1028
f 1029/1029/1029 1028/1028/1028 1027/1027/1027 1031/1031/1031
f 1030/1030/1030 1029/1029/1029 1031/1031/1031 1032/1032/1032
f 1033/1033/1033 1035/1035/1035 1032/1032/1032 1031/1031/1031
f 1030/1030/1030 1032/1032/1032 1034/1034/1034 1036/1036/1036
f 1035/1035/1035 1062/1062/1062 1034/1034/1034 1032/1032/1032
f 1036/1036/1036 1034/1034/1034 1037/1037/1037 1038/1038/1038
f 1039/1039/1039 1038/1038/1038 1040/1040/1040 1041/1041/1041
f 1040/1040/1040 1066/1066/1066 1042/1042/1042 1043/1043/1043
f 1044/1044/1044 937/937/937 936/936/936 1045/1045/1045
f 1014/1014/1014 1046/1046/1046 1047/1047/1047 1049/1049/1049
f 1048/1048/1048 1073/1073/1073 1047/1047/1047 1046/1046/1046
f 1049/1049/1049 1047/1047/1047 1050/1050/1050 1051/1051/1051
f 1013/1013/1013 1049/1049/1049 1051/1051/1051 1016/1016/1016
f 1051/1051/1051 1050/1050/1050 1052/1052/1052 1018/1018/1018
f 872/872/872 1019/1019/1019 1018/1018/1018 1052/1052/1052
f 872/872/872 1052/1052/1052 1053/1053/1053 873/873/873
f 1054/1054/1054 1053/1053/1053 1052/1052/1052 1050/1050/1050
f 1053/1053/1053 911/911/911 913/913/913 873/873/873
f 872/872/872 951/951/951 1055/1055/1055 1019/1019/1019
f 1056/1056/1056 1055/1055/1055 951/951/951 953/953/953
f 1057/1057/1057 1056/1056/1056 953/953/953 954/954/954
f 1057/1057/1057 954/954/954 947/947/947 1058/1058/1058
f 1058/1058/1058 947/947/947 946/946/946 1072/1072/1072
f 1024/1024/1024 1059/1059/1059 1033/1033/1033 1026/1026/1026
f 1033/1033/1033 1059/1059/1059 1060/1060/1060 1035/1035/1035
f 1027/1027/1027 1026/1026/1026 1033/1033/1033 1031/1031/1031
f 1035/1035/1035 1060/1060/1060 1061/1061/1061 1062/1062/1062
f 1062/1062/1062 1061/1061/1061 1063/1063/1063 1064/1064/1064
f 1037/1037/1037 1034/1034/1034 1062/1062/1062 1064/1064/1064
f 1037/1037/1037 1064/1064/1064 1065/1065/1065 1066/1066/1066
f 1066/1066/1066 1065/1065/1065 1067/1067/1067 1042/1042/1042
f 1040/1040/1040 1038/1038/1038 1037/1037/1037 1066/1066/1066
f 1042/1042/1042 1067/1067/1067 1068/1068/1068 1069/1069/1069
f 1070/1070/1070 1043/1043/1043 1042/1042/1042 1069/1069/1069
f 1071/1071/1071 1072/1072/1072 937/937/937 1044/1044/1044
f 935/935/935 937/937/937 1072/1072/1072 946/946/946
f 870/870/870 907/907/907 1048/1048/1048 871/871/871
f 1048/1048/1048 907/907/907 909/909/909 1073/1073/1073
f 1073/1073/1073 909/909/909 912/912/912 1054/1054/1054
f 1073/1073/1073 1054/1054/1054 1050/1050/1050 1047/1047/1047
f 1054/1054/1054 912/912/912 911/911/911 1053/1053/1053
f 965/965/965 1045/1045/1045 936/936/936 940/940/940
f 1065/1065/1065 1075/1075/1075 1074/1074/1074 1067/1067/1067
f 1064/1064/1064 1063/1063/1063 1075/1075/1075 1065/1065/1065
f 1067/1067/1067 1074/1074/1074 1076/1076/1076 1068/1068/1068
f 1074/1074/1074 1102/1102/1102 1077/1077/1077 1076/1076/1076
f 1078/1078/1078 1076/1076/1076 1077/1077/1077 1079/1079/1079
f 1080/1080/1080 1081/1081/1081 1079/1079/1079 1077/1077/1077
f 1080/1080/1080 1083/1083/1083 1082/1082/1082 1081/1081/1081
f 1084/1084/1084 1083/1083/1083 1080/1080/1080 1085/1085/1085
f 1086/1086/1086 1075/1075/1075 1063/1063/1063
f 1086/1086/1086 1088/1088/1088 1087/1087/1087 1075/1075/1075
f 1086/1086/1086 1045/1045/1045 1088/1088/1088
f 1086/1086/1086 1063/1063/1063 1061/1061/1061 1089/1089/1089
f 1084/1084/1084 1085/1085/1085 1090/1090/1090 1091/1091/1091
f 1092/1092/1092 1091/1091/1091 1090/1090/1090 1093/1093/1093
f 1094/1094/1094 1089/1089/1089 1061/1061/1061 1060/1060/1060
f 1095/1095/1095 1096/1096/1096 1092/1092/1092 1093/1093/1093
f 1097/1097/1097 1092/1092/1092 1096/1096/1096 1098/1098/1098
f 1099/1099/1099 1097/1097/1097 1098/1098/1098 1100/1100/1100
f 1101/1101/1101 1100/1100/1100 1098/1098/1098 1103/1103/1103
f 1086/1086/1086 1089/1089/1089 1044/1044/1044 1045/1045/1045
f 1094/1094/1094 1071/1071/1071 1044/1044/1044 1089/1089/1089
f 1075/1075/1075 1087/1087/1087 1102/1102/1102 1074/1074/1074
f 1080/1080/1080 1077/1077/1077 1102/1102/1102 1085/1085/1085
f 1090/1090/1090 1085/1085/1085 1102/1102/1102 1087/1087/1087
f 1103/1103/1103 1098/1098/1098 1096/1096/1096 1104/1104/1104
f 1095/1095/1095 1105/1105/1105 1104/1104/1104 1096/1096/1096
f 1106/1106/1106 1087/1087/1087 1088/1088/1088
f 1106/1106/1106 1088/1088/1088 1045/1045/1045 965/965/965
f 1106/1106/1106 1093/1093/1093 1090/1090/1090 1087/1087/1087
f 1095/1095/1095 1093/1093/1093 1106/1106/1106 1180/1180/1180
f 1094/1094/1094 1108/1108/1108 1107/1107/1107 1071/1071/1071
f 1058/1058/1058 1072/1072/1072 1071/1071/1071 1107/1107/1107
f 1057/1057/1057 1058/1058/1058 1107/1107/1107 1109/1109/1109
f 1057/1057/1057 1109/1109/1109 1110/1110/1110 1056/1056/1056
f 1111/1111/1111 1110/1110/1110 1109/1109/1109 1113/1113/1113
f 1112/1112/1112 1055/1055/1055 1056/1056/1056 1110/1110/1110
f 1113/1113/1113 1109/1109/1109 1107/1107/1107 1108/1108/1108
f 1114/1114/1114 1112/1112/1112 1110/1110/1110 1111/1111/1111
f 1020/1020/1020 1019/1019/1019 1055/1055/1055 1112/1112/1112
f 1115/1115/1115 1101/1101/1101 1103/1103/1103 1181/1181/1181
f 1116/1116/1116 1020/1020/1020 1112/1112/1112 1114/1114/1114
f 998/998/998 1017/1017/1017 1020/1020/1020 1116/1116/1116
f 1095/1095/1095 1180/1180/1180 1117/1117/1117 1105/1105/1105
f 1118/1118/1118 1105/1105/1105 1117/1117/1117 1119/1119/1119
f 1120/1120/1120 1118/1118/1118 1119/1119/1119 1121/1121/1121
f 1122/1122/1122 1120/1120/1120 1121/1121/1121 1123/1123/1123
f 968/968/968 1123/1123/1123 1121/1121/1121 967/967/967
f 1122/1122/1122 1123/1123/1123 1124/1124/1124 1125/1125/1125
f 968/968/968 962/962/962 1124/1124/1124 1123/1123/1123
f 1121/1121/1121 1119/1119/1119 966/966/966 967/967/967
f 1119/1119/1119 1117/1117/1117 964/964/964 966/966/966
f 1126/1126/1126 1177/1177/1177 1118/1118/1118 1120/1120/1120
f 1127/1127/1127 1126/1126/1126 1120/1120/1120 1122/1122/1122
f 1128/1128/1128 1129/1129/1129 1126/1126/1126 1127/1127/1127
f 1130/1130/1130 1128/1128/1128 1127/1127/1127 1179/1179/1179
f 1131/1131/1131 1164/1164/1164 1128/1128/1128 1130/1130/1130
f 1132/1132/1132 1131/1131/1131 1130/1130/1130 1133/1133/1133
f 1132/1132/1132 1133/1133/1133 1134/1134/1134 1135/1135/1135
f 1134/1134/1134 1133/1133/1133 1136/1136/1136 1137/1137/1137
f 1138/1138/1138 1135/1135/1135 1134/1134/1134 1139/1139/1139
f 1138/1138/1138 1139/1139/1139 1140/1140/1140 1141/1141/1141
f 1142/1142/1142 1141/1141/1141 1140/1140/1140 1143/1143/1143
f 1144/1144/1144 1142/1142/1142 1143/1143/1143 1145/1145/1145
f 1146/1146/1146 1144/1144/1144 1145/1145/1145 1147/1147/1147
f 1134/1134/1134 1137/1137/1137 1148/1148/1148 1139/1139/1139
f 1140/1140/1140 1139/1139/1139 1148/1148/1148 1166/1166/1166
f 1148/1148/1148 1137/1137/1137 1149/1149/1149 1150/1150/1150
f 1150/1150/1150 1149/1149/1149 1151/1151/1151 1152/1152/1152
f 1153/1153/1153 1154/1154/1154 1150/1150/1150 1152/1152/1152
f 1152/1152/1152 1151/1151/1151 1155/1155/1155 1156/1156/1156
f 1151/1151/1151 1157/1157/1157 963/963/963 1155/1155/1155
f 1158/1158/1158 1152/1152/1152 1156/1156/1156
f 1153/1153/1153 1159/1159/1159 1154/1154/1154
f 1160/1160/1160 1166/1166/1166 1154/1154/1154 1159/1159/1159
f 858/858/858 860/860/860 1156/1156/1156 1155/1155/1155
f 963/963/963 961/961/961 858/858/858 1155/1155/1155
f 1161/1161/1161 1156/1156/1156 860/860/860 861/861/861
f 1161/1161/1161 861/861/861 863/863/863 1162/1162/1162
f 1162/1162/1162 863/863/863 864/864/864 1163/1163/1163
f 1164/1164/1164 1165/1165/1165 1129/1129/1129 1128/1128/1128
f 1143/1143/1143 1140/1140/1140 1166/1166/1166 1160/1160/1160
f 1166/1166/1166 1148/1148/1148 1150/1150/1150 1154/1154/1154
f 1143/1143/1143 1160/1160/1160 1167/1167/1167 1145/1145/1145
f 1147/1147/1147 1145/1145/1145 1167/1167/1167 1168/1168/1168
f 1146/1146/1146 1147/1147/1147 1169/1169/1169 1170/1170/1170
f 1169/1169/1169 1147/1147/1147 1168/1168/1168 1171/1171/1171
f 1172/1172/1172 1173/1173/1173 1146/1146/1146 1170/1170/1170
f 1174/1174/1174 1170/1170/1170 1169/1169/1169 1175/1175/1175
f 1175/1175/1175 1169/1169/1169 1171/1171/1171 1176/1176/1176
f 1177/1177/1177 1104/1104/1104 1105/1105/1105 1118/1118/1118
f 1129/1129/1129 1181/1181/1181 1177/1177/1177 1126/1126/1126
f 959/959/959 1124/1124/1124 962/962/962
f 959/959/959 963/963/963 1157/1157/1157 1124/1124/1124
f 1178/1178/1178 1125/1125/1125 1124/1124/1124 1157/1157/1157
f 1137/1137/1137 1136/1136/1136 1178/1178/1178 1149/1149/1149
f 1178/1178/1178 1157/1157/1157 1151/1151/1151 1149/1149/1149
f 1179/1179/1179 1127/1127/1127 1122/1122/1122 1125/1125/1125
f 1133/1133/1133 1130/1130/1130 1179/1179/1179 1136/1136/1136
f 1106/1106/1106 965/965/965 1180/1180/1180
f 1181/1181/1181 1103/1103/1103 1104/1104/1104 1177/1177/1177
f 1165/1165/1165 1115/1115/1115 1181/1181/1181 1129/1129/1129
f 1117/1117/1117 1180/1180/1180 965/965/965 964/964/964
f 1136/1136/1136 1179/1179/1179 1125/1125/1125 1178/1178/1178
f 998/998/998 1182/1182/1182 1116/1116/1116 999/999/999
f 999/999/999 1116/1116/1116 1114/1114/1114 1021/1021/1021
f 1022/1022/1022 1021/1021/1021 1114/1114/1114 1111/1111/1111
f 1022/1022/1022 1111/1111/1111 1113/1113/1113 1024/1024/1024
f 1024/1024/1024 1113/1113/1113 1108/1108/1108 1059/1059/1059
f 1060/1060/1060 1059/1059/1059 1108/1108/1108 1094/1094/1094
f 998/998/998 1116/1116/1116 1182/1182/1182
f 1183/1183/1183 1184/1184/1184 1185/1185/1185 1187/1187/1187
f 1184/1184/1184 1189/1189/1189 1186/1186/1186 1185/1185/1185
f 1187/1187/1187 1185/1185/1185 1188/1188/1188 1198/1198/1198
f 1189/1189/1189 1190/1190/1190 1191/1191/1191 1186/1186/1186
f 1186/1186/1186 1191/1191/1191 1192/1192/1192 1193/1193/1193
f 1194/1194/1194 1193/1193/1193 1192/1192/1192 1202/1202/1202
f 1185/1185/1185 1186/1186/1186 1193/1193/1193 1188/1188/1188
f 1188/1188/1188 1193/1193/1193 1194/1194/1194 1195/1195/1195
f 1196/1196/1196 1195/1195/1195 1194/1194/1194 1201/1201/1201
f 1197/1197/1197 1198/1198/1198 1188/1188/1188 1195/1195/1195
f 1197/1197/1197 1195/1195/1195 1196/1196/1196 1199/1199/1199
f 1196/1196/1196 1203/1203/1203 1200/1200/1200 1199/1199/1199
f 1204/1204/1204 1205/1205/1205 1206/1206/1206 1209/1209/1209
f 1204/1204/1204 1211/1211/1211 1207/1207/1207 1208/1208/1208
f 1204/1204/1204 1209/1209/1209 1210/1210/1210 1211/1211/1211
f 1210/1210/1210 1222/1222/1222 1212/1212/1212 1211/1211/1211
f 1207/1207/1207 1211/1211/1211 1212/1212/1212 1213/1213/1213
f 1213/1213/1213 1212/1212/1212 1214/1214/1214 1215/1215/1215
f 1215/1215/1215 1219/1219/1219 1216/1216/1216 1217/1217/1217
f 1218/1218/1218 1216/1216/1216 1219/1219/1219 1220/1220/1220
f 1219/1219/1219 1225/1225/1225 1221/1221/1221 1220/1220/1220
f 1222/1222/1222 1223/1223/1223 1214/1214/1214 1212/1212/1212
f 1214/1214/1214 1223/1223/1223 1224/1224/1224 1225/1225/1225
f 1226/1226/1226 1221/1221/1221 1225/1225/1225 1224/1224/1224
f 1214/1214/1214 1225/1225/1225 1219/1219/1219 1215/1215/1215
f 1204/1204/1204 1208/1208/1208 1227/1227/1227 1228/1228/1228
f 1229/1229/1229 1220/1220/1220 1221/1221/1221 1230/1230/1230
f 1226/1226/1226 1234/1234/1234 1230/1230/1230 1221/1221/1221
f 1231/1231/1231 1229/1229/1229 1230/1230/1230 1232/1232/1232
f 1233/1233/1233 1232/1232/1232 1230/1230/1230 1234/1234/1234
f 1235/1235/1235 1236/1236/1236 1237/1237/1237 1238/1238/1238
f 1239/1239/1239 1238/1238/1238 1237/1237/1237 1240/1240/1240
f 1239/1239/1239 1240/1240/1240 1210/1210/1210 1209/1209/1209
f 1241/1241/1241 1242/1242/1242 1243/1243/1243 1244/1244/1244
f 1241/1241/1241 1240/1240/1240 1237/1237/1237 1242/1242/1242
f 1245/1245/1245 1246/1246/1246 1244/1244/1244 1243/1243/1243
f 1241/1241/1241 1244/1244/1244 1223/1223/1223 1222/1222/1222
f 1224/1224/1224 1223/1223/1223 1244/1244/1244 1246/1246/1246
f 1210/1210/1210 1240/1240/1240 1241/1241/1241 1222/1222/1222
f 1226/1226/1226 1224/1224/1224 1246/1246/1246 1234/1234/1234
f 1233/1233/1233 1234/1234/1234 1246/1246/1246 1245/1245/1245
f 1247/1247/1247 1228/1228/1228 1227/1227/1227 1208/1208/1208
f 1248/1248/1248 1249/1249/1249 1250/1250/1250 1252/1252/1252
f 1251/1251/1251 1248/1248/1248 1252/1252/1252 1254/1254/1254
f 1253/1253/1253 1251/1251/1251 1254/1254/1254 1255/1255/1255
f 1255/1255/1255 1254/1254/1254 1256/1256/1256 1273/1273/1273
f 1257/1257/1257 1253/1253/1253 1255/1255/1255 1258/1258/1258
f 1255/1255/1255 1273/1273/1273 1259/1259/1259 1258/1258/1258
f 1260/1260/1260 1257/1257/1257 1258/1258/1258 1261/1261/1261
f 1262/1262/1262 1261/1261/1261 1258/1258/1258 1259/1259/1259
f 1263/1263/1263 1250/1250/1250 1249/1249/1249 1264/1264/1264
f 1265/1265/1265 1290/1290/1290 1266/1266/1266 1267/1267/1267
f 1263/1263/1263 1267/1267/1267 1268/1268/1268 1250/1250/1250
f 1268/1268/1268 1267/1267/1267 1266/1266/1266 1294/1294/1294
f 1252/1252/1252 1250/1250/1250 1268/1268/1268 1269/1269/1269
f 1270/1270/1270 1269/1269/1269 1268/1268/1268 1294/1294/1294
f 1252/1252/1252 1269/1269/1269 1256/1256/1256 1254/1254/1254
f 1256/1256/1256 1269/1269/1269 1270/1270/1270 1271/1271/1271
f 1271/1271/1271 1270/1270/1270 1272/1272/1272 1275/1275/1275
f 1273/1273/1273 1256/1256/1256 1271/1271/1271 1274/1274/1274
f 1274/1274/1274 1271/1271/1271 1275/1275/1275 1277/1277/1277
f 1273/1273/1273 1274/1274/1274 1276/1276/1276 1259/1259/1259
f 1276/1276/1276 1274/1274/1274 1277/1277/1277 1279/1279/1279
f 1262/1262/1262 1259/1259/1259 1276/1276/1276 1278/1278/1278
f 1278/1278/1278 1276/1276/1276 1279/1279/1279 1280/1280/1280
f 1281/1281/1281 1280/1280/1280 1279/1279/1279 1301/1301/1301
f 1282/1282/1282 1283/1283/1283 1284/1284/1284 1286/1286/1286
f 1283/1283/1283 1307/1307/1307 1285/1285/1285 1284/1284/1284
f 1286/1286/1286 1284/1284/1284 1287/1287/1287 1288/1288/1288
f 1287/1287/1287 1284/1284/1284 1285/1285/1285 1313/1313/1313
f 1287/1287/1287 1316/1316/1316 1289/1289/1289 1288/1288/1288
f 1265/1265/1265 1288/1288/1288 1289/1289/1289 1290/1290/1290
f 1290/1290/1290 1289/1289/1289 1291/1291/1291 1293/1293/1293
f 1290/1290/1290 1293/1293/1293 1292/1292/1292 1266/1266/1266
f 1294/1294/1294 1266/1266/1266 1292/1292/1292 1295/1295/1295
f 1270/1270/1270 1294/1294/1294 1295/1295/1295 1272/1272/1272
f 1272/1272/1272 1295/1295/1295 1296/1296/1296 1297/1297/1297
f 1272/1272/1272 1297/1297/1297 1298/1298/1298 1275/1275/1275
f 1299/1299/1299 1298/1298/1298 1297/1297/1297 1326/1326/1326
f 1300/1300/1300 1277/1277/1277 1275/1275/1275 1298/1298/1298
f 1299/1299/1299 1300/1300/1300 1298/1298/1298
f 1301/1301/1301 1279/1279/1279 1277/1277/1277 1300/1300/1300
f 1302/1302/1302 1303/1303/1303 1304/1304/1304 1305/1305/1305
f 1304/1304/1304 1333/1333/1333 1306/1306/1306 1305/1305/1305
f 1302/1302/1302 1305/1305/1305 1307/1307/1307 1283/1283/1283
f 1305/1305/1305 1306/1306/1306 1308/1308/1308 1307/1307/1307
f 1285/1285/1285 1307/1307/1307 1308/1308/1308 1309/1309/1309
f 1309/1309/1309 1308/1308/1308 1310/1310/1310 1340/1340/1340
f 1285/1285/1285 1309/1309/1309 1311/1311/1311 1313/1313/1313
f 1309/1309/1309 1340/1340/1340 1312/1312/1312 1311/1311/1311
f 1314/1314/1314 1315/1315/1315 1313/1313/1313 1311/1311/1311
f 1287/1287/1287 1313/1313/1313 1315/1315/1315 1316/1316/1316
f 1316/1316/1316 1315/1315/1315 1317/1317/1317 1318/1318/1318
f 1289/1289/1289 1316/1316/1316 1318/1318/1318 1291/1291/1291
f 1318/1318/1318 1320/1320/1320 1319/1319/1319 1291/1291/1291
f 1293/1293/1293 1291/1291/1291 1319/1319/1319 1321/1321/1321
f 1319/1319/1319 1357/1357/1357 1322/1322/1322 1321/1321/1321
f 1292/1292/1292 1293/1293/1293 1321/1321/1321 1323/1323/1323
f 1323/1323/1323 1321/1321/1321 1322/1322/1322 1324/1324/1324
f 1325/1325/1325 1328/1328/1328 1326/1326/1326 1327/1327/1327
f 1325/1325/1325 1327/1327/1327 1329/1329/1329 1330/1330/1330
f 1330/1330/1330 1329/1329/1329 1331/1331/1331 1332/1332/1332
f 1333/1333/1333 1334/1334/1334 1335/1335/1335 1306/1306/1306
f 1334/1334/1334 1371/1371/1371 1336/1336/1336 1335/1335/1335
f 1306/1306/1306 1335/1335/1335 1310/1310/1310 1308/1308/1308
f 1310/1310/1310 1335/1335/1335 1336/1336/1336 1337/1337/1337
f 1336/1336/1336 1373/1373/1373 1338/1338/1338 1337/1337/1337
f 1310/1310/1310 1337/1337/1337 1339/1339/1339 1340/1340/1340
f 1339/1339/1339 1337/1337/1337 1338/1338/1338 1376/1376/1376
f 1340/1340/1340 1339/1339/1339 1341/1341/1341 1312/1312/1312
f 1342/1342/1342 1312/1312/1312 1341/1341/1341 1344/1344/1344
f 1343/1343/1343 1311/1311/1311 1312/1312/1312 1342/1342/1342
f 1341/1341/1341 1378/1378/1378 1345/1345/1345 1344/1344/1344
f 1342/1342/1342 1344/1344/1344 1346/1346/1346 1347/1347/1347
f 1346/1346/1346 1344/1344/1344 1345/1345/1345 1383/1383/1383
f 1347/1347/1347 1346/1346/1346 1348/1348/1348 1350/1350/1350
f 1343/1343/1343 1342/1342/1342 1347/1347/1347 1349/1349/1349
f 1349/1349/1349 1347/1347/1347 1350/1350/1350 1351/1351/1351
f 1314/1314/1314 1343/1343/1343 1349/1349/1349 1317/1317/1317
f 1314/1314/1314 1311/1311/1311 1343/1343/1343
f 1317/1317/1317 1349/1349/1349 1351/1351/1351 1352/1352/1352
f 1314/1314/1314 1317/1317/1317 1315/1315/1315
f 1352/1352/1352 1351/1351/1351 1353/1353/1353 1354/1354/1354
f 1318/1318/1318 1317/1317/1317 1352/1352/1352 1320/1320/1320
f 1320/1320/1320 1352/1352/1352 1354/1354/1354 1355/1355/1355
f 1354/1354/1354 1394/1394/1394 1356/1356/1356 1355/1355/1355
f 1319/1319/1319 1320/1320/1320 1355/1355/1355 1357/1357/1357
f 1357/1357/1357 1355/1355/1355 1356/1356/1356 1358/1358/1358
f 1322/1322/1322 1357/1357/1357 1358/1358/1358 1359/1359/1359
f 1359/1359/1359 1358/1358/1358 1360/1360/1360 1362/1362/1362
f 1324/1324/1324 1322/1322/1322 1359/1359/1359 1361/1361/1361
f 1361/1361/1361 1359/1359/1359 1362/1362/1362 1363/1363/1363
f 1362/1362/1362 1400/1400/1400 1364/1364/1364 1363/1363/1363
f 1365/1365/1365 1368/1368/1368 1332/1332/1332 1331/1331/1331
f 1366/1366/1366 1368/1368/1368 1365/1365/1365 1367/1367/1367
f 1366/1366/1366 1367/1367/1367 1369/1369/1369 1370/1370/1370
f 1371/1371/1371 1372/1372/1372 1373/1373/1373 1336/1336/1336
f 1373/1373/1373 1375/1375/1375 1374/1374/1374 1338/1338/1338
f 1374/1374/1374 1377/1377/1377 1376/1376/1376 1338/1338/1338
f 1339/1339/1339 1376/1376/1376 1378/1378/1378 1341/1341/1341
f 1378/1378/1378 1376/1376/1376 1377/1377/1377 1380/1380/1380
f 1378/1378/1378 1380/1380/1380 1379/1379/1379 1345/1345/1345
f 1345/1345/1345 1379/1379/1379 1381/1381/1381 1383/1383/1383
f 1379/1379/1379 1411/1411/1411 1382/1382/1382 1381/1381/1381
f 1381/1381/1381 1386/1386/1386 1384/1384/1384 1383/1383/1383
f 1346/1346/1346 1383/1383/1383 1384/1384/1384 1348/1348/1348
f 1348/1348/1348 1384/1384/1384 1385/1385/1385 1387/1387/1387
f 1385/1385/1385 1384/1384/1384 1386/1386/1386 1415/1415/1415
f 1387/1387/1387 1385/1385/1385 1388/1388/1388 1390/1390/1390
f 1389/1389/1389 1350/1350/1350 1348/1348/1348 1387/1387/1387
f 1389/1389/1389 1391/1391/1391 1392/1392/1392 1353/1353/1353
f 1391/1391/1391 1423/1423/1423 1393/1393/1393 1392/1392/1392
f 1354/1354/1354 1353/1353/1353 1392/1392/1392 1394/1394/1394
f 1389/1389/1389 1353/1353/1353 1351/1351/1351 1350/1350/1350
f 1395/1395/1395 1394/1394/1394 1392/1392/1392 1393/1393/1393
f 1356/1356/1356 1394/1394/1394 1395/1395/1395 1396/1396/1396
f 1395/1395/1395 1424/1424/1424 1397/1397/1397 1396/1396/1396
f 1358/1358/1358 1356/1356/1356 1396/1396/1396 1360/1360/1360
f 1360/1360/1360 1396/1396/1396 1397/1397/1397 1398/1398/1398
f 1398/1398/1398 1397/1397/1397 1399/1399/1399 1427/1427/1427
f 1362/1362/1362 1360/1360/1360 1398/1398/1398 1400/1400/1400
f 1398/1398/1398 1427/1427/1427 1401/1401/1401 1400/1400/1400
f 1364/1364/1364 1400/1400/1400 1401/1401/1401 1402/1402/1402
f 1401/1401/1401 1427/1427/1427 1403/1403/1403 1404/1404/1404
f 1374/1374/1374 1375/1375/1375 1405/1405/1405 1406/1406/1406
f 1405/1405/1405 1444/1444/1444 1407/1407/1407 1406/1406/1406
f 1374/1374/1374 1406/1406/1406 1408/1408/1408 1377/1377/1377
f 1408/1408/1408 1406/1406/1406 1407/1407/1407 1445/1445/1445
f 1377/1377/1377 1408/1408/1408 1409/1409/1409 1380/1380/1380
f 1408/1408/1408 1445/1445/1445 1410/1410/1410 1409/1409/1409
f 1380/1380/1380 1409/1409/1409 1411/1411/1411 1379/1379/1379
f 1412/1412/1412 1411/1411/1411 1409/1409/1409 1410/1410/1410
f 1381/1381/1381 1382/1382/1382 1413/1413/1413 1386/1386/1386
f 1386/1386/1386 1413/1413/1413 1414/1414/1414 1415/1415/1415
f 1416/1416/1416 1415/1415/1415 1414/1414/1414 1446/1446/1446
f 1417/1417/1417 1388/1388/1388 1385/1385/1385 1415/1415/1415
f 1417/1417/1417 1415/1415/1415 1416/1416/1416 1418/1418/1418
f 1419/1419/1419 1420/1420/1420 1421/1421/1421
f 1419/1419/1419 1454/1454/1454 1422/1422/1422 1420/1420/1420
f 1421/1421/1421 1420/1420/1420 1393/1393/1393 1423/1423/1423
f 1395/1395/1395 1393/1393/1393 1420/1420/1420 1424/1424/1424
f 1424/1424/1424 1420/1420/1420 1422/1422/1422 1425/1425/1425
f 1397/1397/1397 1424/1424/1424 1425/1425/1425 1399/1399/1399
f 1426/1426/1426 1399/1399/1399 1425/1425/1425 1428/1428/1428
f 1427/1427/1427 1399/1399/1399 1426/1426/1426 1403/1403/1403
f 1425/1425/1425 1422/1422/1422 1429/1429/1429 1428/1428/1428
f 1426/1426/1426 1428/1428/1428 1430/1430/1430 1432/1432/1432
f 1428/1428/1428 1429/1429/1429 1431/1431/1431 1430/1430/1430
f 1432/1432/1432 1430/1430/1430 1433/1433/1433 1435/1435/1435
f 1403/1403/1403 1426/1426/1426 1432/1432/1432 1434/1434/1434
f 1434/1434/1434 1432/1432/1432 1435/1435/1435 1437/1437/1437
f 1404/1404/1404 1403/1403/1403 1434/1434/1434 1436/1436/1436
f 1436/1436/1436 1434/1434/1434 1437/1437/1437 1438/1438/1438
f 1438/1438/1438 1437/1437/1437 1439/1439/1439 1440/1440/1440
f 1440/1440/1440 1439/1439/1439 1441/1441/1441 1442/1442/1442
f 1442/1442/1442 1441/1441/1441 1443/1443/1443 1465/1465/1465
f 1416/1416/1416 1446/1446/1446 1447/1447/1447 1448/1448/1448
f 1449/1449/1449 1451/1451/1451 1448/1448/1448 1447/1447/1447
f 1450/1450/1450 1448/1448/1448 1451/1451/1451 1452/1452/1452
f 1453/1453/1453 1452/1452/1452 1451/1451/1451 1469/1469/1469
f 1454/1454/1454 1455/1455/1455 1456/1456/1456 1457/1457/1457
f 1454/1454/1454 1457/1457/1457 1458/1458/1458 1459/1459/1459
f 1453/1453/1453 1459/1459/1459 1458/1458/1458 1457/1457/1457
f 1454/1454/1454 1459/1459/1459 1429/1429/1429 1422/1422/1422
f 1431/1431/1431 1429/1429/1429 1459/1459/1459 1460/1460/1460
f 1460/1460/1460 1459/1459/1459 1461/1461/1461 1472/1472/1472
f 1431/1431/1431 1460/1460/1460 1462/1462/1462 1464/1464/1464
f 1460/1460/1460 1472/1472/1472 1463/1463/1463 1462/1462/1462
f 1430/1430/1430 1431/1431/1431 1464/1464/1464 1433/1433/1433
f 1465/1465/1465 1443/1443/1443 1466/1466/1466 1467/1467/1467
f 1449/1449/1449 1468/1468/1468 1469/1469/1469 1451/1451/1451
f 1470/1470/1470 1461/1461/1461 1469/1469/1469 1468/1468/1468
f 1453/1453/1453 1469/1469/1469 1461/1461/1461 1459/1459/1459
f 1471/1471/1471 1472/1472/1472 1461/1461/1461 1470/1470/1470
f 1471/1471/1471 1473/1473/1473 1463/1463/1463 1472/1472/1472
f 1474/1474/1474 1463/1463/1463 1473/1473/1473 1475/1475/1475
f 1474/1474/1474 1462/1462/1462 1463/1463/1463
f 1474/1474/1474 1475/1475/1475 1476/1476/1476
f 1474/1474/1474 1476/1476/1476 1477/1477/1477 1462/1462/1462
f 1478/1478/1478 1462/1462/1462 1477/1477/1477
f 1299/1299/1299 1326/1326/1326 1328/1328/1328
f 1450/1450/1450 1418/1418/1418 1416/1416/1416 1448/1448/1448
f 1450/1450/1450 1479/1479/1479 1417/1417/1417 1418/1418/1418
f 1480/1480/1480 1481/1481/1481 1482/1482/1482 1484/1484/1484
f 1481/1481/1481 1495/1495/1495 1483/1483/1483 1482/1482/1482
f 1484/1484/1484 1482/1482/1482 1485/1485/1485 1488/1488/1488
f 1486/1486/1486 1480/1480/1480 1484/1484/1484 1487/1487/1487
f 1487/1487/1487 1484/1484/1484 1488/1488/1488 1502/1502/1502
f 1486/1486/1486 1487/1487/1487 1489/1489/1489 1491/1491/1491
f 1487/1487/1487 1502/1502/1502 1490/1490/1490 1489/1489/1489
f 1491/1491/1491 1489/1489/1489 1492/1492/1492 1494/1494/1494
f 1489/1489/1489 1490/1490/1490 1493/1493/1493 1492/1492/1492
f 1494/1494/1494 1492/1492/1492 1253/1253/1253 1257/1257/1257
f 1482/1482/1482 1483/1483/1483 1496/1496/1496 1485/1485/1485
f 1485/1485/1485 1496/1496/1496 1497/1497/1497 1498/1498/1498
f 1498/1498/1498 1497/1497/1497 1499/1499/1499 1501/1501/1501
f 1485/1485/1485 1498/1498/1498 1500/1500/1500 1488/1488/1488
f 1500/1500/1500 1498/1498/1498 1501/1501/1501 1514/1514/1514
f 1500/1500/1500 1503/1503/1503 1502/1502/1502 1488/1488/1488
f 1504/1504/1504 1490/1490/1490 1502/1502/1502 1503/1503/1503
f 1493/1493/1493 1490/1490/1490 1504/1504/1504 1508/1508/1508
f 1504/1504/1504 1503/1503/1503 1505/1505/1505 1506/1506/1506
f 1500/1500/1500 1514/1514/1514 1505/1505/1505 1503/1503/1503
f 1506/1506/1506 1505/1505/1505 1507/1507/1507 1524/1524/1524
f 1508/1508/1508 1504/1504/1504 1506/1506/1506 1509/1509/1509
f 1506/1506/1506 1524/1524/1524 1510/1510/1510 1509/1509/1509
f 1508/1508/1508 1509/1509/1509 1249/1249/1249 1248/1248/1248
f 1509/1509/1509 1510/1510/1510 1264/1264/1264 1249/1249/1249
f 1493/1493/1493 1508/1508/1508 1248/1248/1248 1251/1251/1251
f 1492/1492/1492 1493/1493/1493 1251/1251/1251 1253/1253/1253
f 1511/1511/1511 1501/1501/1501 1499/1499/1499
f 1512/1512/1512 1514/1514/1514 1501/1501/1501 1513/1513/1513
f 1513/1513/1513 1528/1528/1528 1515/1515/1515 1516/1516/1516
f 1512/1512/1512 1516/1516/1516 1515/1515/1515 1517/1517/1517
f 1512/1512/1512 1517/1517/1517 1518/1518/1518
f 1518/1518/1518 1517/1517/1517 1519/1519/1519 1521/1521/1521
f 1512/1512/1512 1518/1518/1518 1520/1520/1520 1507/1507/1507
f 1520/1520/1520 1518/1518/1518 1521/1521/1521 1523/1523/1523
f 1507/1507/1507 1520/1520/1520 1522/1522/1522 1524/1524/1524
f 1512/1512/1512 1507/1507/1507 1505/1505/1505 1514/1514/1514
f 1522/1522/1522 1520/1520/1520 1523/1523/1523 1529/1529/1529
f 1525/1525/1525 1510/1510/1510 1524/1524/1524 1522/1522/1522
f 1525/1525/1525 1526/1526/1526 1264/1264/1264 1510/1510/1510
f 1525/1525/1525 1532/1532/1532 1282/1282/1282 1526/1526/1526
f 1263/1263/1263 1264/1264/1264 1526/1526/1526 1527/1527/1527
f 1526/1526/1526 1282/1282/1282 1286/1286/1286 1527/1527/1527
f 1263/1263/1263 1527/1527/1527 1265/1265/1265 1267/1267/1267
f 1265/1265/1265 1527/1527/1527 1286/1286/1286 1288/1288/1288
f 1525/1525/1525 1522/1522/1522 1529/1529/1529 1530/1530/1530
f 1525/1525/1525 1530/1530/1530 1531/1531/1531 1532/1532/1532
f 1532/1532/1532 1531/1531/1531 1303/1303/1303 1302/1302/1302
f 1532/1532/1532 1302/1302/1302 1283/1283/1283 1282/1282/1282
f 1486/1486/1486 1491/1491/1491 1533/1533/1533 1480/1480/1480
f 1533/1533/1533 1534/1534/1534 1481/1481/1481 1480/1480/1480
f 1491/1491/1491 1494/1494/1494 1535/1535/1535 1533/1533/1533
f 1535/1535/1535 1494/1494/1494 1257/1257/1257 1260/1260/1260
f 1535/1535/1535 1536/1536/1536 1534/1534/1534 1533/1533/1533
f 1535/1535/1535 1260/1260/1260 1537/1537/1537 1536/1536/1536
f 1534/1534/1534 1536/1536/1536 1538/1538/1538 1539/1539/1539
f 1537/1537/1537 1544/1544/1544 1538/1538/1538 1536/1536/1536
f 1538/1538/1538 1546/1546/1546 1540/1540/1540 1539/1539/1539
f 1534/1534/1534 1539/1539/1539 1495/1495/1495 1481/1481/1481
f 1539/1539/1539 1540/1540/1540 1541/1541/1541 1495/1495/1495
f 1542/1542/1542 1537/1537/1537 1260/1260/1260 1261/1261/1261
f 1542/1542/1542 1261/1261/1261 1262/1262/1262 1543/1543/1543
f 1543/1543/1543 1262/1262/1262 1278/1278/1278 1552/1552/1552
f 1542/1542/1542 1543/1543/1543 1544/1544/1544 1537/1537/1537
f 1543/1543/1543 1552/1552/1552 1545/1545/1545 1544/1544/1544
f 1538/1538/1538 1544/1544/1544 1545/1545/1545 1546/1546/1546
f 1546/1546/1546 1545/1545/1545 1547/1547/1547 1549/1549/1549
f 1546/1546/1546 1549/1549/1549 1548/1548/1548 1540/1540/1540
f 1540/1540/1540 1548/1548/1548 1550/1550/1550 1541/1541/1541
f 1548/1548/1548 1558/1558/1558 1551/1551/1551 1550/1550/1550
f 1552/1552/1552 1278/1278/1278 1280/1280/1280 1553/1553/1553
f 1554/1554/1554 1553/1553/1553 1280/1280/1280 1281/1281/1281
f 1545/1545/1545 1552/1552/1552 1553/1553/1553 1547/1547/1547
f 1554/1554/1554 1555/1555/1555 1547/1547/1547 1553/1553/1553
f 1554/1554/1554 1281/1281/1281 1556/1556/1556 1555/1555/1555
f 1549/1549/1549 1547/1547/1547 1555/1555/1555 1557/1557/1557
f 1557/1557/1557 1555/1555/1555 1556/1556/1556 1575/1575/1575
f 1549/1549/1549 1557/1557/1557 1558/1558/1558 1548/1548/1548
f 1559/1559/1559 1558/1558/1558 1557/1557/1557 1575/1575/1575
f 1559/1559/1559 1560/1560/1560 1551/1551/1551 1558/1558/1558
f 1559/1559/1559 1575/1575/1575 1561/1561/1561 1560/1560/1560
f 1562/1562/1562 1563/1563/1563 1564/1564/1564
f 1565/1565/1565 1567/1567/1567 1566/1566/1566 1564/1564/1564
f 1565/1565/1565 1564/1564/1564 1563/1563/1563 1568/1568/1568
f 1569/1569/1569 1568/1568/1568 1563/1563/1563 1581/1581/1581
f 1565/1565/1565 1568/1568/1568 1570/1570/1570 1571/1571/1571
f 1569/1569/1569 1591/1591/1591 1570/1570/1570 1568/1568/1568
f 1565/1565/1565 1571/1571/1571 1567/1567/1567
f 1292/1292/1292 1323/1323/1323 1296/1296/1296 1295/1295/1295
f 1296/1296/1296 1592/1592/1592 1326/1326/1326 1297/1297/1297
f 1299/1299/1299 1573/1573/1573 1572/1572/1572 1300/1300/1300
f 1301/1301/1301 1300/1300/1300 1572/1572/1572 1574/1574/1574
f 1561/1561/1561 1574/1574/1574 1572/1572/1572 1576/1576/1576
f 1281/1281/1281 1301/1301/1301 1574/1574/1574 1556/1556/1556
f 1561/1561/1561 1575/1575/1575 1556/1556/1556 1574/1574/1574
f 1577/1577/1577 1576/1576/1576 1572/1572/1572 1573/1573/1573
f 1562/1562/1562 1576/1576/1576 1577/1577/1577
f 1562/1562/1562 1577/1577/1577 1578/1578/1578 1563/1563/1563
f 1577/1577/1577 1573/1573/1573 1579/1579/1579 1578/1578/1578
f 1580/1580/1580 1581/1581/1581 1563/1563/1563 1578/1578/1578
f 1579/1579/1579 1582/1582/1582 1580/1580/1580 1578/1578/1578
f 1325/1325/1325 1582/1582/1582 1579/1579/1579 1328/1328/1328
f 1580/1580/1580 1582/1582/1582 1583/1583/1583 1584/1584/1584
f 1325/1325/1325 1330/1330/1330 1583/1583/1583 1582/1582/1582
f 1584/1584/1584 1583/1583/1583 1585/1585/1585 1596/1596/1596
f 1580/1580/1580 1584/1584/1584 1586/1586/1586 1581/1581/1581
f 1584/1584/1584 1596/1596/1596 1587/1587/1587 1586/1586/1586
f 1569/1569/1569 1581/1581/1581 1586/1586/1586 1588/1588/1588
f 1586/1586/1586 1587/1587/1587 1589/1589/1589 1588/1588/1588
f 1569/1569/1569 1588/1588/1588 1590/1590/1590 1591/1591/1591
f 1589/1589/1589 1603/1603/1603 1590/1590/1590 1588/1588/1588
f 1296/1296/1296 1323/1323/1323 1324/1324/1324 1592/1592/1592
f 1592/1592/1592 1324/1324/1324 1361/1361/1361 1593/1593/1593
f 1326/1326/1326 1592/1592/1592 1593/1593/1593 1327/1327/1327
f 1327/1327/1327 1593/1593/1593 1594/1594/1594 1329/1329/1329
f 1330/1330/1330 1332/1332/1332 1585/1585/1585 1583/1583/1583
f 1332/1332/1332 1368/1368/1368 1595/1595/1595 1585/1585/1585
f 1596/1596/1596 1585/1585/1585 1595/1595/1595 1597/1597/1597
f 1597/1597/1597 1595/1595/1595 1370/1370/1370 1599/1599/1599
f 1598/1598/1598 1587/1587/1587 1596/1596/1596 1597/1597/1597
f 1598/1598/1598 1597/1597/1597 1599/1599/1599 1600/1600/1600
f 1601/1601/1601 1602/1602/1602 1600/1600/1600 1599/1599/1599
f 1598/1598/1598 1600/1600/1600 1589/1589/1589 1587/1587/1587
f 1589/1589/1589 1600/1600/1600 1602/1602/1602 1603/1603/1603
f 1603/1603/1603 1602/1602/1602 1604/1604/1604 1606/1606/1606
f 1605/1605/1605 1590/1590/1590 1603/1603/1603 1606/1606/1606
f 1593/1593/1593 1361/1361/1361 1363/1363/1363 1594/1594/1594
f 1594/1594/1594 1363/1363/1363 1364/1364/1364 1607/1607/1607
f 1607/1607/1607 1364/1364/1364 1402/1402/1402 1608/1608/1608
f 1329/1329/1329 1594/1594/1594 1607/1607/1607 1331/1331/1331
f 1365/1365/1365 1331/1331/1331 1607/1607/1607 1608/1608/1608
f 1365/1365/1365 1608/1608/1608 1609/1609/1609 1367/1367/1367
f 1402/1402/1402 1619/1619/1619 1609/1609/1609 1608/1608/1608
f 1367/1367/1367 1609/1609/1609 1610/1610/1610 1369/1369/1369
f 1599/1599/1599 1370/1370/1370 1369/1369/1369 1611/1611/1611
f 1366/1366/1366 1370/1370/1370 1595/1595/1595 1368/1368/1368
f 1612/1612/1612 1611/1611/1611 1369/1369/1369 1610/1610/1610
f 1601/1601/1601 1599/1599/1599 1611/1611/1611
f 1612/1612/1612 1613/1613/1613 1601/1601/1601 1611/1611/1611
f 1612/1612/1612 1623/1623/1623 1614/1614/1614 1613/1613/1613
f 1601/1601/1601 1613/1613/1613 1615/1615/1615 1604/1604/1604
f 1614/1614/1614 1616/1616/1616 1615/1615/1615 1613/1613/1613
f 1601/1601/1601 1604/1604/1604 1602/1602/1602
f 1616/1616/1616 1618/1618/1618 1617/1617/1617 1615/1615/1615
f 1402/1402/1402 1401/1401/1401 1404/1404/1404 1619/1619/1619
f 1620/1620/1620 1619/1619/1619 1404/1404/1404 1436/1436/1436
f 1620/1620/1620 1610/1610/1610 1609/1609/1609 1619/1619/1619
f 1612/1612/1612 1610/1610/1610 1620/1620/1620 1621/1621/1621
f 1620/1620/1620 1436/1436/1436 1438/1438/1438 1621/1621/1621
f 1612/1612/1612 1621/1621/1621 1622/1622/1622 1623/1623/1623
f 1621/1621/1621 1438/1438/1438 1440/1440/1440 1622/1622/1622
f 1622/1622/1622 1631/1631/1631 1624/1624/1624 1623/1623/1623
f 1614/1614/1614 1623/1623/1623 1624/1624/1624 1625/1625/1625
f 1625/1625/1625 1624/1624/1624 1626/1626/1626 1635/1635/1635
f 1614/1614/1614 1625/1625/1625 1627/1627/1627 1616/1616/1616
f 1625/1625/1625 1635/1635/1635 1628/1628/1628 1627/1627/1627
f 1616/1616/1616 1627/1627/1627 1629/1629/1629 1618/1618/1618
f 1627/1627/1627 1628/1628/1628 1630/1630/1630 1629/1629/1629
f 1622/1622/1622 1440/1440/1440 1442/1442/1442 1631/1631/1631
f 1631/1631/1631 1442/1442/1442 1465/1465/1465 1632/1632/1632
f 1631/1631/1631 1632/1632/1632 1626/1626/1626 1624/1624/1624
f 1626/1626/1626 1632/1632/1632 1633/1633/1633 1634/1634/1634
f 1633/1633/1633 1632/1632/1632 1465/1465/1465 1467/1467/1467
f 1635/1635/1635 1626/1626/1626 1634/1634/1634 1636/1636/1636
f 1636/1636/1636 1634/1634/1634 1637/1637/1637 1639/1639/1639
f 1628/1628/1628 1635/1635/1635 1636/1636/1636 1638/1638/1638
f 1638/1638/1638 1636/1636/1636 1639/1639/1639 1642/1642/1642
f 1628/1628/1628 1638/1638/1638 1640/1640/1640 1630/1630/1630
f 1638/1638/1638 1642/1642/1642 1641/1641/1641 1640/1640/1640
f 1299/1299/1299 1328/1328/1328 1579/1579/1579 1573/1573/1573
f 1512/1512/1512 1513/1513/1513 1516/1516/1516
f 1643/1643/1643 1646/1646/1646 1644/1644/1644 1645/1645/1645
f 1647/1647/1647 1648/1648/1648 1644/1644/1644 1646/1646/1646
f 1647/1647/1647 1650/1650/1650 1649/1649/1649 1648/1648/1648
f 1650/1650/1650 1651/1651/1651 1652/1652/1652 1649/1649/1649
f 1653/1653/1653 1652/1652/1652 1651/1651/1651 1655/1655/1655
f 1654/1654/1654 1653/1653/1653 1655/1655/1655 1656/1656/1656
f 1656/1656/1656 1655/1655/1655 1657/1657/1657 1658/1658/1658
f 1657/1657/1657 1655/1655/1655 1651/1651/1651 1659/1659/1659
f 1645/1645/1645 1644/1644/1644 1648/1648/1648 1660/1660/1660
f 1645/1645/1645 1660/1660/1660 1661/1661/1661 1662/1662/1662
f 1647/1647/1647 1663/1663/1663 1664/1664/1664 1650/1650/1650
f 1654/1654/1654 1656/1656/1656 1665/1665/1665
f 1665/1665/1665 1656/1656/1656 1666/1666/1666 1667/1667/1667
f 1656/1656/1656 1671/1671/1671 1668/1668/1668 1666/1666/1666
f 1669/1669/1669 1670/1670/1670 1668/1668/1668 1671/1671/1671
f 1672/1672/1672 1673/1673/1673 1649/1649/1649 1652/1652/1652
f 1653/1653/1653 1674/1674/1674 1672/1672/1672 1652/1652/1652
f 1660/1660/1660 1648/1648/1648 1649/1649/1649 1673/1673/1673
f 1675/1675/1675 1676/1676/1676 1677/1677/1677 1678/1678/1678
f 1679/1679/1679 1680/1680/1680 1681/1681/1681
f 1681/1681/1681 1680/1680/1680 1682/1682/1682 1683/1683/1683
f 1683/1683/1683 1682/1682/1682 1684/1684/1684 1685/1685/1685
f 1686/1686/1686 1694/1694/1694 1687/1687/1687 1688/1688/1688
f 1682/1682/1682 1680/1680/1680 1689/1689/1689 1690/1690/1690
f 1689/1689/1689 1712/1712/1712 1691/1691/1691 1690/1690/1690
f 1682/1682/1682 1690/1690/1690 1692/1692/1692 1684/1684/1684
f 1690/1690/1690 1691/1691/1691 1693/1693/1693 1692/1692/1692
f 1686/1686/1686 1684/1684/1684 1692/1692/1692 1694/1694/1694
f 1694/1694/1694 1692/1692/1692 1693/1693/1693 1695/1695/1695
f 1687/1687/1687 1694/1694/1694 1695/1695/1695 1696/1696/1696
f 1696/1696/1696 1695/1695/1695 1697/1697/1697 1699/1699/1699
f 1687/1687/1687 1696/1696/1696 1698/1698/1698 1700/1700/1700
f 1698/1698/1698 1696/1696/1696 1699/1699/1699 1719/1719/1719
f 1701/1701/1701 1703/1703/1703 1700/1700/1700 1698/1698/1698
f 1702/1702/1702 1688/1688/1688 1687/1687/1687 1700/1700/1700
f 1702/1702/1702 1700/1700/1700 1703/1703/1703 1704/1704/1704
f 1704/1704/1704 1703/1703/1703 1705/1705/1705 1706/1706/1706
f 1706/1706/1706 1705/1705/1705 1707/1707/1707 1708/1708/1708
f 1705/1705/1705 1710/1710/1710 1709/1709/1709 1707/1707/1707
f 1711/1711/1711 1691/1691/1691 1712/1712/1712 1713/1713/1713
f 1711/1711/1711 1714/1714/1714 1693/1693/1693 1691/1691/1691
f 1711/1711/1711 1730/1730/1730 1715/1715/1715 1714/1714/1714
f 1714/1714/1714 1697/1697/1697 1695/1695/1695 1693/1693/1693
f 1714/1714/1714 1715/1715/1715 1716/1716/1716 1697/1697/1697
f 1697/1697/1697 1716/1716/1716 1717/1717/1717 1699/1699/1699
f 1717/1717/1717 1716/1716/1716 1718/1718/1718 1741/1741/1741
f 1719/1719/1719 1699/1699/1699 1717/1717/1717 1720/1720/1720
f 1717/1717/1717 1741/1741/1741 1721/1721/1721 1720/1720/1720
f 1719/1719/1719 1720/1720/1720 1722/1722/1722 1724/1724/1724
f 1720/1720/1720 1721/1721/1721 1723/1723/1723 1722/1722/1722
f 1724/1724/1724 1722/1722/1722 1725/1725/1725 1726/1726/1726
f 1701/1701/1701 1698/1698/1698 1719/1719/1719 1724/1724/1724
f 1701/1701/1701 1724/1724/1724 1726/1726/1726 1710/1710/1710
f 1709/1709/1709 1710/1710/1710 1726/1726/1726 1727/1727/1727
f 1701/1701/1701 1710/1710/1710 1705/1705/1705 1703/1703/1703
f 1726/1726/1726 1725/1725/1725 1728/1728/1728 1727/1727/1727
f 1725/1725/1725 1747/1747/1747 1729/1729/1729 1728/1728/1728
f 1730/1730/1730 1731/1731/1731 1732/1732/1732 1733/1733/1733
f 1711/1711/1711 1713/1713/1713 1731/1731/1731 1730/1730/1730
f 1733/1733/1733 1732/1732/1732 1734/1734/1734 1753/1753/1753
f 1730/1730/1730 1733/1733/1733 1735/1735/1735 1715/1715/1715
f 1733/1733/1733 1753/1753/1753 1736/1736/1736 1735/1735/1735
f 1715/1715/1715 1735/1735/1735 1718/1718/1718 1716/1716/1716
f 1718/1718/1718 1735/1735/1735 1736/1736/1736 1737/1737/1737
f 1738/1738/1738 1737/1737/1737 1736/1736/1736
f 1718/1718/1718 1737/1737/1737 1739/1739/1739 1741/1741/1741
f 1739/1739/1739 1737/1737/1737 1740/1740/1740 1758/1758/1758
f 1741/1741/1741 1739/1739/1739 1742/1742/1742 1721/1721/1721
f 1723/1723/1723 1721/1721/1721 1742/1742/1742 1743/1743/1743
f 1743/1743/1743 1742/1742/1742 1744/1744/1744 1768/1768/1768
f 1723/1723/1723 1743/1743/1743 1745/1745/1745 1747/1747/1747
f 1743/1743/1743 1768/1768/1768 1746/1746/1746 1745/1745/1745
f 1747/1747/1747 1745/1745/1745 1748/1748/1748 1729/1729/1729
f 1722/1722/1722 1723/1723/1723 1747/1747/1747 1725/1725/1725
f 1745/1745/1745 1746/1746/1746 1749/1749/1749 1748/1748/1748
f 1734/1734/1734 1750/1750/1750 1751/1751/1751 1753/1753/1753
f 1751/1751/1751 1750/1750/1750 1752/1752/1752 1785/1785/1785
f 1738/1738/1738 1736/1736/1736 1753/1753/1753 1751/1751/1751
f 1738/1738/1738 1751/1751/1751 1754/1754/1754
f 1751/1751/1751 1785/1785/1785 1755/1755/1755 1754/1754/1754
f 1738/1738/1738 1754/1754/1754 1740/1740/1740 1737/1737/1737
f 1740/1740/1740 1754/1754/1754 1755/1755/1755 1756/1756/1756
f 1757/1757/1757 1758/1758/1758 1740/1740/1740 1756/1756/1756
f 1757/1757/1757 1756/1756/1756 1759/1759/1759
f 1760/1760/1760 1759/1759/1759 1756/1756/1756
f 1761/1761/1761 1758/1758/1758 1757/1757/1757 1759/1759/1759
f 1761/1761/1761 1759/1759/1759 1762/1762/1762
f 1760/1760/1760 1763/1763/1763 1762/1762/1762 1759/1759/1759
f 1761/1761/1761 1762/1762/1762 1763/1763/1763 1764/1764/1764
f 1765/1765/1765 1798/1798/1798 1764/1764/1764 1763/1763/1763
f 1761/1761/1761 1764/1764/1764 1766/1766/1766
f 1767/1767/1767 1766/1766/1766 1764/1764/1764 1799/1799/1799
f 1761/1761/1761 1766/1766/1766 1744/1744/1744 1758/1758/1758
f 1768/1768/1768 1744/1744/1744 1766/1766/1766 1767/1767/1767
f 1739/1739/1739 1758/1758/1758 1744/1744/1744 1742/1742/1742
f 1768/1768/1768 1767/1767/1767 1769/1769/1769 1746/1746/1746
f 1770/1770/1770 1769/1769/1769 1767/1767/1767 1799/1799/1799
f 1771/1771/1771 1772/1772/1772 1773/1773/1773 1775/1775/1775
f 1772/1772/1772 1799/1799/1799 1774/1774/1774 1773/1773/1773
f 1773/1773/1773 1774/1774/1774 1776/1776/1776 1775/1775/1775
f 1777/1777/1777 1778/1778/1778 1771/1771/1771 1775/1775/1775
f 1775/1775/1775 1779/1779/1779 1777/1777/1777
f 1775/1775/1775 1802/1802/1802 1780/1780/1780 1779/1779/1779
f 1781/1781/1781 1782/1782/1782 1780/1780/1780 1804/1804/1804
f 1783/1783/1783 1785/1785/1785 1752/1752/1752 1784/1784/1784
f 1783/1783/1783 1786/1786/1786 1755/1755/1755 1785/1785/1785
f 1787/1787/1787 1760/1760/1760 1788/1788/1788 1789/1789/1789
f 1787/1787/1787 1791/1791/1791 1790/1790/1790 1760/1760/1760
f 1760/1760/1760 1790/1790/1790 1792/1792/1792 1763/1763/1763
f 1791/1791/1791 1793/1793/1793 1792/1792/1792 1790/1790/1790
f 1792/1792/1792 1793/1793/1793 1765/1765/1765 1763/1763/1763
f 1765/1765/1765 1793/1793/1793 1794/1794/1794 1795/1795/1795
f 1791/1791/1791 1794/1794/1794 1793/1793/1793
f 1796/1796/1796 1795/1795/1795 1794/1794/1794 1810/1810/1810
f 1765/1765/1765 1795/1795/1795 1797/1797/1797 1798/1798/1798
f 1797/1797/1797 1795/1795/1795 1796/1796/1796 1801/1801/1801
f 1798/1798/1798 1797/1797/1797 1776/1776/1776 1774/1774/1774
f 1799/1799/1799 1764/1764/1764 1798/1798/1798 1774/1774/1774
f 1797/1797/1797 1801/1801/1801 1800/1800/1800 1776/1776/1776
f 1775/1775/1775 1776/1776/1776 1800/1800/1800 1802/1802/1802
f 1800/1800/1800 1818/1818/1818 1803/1803/1803 1802/1802/1802
f 1802/1802/1802 1803/1803/1803 1804/1804/1804 1780/1780/1780
f 1805/1805/1805 1819/1819/1819 1806/1806/1806 1807/1807/1807
f 1791/1791/1791 1787/1787/1787 1808/1808/1808 1807/1807/1807
f 1791/1791/1791 1807/1807/1807 1809/1809/1809 1794/1794/1794
f 1809/1809/1809 1807/1807/1807 1806/1806/1806 1810/1810/1810
f 1809/1809/1809 1810/1810/1810 1794/1794/1794
f 1811/1811/1811 1812/1812/1812 1796/1796/1796 1810/1810/1810
f 1811/1811/1811 1810/1810/1810 1806/1806/1806 1813/1813/1813
f 1814/1814/1814 1813/1813/1813 1806/1806/1806 1819/1819/1819
f 1811/1811/1811 1815/1815/1815 1816/1816/1816 1812/1812/1812
f 1817/1817/1817 1801/1801/1801 1796/1796/1796 1812/1812/1812
f 1817/1817/1817 1800/1800/1800 1801/1801/1801
f 1811/1811/1811 1813/1813/1813 1820/1820/1820 1815/1815/1815
f 1821/1821/1821 1777/1777/1777 1779/1779/1779
f 1821/1821/1821 1771/1771/1771 1778/1778/1778 1777/1777/1777
f 1821/1821/1821 1779/1779/1779 1780/1780/1780 1782/1782/1782
f 1822/1822/1822 1804/1804/1804 1823/1823/1823 1824/1824/1824
f 1825/1825/1825 1823/1823/1823 1804/1804/1804 1803/1803/1803
f 1822/1822/1822 1824/1824/1824 1826/1826/1826
f 1822/1822/1822 1826/1826/1826 1827/1827/1827
f 1828/1828/1828 1825/1825/1825 1803/1803/1803
f 1828/1828/1828 1803/1803/1803 1829/1829/1829
f 1781/1781/1781 1822/1822/1822 1827/1827/1827
f 1830/1830/1830 1781/1781/1781 1827/1827/1827
f 1830/1830/1830 1832/1832/1832 1831/1831/1831 1781/1781/1781
f 1803/1803/1803 1818/1818/1818 1833/1833/1833 1829/1829/1829
f 1818/1818/1818 1834/1834/1834 1817/1817/1817 1833/1833/1833
f 1817/1817/1817 1834/1834/1834 1818/1818/1818 1800/1800/1800
f 1817/1817/1817 1812/1812/1812 1835/1835/1835 1833/1833/1833
f 1816/1816/1816 1835/1835/1835 1812/1812/1812
f 1816/1816/1816 1837/1837/1837 1836/1836/1836 1835/1835/1835
f 1828/1828/1828 1838/1838/1838 1825/1825/1825
f 1828/1828/1828 1829/1829/1829 1838/1838/1838
f 1839/1839/1839 1685/1685/1685 1840/1840/1840 1841/1841/1841
f 1685/1685/1685 1684/1684/1684 1686/1686/1686 1840/1840/1840
f 1840/1840/1840 1686/1686/1686 1688/1688/1688 1842/1842/1842
f 1702/1702/1702 1844/1844/1844 1842/1842/1842 1688/1688/1688
f 1841/1841/1841 1840/1840/1840 1842/1842/1842 1843/1843/1843
f 1843/1843/1843 1842/1842/1842 1844/1844/1844 1845/1845/1845
f 1845/1845/1845 1844/1844/1844 1846/1846/1846 1854/1854/1854
f 1847/1847/1847 1848/1848/1848 1849/1849/1849 1851/1851/1851
f 1850/1850/1850 1849/1849/1849 1848/1848/1848
f 1851/1851/1851 1849/1849/1849 1852/1852/1852 1708/1708/1708
f 1702/1702/1702 1704/1704/1704 1846/1846/1846 1844/1844/1844
f 1704/1704/1704 1706/1706/1706 1853/1853/1853 1846/1846/1846
f 1854/1854/1854 1846/1846/1846 1853/1853/1853 1855/1855/1855
f 1855/1855/1855 1853/1853/1853 1852/1852/1852 1857/1857/1857
f 1856/1856/1856 1857/1857/1857 1852/1852/1852 1849/1849/1849
f 1850/1850/1850 1858/1858/1858 1856/1856/1856 1849/1849/1849
f 1706/1706/1706 1708/1708/1708 1852/1852/1852 1853/1853/1853
f 1859/1859/1859 1860/1860/1860 1861/1861/1861 1862/1862/1862
f 1861/1861/1861 1864/1864/1864 1863/1863/1863 1862/1862/1862
f 1864/1864/1864 1866/1866/1866 1865/1865/1865 1863/1863/1863
f 1862/1862/1862 1863/1863/1863 1867/1867/1867 1870/1870/1870
f 1867/1867/1867 1863/1863/1863 1865/1865/1865 1868/1868/1868
f 1869/1869/1869 1878/1878/1878 1865/1865/1865 1866/1866/1866
f 1859/1859/1859 1862/1862/1862 1870/1870/1870 1871/1871/1871
f 1872/1872/1872 1871/1871/1871 1870/1870/1870 1873/1873/1873
f 1867/1867/1867 1874/1874/1874 1873/1873/1873 1870/1870/1870
f 1872/1872/1872 1873/1873/1873 1875/1875/1875 1876/1876/1876
f 1874/1874/1874 1877/1877/1877 1875/1875/1875 1873/1873/1873
f 1878/1878/1878 1879/1879/1879 1868/1868/1868 1865/1865/1865
f 1878/1878/1878 1845/1845/1845 1854/1854/1854 1879/1879/1879
f 1879/1879/1879 1854/1854/1854 1855/1855/1855 1880/1880/1880
f 1880/1880/1880 1855/1855/1855 1857/1857/1857 1881/1881/1881
f 1881/1881/1881 1857/1857/1857 1856/1856/1856 1882/1882/1882
f 1867/1867/1867 1868/1868/1868 1883/1883/1883 1874/1874/1874
f 1883/1883/1883 1868/1868/1868 1879/1879/1879 1880/1880/1880
f 1883/1883/1883 1880/1880/1880 1881/1881/1881 1886/1886/1886
f 1869/1869/1869 1843/1843/1843 1845/1845/1845 1878/1878/1878
f 1872/1872/1872 1876/1876/1876 1884/1884/1884 1885/1885/1885
f 1874/1874/1874 1883/1883/1883 1886/1886/1886 1877/1877/1877
f 1886/1886/1886 1881/1881/1881 1882/1882/1882 1893/1893/1893
f 1876/1876/1876 1875/1875/1875 1887/1887/1887 1888/1888/1888
f 1877/1877/1877 1889/1889/1889 1887/1887/1887 1875/1875/1875
f 1890/1890/1890 1888/1888/1888 1887/1887/1887 1891/1891/1891
f 1891/1891/1891 1887/1887/1887 1889/1889/1889 1892/1892/1892
f 1877/1877/1877 1886/1886/1886 1893/1893/1893 1889/1889/1889
f 1894/1894/1894 1895/1895/1895 1896/1896/1896 1898/1898/1898
f 1897/1897/1897 1910/1910/1910 1896/1896/1896 1895/1895/1895
f 1896/1896/1896 1912/1912/1912 1899/1899/1899 1898/1898/1898
f 1900/1900/1900 1901/1901/1901 1902/1902/1902 1903/1903/1903
f 1904/1904/1904 1903/1903/1903 1902/1902/1902 1905/1905/1905
f 1905/1905/1905 1902/1902/1902 1906/1906/1906 1909/1909/1909
f 1907/1907/1907 1904/1904/1904 1905/1905/1905 1908/1908/1908
f 1908/1908/1908 1905/1905/1905 1909/1909/1909 1922/1922/1922
f 1907/1907/1907 1908/1908/1908 1910/1910/1910 1897/1897/1897
f 1908/1908/1908 1922/1922/1922 1911/1911/1911 1910/1910/1910
f 1910/1910/1910 1911/1911/1911 1912/1912/1912 1896/1896/1896
f 1912/1912/1912 1914/1914/1914 1913/1913/1913 1899/1899/1899
f 1906/1906/1906 1915/1915/1915 1916/1916/1916 1917/1917/1917
f 1902/1902/1902 1901/1901/1901 1915/1915/1915 1906/1906/1906
f 1909/1909/1909 1906/1906/1906 1917/1917/1917 1918/1918/1918
f 1918/1918/1918 1917/1917/1917 1919/1919/1919 1928/1928/1928
f 1909/1909/1909 1918/1918/1918 1920/1920/1920 1922/1922/1922
f 1918/1918/1918 1928/1928/1928 1921/1921/1921 1920/1920/1920
f 1922/1922/1922 1920/1920/1920 1923/1923/1923 1911/1911/1911
f 1911/1911/1911 1923/1923/1923 1914/1914/1914 1912/1912/1912
f 1923/1923/1923 1925/1925/1925 1924/1924/1924 1914/1914/1914
f 1913/1913/1913 1914/1914/1914 1924/1924/1924 1926/1926/1926
f 1926/1926/1926 1924/1924/1924 1927/1927/1927 1932/1932/1932
f 1929/1929/1929 1921/1921/1921 1928/1928/1928 1930/1930/1930
f 1929/1929/1929 1931/1931/1931 1925/1925/1925 1921/1921/1921
f 1925/1925/1925 1931/1931/1931 1927/1927/1927 1924/1924/1924
f 1923/1923/1923 1920/1920/1920 1921/1921/1921 1925/1925/1925
f 1894/1894/1894 1898/1898/1898 1933/1933/1933 1934/1934/1934
f 1933/1933/1933 1898/1898/1898 1899/1899/1899 1943/1943/1943
f 1934/1934/1934 1933/1933/1933 1935/1935/1935 1946/1946/1946
f 1894/1894/1894 1934/1934/1934 1936/1936/1936 1938/1938/1938
f 1937/1937/1937 1936/1936/1936 1934/1934/1934 1946/1946/1946
f 1894/1894/1894 1938/1938/1938 1939/1939/1939 1940/1940/1940
f 1899/1899/1899 1913/1913/1913 1941/1941/1941 1943/1943/1943
f 1913/1913/1913 1926/1926/1926 1942/1942/1942 1941/1941/1941
f 1943/1943/1943 1941/1941/1941 1944/1944/1944 1945/1945/1945
f 1933/1933/1933 1943/1943/1943 1945/1945/1945 1935/1935/1935
f 1945/1945/1945 1864/1864/1864 1861/1861/1861 1935/1935/1935
f 1861/1861/1861 1860/1860/1860 1946/1946/1946 1935/1935/1935
f 1937/1937/1937 1946/1946/1946 1860/1860/1860 1947/1947/1947
f 1926/1926/1926 1932/1932/1932 1839/1839/1839 1942/1942/1942
f 1942/1942/1942 1839/1839/1839 1841/1841/1841 1948/1948/1948
f 1948/1948/1948 1841/1841/1841 1843/1843/1843 1869/1869/1869
f 1941/1941/1941 1942/1942/1942 1948/1948/1948 1944/1944/1944
f 1944/1944/1944 1948/1948/1948 1869/1869/1869 1866/1866/1866
f 1945/1945/1945 1944/1944/1944 1866/1866/1866 1864/1864/1864
f 1949/1949/1949 1963/1963/1963 1950/1950/1950 1951/1951/1951
f 1952/1952/1952 1953/1953/1953 1954/1954/1954 1940/1940/1940
f 1955/1955/1955 1956/1956/1956 1957/1957/1957 1958/1958/1958
f 1958/1958/1958 1957/1957/1957 1959/1959/1959 1975/1975/1975
f 1960/1960/1960 1955/1955/1955 1958/1958/1958 1961/1961/1961
f 1958/1958/1958 1975/1975/1975 1962/1962/1962 1961/1961/1961
f 1949/1949/1949 1960/1960/1960 1961/1961/1961 1963/1963/1963
f 1963/1963/1963 1961/1961/1961 1962/1962/1962 1965/1965/1965
f 1963/1963/1963 1965/1965/1965 1964/1964/1964 1950/1950/1950
f 1966/1966/1966 1950/1950/1950 1964/1964/1964 1967/1967/1967
f 1967/1967/1967 1964/1964/1964 1903/1903/1903 1904/1904/1904
f 1968/1968/1968 1966/1966/1966 1967/1967/1967 1969/1969/1969
f 1969/1969/1969 1967/1967/1967 1904/1904/1904 1907/1907/1907
f 1968/1968/1968 1969/1969/1969 1970/1970/1970 1971/1971/1971
f 1969/1969/1969 1907/1907/1907 1897/1897/1897 1970/1970/1970
f 1971/1971/1971 1970/1970/1970 1954/1954/1954 1953/1953/1953
f 1970/1970/1970 1897/1897/1897 1895/1895/1895 1954/1954/1954
f 1894/1894/1894 1940/1940/1940 1954/1954/1954 1895/1895/1895
f 1938/1938/1938 1936/1936/1936 1972/1972/1972 1974/1974/1974
f 1938/1938/1938 1974/1974/1974 1973/1973/1973 1939/1939/1939
f 1952/1952/1952 1940/1940/1940 1939/1939/1939 1973/1973/1973
f 1976/1976/1976 1962/1962/1962 1975/1975/1975 1977/1977/1977
f 1976/1976/1976 1900/1900/1900 1965/1965/1965 1962/1962/1962
f 1964/1964/1964 1965/1965/1965 1900/1900/1900 1903/1903/1903
f 1872/1872/1872 1885/1885/1885 1884/1884/1884
f 1825/1825/1825 1978/1978/1978 1824/1824/1824 1823/1823/1823
f 1979/1979/1979 1980/1980/1980 1981/1981/1981
f 1979/1979/1979 1983/1983/1983 1980/1980/1980 1982/1982/1982
f 1984/1984/1984 1987/1987/1987 1985/1985/1985 1986/1986/1986
f 1988/1988/1988 1989/1989/1989 1990/1990/1990
f 1991/1991/1991 1992/1992/1992 1993/1993/1993
f 1991/1991/1991 1993/1993/1993 1994/1994/1994 1995/1995/1995
f 1996/1996/1996 1997/1997/1997 1998/1998/1998
f 1997/1997/1997 1999/1999/1999 1998/1998/1998
f 1997/1997/1997 2001/2001/2001 2000/2000/2000 1999/1999/1999
f 2002/2002/2002 1996/1996/1996 1998/1998/1998
f 2003/2003/2003 2010/2010/2010 1998/1998/1998 1999/1999/1999
f 2003/2003/2003 1999/1999/1999 2004/2004/2004
f 2003/2003/2003 2004/2004/2004 2005/2005/2005 2006/2006/2006
f 2003/2003/2003 2006/2006/2006 2007/2007/2007
f 2008/2008/2008 2006/2006/2006 2005/2005/2005 2009/2009/2009
f 2002/2002/2002 1998/1998/1998 2010/2010/2010
f 2011/2011/2011 2006/2006/2006 2008/2008/2008 2012/2012/2012
f 2013/2013/2013 2012/2012/2012 2008/2008/2008 2014/2014/2014
f 2013/2013/2013 2014/2014/2014 2015/2015/2015 2016/2016/2016
f 2015/2015/2015 2014/2014/2014 2017/2017/2017 2018/2018/2018
f 2015/2015/2015 2018/2018/2018 2016/2016/2016
f 2013/2013/2013 2016/2016/2016 2018/2018/2018 2019/2019/2019
f 2013/2013/2013 2021/2021/2021 2020/2020/2020 2016/2016/2016
f 2022/2022/2022 2018/2018/2018 2017/2017/2017 2023/2023/2023
f 2022/2022/2022 2019/2019/2019 2018/2018/2018
f 2024/2024/2024 2023/2023/2023 2017/2017/2017 2025/2025/2025
f 2024/2024/2024 2027/2027/2027 2026/2026/2026 2023/2023/2023
f 2022/2022/2022 2023/2023/2023 2028/2028/2028
f 2029/2029/2029 2010/2010/2010 2003/2003/2003 2007/2007/2007
f 2030/2030/2030 2031/2031/2031 2032/2032/2032 2033/2033/2033
f 2034/2034/2034 2035/2035/2035 2036/2036/2036
f 2037/2037/2037 2038/2038/2038 2039/2039/2039 2040/2040/2040
f 2039/2039/2039 2038/2038/2038 2041/2041/2041 2042/2042/2042
f 2039/2039/2039 2042/2042/2042 2043/2043/2043 2044/2044/2044
f 2038/2038/2038 2046/2046/2046 2045/2045/2045 2041/2041/2041
f 2045/2045/2045 2048/2048/2048 2047/2047/2047 2041/2041/2041
f 2041/2041/2041 2049/2049/2049 2042/2042/2042
f 2043/2043/2043 2042/2042/2042 2049/2049/2049 2050/2050/2050
f 2051/2051/2051 2047/2047/2047 2048/2048/2048 2052/2052/2052
f 2053/2053/2053 2052/2052/2052 2048/2048/2048 2056/2056/2056
f 2040/2040/2040 2039/2039/2039 2054/2054/2054 2055/2055/2055
f 2054/2054/2054 2039/2039/2039 2044/2044/2044 2060/2060/2060
f 2045/2045/2045 2056/2056/2056 2048/2048/2048
f 2051/2051/2051 2052/2052/2052 2057/2057/2057 2058/2058/2058
f 2053/2053/2053 2057/2057/2057 2052/2052/2052
f 2041/2041/2041 2047/2047/2047 2059/2059/2059 2049/2049/2049
f 2051/2051/2051 2071/2071/2071 2059/2059/2059 2047/2047/2047
f 2060/2060/2060 2055/2055/2055 2054/2054/2054
f 2060/2060/2060 2062/2062/2062 2061/2061/2061 2055/2055/2055
f 2063/2063/2063 2070/2070/2070 2049/2049/2049 2059/2059/2059
f 2064/2064/2064 2065/2065/2065 2063/2063/2063 2059/2059/2059
f 2066/2066/2066 2064/2064/2064 2059/2059/2059 2067/2067/2067
f 2068/2068/2068 2066/2066/2066 2067/2067/2067
f 2067/2067/2067 2069/2069/2069 2068/2068/2068
f 2050/2050/2050 2049/2049/2049 2070/2070/2070 2063/2063/2063
f 2051/2051/2051 2058/2058/2058 2071/2071/2071
f 2067/2067/2067 2059/2059/2059 2071/2071/2071 2069/2069/2069
f 2072/2072/2072 2073/2073/2073 2074/2074/2074
f 2075/2075/2075 2076/2076/2076 2077/2077/2077
