# exported by v3d-codec
mtllib model.mtl
o surface_9
v -0.48974523 0.13873363 0.07109828
v -0.482136 0.13466467 0.076978326
v -0.48524794 0.13894957 0.07169843
v -0.40330786 0.25321877 0.04143367
v -0.40178618 0.25726646 0.02994081
v -0.40293702 0.25511095 0.03696531
v -0.4031168 0.25441 0.038777854
v -0.49610204 0.1770367 -0.0287481
v -0.49447012 0.16225965 -0.035522036
v -0.49514517 0.17701137 -0.029418143
v -0.3669981 0.20246255 0.09362154
v -0.37310615 0.2067151 0.09787617
v -0.3782296 0.20710307 0.09719645
v -0.3669981 0.20246255 0.09362154
v -0.36688924 0.18753786 0.106285475
v -0.3686458 0.20183305 0.103284426
v -0.44005185 0.121404625 -0.11029401
v -0.44454527 0.105205975 -0.10667441
v -0.4400937 0.11775552 -0.1104553
v -0.36584517 0.2483724 -0.029897138
v -0.35882938 0.2449432 -0.03961508
v -0.36600304 0.2474508 -0.030132446
v -0.44346592 0.12820655 -0.10935339
v -0.44574267 0.15397358 -0.1071419
v -0.44399184 0.12983583 -0.10981322
v -0.103240736 0.057791293 0.08708307
v -0.08550755 0.05336739 0.08792367
v -0.102216005 0.05743192 0.08631909
v -0.016483763 0.03603351 0.07735065
v -0.0011464903 0.040976107 0.074134
v -0.0012170519 0.040765256 0.07371268
v -0.0016742584 0.037042335 0.07841775
v 0.11898634 0.220976 0.07516779
v 0.13977876 0.22489312 0.075656146
v 0.13460405 0.22303322 0.07303713
v 0.122487426 0.041430347 0.07379519
v 0.12380988 0.03258384 0.07242636
v 0.12287938 0.04053043 0.07385
v 0.1088162 0.08481482 -0.1052783
v 0.09261638 0.08669407 -0.10596594
v 0.107672796 0.08457999 -0.10445217
v 0.22486934 0.03764093 0.074677
v 0.24307258 0.040349238 0.07351256
v 0.24314323 0.040714078 0.07424614
v 0.23474953 0.0396055 0.0730067
v 0.3632175 0.23925209 -0.051113695
v 0.3589156 0.2257158 -0.07061766
v 0.36503723 0.2368291 -0.05574729
v -0.3793489 0.13775176 -0.12451645
v -0.38615337 0.15629359 -0.12742558
v -0.38486812 0.14269584 -0.1270735
v 0.4274167 0.2509116 -0.010227685
v 0.44616804 0.24557701 -0.009111702
v 0.44545418 0.24215159 -0.027535291
v 0.4113176 0.2586443 -0.015301266
v 0.42818102 0.24736151 -0.028388612
v 0.4115583 0.252401 -0.030057903
v 0.41385743 0.24543104 -0.04707087
v 0.395192 0.2635244 -0.015460526
v 0.3974997 0.25584915 -0.030836571
v 0.36623397 0.2590127 -0.012789328
v 0.3955865 0.26585203 0.0033034426
v 0.3783008 0.2563174 -0.028664129
v 0.3838208 0.2501195 -0.046014935
v 0.3637478 0.25036874 -0.025164153
v 0.36222848 0.25227144 -0.011197125
v 0.3533616 0.24914117 -0.024043763
v 0.36681595 0.2597964 0.0019188353
v 0.345176 0.25637972 -0.022568092
v 0.34519657 0.25921443 -0.009696074
v 0.3545762 0.25492308 -0.010507252
v 0.46065405 0.2359605 -0.008807234
v 0.4734821 0.2223417 -0.00858096
v 0.47234073 0.22026113 -0.023432516
v 0.48630792 0.20221171 -0.020070782
v 0.4597232 0.23333791 -0.02594515
v 0.45862433 0.22799048 -0.042345524
v 0.44507092 0.23594673 -0.04478309
v 0.44451362 0.22715795 -0.060829498
v 0.42901823 0.24085265 -0.045899794
v 0.42939073 0.23192191 -0.062360264
v 0.413664 0.23393431 -0.06203797
v 0.41565678 0.22221825 -0.075888105
v 0.3998583 0.25004458 -0.04799846
v 0.40236092 0.24166167 -0.06460174
v 0.41166767 0.22879219 -0.079966076
v 0.38511392 0.24238122 -0.06281819
v 0.3712767 0.24224032 -0.06127517
v 0.36926073 0.25024155 -0.041661046
v 0.3819795 0.23114465 -0.07662468
v 0.3672128 0.23124564 -0.07440532
v 0.3753703 0.22139646 -0.08690407
v 0.3632175 0.23925209 -0.051113695
v 0.3589156 0.2257158 -0.07061766
v 0.35731876 0.21771112 -0.079140656
v 0.35299718 0.24133155 -0.048346695
v 0.35305014 0.24631463 -0.035556883
v 0.48652178 0.20641199 -0.008276927
v 0.49590746 0.20341855 -0.007154048
v 0.49525633 0.20217657 -0.020023515
v 0.5003276 0.19405362 -0.0061022826
v 0.49152857 0.1985249 -0.03243878
v 0.4815842 0.20430873 -0.034822136
v 0.500322 0.19289353 -0.016646536
v 0.49949855 0.19141376 -0.028646674
v 0.4984953 0.18647966 -0.039763093
v 0.48686674 0.18987644 -0.041294716
v 0.49797875 0.17887756 -0.049402624
v 0.47981822 0.19902326 -0.046601348
v 0.47832432 0.19114074 -0.05794201
v 0.47050345 0.2162825 -0.03827224
v 0.46865302 0.20973116 -0.05243722
v 0.4577999 0.22009984 -0.057850767
v 0.46738064 0.20032533 -0.065228716
v 0.4567643 0.20956907 -0.07189941
v 0.44354826 0.21580148 -0.075147934
v 0.45539978 0.19644266 -0.08393559
v 0.42925653 0.22047094 -0.076798506
v 0.44210926 0.20221706 -0.08773678
v 0.4277652 0.20678832 -0.08925803
v 0.41407198 0.2102325 -0.0893055
v 0.4119258 0.19573939 -0.10304286
v 0.40164164 0.21621883 -0.09165125
v 0.39846233 0.20001924 -0.10362483
v 0.38208202 0.20524713 -0.100143276
v 0.3752096 0.21041383 -0.09624564
v 0.36633617 0.2202791 -0.08374863
v 0.36672112 0.20663595 -0.098305054
v 0.35745963 0.20836645 -0.08710142
v 0.48770684 0.1831567 -0.05210005
v 0.49754435 0.16959468 -0.057588782
v 0.48676777 0.1725373 -0.058683824
v 0.49675322 0.15909226 -0.06362476
v 0.4775044 0.18010156 -0.06777691
v 0.48636192 0.16161442 -0.06515667
v 0.46632743 0.1884167 -0.07631677
v 0.47687653 0.16776498 -0.075316004
v 0.46541965 0.17472462 -0.08520767
v 0.47629237 0.15443845 -0.080498576
v 0.45428863 0.18150634 -0.09395356
v 0.46467295 0.159222 -0.09169415
v 0.45299616 0.16443875 -0.10102328
v 0.45289043 0.1450429 -0.105416104
v 0.44023252 0.18660614 -0.0983812
v 0.42519867 0.19075167 -0.10025681
v 0.486176 0.15038243 -0.06970175
v 0.4963543 0.14785565 -0.06753833
v 0.48553315 0.13788487 -0.0720244
v 0.49619797 0.13624361 -0.06930681
v 0.48530456 0.12561294 -0.07234189
v 0.49591964 0.124579325 -0.06910216
v 0.47542933 0.12522282 -0.08384707
v 0.47573122 0.1399601 -0.083707556
v 0.46398807 0.12345194 -0.095302895
v 0.45440757 0.11950922 -0.10454893
v 0.4642324 0.14211692 -0.095219105
v 0.34505263 0.24357548 -0.056474347
v 0.34466913 0.24818559 -0.046578914
v 0.35319278 0.20423701 -0.090279184
v 0.36706403 0.1828433 -0.11052472
v 0.35828015 0.1793278 -0.10443187
v 0.35279322 0.2013672 -0.091988616
v 0.3485813 0.2047177 -0.096183084
v 0.34999543 0.19346333 -0.10219427
v 0.34587198 0.17890626 -0.109093584
v 0.34464964 0.25201082 -0.03494563
v 0.4846985 0.102355 -0.067750685
v 0.49596655 0.113986745 -0.067048796
v 0.49596855 0.10408052 -0.06304645
v 0.4846021 0.09247764 -0.062165715
v 0.49637496 0.09471378 -0.0582106
v 0.48468056 0.11370915 -0.070550874
v 0.3169043 0.25297943 -0.03220412
v 0.33144084 0.25253356 -0.033348657
v 0.33118454 0.2489554 -0.045302004
v 0.31628427 0.24948108 -0.044547092
v 0.3309923 0.2442606 -0.05621916
v 0.3155993 0.24452716 -0.055817064
v 0.30130583 0.25338677 -0.031304892
v 0.33075714 0.23703942 -0.06573734
v 0.31467575 0.23729448 -0.06594529
v 0.2980626 0.23740904 -0.06627195
v 0.2994002 0.24495487 -0.055618133
v 0.28293008 0.24495038 -0.05568896
v 0.28199917 0.23730592 -0.06708726
v 0.28079197 0.2295031 -0.077843
v 0.29641315 0.22940579 -0.07666335
v 0.26579833 0.23709294 -0.06742584
v 0.26523337 0.22851034 -0.078103736
v 0.31366268 0.22998211 -0.07615056
v 0.30044496 0.24967654 -0.04378803
v 0.24898352 0.22839886 -0.075472735
v -0.49971312 0.07211969 0.02428804
v -0.49290413 0.071257174 0.035568617
v -0.4988718 0.079894334 0.027822962
v -0.49355927 0.064245924 0.023715496
v -0.50020146 0.090093225 0.046572227
v -0.49305812 0.07911277 0.048365004
v -0.4887761 0.06071218 -0.0017614017
v -0.49531433 0.060376786 0.010845105
v -0.4964274 0.060560793 -0.0026872274
v -0.4716112 0.040156744 -0.0047481116
v -0.47139972 0.040362507 0.011480867
v -0.45952114 0.02745819 -0.0054624565
v -0.4834545 0.053944536 0.0102868285
v -0.4821747 0.056262486 0.02494581
v -0.48169148 0.06232156 0.038536537
v -0.47088695 0.043908164 0.027684188
v -0.48099044 0.07105751 0.050866585
v -0.47051474 0.050601058 0.043020736
v -0.48052588 0.08161467 0.061402287
v -0.47003958 0.060029887 0.05680946
v -0.49232674 0.08948905 0.057877652
v -0.50041044 0.101515345 0.05269216
v -0.45885277 0.035520457 -0.03934273
v -0.45795968 0.042947076 -0.054766595
v -0.4460598 0.03591849 -0.05755038
v -0.45934305 0.030342646 -0.022786785
v -0.44672406 0.027974889 -0.04169119
v -0.44675383 0.022319756 -0.02445659
v -0.43269065 0.02340369 -0.042949278
v -0.4464038 0.01902479 -0.006216368
v -0.4324195 0.017568357 -0.025493609
v -0.4594275 0.02797366 0.0126093635
v -0.4459241 0.019104183 0.0128917005
v -0.43083256 0.014171705 -0.0072128433
v -0.45922914 0.032105856 0.030427547
v -0.44599265 0.023627073 0.031895563
v -0.42945313 0.014084697 0.012314423
v -0.45919767 0.03952825 0.047293145
v -0.44664884 0.031579867 0.04977881
v -0.42990458 0.018371351 0.03234639
v -0.45912698 0.049688697 0.062384956
v -0.44679266 0.04216201 0.065717034
v -0.43183672 0.026855022 0.05079882
v -0.45865676 0.061766744 0.07554917
v -0.46931338 0.071263984 0.06885123
v -0.4465059 0.054802567 0.07949029
v -0.43247372 0.037052587 0.06723461
v -0.4578158 0.0756744 0.0867309
v -0.44572878 0.068998575 0.09116065
v -0.4321912 0.063698776 0.09359164
v -0.44417587 0.08470355 0.100765154
v -0.4564913 0.090938285 0.09623706
v -0.43120232 0.041823372 -0.07303883
v -0.44463292 0.04633428 -0.071361594
v -0.44294894 0.05810713 -0.08333186
v -0.45663977 0.05243156 -0.06867291
v -0.43211436 0.031434283 -0.05887313
v -0.41777197 0.02952303 -0.058502514
v -0.41818342 0.021816067 -0.04323686
v -0.4176861 0.016418494 -0.025916545
v -0.4161551 0.010433517 -0.008796228
v -0.41300848 0.010957696 0.010373866
v -0.41212314 0.00970193 0.032579385
v -0.41202438 0.016629502 0.05307472
v -0.40336746 0.0092448145 0.03172095
v -0.4174882 0.024470814 0.050324846
v -0.41193447 0.026616655 0.07096006
v -0.41140598 0.0388714 0.08650079
v -0.41788375 0.03447502 0.06711383
v -0.41015154 0.054416075 0.097046144
v -0.4182708 0.060685888 0.09302248
v -0.41198164 0.0693693 0.10799977
v -0.41821805 0.04655002 0.08147888
v -0.43262297 0.049617447 0.081498325
v -0.41746488 0.075195745 0.10227447
v -0.43095848 0.07895942 0.103249036
v -0.41731665 0.05164378 -0.0848144
v -0.4299714 0.053844973 -0.08472601
v -0.4287067 0.06661814 -0.09485728
v -0.41699308 0.0401901 -0.072805114
v -0.4170258 0.06392515 -0.09432906
v -0.4118941 0.01420708 -0.046259366
v -0.4120788 0.008280493 -0.028270293
v -0.40325588 0.00032913685 0.009599778
v -0.4119284 0.047842845 -0.091497615
v -0.4114993 0.033257395 -0.076735176
v -0.41102618 0.02215933 -0.062140554
v -0.40781677 0.0011685044 -0.011157417
v -0.41575447 0.07668601 -0.10288912
v -0.41178063 0.07146189 -0.10812508
v -0.41078976 0.057938524 -0.09975505
v -0.39909366 0.021229237 -0.061971392
v -0.39883354 0.014004916 -0.046358366
v -0.3837648 0.020953573 -0.06161752
v -0.3981356 0.00805366 -0.02907634
v -0.3833034 0.008302093 -0.03029476
v -0.39512926 0.0005326569 -0.012954873
v -0.38193431 0.0033420622 -0.014457841
v -0.39144567 0 0.006990215
v -0.3793024 0.002128914 0.00227106
v -0.3699866 0.007555023 -0.015875021
v -0.37988374 0.005154446 0.017457305
v -0.37554246 0.0048038065 0.014070978
v -0.36804137 0.005165234 -0.0017572826
v -0.36704165 0.00543876 0.011244889
v -0.3976994 0.05576399 -0.0984944
v -0.39892438 0.043469325 -0.08835074
v -0.38283944 0.05413811 -0.09715503
v -0.39934576 0.031867303 -0.07558553
v -0.38415757 0.0421822 -0.08715964
v -0.38436437 0.03103321 -0.0747281
v -0.37055317 0.030433103 -0.07394964
v -0.36928943 0.021561608 -0.0610018
v -0.36085632 0.027310148 -0.05707604
v -0.38352263 0.014048077 -0.04655321
v -0.36941305 0.014942452 -0.046368644
v -0.36977097 0.010217555 -0.031173995
v -0.35980153 0.02099891 -0.044524778
v -0.35947993 0.012152746 -0.017106038
v -0.35928592 0.01583431 -0.030857949
v -0.35959336 0.011532828 -0.004194872
v -0.36134368 0.011960834 0.008853481
v -0.36548957 0.056722447 -0.08860637
v -0.36989313 0.053017482 -0.09542928
v -0.3676058 0.06547382 -0.10348869
v -0.37082797 0.041237704 -0.08625678
v -0.36268505 0.04558955 -0.07949841
v -0.36106142 0.035692103 -0.068683416
v -0.3666121 0.07552108 -0.10669016
v -0.35419178 0.079043984 -0.10324771
v -0.35819355 0.06741218 -0.096227825
v -0.3912874 0.009390123 0.03205076
v -0.39248714 0.01599446 0.052457444
v -0.37858257 0.009991236 0.03417396
v -0.38929537 0.025501236 0.06957501
v -0.37250477 0.02486571 0.06799334
v -0.39038223 0.036663294 0.08420214
v -0.37974143 0.038663104 0.086154684
v -0.39496863 0.051762074 0.09641094
v -0.40513974 0.101383284 0.1193373
v -0.39265418 0.11620854 0.12143155
v -0.4046618 0.11790662 0.12249745
v -0.36666578 0.0065117627 0.022562927
v -0.36698782 0.010503903 0.035822768
v -0.37712196 0.016116962 0.052124392
v -0.36636826 0.017095082 0.051032048
v -0.36466023 0.02801112 0.06356734
v -0.37901792 0.038481936 0.082806505
v -0.36443868 0.040609576 0.07415527
v -0.3563567 0.029006392 0.060663994
v -0.364556 0.052469447 0.08562512
v -0.35563463 0.03799185 0.07349492
v -0.3770284 0.0497716 0.09501865
v -0.3661919 0.06208498 0.103429146
v -0.3790819 0.06425644 0.10533072
v -0.39544827 0.066449426 0.106699556
v -0.36622757 0.07750906 0.11215595
v -0.37981907 0.079681404 0.113219164
v -0.3657157 0.06508108 0.0964654
v -0.3551578 0.050370187 0.08500341
v -0.36519623 0.07891211 0.10343552
v -0.3473385 0.059318833 0.0969259
v -0.36310887 0.09351881 0.10925854
v -0.34991202 0.089378804 0.11286197
v -0.369047 0.09409044 0.11672703
v -0.36858183 0.10962852 0.12029677
v -0.3806877 0.0961542 0.11800661
v -0.38102296 0.112965316 0.12078953
v -0.39320824 0.09844077 0.11866438
v -0.3943174 0.081750706 0.114289366
v -0.39295474 0.1303611 0.12849876
v -0.40752095 0.08449617 0.115383685
v -0.3808647 0.12826808 0.12536299
v -0.36905345 0.1263444 0.120028876
v -0.36036497 0.016411468 0.034045525
v -0.35827163 0.021902032 0.047879107
v -0.34586418 0.02385886 0.06234382
v -0.34502286 0.032771796 0.075410224
v -0.34492284 0.045044266 0.08664375
v -0.32920673 0.031348243 0.0731535
v -0.32940233 0.056145586 0.09584423
v -0.32875493 0.042781547 0.084656656
v -0.34978926 0.073910475 0.10585209
v -0.3308236 0.071199134 0.1049343
v -0.3111552 0.053956352 0.093945526
v -0.33145353 0.08722898 0.11209145
v -0.31352377 0.085556544 0.11145987
v -0.35956553 0.10851363 0.1120895
v -0.35822183 0.12410155 0.11439053
v -0.31257248 0.029526144 0.0701747
v -0.31091803 0.03986854 0.082199305
v -0.2923527 0.034506112 0.07668246
v -0.29221678 0.05183982 0.091794215
v -0.31259662 0.069407165 0.10394422
v -0.29500568 0.06833451 0.10333842
v -0.29591614 0.084295094 0.11086821
v -0.27871004 0.068294294 0.10349343
v -0.29593894 0.027162239 0.06646926
v -0.27977988 0.08421199 0.1077715
v -0.36589974 0.012604155 0.02126301
v -0.27824602 0.05683312 0.08944123
v -0.26204783 0.04918596 0.079219684
v -0.2778146 0.031901665 0.0726634
v -0.28051093 0.04702398 0.078388214
v -0.24674366 0.049866714 0.07990308
v -0.2623813 0.0615917 0.09202523
v -0.2634466 0.03085658 0.07110908
v -0.23064922 0.050432183 0.080381796
v -0.24699591 0.06191022 0.09282926
v -0.24723268 0.031059586 0.07141106
v -0.2301424 0.03741593 0.077593304
v -0.21482739 0.050880037 0.08080182
v -0.21409713 0.036358394 0.07786946
v -0.23097877 0.059844308 0.09375538
v -0.21531636 0.060191907 0.09439007
v -0.19891815 0.051891863 0.08178993
v -0.21571925 0.07006559 0.10499687
v -0.1999423 0.0706142 0.10501267
v -0.231532 0.069583625 0.10469639
v -0.24719177 0.0690225 0.1045173
v -0.2631465 0.06879964 0.10422676
v -0.1979686 0.03665737 0.07806481
v -0.18280046 0.052651018 0.0823768
v -0.18120633 0.03664115 0.07795255
v -0.19961807 0.06098917 0.09478018
v -0.18383008 0.061890468 0.09503257
v -0.16632764 0.052761324 0.082560085
v -0.18423378 0.071145415 0.105369054
v -0.16813873 0.07103416 0.10511637
v -0.16472699 0.030543432 0.069979556
v -0.14964971 0.040070303 0.07648995
v -0.16831738 0.036741607 0.07811208
v -0.15031418 0.052785844 0.082398556
v -0.16730098 0.060111776 0.09592089
v -0.1507653 0.06319756 0.09465817
v -0.13440952 0.060782082 0.094512
v -0.15140761 0.07072766 0.10525572
v -0.14857371 0.03057219 0.06990078
v -0.13297397 0.02991426 0.068893045
v -0.13394167 0.04044144 0.0739445
v -0.13436787 0.052189328 0.08187476
v -0.11935375 0.039670117 0.07686
v -0.11726004 0.06055391 0.092111714
v -0.1175039 0.050841145 0.08039251
v -0.11725951 0.06920209 0.10378415
v -0.103240736 0.057791293 0.08708307
v -0.13468377 0.07066255 0.104828544
v -0.10810279 0.036715783 0.078431904
v -0.087348886 0.035825267 0.07715244
v -0.10472431 0.037214108 0.07891503
v -0.08894199 0.03927543 0.07873499
v -0.10953449 0.040334433 0.07395189
v -0.1015719 0.048831217 0.07828688
v -0.08550755 0.05336739 0.08792367
v -0.0668305 0.055077627 0.08992286
v -0.102216005 0.05743192 0.08631909
v -0.083397985 0.065029375 0.100849845
v -0.10024669 0.06676029 0.10214233
v -0.044684596 0.03888894 0.07852139
v -0.06720848 0.034401245 0.075150155
v -0.04782663 0.033806965 0.074515074
v -0.06727521 0.043299027 0.08345058
v -0.031379398 0.03707421 0.07829037
v -0.032654215 0.04705897 0.07318796
v -0.015784072 0.049870566 0.076383285
v -0.044226028 0.040112205 0.078771345
v -0.032343265 0.058361344 0.085884616
v -0.047774907 0.054401472 0.090041116
v -0.049173303 0.06445988 0.10025446
v -0.06648951 0.065059885 0.100602835
v -0.016483763 0.03603351 0.07735065
v -0.00020784933 0.05058562 0.07724912
v -0.0012170519 0.040765256 0.07371268
v -0.01567703 0.058758542 0.08625222
v 0.00026306667 0.05927112 0.08678012
v 0.015954921 0.056715623 0.08875251
v 0.0006686894 0.064399876 0.0992754
v 0.017051445 0.06431184 0.099725515
v -0.01590368 0.06497349 0.09910942
v -0.03216732 0.06453384 0.099317096
v 0.015247903 0.049949355 0.077631146
v -0.11796393 0.029830374 0.06864688
v -0.0016742584 0.037042335 0.07841775
v -0.0011464903 0.040976107 0.074134
v 0.41116515 0.15178776 0.1241518
v 0.41972363 0.16106093 0.112575464
v 0.4092607 0.1644896 0.119207524
v 0.40784505 0.17991355 0.11298233
v 0.3658481 0.061250582 0.10155288
v 0.37859592 0.07505976 0.110244505
v 0.36598748 0.07521906 0.109236635
v 0.37892446 0.060812734 0.10224386
v 0.40710354 0.10877853 0.11951552
v 0.40734997 0.09280507 0.11656563
v 0.41826332 0.09735139 0.111013286
v 0.4185982 0.08244942 0.10538322
v 0.4184384 0.11112502 0.11426028
v 0.43147248 0.11321497 0.11333294
v 0.41953844 0.1231663 0.11568434
v 0.43313637 0.12128614 0.11376887
v 0.40820155 0.12237223 0.12449666
v 0.42089882 0.13427573 0.11596973
v 0.43883204 0.13209309 0.112678275
v 0.40901628 0.13613386 0.12594017
v 0.41956732 0.14696875 0.11489273
v 0.43769348 0.1368099 0.11228655
v 0.43422803 0.15837915 0.11156281
v 0.4360487 0.11714392 0.11322917
v 0.4364901 0.12830225 0.11286771
v 0.43156055 0.10191039 0.11068599
v 0.44266918 0.111591905 0.10918339
v 0.4328085 0.08641972 0.105539516
v 0.45583186 0.12501283 0.10359971
v 0.45844907 0.10108373 0.097313
v 0.45883712 0.15155241 0.099765494
v 0.4692871 0.14958966 0.089282446
v 0.44744614 0.1544832 0.10696541
v 0.44648233 0.17416003 0.1018161
v 0.43305987 0.17647025 0.10624437
v 0.41956022 0.17768663 0.10819917
v 0.39419004 0.06099797 0.10265711
v 0.39356977 0.07572155 0.11074986
v 0.40895528 0.061865233 0.103237376
v 0.40789917 0.0770268 0.11140891
v 0.41899773 0.067794695 0.097117126
v 0.43366817 0.07071303 0.096992806
v 0.41978762 0.053536735 0.08604797
v 0.44744354 0.07616339 0.09410848
v 0.43456718 0.055969313 0.08590921
v 0.44618958 0.093058765 0.102585085
v 0.45939404 0.083035596 0.08888854
v 0.4700299 0.09094688 0.08036616
v 0.47094402 0.076478146 0.07061139
v 0.4694651 0.108633906 0.08746727
v 0.4805391 0.09827694 0.07094593
v 0.46929106 0.12915616 0.09053516
v 0.48049682 0.13168839 0.07883617
v 0.48010406 0.14890826 0.07774048
v 0.4912551 0.14977321 0.07096326
v 0.46878785 0.16771829 0.084638715
v 0.45832327 0.17131299 0.09488285
v 0.47980517 0.16452862 0.07331405
v 0.4094219 0.047910407 0.09147082
v 0.43561557 0.04275181 0.0724308
v 0.44853142 0.060889333 0.08337595
v 0.44958565 0.04755292 0.07029685
v 0.46023592 0.06795001 0.078236915
v 0.46099016 0.055200443 0.065600194
v 0.47173822 0.06444802 0.058971923
v 0.47240266 0.0551017 0.045966055
v 0.48137122 0.08491248 0.06226065
v 0.48198554 0.073726 0.051860683
v 0.4922493 0.090464294 0.05691496
v 0.49226245 0.10307424 0.06526577
v 0.49964747 0.1081073 0.05834443
v 0.4803785 0.114269964 0.07671072
v 0.4912839 0.11841498 0.06895098
v 0.49098754 0.1341397 0.07103813
v 0.50014484 0.13647418 0.064704016
v 0.49939615 0.15087703 0.06261041
v 0.49955755 0.1634905 0.057115037
v 0.49027428 0.16344762 0.06463841
v 0.45063376 0.036504216 0.055253685
v 0.45121396 0.028417803 0.03848626
v 0.46225175 0.03740117 0.035856605
v 0.46170798 0.04486561 0.051356252
v 0.4829098 0.05896786 0.027564162
v 0.49410257 0.07024945 0.036953907
v 0.48253256 0.06504146 0.04027106
v 0.4935184 0.078774184 0.048126522
v 0.500015 0.085381 0.042162642
v 0.5001012 0.09583085 0.05120004
v 0.50024474 0.07768145 0.03146743
v 0.49956682 0.121993735 0.06279802
v 0.49491042 0.06361323 0.025007242
v 0.34844527 0.14729041 0.11873544
v 0.3570271 0.16215703 0.10974953
v 0.35053748 0.1620553 0.11400602
v 0.3528711 0.17656824 0.10979714
v 0.3615616 0.17688526 0.10599282
v 0.36387214 0.1632381 0.10974445
v 0.34805533 0.13261995 0.11939344
v 0.35403907 0.14826843 0.11295835
v 0.35358274 0.13415337 0.11403336
v 0.3635328 0.14956827 0.11263271
v 0.37959012 0.15845165 0.12526318
v 0.38083085 0.13830125 0.12498916
v 0.38005546 0.16727637 0.11886379
v 0.38210428 0.18079577 0.11414036
v 0.3674034 0.18033439 0.11434551
v 0.3578464 0.120112866 0.113484465
v 0.35975966 0.105629556 0.110921234
v 0.36861205 0.10562649 0.11690448
v 0.34893957 0.11811774 0.11832909
v 0.36740577 0.12141827 0.11961236
v 0.36532733 0.13645707 0.11828502
v 0.38093483 0.12271367 0.12341525
v 0.39520368 0.13814732 0.12854844
v 0.39474225 0.12241117 0.12602568
v 0.39567646 0.15624893 0.12825209
v 0.37932035 0.09007305 0.11574775
v 0.39372978 0.091009624 0.11608038
v 0.36593196 0.09002957 0.1146686
v 0.3806914 0.1064585 0.11912899
v 0.39406112 0.10762415 0.11938473
v 0.3607085 0.091374576 0.107178666
v 0.36127773 0.078219816 0.102456
v 0.35994428 0.031746976 0.07003439
v 0.36588395 0.0377495 0.081701115
v 0.36229566 0.042671055 0.07646829
v 0.36449346 0.0532448 0.08675699
v 0.36603874 0.048311464 0.092158586
v 0.36570892 0.06440341 0.09641504
v 0.3699635 0.024679922 0.06630389
v 0.36612228 0.21913417 0.09089056
v 0.35870102 0.22349365 0.07509554
v 0.363966 0.2135252 0.08448448
v 0.36603627 0.23801115 0.07027786
v 0.35545868 0.23303321 0.06466015
v 0.36551577 0.24139431 0.05864802
v 0.36447406 0.23263296 0.06437518
v 0.36489272 0.23522943 0.065154225
v 0.36598462 0.24098185 0.066897705
v 0.37783623 0.23999579 0.06924346
v 0.395151 0.16523725 0.11858864
v 0.39536092 0.18065876 0.11429149
v 0.38351813 0.19511795 0.10762255
v 0.36625963 0.194169 0.10769994
v 0.37358928 0.19460922 0.107699975
v 0.3670702 0.20748216 0.099653274
v 0.3649256 0.20292644 0.09389004
v 0.38214666 0.20811152 0.09951578
v 0.37955183 0.21968108 0.090525575
v 0.39528108 0.20898116 0.09907116
v 0.3788097 0.22956792 0.08129281
v 0.39279145 0.22883788 0.08218827
v 0.3662443 0.22980948 0.080555804
v 0.39097083 0.23384914 0.07604417
v 0.40411124 0.23255368 0.07799666
v 0.39386654 0.22059676 0.08986043
v 0.4022284 0.24261811 0.06621507
v 0.4087035 0.19620281 0.10686723
v 0.3959895 0.19566627 0.10739687
v 0.40786585 0.21047252 0.09784495
v 0.40656203 0.22233301 0.088355646
v 0.40052265 0.24853766 0.05658936
v 0.40085173 0.24966443 0.05543665
v 0.4022447 0.24952048 0.053637207
v 0.41551715 0.24999118 0.032437515
v 0.41157946 0.24686599 0.057308
v 0.3530656 0.24124208 0.05252114
v 0.36592042 0.24828422 0.05225772
v 0.37929454 0.2527205 0.0457495
v 0.38955912 0.24968287 0.054219604
v 0.38999867 0.2540606 0.04282636
v 0.38015813 0.25364944 0.03994101
v 0.40177715 0.25163004 0.04768937
v 0.3953627 0.25677085 0.037288703
v 0.40226448 0.2516105 0.04665756
v 0.43790457 0.23401293 0.055090357
v 0.44956017 0.23964193 0.030861199
v 0.43308267 0.24502422 0.03412687
v 0.44735426 0.2447964 0.010607339
v 0.46256623 0.23023151 0.026617032
v 0.46065405 0.2359605 -0.008807234
v 0.44616804 0.24557701 -0.009111702
v 0.4175987 0.1934442 0.09986324
v 0.41554502 0.2080369 0.09094503
v 0.4140541 0.2211003 0.08171759
v 0.42630148 0.22179493 0.076030195
v 0.44330135 0.2071707 0.08342583
v 0.44093165 0.22126213 0.07077977
v 0.4543226 0.21787871 0.064693265
v 0.45258868 0.23058942 0.04975733
v 0.46404502 0.22183219 0.042632975
v 0.47608975 0.21122149 0.035555296
v 0.46555296 0.21086235 0.056458373
v 0.47488523 0.21817409 0.021756731
v 0.48607376 0.20641685 0.01723628
v 0.47400415 0.2220159 0.0067416737
v 0.46155682 0.23515688 0.009054015
v 0.4734821 0.2223417 -0.00858096
v 0.4315315 0.19351129 0.09829245
v 0.44515365 0.19162701 0.09383344
v 0.4574323 0.1886106 0.087382555
v 0.42926875 0.20865136 0.087959655
v 0.45598233 0.2040134 0.077178545
v 0.46686158 0.19830868 0.06808496
v 0.4773334 0.20221433 0.04742436
v 0.47836092 0.19146344 0.057899717
v 0.48766544 0.19348699 0.03828548
v 0.48707747 0.20097508 0.028232276
v 0.49897572 0.19601086 0.022763876
v 0.50023556 0.19556913 0.011706863
v 0.49575415 0.20329913 0.005439797
v 0.48574454 0.20946035 0.0045927996
v 0.49590746 0.20341855 -0.007154048
v 0.48652178 0.20641199 -0.008276927
v 0.46800306 0.18376952 0.07748133
v 0.47905916 0.17886476 0.066812426
v 0.49031326 0.1763692 0.058330927
v 0.48900476 0.18607531 0.04884155
v 0.49944967 0.18353187 0.041466016
v 0.4990732 0.19069281 0.03258862
v 0.49958006 0.17454596 0.050057344
v 0.49493685 0.18005767 0.021070063
v 0.49801847 0.18025139 0.02591968
v 0.49587697 0.18330516 0.015017504
v 0.494376 0.18052185 0.020658597
v 0.49850994 0.17034474 0.038475823
v 0.4945619 0.17552082 0.021446748
v 0.49453363 0.16616544 0.027185714
v 0.49458677 0.1771436 0.015000038
v 0.4945053 0.16198473 0.01490339
v 0.49453598 0.17707933 0.0091908295
v -0.3669981 0.20246255 0.09362154
v -0.3782296 0.20710307 0.09719645
v -0.36688924 0.18753786 0.106285475
v -0.36536396 0.21411544 0.08786797
v -0.37310615 0.2067151 0.09787617
v 0.122487426 0.041430347 0.07379519
v 0.108046934 0.030522346 0.06959647
v 0.12380988 0.03258384 0.07242636
v 0.12287938 0.04053043 0.07385
v 0.13966645 0.031287648 0.070306435
v -0.48974523 0.13873363 0.07109828
v -0.48567986 0.12317184 0.07217392
v -0.482136 0.13466467 0.076978326
v -0.48524794 0.13894957 0.07169843
v -0.48083588 0.14409652 0.07797193
v -0.4964274 0.060560793 -0.0026872274
v -0.5004933 0.06908272 -0.0021383762
v -0.5001919 0.069968455 -0.015676828
v -0.49447522 0.062016174 -0.016610207
v -0.4919481 0.065069936 -0.03027328
v -0.4887761 0.06071218 -0.0017614017
v -0.48421505 0.056850575 -0.016469745
v -0.4811968 0.0581209 -0.031412683
v -0.47102296 0.042208664 -0.02018858
v -0.46975577 0.04639908 -0.035500705
v -0.4716112 0.040156744 -0.0047481116
v -0.45934305 0.030342646 -0.022786785
v -0.5003791 0.07293449 -0.029113285
v -0.4988007 0.07910627 -0.04167509
v -0.48918158 0.07197176 -0.042906787
v -0.48615482 0.08091715 -0.053337768
v -0.4788877 0.063626856 -0.045357242
v -0.47664833 0.07141022 -0.05796889
v -0.46827614 0.05289451 -0.050129034
v -0.46643525 0.061544314 -0.06349177
v -0.45795968 0.042947076 -0.054766595
v -0.45663977 0.05243156 -0.06867291
v -0.45885277 0.035520457 -0.03934273
v -0.45952114 0.02745819 -0.0054624565
v -0.4888049 0.11621765 -0.06904925
v -0.49883088 0.1289051 -0.06571725
v -0.4992452 0.14721715 -0.06527274
v -0.49699473 0.08654101 -0.05317779
v -0.49037278 0.095814794 -0.059176117
v -0.48367256 0.09002461 -0.062146813
v -0.48814768 0.10658449 -0.06302502
v -0.4742994 0.08087218 -0.068605796
v -0.48160002 0.099313654 -0.06999924
v -0.46450654 0.0719339 -0.07518411
v -0.4623609 0.083846025 -0.08530463
v -0.45511845 0.06354483 -0.080994554
v -0.45289773 0.07628615 -0.09131571
v -0.44294894 0.05810713 -0.08333186
v -0.44095597 0.07089406 -0.09366157
v -0.44463292 0.04633428 -0.071361594
v -0.4882831 0.1396298 -0.07077084
v -0.50015676 0.1599154 -0.05679698
v -0.48708728 0.13964245 -0.070495605
v -0.48744497 0.14211728 -0.06927972
v -0.4861103 0.14647005 -0.069065176
v -0.4801256 0.13646856 -0.07920554
v -0.4820048 0.14619127 -0.07562577
v -0.47880977 0.12368038 -0.08018928
v -0.46856415 0.13512398 -0.09117526
v -0.48804244 0.13058731 -0.07137165
v -0.4846317 0.11511952 -0.07138439
v -0.47907418 0.11046697 -0.077037044
v -0.46957722 0.104532555 -0.08569745
v -0.50001884 0.115531534 -0.06228372
v -0.4719515 0.091548786 -0.0779946
v -0.4597181 0.09756863 -0.0940759
v -0.45545596 0.11450448 -0.102245845
v -0.44964162 0.090396896 -0.099641174
v -0.4467728 0.11685475 -0.108008265
v -0.4383974 0.08436244 -0.10214264
v -0.43498877 0.09791817 -0.108178124
v -0.42646784 0.07973786 -0.10311926
v -0.42398262 0.09285699 -0.10827455
v -0.4287067 0.06661814 -0.09485728
v -0.41575447 0.07668601 -0.10288912
v -0.4299714 0.053844973 -0.08472601
v -0.48777655 0.16538852 -0.059289724
v -0.4744967 0.1801493 -0.07146658
v -0.47362974 0.16967863 -0.07796309
v -0.48803586 0.15240458 -0.06687671
v -0.48566037 0.150487 -0.06929089
v -0.4874966 0.14760627 -0.06983057
v -0.4722753 0.15939948 -0.08328306
v -0.4611816 0.17775652 -0.088320315
v -0.47025833 0.14837086 -0.08805198
v -0.45997036 0.16493914 -0.09472391
v -0.4564445 0.1342184 -0.10292891
v -0.45849752 0.15101512 -0.099759035
v -0.44249415 0.120977215 -0.10982351
v -0.4679889 0.119726166 -0.09066295
v -0.44346592 0.12820655 -0.10935339
v -0.44236767 0.124978416 -0.109914795
v -0.43764174 0.12455472 -0.11154032
v -0.44005185 0.121404625 -0.11029401
v -0.4382669 0.12258435 -0.11131304
v -0.4400937 0.11775552 -0.1104553
v -0.44454527 0.105205975 -0.10667441
v -0.43173105 0.10893221 -0.112174675
v -0.42948046 0.11697308 -0.113978215
v -0.42126143 0.10441978 -0.11187647
v -0.41149747 0.1006387 -0.11496753
v -0.41088158 0.112174645 -0.120347574
v -0.41447702 0.08826259 -0.10986224
v -0.40304303 0.097504675 -0.11831439
v -0.40702766 0.0839245 -0.11425205
v -0.41178063 0.07146189 -0.10812508
v -0.39386648 0.08211249 -0.11354172
v -0.41078976 0.057938524 -0.09975505
v -0.396321 0.068721496 -0.106748655
v -0.4170258 0.06392515 -0.09432906
v -0.3976994 0.05576399 -0.0984944
v -0.46197024 0.18988991 -0.08054241
v -0.44961408 0.1969574 -0.087100916
v -0.44884163 0.18374993 -0.09571974
v -0.44746312 0.16938442 -0.102374695
v -0.43334237 0.17281276 -0.106525026
v -0.44574267 0.15397358 -0.1071419
v -0.43095464 0.15769641 -0.111583985
v -0.42918074 0.14351168 -0.1137613
v -0.44399184 0.12983583 -0.10981322
v -0.4309552 0.13111208 -0.11449166
v -0.41154262 0.14796042 -0.11915323
v -0.42896235 0.1235871 -0.114468075
v -0.41393787 0.13496847 -0.11890263
v -0.41842708 0.114522606 -0.1139328
v -0.41633987 0.12452739 -0.11561235
v -0.40906647 0.12401202 -0.12455849
v -0.4005049 0.111092776 -0.12042435
v -0.4088113 0.13539469 -0.12484272
v -0.39720285 0.13867953 -0.12789935
v -0.39755547 0.15367715 -0.12752354
v -0.39849254 0.12431487 -0.12528601
v -0.3793489 0.13775176 -0.12451645
v -0.38607243 0.122725435 -0.12546802
v -0.3891982 0.10940852 -0.12016692
v -0.37507102 0.12062088 -0.12121816
v -0.39134747 0.09573679 -0.117712736
v -0.37950784 0.09474582 -0.116818294
v -0.3779515 0.10651502 -0.11957237
v -0.36544055 0.10540805 -0.115060076
v -0.36444634 0.11842477 -0.116051905
v -0.36731464 0.092296354 -0.112305544
v -0.35509515 0.10428347 -0.11107579
v -0.36763373 0.07892941 -0.11213999
v -0.3666121 0.07552108 -0.10669016
v -0.38050017 0.080321744 -0.11261403
v -0.3815481 0.06679523 -0.10563185
v -0.38283944 0.05413811 -0.09715503
v -0.3676058 0.06547382 -0.10348869
v -0.36989313 0.053017482 -0.09542928
v -0.42012858 0.2036837 -0.09195556
v -0.411242 0.20898613 -0.09683577
v -0.41174817 0.19487247 -0.106400855
v -0.4196817 0.19023772 -0.10046746
v -0.41910207 0.17524426 -0.10759471
v -0.43527633 0.20145915 -0.09082138
v -0.43450698 0.18783602 -0.09978244
v -0.41629016 0.16058883 -0.11221693
v -0.40813532 0.16406092 -0.11913833
v -0.40844753 0.15425499 -0.12713796
v -0.4087439 0.1792423 -0.1130516
v -0.39714572 0.1642807 -0.11926858
v -0.38615337 0.15629359 -0.12742558
v -0.37871626 0.15008152 -0.12042859
v -0.3790905 0.15667461 -0.11933614
v -0.38486812 0.14269584 -0.1270735
v -0.36673093 0.1599441 -0.11685426
v -0.36824375 0.15016274 -0.11877296
v -0.378633 0.1458703 -0.120864235
v -0.36668327 0.14223734 -0.1195615
v -0.36473224 0.13079104 -0.11767283
v -0.35791904 0.13988702 -0.11389807
v -0.37394986 0.1333923 -0.121521614
v -0.3552345 0.12866083 -0.11407538
v -0.35465747 0.11670734 -0.113168
v -0.35549164 0.09159544 -0.107952006
v -0.35419178 0.079043984 -0.10324771
v -0.39652872 0.18089166 -0.11365517
v -0.36441645 0.1710226 -0.10792389
v -0.3724745 0.16961515 -0.11566147
v -0.4428432 0.119247876 -0.11009955
v -0.35882938 0.2449432 -0.03961508
v -0.34858263 0.24897283 -0.044024795
v -0.34643176 0.24286526 -0.058356382
v -0.3558582 0.23875159 -0.05499283
v -0.3552812 0.2298814 -0.06756141
v -0.3657415 0.23786756 -0.05445355
v -0.3661633 0.24658285 -0.03982648
v -0.36534753 0.22943088 -0.06724031
v -0.3659504 0.21923068 -0.07817195
v -0.34397385 0.23373139 -0.07124009
v -0.34261027 0.22290842 -0.08243393
v -0.35482895 0.21954714 -0.07869556
v -0.34113738 0.21115774 -0.091893084
v -0.3542272 0.20888677 -0.08973069
v -0.3658896 0.20720851 -0.08811184
v -0.35191226 0.19796443 -0.09891293
v -0.33964717 0.19977403 -0.10085927
v -0.36028153 0.19575933 -0.09620817
v -0.35106152 0.18606234 -0.10536586
v -0.35845602 0.18376312 -0.10283703
v -0.36584517 0.2483724 -0.029897138
v -0.36740568 0.25906378 -0.012261318
v -0.36905697 0.25930732 0.0032824294
v -0.36002994 0.2519406 0.0006211328
v -0.36721727 0.25112376 -0.042976543
v -0.37271598 0.25585282 -0.029112285
v -0.3668928 0.2556163 -0.026573982
v -0.36555326 0.25232255 -0.011768062
v -0.36593994 0.24944793 -0.023089003
v -0.3666358 0.24461287 -0.057744436
v -0.3697659 0.2349017 -0.071300425
v -0.3696181 0.2120426 -0.09500173
v -0.36806348 0.19824639 -0.10256203
v -0.36968967 0.22469439 -0.08460233
v -0.36744812 0.18492727 -0.11172428
v -0.37795067 0.25475532 -0.03233985
v -0.38156998 0.26244447 -0.015601546
v -0.381306 0.25083616 -0.044386335
v -0.37651262 0.2454078 -0.057553865
v -0.38147303 0.23562115 -0.07207771
v -0.39628172 0.2514887 -0.043260567
v -0.4030237 0.25937325 -0.017033374
v -0.395349 0.24527478 -0.058748573
v -0.40940374 0.24975592 -0.040846508
v -0.41227275 0.25657794 -0.018396745
v -0.410116 0.24455571 -0.05805077
v -0.38220966 0.22455135 -0.0853976
v -0.38233635 0.21121252 -0.09568412
v -0.3973851 0.21041864 -0.09632141
v -0.3964224 0.22416148 -0.08602292
v -0.40945187 0.22198184 -0.08504303
v -0.3977289 0.19634399 -0.10592751
v -0.38255772 0.18239775 -0.11290837
v -0.38642976 0.1609241 -0.11907266
v -0.42112392 0.21646577 -0.08107109
v -0.42142856 0.22765972 -0.06799819
v -0.43633312 0.22513694 -0.06709749
v -0.43640587 0.23479357 -0.053063568
v -0.42125216 0.23713934 -0.053808823
v -0.43636075 0.24199387 -0.037453532
v -0.4359898 0.21402821 -0.080053814
v -0.38224748 0.19749138 -0.105164275
v -0.4093037 0.23362803 -0.07188056
v -0.4215235 0.24440417 -0.03799171
v -0.39561793 0.23528859 -0.0724883
v -0.40445536 0.26412046 -0.01692876
v -0.4119161 0.2587098 -0.008905977
v -0.45033434 0.2094425 -0.07701292
v -0.4504262 0.22034442 -0.064721435
v -0.4213531 0.24915001 -0.020740353
v -0.43619514 0.24653849 -0.02114633
v -0.46948504 0.2080885 0.05279812
v -0.4589962 0.21840346 0.057388574
v -0.45904395 0.2272209 0.042477876
v -0.46978712 0.21623418 0.039430365
v -0.48005426 0.19774148 0.04761229
v -0.48046404 0.20511565 0.035823777
v -0.47021252 0.22173893 0.025284791
v -0.48102465 0.21026 0.023228228
v -0.49081418 0.19709858 0.0330105
v -0.49103224 0.2015353 0.021552846
v -0.49941438 0.19245487 0.029368823
v -0.5000087 0.19507691 0.019790823
v -0.49656627 0.1819852 0.016771503
v -0.4963603 0.1799991 0.022410845
v -0.49536836 0.17589219 0.029477324
v -0.4994212 0.1826371 0.039234728
v -0.49982488 0.19667995 0.009870218
v -0.49689892 0.18418556 0.008329022
v -0.497105 0.18590342 -0.0004036336
v -0.49982494 0.19807029 -0.0005160345
v -0.500033 0.19722366 -0.01083892
v -0.49686068 0.18604076 -0.009505628
v -0.49995843 0.19405475 -0.02105257
v -0.49862167 0.18488823 -0.017817149
v -0.49970144 0.19085272 -0.031022582
v -0.4992902 0.18265036 -0.026808033
v -0.48893574 0.20322168 -0.0009212204
v -0.48999327 0.20235693 -0.011900391
v -0.49568605 0.17939542 -0.024470203
v -0.48955128 0.18946695 0.042882893
v -0.4707592 0.22434345 0.011146076
v -0.46014085 0.2353551 0.011380036
v -0.46076146 0.23544219 -0.0037532889
v -0.471197 0.2245607 -0.002780521
v -0.48175764 0.21305606 -0.0018290265
v -0.47168142 0.222301 -0.016377876
v -0.44948608 0.24384695 -0.0047165845
v -0.44852242 0.24390623 0.011057771
v -0.45000392 0.24148819 -0.020359328
v -0.43561673 0.24891727 -0.005477747
v -0.4611674 0.23301023 -0.018679751
v -0.49114704 0.20466222 0.010160627
v -0.45955366 0.23282903 0.026819363
v -0.49610204 0.1770367 -0.0287481
v -0.4472613 0.24102892 0.027126715
v -0.44633484 0.23560643 0.043630037
v -0.47221026 0.21797225 -0.029544042
v -0.46145308 0.22844091 -0.03318534
v -0.46169546 0.22146533 -0.04717162
v -0.47263074 0.21124661 -0.042172074
v -0.46191427 0.21222103 -0.059920497
v -0.4730038 0.20215884 -0.054111354
v -0.46205673 0.20145567 -0.07113365
v -0.47387457 0.19121365 -0.06388905
v -0.48466802 0.19928136 -0.034892786
v -0.482431 0.19214064 -0.0498972
v -0.48273343 0.20693547 -0.025336856
v -0.45035166 0.22969984 -0.050936088
v -0.48797244 0.18454197 -0.04673274
v -0.489187 0.18971735 -0.039313514
v -0.49328765 0.19498302 -0.032265432
v -0.48782215 0.18623173 -0.042635765
v -0.45029104 0.23694116 -0.03603053
v -0.4821076 0.21118721 -0.013816594
v -0.49420437 0.20142616 -0.023448462
v -0.48155195 0.21272112 0.010229939
v -0.4890845 0.19908872 -0.020885892
v -0.4965446 0.14428367 -0.05217873
v -0.49444655 0.15762578 -0.02981272
v -0.49733263 0.14919427 -0.050639488
v -0.49447012 0.16225965 -0.035522036
v -0.4981308 0.13110565 -0.05460395
v -0.49675596 0.12614326 -0.053298395
v -0.49506617 0.11762935 -0.048921056
v -0.5002488 0.10618347 -0.056198888
v -0.49463046 0.10814229 -0.042154204
v -0.50033844 0.09732637 -0.047838178
v -0.49540582 0.16295068 -0.043320403
v -0.49981996 0.18090239 -0.04090163
v -0.49977526 0.16581096 -0.04594907
v -0.49514517 0.17701137 -0.029418143
v -0.4931875 0.16560377 -0.06552355
v -0.48803586 0.15240458 -0.06687671
v -0.4874966 0.14760627 -0.06983057
v -0.4931875 0.16560377 -0.06552355
v -0.48797244 0.18454197 -0.04673274
v -0.48777655 0.16538852 -0.059289724
v 0.36578366 0.10873848 -0.115340635
v 0.36724862 0.09946566 -0.118540406
v 0.36615863 0.099262014 -0.113505326
v 0.36742455 0.09035232 -0.11607316
v 0.36543748 0.09911851 -0.11011554
v -0.49496552 0.10725247 0.04521485
v -0.49502102 0.106602274 0.04571345
v -0.50020146 0.090093225 0.046572227
v -0.50041044 0.101515345 0.05269216
v 0.49445796 0.13081467 -0.050954197
v 0.49458495 0.13990779 -0.049635474
v 0.49480233 0.13206494 -0.040760316
v 0.49444395 0.13323367 -0.04514172
v 0.1178726 0.04748062 -0.08285554
v 0.1337789 0.046451464 -0.07402426
v 0.12116536 0.0460554 -0.075052805
v 0.12016769 0.046550035 -0.081494465
v 0.1203595 0.03796666 -0.07806127
v 0.49510193 0.1296409 -0.05174711
v 0.49458495 0.13990779 -0.049635474
v 0.49444395 0.13323367 -0.04514172
v 0.49445796 0.13081467 -0.050954197
v -0.49420437 0.20142616 -0.023448462
v -0.48999327 0.20235693 -0.011900391
v -0.4890845 0.19908872 -0.020885892
v 0.4360487 0.11714392 0.11322917
v 0.43769348 0.1368099 0.11228655
v 0.43883204 0.13209309 0.112678275
v 0.4364901 0.12830225 0.11286771
v -0.031665824 0.0809241 -0.107897274
v -0.03213489 0.09030894 -0.10958828
v -0.030250937 0.096934944 -0.114601865
v -0.03075943 0.081606045 -0.10746715
v 0.23695697 0.22262314 0.072708435
v 0.23453546 0.23380604 0.070245355
v 0.23520716 0.22576293 0.07600399
v -0.37974143 0.038663104 0.086154684
v -0.37250477 0.02486571 0.06799334
v -0.37901792 0.038481936 0.082806505
v -0.03075943 0.081606045 -0.10746715
v -0.030250937 0.096934944 -0.114601865
v -0.03213489 0.09030894 -0.10958828
v 0.36468285 0.032421358 -0.06734018
v 0.37509054 0.01900164 -0.05778046
v 0.36485088 0.02342277 -0.057479836
v 0.35546532 0.026135765 -0.057263963
v 0.36743522 0.01700572 -0.044778578
v 0.35741743 0.021119468 -0.0456358
v 0.36599424 0.016614959 -0.033458464
v 0.363099 0.016312703 -0.032254014
v 0.36839238 0.010255545 -0.032504614
v 0.36684105 0.010723092 -0.021080902
v 0.37547264 0.00832013 -0.029708195
v 0.3660181 0.01436539 -0.023001013
v 0.36789986 0.008520469 -0.01512185
v 0.37703478 0.0065514445 -0.015235018
v 0.35576287 0.0115682185 -0.01442846
v 0.35294884 0.0063361824 -0.0032307762
v 0.36976978 0.007341169 -0.009600221
v 0.37266928 0.04789471 -0.09204965
v 0.38665435 0.04783809 -0.09212185
v 0.3873952 0.036712207 -0.08134754
v 0.4008766 0.048001863 -0.09221971
v 0.37388173 0.036974616 -0.08167559
v 0.3877878 0.02682279 -0.06922563
v 0.37457034 0.027230747 -0.06995689
v 0.38825914 0.018028855 -0.05634626
v 0.40152112 0.026303977 -0.0685939
v 0.40212974 0.017286234 -0.054839652
v 0.40110517 0.0109739825 -0.03837747
v 0.4127908 0.020446554 -0.051644113
v 0.38794962 0.011928298 -0.04086189
v 0.399455 0.0039958954 -0.018423773
v 0.3763079 0.013026409 -0.043529373
v 0.38709426 0.006363854 -0.021868799
v 0.37224287 0.0055808574 -0.018913098
v 0.38568154 0.0002181232 0.003688202
v 0.3679948 0.00530985 0.008025919
v 0.40141815 0.036577858 -0.08115746
v 0.4124114 0.01361461 -0.035045512
v 0.41203883 0.0061292946 -0.016165366
v 0.41206032 0.005261615 0.0007178514
v 0.40019602 0.00019723177 0.0008776734
v 0.34029645 0.03062386 -0.07089716
v 0.33901724 0.039856806 -0.08096196
v 0.35369986 0.041280717 -0.0793554
v 0.3454889 0.008076131 -0.025526108
v 0.3455604 0.0119739175 -0.037311047
v 0.34385434 0.0050807893 -0.013779464
v 0.34226555 0.004869014 -0.0013183606
v 0.35447738 0.032134153 -0.0689394
v 0.3639676 0.042067282 -0.077787064
v 0.3423174 0.022927813 -0.06039823
v 0.3444047 0.016254388 -0.049274806
v 0.36594957 0.012036353 0.0022357826
v 0.36594167 0.011996716 -0.0048658135
v 0.3590224 0.011765547 0.0056209182
v 0.36077344 0.012400299 0.016701294
v 0.36671615 0.010356903 0.0021224334
v 0.3553164 0.01632087 0.03403883
v 0.36473396 0.01568693 0.029409677
v 0.35552168 0.016935423 0.03390976
v -0.28592277 0.20481855 0.09782829
v -0.2663848 0.20231828 0.093991175
v -0.28501475 0.20397165 0.09630364
v 0.30809832 0.17098002 0.10885777
v 0.3108781 0.17179325 0.11095322
v 0.3091927 0.17078182 0.109763995
v 0.3135034 0.16799572 0.11320446
v -0.3863342 0.25352854 0.038831703
v -0.38546082 0.25697982 0.031024218
v -0.38668123 0.25497684 0.038938697
v -0.40330786 0.25321877 0.04143367
v -0.40293702 0.25511095 0.03696531
v -0.40178618 0.25726646 0.02994081
v -0.49536836 0.17589219 0.029477324
v -0.4963603 0.1799991 0.022410845
v -0.49565923 0.17758119 0.027588343
v -0.49556875 0.16989094 0.036895473
v -0.49536836 0.17589219 0.029477324
v -0.49565923 0.17758119 0.027588343
v 0.16972941 0.04085911 0.07382703
v 0.18690349 0.04040032 0.07443839
v 0.19757773 0.040592857 0.07385888
v 0.19619732 0.053911835 0.081029944
v 0.11312045 0.22579417 0.07871996
v 0.13460405 0.22303322 0.07303713
v 0.13977876 0.22489312 0.075656146
v 0.11898634 0.220976 0.07516779
v -0.21851678 0.22152987 -0.072488755
v -0.23057565 0.22123206 -0.07126066
v -0.2296137 0.22353292 -0.07410136
v -0.24277644 0.22502132 -0.074197024
v -0.22820455 0.2264686 -0.07786556
v 0.13977876 0.22489312 0.075656146
v 0.14140417 0.22295994 0.07326351
v 0.14752162 0.22252318 0.07281602
v -0.14368574 0.13592717 -0.11813865
v -0.12778336 0.12610726 -0.11515855
v -0.14270462 0.13511944 -0.117382325
v -0.36589974 0.012604155 0.02126301
v -0.36134368 0.011960834 0.008853481
v -0.35094813 0.0050077885 0.007841943
v -0.35032573 0.008765705 0.020939458
v -0.33468056 0.0048305243 0.006891731
v -0.33445612 0.006386876 0.020460565
v -0.33362964 0.011015087 0.033668634
v -0.34950182 0.005106181 -0.0058479006
v -0.33419606 0.004862562 -0.0071982383
v -0.3185627 0.0049351007 -0.008118675
v -0.31866536 0.0049058795 0.005675851
v -0.30241573 0.005050972 -0.0090165315
v -0.30245522 0.0049387813 0.0045248093
v -0.30209208 0.005956486 0.01771618
v -0.28529707 0.00496158 0.0034059966
v -0.2850402 0.0053473115 0.016488254
v -0.3013487 0.010051109 0.030428512
v -0.2843025 0.009521358 0.028818326
v -0.26638043 0.009014368 0.027316276
v -0.26680768 0.0055678487 0.015204826
v -0.26703042 0.004995778 0.0024034914
v -0.24968302 0.005497873 0.014224956
v -0.24940868 0.0087448135 0.026428454
v -0.2832666 0.014175348 0.04123062
v -0.30020988 0.01481162 0.043315355
v -0.31753188 0.010637589 0.03214581
v -0.31628424 0.015434258 0.04557957
v -0.23255333 0.0053231865 0.013492773
v -0.23240378 0.00847134 0.02549015
v -0.29838568 0.019783482 0.055455063
v -0.28210112 0.01857993 0.05288024
v -0.3494493 0.011240512 0.03505369
v -0.36036497 0.016411468 0.034045525
v -0.28034568 0.025537275 0.063245274
v -0.29593894 0.027162239 0.06646926
v -0.2923527 0.034506112 0.07668246
v -0.2778146 0.031901665 0.0726634
v -0.26509938 0.01813405 0.05186706
v -0.26439413 0.024584584 0.06191183
v -0.24844013 0.018102586 0.050866038
v -0.24786718 0.024455823 0.061558735
v -0.23144452 0.017460644 0.05007254
v -0.23065574 0.023920089 0.060621403
v -0.24723268 0.031059586 0.07141106
v -0.23012073 0.030509993 0.07049129
v -0.2139936 0.02343598 0.059749406
v -0.21388245 0.030142948 0.06982058
v -0.19691963 0.023316994 0.059465304
v -0.19744314 0.030642316 0.07037592
v -0.2301424 0.03741593 0.077593304
v -0.23064922 0.050432183 0.080381796
v -0.18012598 0.023313828 0.05933267
v -0.18029435 0.030813895 0.07045623
v -0.21422383 0.017036855 0.04881265
v -0.21458307 0.005184114 0.013083578
v -0.21465756 0.008301161 0.024987588
v -0.19697568 0.005139962 0.012612352
v -0.19696221 0.008073024 0.024252813
v -0.17951284 0.005117789 0.012169025
v -0.17983131 0.007923849 0.023788378
v -0.1967001 0.005090788 0.00018893753
v -0.17918076 0.0051423907 -0.0000006265618
v -0.17994916 0.012130961 0.035080172
v -0.19687302 0.012426771 0.03596552
v -0.16316159 0.007747397 0.0232487
v -0.16343854 0.011934884 0.034448497
v -0.1466005 0.0075775534 0.022560934
v -0.14697331 0.011645675 0.033611543
v -0.16374566 0.016451664 0.046876583
v -0.14752609 0.016314209 0.04611358
v -0.13069189 0.011505835 0.033220682
v -0.13141802 0.016016781 0.045513157
v -0.14613022 0.005144149 0.011387404
v -0.21433397 0.0050606877 0.00032306096
v -0.14806394 0.02281522 0.05836822
v -0.13213933 0.022403702 0.05765554
v -0.13001426 0.0073291287 0.022098029
v -0.16287419 0.005467862 0.011745276
v -0.265844 0.013684168 0.039780967
v -0.21409713 0.036358394 0.07786946
v -0.18002766 0.016666874 0.047508348
v -0.23255673 0.0050442517 0.00073573855
v -0.28520203 0.005049318 -0.009835806
v -0.23204882 0.013037302 0.037784863
v -0.1979686 0.03665737 0.07806481
v -0.18120633 0.03664115 0.07795255
v -0.2634466 0.03085658 0.07110908
v -0.19665761 0.016855337 0.048130754
v -0.16409442 0.023187086 0.058996312
v -0.31257248 0.029526144 0.0701747
v -0.31835964 0.0060426444 0.019120008
v -0.14542328 0.0051885843 -0.00044338987
v -0.12877342 0.0051778853 -0.0005041937
v -0.12813869 0.005355701 -0.012250564
v -0.14466718 0.0052465796 -0.01216678
v -0.11179012 0.0053146333 -0.012475186
v -0.11250009 0.005161196 -0.00087745767
v -0.09548064 0.0051994324 -0.012780465
v -0.096336514 0.005156651 -0.00121917
v -0.11318689 0.0052275956 0.010684799
v -0.097101994 0.005231276 0.010371987
v -0.078770295 0.0055072308 -0.013090536
v -0.07958261 0.0051692724 -0.0013136219
v -0.062316295 0.005261883 -0.013348862
v -0.062981434 0.005175039 -0.0015970584
v -0.06370071 0.0051686913 0.010255897
v -0.04611322 0.005164668 -0.0017472315
v -0.04673109 0.005274698 0.010168283
v -0.029980306 0.005150065 0.009856773
v -0.029477516 0.0051654577 -0.0017994619
v -0.028962431 0.0052213073 -0.01340316
v -0.047444895 0.007083833 0.021229977
v -0.03045967 0.0070114806 0.021164559
v -0.04820931 0.011023708 0.031725608
v -0.031138377 0.011137627 0.032028556
v -0.014038097 0.0069786906 0.020785855
v -0.014609685 0.011113301 0.031949814
v 0.0026577124 0.010943562 0.03147205
v 0.0033413975 0.0069640353 0.020665342
v 0.020340249 0.010834463 0.031202238
v 0.021127041 0.006793529 0.02047151
v 0.021716956 0.0051463246 0.009417362
v 0.019332241 0.014973529 0.042275593
v 0.0019605318 0.01522772 0.042942405
v 0.0010780633 0.020318568 0.053974066
v 0.017996384 0.019804262 0.05297847
v -0.00024784898 0.027824275 0.06546141
v 0.016487772 0.02633892 0.06321712
v -0.015896259 0.020500362 0.05440693
v -0.016291184 0.028123394 0.065891765
v 0.03550839 0.019495398 0.052846905
v 0.033984885 0.025451288 0.06190053
v 0.03209834 0.030483037 0.069516405
v 0.012684544 0.03690411 0.078240916
v 0.05206608 0.0325836 0.072691776
v -0.016483763 0.03603351 0.07735065
v -0.031379398 0.03707421 0.07829037
v -0.03244023 0.028258756 0.06608527
v -0.049186286 0.027459882 0.06494433
v -0.04782663 0.033806965 0.074515074
v -0.049371142 0.020332314 0.05398608
v -0.06693262 0.027420364 0.06492489
v -0.06720848 0.034401245 0.075150155
v -0.0665002 0.020370431 0.05406264
v 0.053264312 0.026062526 0.06280233
v 0.054048494 0.019943759 0.053203605
v 0.05469609 0.015072122 0.042490304
v 0.073181115 0.015215173 0.042872053
v 0.07297501 0.020375125 0.05398532
v 0.09090614 0.02110821 0.05537658
v 0.09120867 0.015464231 0.04358369
v 0.073500074 0.011012562 0.031677898
v 0.09165964 0.011159889 0.032061234
v 0.0921936 0.0069911033 0.020958152
v 0.07408049 0.007170327 0.021041013
v 0.109837994 0.007139072 0.02139673
v 0.10915851 0.011396125 0.03271203
v 0.110565834 0.005210951 0.009726577
v 0.12816142 0.0051335543 0.010155881
v 0.09264173 0.0051361322 0.00957504
v 0.07465488 0.005151063 0.00961809
v 0.12726447 0.007347971 0.021924775
v 0.12646072 0.011637799 0.033393197
v 0.1292328 0.005136803 -0.0018219101
v 0.11125442 0.0051313937 -0.0022867257
v 0.14744969 0.0051428676 -0.0010140513
v 0.13040257 0.0052295923 -0.013809115
v 0.111960635 0.0056567937 -0.014242859
v 0.14835003 0.0052576065 -0.013524439
v 0.09074491 0.028827228 0.06702084
v 0.055379525 0.010817356 0.03116188
v 0.108003 0.02214887 0.056966927
v 0.108046934 0.030522346 0.06959647
v 0.12380988 0.03258384 0.07242636
v 0.12463687 0.022970662 0.05817833
v 0.13966645 0.031287648 0.070306435
v 0.14159031 0.023041815 0.058320217
v 0.14316292 0.016318858 0.045797914
v 0.12561883 0.016144708 0.045247298
v 0.15937398 0.022916555 0.058143787
v 0.16139282 0.016469598 0.046154205
v 0.14433977 0.011716425 0.033614352
v 0.16277446 0.011795379 0.033820346
v 0.18007253 0.01670295 0.04719684
v 0.18148288 0.012149043 0.034836527
v 0.17862031 0.02331879 0.058770113
v 0.19970037 0.0126756355 0.036246162
v 0.19849432 0.017610453 0.048794407
v 0.18249631 0.007866986 0.023436856
v 0.20088696 0.00807669 0.024074655
v 0.15537639 0.030526683 0.06934166
v 0.20192203 0.005074635 0.012223508
v 0.18332914 0.005278662 0.011957358
v 0.20259784 0.00513041 0.00036357198
v 0.18417156 0.005140692 -0.00022415441
v 0.16484761 0.00523147 0.011529982
v 0.16572903 0.005152881 -0.00069977186
v 0.21901967 0.008509241 0.025232453
v 0.21771161 0.013308823 0.037961137
v 0.18506949 0.005292967 -0.012854525
v 0.20352377 0.005228132 -0.012102659
v 0.10921219 0.03935823 0.080381505
v 0.09094769 0.037118003 0.07802299
v 0.07203326 0.03506378 0.075877845
v 0.122487426 0.041430347 0.07379519
v 0.12085649 0.047501102 0.0750165
v 0.16647756 0.005657345 -0.0131693445
v 0.22029078 0.0051659048 0.013089059
v 0.16385627 0.007697284 0.02289649
v 0.2360338 0.0139570385 0.039758164
v 0.23759083 0.009054162 0.026617067
v 0.21626426 0.018703215 0.050880242
v -0.0016742584 0.037042335 0.07841775
v 0.25672382 0.009611957 0.027990608
v 0.2552388 0.014492705 0.04132257
v 0.2753279 0.009676665 0.028283719
v 0.2742474 0.014515273 0.04155567
v 0.27293533 0.021574385 0.05620112
v 0.2538525 0.021505244 0.05604576
v 0.29055065 0.021145724 0.05556092
v 0.28814915 0.030226655 0.06933276
v 0.3054134 0.029464982 0.06855564
v 0.30791426 0.020817138 0.055273186
v 0.31001514 0.014405735 0.041585
v 0.32656652 0.014064074 0.040820796
v 0.32467058 0.02034209 0.054939687
v 0.34057626 0.019741878 0.05403613
v 0.3422031 0.013196893 0.038927298
v 0.34311306 0.008020319 0.024904579
v 0.32770187 0.008866966 0.026610773
v 0.32813993 0.0050400347 0.013352427
v 0.3424217 0.0048250705 0.011437011
v 0.35355568 0.012610547 0.01997957
v 0.35322204 0.010495029 0.008004014
v 0.33875725 0.02878847 0.06800617
v 0.35137877 0.03170248 0.06740437
v 0.35493577 0.020515017 0.05046748
v 0.35994428 0.031746976 0.07003439
v 0.36537644 0.015784942 0.043826703
v 0.37608853 0.016380243 0.050794527
v 0.37693372 0.012335017 0.039829463
v 0.3876232 0.011848271 0.039213143
v 0.38634294 0.02039335 0.060389224
v 0.36473396 0.01568693 0.029409677
v 0.37222198 0.007057309 0.024426783
v 0.39976242 0.012090161 0.039977882
v 0.3995132 0.020780496 0.06061218
v 0.40007445 0.0014166683 0.016818035
v 0.3812019 0.0052724034 0.016416777
v 0.41073427 0.015845597 0.03935541
v 0.41180634 0.023061462 0.060039334
v 0.42316258 0.02026704 0.03890844
v 0.42243126 0.02892559 0.057212614
v 0.4227881 0.015065879 0.019738467
v 0.43751818 0.023111656 0.03928717
v 0.43689713 0.031483136 0.056910623
v 0.45121396 0.028417803 0.03848626
v 0.45063376 0.036504216 0.055253685
v 0.43785396 0.017901711 0.021028444
v 0.4516143 0.023316637 0.021107811
v 0.44958565 0.04755292 0.07029685
v 0.43561557 0.04275181 0.0724308
v 0.4113849 0.007545583 0.017967911
v 0.4207777 0.040394656 0.072767936
v 0.41031775 0.034579664 0.07702184
v 0.3553164 0.01632087 0.03403883
v -0.03247615 0.02055952 0.05433928
v 0.22142777 0.0051113516 0.00089084863
v 0.22254656 0.005134508 -0.011235073
v 0.07256497 0.027441464 0.06492526
v 0.036779754 0.014987677 0.042226523
v 0.25808713 0.00560838 0.015148305
v 0.27655563 0.0054821074 0.015240888
v 0.29539967 0.00515832 0.015073836
v 0.2942181 0.009571619 0.028100768
v 0.31233314 0.005038917 0.014383801
v 0.29609036 0.005011946 0.0017698419
v 0.3128785 0.0049808472 0.0010350029
v 0.038343634 0.007010862 0.020253165
v 0.03898323 0.0051404536 0.009289905
v 0.34226555 0.004869014 -0.0013183606
v 0.35294884 0.0063361824 -0.0032307762
v 0.2925953 0.014454335 0.04153769
v 0.32257062 0.029019669 0.06823082
v 0.311437 0.009340599 0.027642433
v 0.003975713 0.0052008033 0.0095271235
v -0.06526897 0.011064209 0.031862125
v 0.27752116 0.0050361156 0.002357035
v 0.25927323 0.0050594658 0.0024602034
v 0.27179182 0.031699546 0.07097551
v 0.25800878 0.035522364 0.07411187
v -0.013460997 0.005205825 0.009636402
v -0.012793163 0.0051648617 -0.001827735
v 0.3590224 0.011765547 0.0056209182
v -0.064552434 0.007128805 0.021352516
v -0.08045334 0.005176097 0.010319269
v -0.045453604 0.005278006 -0.013391983
v 0.3699635 0.024679922 0.06630389
v -0.3321625 0.015813135 0.04757552
v -0.314564 0.02141679 0.058191493
v -0.33055022 0.022822142 0.060459163
v -0.12937832 0.0052022487 0.011133293
v -0.11390459 0.0072895065 0.021748384
v -0.1146832 0.011377916 0.032826692
v 0.14536154 0.0074926913 0.022363208
v 0.108522 0.01579412 0.044542875
v -0.21448304 0.012689367 0.036786724
v -0.17883937 0.0052662194 -0.01222737
v -0.16196418 0.005375147 -0.012363189
v -0.031888872 0.015303746 0.043100514
v -0.048906736 0.015126705 0.042704973
v 0.24587443 0.040333003 0.073903985
v 0.21456328 0.025920227 0.06272748
v 0.24314323 0.040714078 0.07424614
v 0.25003937 0.052642003 0.07970413
v 0.22486934 0.03764093 0.074677
v 0.23117948 0.028312564 0.06631598
v -0.08494896 0.02841165 0.06647561
v -0.087348886 0.035825267 0.07715244
v -0.10810279 0.036715783 0.078431904
v -0.102479294 0.029672556 0.06836803
v -0.11796393 0.029830374 0.06864688
v -0.10054963 0.021510005 0.056245953
v -0.11660743 0.022069275 0.057095584
v -0.0995258 0.015612103 0.044290792
v -0.08294984 0.015365638 0.04337345
v -0.09877065 0.011283569 0.03249982
v -0.083768904 0.020808838 0.055053607
v 0.23418944 0.019953504 0.0537184
v -0.1625063 0.005178377 -0.0003259473
v -0.23222825 0.0050890744 -0.0121397665
v -0.21399833 0.0052544624 -0.012269742
v -0.24984457 0.0051262677 -0.01170162
v -0.13297397 0.02991426 0.068893045
v -0.14857371 0.03057219 0.06990078
v 0.056159128 0.007006854 0.020461267
v 0.07516372 0.0051422864 -0.0023950639
v -0.19620533 0.0051679313 -0.012071613
v -0.06593011 0.015092179 0.04264615
v 0.27813527 0.005088076 -0.010371244
v 0.26053813 0.0051181465 -0.009914164
v 0.1768605 0.030609123 0.069569744
v 0.09323939 0.0051332265 -0.0023879993
v -0.01521917 0.0153934285 0.043388724
v 0.36588395 0.0377495 0.081701115
v 0.3817961 0.03463774 0.07973516
v 0.37966454 0.04714504 0.09192368
v 0.36603874 0.048311464 0.092158586
v 0.37892446 0.060812734 0.10224386
v 0.3658481 0.061250582 0.10155288
v 0.39419004 0.06099797 0.10265711
v 0.39536077 0.04705578 0.091810204
v 0.4094219 0.047910407 0.09147082
v 0.40895528 0.061865233 0.103237376
v -0.248974 0.013350435 0.038777
v 0.039571162 0.0051495433 -0.0021081308
v 0.02228233 0.0051498264 -0.0020282364
v 0.057626724 0.005150169 -0.00231839
v 0.022616511 0.0054947287 -0.013423046
v 0.04002858 0.005616784 -0.013709767
v 0.056967936 0.005155146 0.009419482
v 0.1975184 0.024285182 0.06027305
v 0.19729246 0.031120539 0.070486575
v 0.213021 0.033528626 0.07251071
v 0.037647985 0.0107978955 0.03109534
v 0.004628421 0.0051523745 -0.0018572162
v 0.0051314817 0.0055212826 -0.013058844
v -0.012239814 0.0055377036 -0.0131932935
v 0.29628363 0.0050842017 -0.011456431
v 0.31317765 0.005101815 -0.012087511
v -0.082245395 0.0111005455 0.03197767
v 0.2392567 0.0051086843 0.014322231
v 0.2407578 0.0050735474 0.0018839946
v 0.24204163 0.005143687 -0.010184647
v 0.32842132 0.0049152374 0.000088280154
v -0.32920673 0.031348243 0.0731535
v -0.34586418 0.02385886 0.06234382
v -0.34502286 0.032771796 0.075410224
v -0.08141091 0.0071984977 0.021289725
v -0.16472699 0.030543432 0.069979556
v -0.16831738 0.036741607 0.07811208
v -0.11554182 0.01587987 0.044930667
v -0.09792273 0.0071448535 0.021497844
v 0.14643133 0.0052948296 0.011049916
v 0.4517932 0.02165158 0.0039358977
v 0.4380624 0.015880942 0.0034054671
v 0.45254925 0.02216044 -0.012807422
v 0.4386303 0.016952649 -0.0138864
v 0.45282242 0.026203923 -0.02884137
v 0.43907717 0.020834737 -0.030652272
v 0.42334732 0.013883308 -0.014896687
v 0.42437702 0.018156976 -0.032111626
v -0.26712593 0.0050840974 -0.010753221
v -0.35827163 0.021902032 0.047879107
v -0.2498375 0.005018249 0.0014322974
v 0.41978762 0.053536735 0.08604797
v 0.39724877 0.033511512 0.078425236
v -0.34772816 0.016056575 0.04905995
v 0.42234674 0.013059877 0.0021575324
v 0.41206032 0.005261615 0.0007178514
v 0.43456718 0.055969313 0.08590921
v 0.36594167 0.011996716 -0.0048658135
v 0.36976978 0.007341169 -0.009600221
v 0.32888576 0.005022064 -0.01286062
v 0.34385434 0.0050807893 -0.013779464
v 0.40019602 0.00019723177 0.0008776734
v 0.38568154 0.0002181232 0.003688202
v 0.36077344 0.012400299 0.016701294
v 0.3679948 0.00530985 0.008025919
v 0.41203883 0.0061292946 -0.016165366
v -0.3563567 0.029006392 0.060663994
v 0.37608853 0.016380243 0.050794527
v 0.37597728 0.01595188 0.051383495
v 0.3699635 0.024679922 0.06630389
v 0.37608853 0.016380243 0.050794527
v 0.3699635 0.024679922 0.06630389
v 0.37597728 0.01595188 0.051383495
v -0.4594108 0.20651683 0.07079942
v -0.44748318 0.21394551 0.075031675
v -0.44643936 0.22647694 0.059952937
v -0.4589962 0.21840346 0.057388574
v -0.44633484 0.23560643 0.043630037
v -0.45904395 0.2272209 0.042477876
v -0.4302429 0.23274253 0.06024519
v -0.43274882 0.21923286 0.07681259
v -0.4306693 0.24179071 0.042636435
v -0.41202235 0.24477148 0.05885566
v -0.41719812 0.22212043 0.07548285
v -0.41662306 0.24613124 0.037613492
v -0.4110127 0.25420833 0.033745047
v -0.40600175 0.2441405 0.05939708
v -0.40330786 0.25321877 0.04143367
v -0.40178618 0.25726646 0.02994081
v -0.38668123 0.25497684 0.038938697
v -0.3863342 0.25352854 0.038831703
v -0.38534227 0.25698364 0.026698062
v -0.38546082 0.25697982 0.031024218
v -0.4025069 0.2586986 0.019794343
v -0.3905157 0.2599796 0.019100836
v -0.39298496 0.26528668 0.01132238
v -0.40394843 0.26520094 0.010320374
v -0.38822046 0.24472077 0.059768416
v -0.37582842 0.24310584 0.062362097
v -0.3767478 0.2497358 0.047869943
v -0.36645186 0.2460038 0.05432358
v -0.36605933 0.24124295 0.06244615
v -0.3754432 0.23434544 0.073941655
v -0.38683334 0.23360687 0.074512295
v -0.38792667 0.22380367 0.085359834
v -0.37441018 0.22517985 0.08414737
v -0.4003641 0.21564895 0.091765545
v -0.3661993 0.22532047 0.08319912
v -0.39951178 0.23261061 0.07571591
v -0.41186693 0.23039411 0.077973984
v -0.4117931 0.21169013 0.094768904
v -0.38076913 0.25947323 0.017161129
v -0.3779177 0.25654373 0.026574824
v -0.38383225 0.2636883 0.00684706
v -0.36905697 0.25930732 0.0032824294
v -0.39460197 0.26467302 -0.016653584
v -0.38156998 0.26244447 -0.015601546
v -0.36740568 0.25906378 -0.012261318
v -0.37795067 0.25475532 -0.03233985
v -0.38117793 0.2555421 -0.031165287
v -0.4030237 0.25937325 -0.017033374
v -0.36900547 0.25664505 0.015659222
v -0.36753833 0.25279373 0.02565377
v -0.39863953 0.24528374 0.059051327
v -0.41839787 0.24901877 0.022584347
v -0.40445536 0.26412046 -0.01692876
v -0.4121447 0.25774917 0.020924749
v -0.36598405 0.23354742 0.072764374
v -0.4326045 0.24665412 0.025621781
v -0.4472613 0.24102892 0.027126715
v -0.43421566 0.24894387 0.010071196
v -0.44852242 0.24390623 0.011057771
v -0.43561673 0.24891727 -0.005477747
v -0.44948608 0.24384695 -0.0047165845
v -0.42085126 0.2512713 -0.006027174
v -0.4213531 0.24915001 -0.020740353
v -0.43619514 0.24653849 -0.02114633
v -0.41227275 0.25657794 -0.018396745
v -0.4119161 0.2587098 -0.008905977
v -0.35731888 0.22845274 0.06878206
v -0.35784099 0.22091806 0.07822295
v -0.35406646 0.25284094 0.011968126
v -0.35627463 0.2502639 0.024056086
v -0.35666066 0.24670264 0.036222816
v -0.3656324 0.25122344 0.037488535
v -0.34673977 0.25621122 0.023716802
v -0.3465045 0.25153723 0.036371123
v -0.3340227 0.2564544 0.022311388
v -0.3334391 0.25200596 0.035051636
v -0.33339292 0.24776813 0.04800575
v -0.3477496 0.24706638 0.049559172
v -0.33367446 0.2409199 0.059501
v -0.35168794 0.23774347 0.062843814
v -0.3520681 0.232069 0.07096336
v -0.3338602 0.23363748 0.07058692
v -0.31786186 0.24800667 0.046414573
v -0.3185853 0.25230357 0.03365193
v -0.3169949 0.24168918 0.058159616
v -0.30146068 0.24854746 0.04485637
v -0.30258083 0.25278863 0.032279827
v -0.29998764 0.24245414 0.056797825
v -0.28553188 0.25312355 0.030914241
v -0.28459585 0.24906147 0.043457605
v -0.28624356 0.25748158 0.01886645
v -0.26781866 0.24923638 0.042687915
v -0.26820347 0.25328925 0.030057069
v -0.30339172 0.25713763 0.019990657
v -0.25090656 0.25332132 0.030125072
v -0.2509062 0.24927256 0.042585116
v -0.25080904 0.25725937 0.0181208
v -0.25069126 0.24370477 0.05448775
v -0.2672739 0.24359772 0.05487989
v -0.23354511 0.24903072 0.04295178
v -0.23346195 0.24324399 0.054837663
v -0.2157413 0.24883756 0.043588586
v -0.21563789 0.24278374 0.055623516
v -0.1984972 0.24254663 0.055981636
v -0.1987024 0.24871697 0.043837383
v -0.19890162 0.25295982 0.031113237
v -0.21577862 0.25292748 0.030978696
v -0.18201196 0.25276506 0.031244077
v -0.18206313 0.24860431 0.043846708
v -0.1818767 0.25669664 0.019051518
v -0.19900113 0.25717723 0.018986423
v -0.16463219 0.25686723 0.019502977
v -0.1648732 0.25235617 0.031852975
v -0.16437288 0.2583893 0.00730518
v -0.18179937 0.25842798 0.0069757425
v -0.16423255 0.2583903 -0.0048829266
v -0.18144077 0.25842512 -0.005361052
v -0.1810562 0.2573098 -0.01773929
v -0.16407298 0.2579574 -0.017296795
v -0.19886433 0.25845563 -0.0059331907
v -0.19863914 0.25727686 -0.018234944
v -0.2157415 0.25848192 -0.0062978594
v -0.21540235 0.25728357 -0.018730456
v -0.2327698 0.25737435 -0.018896157
v -0.23291256 0.258522 -0.006650278
v -0.23309594 0.25852966 0.0059150285
v -0.21593004 0.2584998 0.006359016
v -0.25072563 0.25859544 0.005632506
v -0.23328432 0.25710213 0.018497316
v -0.25059018 0.25856662 -0.0070905094
v -0.25008774 0.25741 -0.019126914
v -0.14784536 0.25825286 0.007897646
v -0.14817914 0.25663358 0.020194761
v -0.13142863 0.25831813 0.008609224
v -0.1314765 0.25650904 0.02063101
v -0.11424073 0.2582093 0.009227315
v -0.11483186 0.25629616 0.021160793
v -0.11524699 0.2520084 0.03329815
v -0.13156995 0.25229543 0.03248982
v -0.0981791 0.2557661 0.022357197
v -0.098919556 0.25165522 0.034200855
v -0.13184805 0.24790145 0.04529909
v -0.11559936 0.2475552 0.04620941
v -0.08212365 0.25532144 0.023163328
v -0.08260699 0.2512385 0.03514331
v -0.06551774 0.2552827 0.023648925
v -0.06607421 0.25119382 0.03552561
v -0.083279155 0.2468755 0.047772303
v -0.066874176 0.24694942 0.048228145
v -0.08416221 0.23938374 0.060761932
v -0.06780117 0.23955807 0.06056036
v -0.050820246 0.23969322 0.06053476
v -0.049931485 0.24670008 0.048755936
v -0.06881135 0.23190555 0.07297789
v -0.051518347 0.23235562 0.07264334
v -0.031969536 0.24635582 0.04921177
v -0.03257912 0.2395652 0.060810853
v -0.013634759 0.23942633 0.061048914
v -0.013268725 0.24615252 0.04964285
v 0.004713694 0.23927638 0.061298862
v 0.0050463895 0.24596101 0.04991657
v -0.013048517 0.2505659 0.037752043
v 0.005384576 0.25056714 0.03785908
v -0.0127110835 0.25473464 0.025343535
v 0.005662222 0.25456625 0.025863279
v 0.023706432 0.25039315 0.03848721
v 0.023851484 0.2544254 0.026241807
v 0.023949089 0.25811607 0.014424705
v 0.0059486604 0.25810546 0.014074435
v 0.024033671 0.25835133 0.0020968588
v 0.006070364 0.25834125 0.0018008626
v 0.041704457 0.25835645 0.0024036947
v 0.041636664 0.25808513 0.014504685
v 0.059869826 0.25835904 0.0027683408
v 0.059642937 0.25809538 0.014620561
v 0.07764352 0.25837317 0.0029665825
v 0.077705756 0.257839 0.0148308305
v 0.06012498 0.25819498 -0.0092235785
v 0.07782518 0.25837833 -0.008893683
v 0.04188739 0.25829235 -0.009838112
v 0.05962192 0.25454244 0.026069513
v 0.07794757 0.25460216 0.02595401
v 0.09569321 0.25469264 0.025710022
v 0.07814825 0.25078303 0.03745367
v 0.059957046 0.25054604 0.03816726
v 0.078760736 0.2465061 0.04898258
v 0.06063504 0.24607165 0.050021283
v 0.07941584 0.24013217 0.060226493
v 0.06146067 0.23963326 0.060893215
v 0.096389145 0.24681252 0.048446935
v 0.09662273 0.24047428 0.059804957
v 0.11414806 0.24052948 0.059738632
v 0.113888346 0.24676692 0.048426665
v 0.13151154 0.24671257 0.048967946
v 0.13270572 0.24021912 0.06050459
v 0.13095994 0.25097987 0.037001114
v 0.14859064 0.24633211 0.04977519
v 0.14786105 0.2508618 0.037503157
v 0.14741771 0.2546883 0.025911344
v 0.13063255 0.25474843 0.025745394
v 0.14704731 0.25776374 0.015087733
v 0.13045141 0.25772354 0.014667965
v 0.16400097 0.25823724 0.015299273
v 0.1130745 0.25784606 0.014707796
v 0.11335834 0.25474694 0.025526563
v 0.14692934 0.2584797 0.0033778534
v 0.13037263 0.2584529 0.0030665274
v 0.11291236 0.25843215 0.0031968728
v 0.16431054 0.2546302 0.026301274
v 0.16359152 0.2585173 0.0037123587
v 0.16452566 0.2505648 0.038411662
v 0.16487916 0.24568708 0.05080667
v 0.11364596 0.25104684 0.03668901
v 0.13570224 0.23349734 0.07066605
v 0.1138056 0.23389348 0.070421964
v 0.15342672 0.2326031 0.071838856
v 0.07992438 0.2333017 0.07154573
v 0.096599855 0.23356071 0.07117946
v 0.04219792 0.24584547 0.050400455
v 0.04236462 0.23939547 0.061125576
v 0.04194681 0.25036582 0.038584556
v 0.09603392 0.25097096 0.03692023
v 0.023467945 0.2392189 0.061371747
v 0.02342419 0.23240966 0.07246736
v 0.04255749 0.23237821 0.07238445
v 0.0046016662 0.23235625 0.07262223
v 0.06193721 0.23284276 0.07191918
v 0.18097596 0.25010258 0.03991578
v 0.18081483 0.2449432 0.05229553
v 0.16536573 0.23892704 0.06246365
v 0.18059465 0.23750886 0.064689696
v 0.19744566 0.24394888 0.054253392
v 0.19773288 0.24954197 0.04181663
v 0.19794255 0.25382647 0.028939432
v 0.16620255 0.23138775 0.073333226
v 0.1776294 0.2311221 0.07386817
v 0.1973145 0.22844693 0.076689824
v 0.21508813 0.2490584 0.043459702
v 0.21515508 0.24290168 0.0559918
v 0.21520984 0.25341815 0.030345371
v 0.21560924 0.23559546 0.06748552
v 0.23453546 0.23380604 0.070245355
v 0.23328894 0.24190068 0.05743568
v 0.25013357 0.22927843 0.07626811
v 0.25122482 0.2409716 0.05889325
v 0.26692358 0.24163088 0.058098286
v 0.2652483 0.23195058 0.07201679
v 0.2505836 0.24856654 0.045182373
v 0.26760966 0.24870849 0.044803157
v 0.25060135 0.25302875 0.03199622
v 0.2678385 0.25318372 0.031794425
v 0.26788834 0.2573974 0.01892138
v 0.25057518 0.25726157 0.0188614
v 0.2679017 0.25892353 0.0060164398
v 0.2505056 0.25883597 0.005884738
v 0.2503753 0.25883254 -0.0065282956
v 0.26775283 0.25892636 -0.006426561
v 0.23302373 0.25874484 0.005640347
v 0.2328165 0.25874192 -0.0067073656
v 0.25024036 0.25797224 -0.018269975
v 0.23256092 0.25766742 -0.018486844
v 0.21518925 0.25867194 -0.007040338
v 0.21510895 0.2576127 -0.0187032
v 0.19772889 0.2571242 -0.019111115
v 0.19787481 0.2586096 -0.0075914534
v 0.1980547 0.25860798 0.0044178376
v 0.2856659 0.25901192 -0.0066903136
v 0.18061276 0.2572022 -0.019710591
v 0.18070617 0.25855353 -0.007862429
v 0.2857878 0.2590282 0.0060093203
v 0.23316689 0.25740755 0.018525407
v 0.1633973 0.2567888 -0.020011691
v 0.21513967 0.2586659 0.005135949
v 0.2858271 0.2577845 0.018786078
v 0.26740447 0.25777125 -0.018096864
v 0.2851405 0.2581897 -0.018630495
v 0.28546855 0.25352505 0.031244805
v 0.2847305 0.24906656 0.0443329
v 0.2834824 0.24250197 0.057008
v 0.23520716 0.22576293 0.07600399
v 0.21624464 0.22622481 0.07574888
v 0.23310752 0.24866173 0.044620033
v 0.30236277 0.25916803 -0.007162004
v 0.15002872 0.23973176 0.061484374
v 0.19703977 0.23650844 0.06604432
v 0.301963 0.25761104 -0.019369628
v 0.18110096 0.25428823 0.027405389
v 0.21515465 0.25751737 0.017742617
v 0.18114813 0.25782496 0.015787538
v 0.112932846 0.25844485 -0.008765311
v 0.13042161 0.25840116 -0.008754244
v 0.13047867 0.25684416 -0.020565148
v 0.11298611 0.25692764 -0.02043089
v 0.095597155 0.25840276 0.0031863998
v 0.233112 0.2530965 0.031511586
v 0.09562751 0.2582016 0.014872638
v 0.024134258 0.25836098 -0.010299929
v 0.006086507 0.25836223 -0.010490099
v 0.04174078 0.25444365 0.02625473
v -0.030463127 0.25495273 0.024775483
v -0.013896164 0.23218304 0.072559856
v -0.033072308 0.23237954 0.07266756
v -0.031135347 0.2507791 0.03712876
v 0.023430187 0.24599741 0.050539523
v -0.012387356 0.25809395 0.013624
v -0.012066275 0.25834346 0.0013761597
v -0.030017719 0.25793552 0.013014902
v -0.08448562 0.22905521 0.07345703
v -0.10009201 0.23985271 0.059983756
v -0.11375991 0.25835583 -0.002918013
v -0.13105752 0.25836152 -0.0037231578
v -0.09709344 0.2583567 -0.0019814942
v -0.13226564 0.24152029 0.05766909
v -0.116030425 0.24084798 0.058507822
v 0.024224741 0.2562195 -0.02216342
v 0.0060581644 0.25614902 -0.022308793
v -0.01181899 0.25831646 -0.0110223275
v -0.09753938 0.25835627 0.010397159
v -0.08162176 0.25838035 0.011304493
v -0.049060114 0.2510309 0.036301773
v -0.11350143 0.25799567 -0.014967317
v -0.13060369 0.25772154 -0.01580259
v -0.11338012 0.25454316 -0.026594087
v -0.13008611 0.25422427 -0.027554423
v -0.14838272 0.24821112 0.044784043
v -0.14868416 0.24196124 0.05697103
v -0.096622646 0.25469732 -0.026229255
v -0.011629453 0.25591063 -0.02290682
v -0.029548487 0.25819957 -0.01167909
v -0.029569453 0.2557091 -0.023381101
v -0.047606252 0.25836152 -0.011846713
v -0.047496874 0.25555477 -0.023789303
v -0.047708016 0.2583621 0.0003559856
v -0.06459437 0.25834027 -0.012534033
v -0.06428801 0.25527725 -0.024518134
v -0.0807506 0.25798106 -0.013431582
v -0.08047153 0.25494924 -0.025526421
v -0.064932145 0.25836396 -0.00020498919
v -0.099447705 0.24735528 0.04716443
v -0.09677454 0.25795546 -0.014323085
v 0.042217895 0.2564119 -0.02171658
v 0.060501236 0.25671816 -0.020967543
v 0.07804148 0.25687835 -0.020577496
v -0.06516078 0.2583282 0.0119164735
v -0.048460703 0.2552045 0.024069516
v -0.029731449 0.2583564 0.00078195723
v 0.09570014 0.2584449 -0.008656776
v 0.14689812 0.25847688 -0.0085114995
v 0.14696996 0.256899 -0.020488331
v -0.14755179 0.2583738 -0.0044670277
v -0.14730841 0.25781417 -0.016676337
v -0.14835276 0.25225553 0.03232566
v -0.19897605 0.258456 0.006584656
v -0.18201452 0.24255714 0.055993695
v -0.26844892 0.25728256 0.018081123
v -0.23342913 0.25304598 0.030598974
v -0.2684537 0.25863373 -0.007179687
v -0.26823586 0.2573076 -0.019637072
v -0.28694555 0.2587027 -0.006891615
v -0.286669 0.2574004 -0.019529939
v -0.30419883 0.25877807 -0.006057869
v -0.3040774 0.25734025 -0.019154018
v -0.30396503 0.25877592 0.007251252
v -0.32012573 0.258851 -0.0050947755
v -0.32005167 0.2580071 -0.018421238
v -0.33575627 0.25840476 -0.017181907
v -0.335365 0.25893748 -0.003717492
v -0.349973 0.25866306 -0.0017446204
v -0.35037205 0.25567335 -0.014840223
v -0.3502164 0.2526374 -0.028371902
v -0.33513817 0.2534016 -0.0307354
v -0.3348326 0.25883135 0.00948054
v -0.31983107 0.25885445 0.008268972
v -0.28669444 0.25872225 0.006223693
v -0.2835206 0.2431244 0.055689644
v 0.3026335 0.2578467 0.01843669
v 0.30230558 0.25372812 0.031150205
v 0.31842124 0.2581405 0.018069357
v 0.318397 0.25400093 0.0308738
v 0.31816778 0.25931168 0.0051691784
v 0.3326086 0.25945944 0.0045181173
v 0.33215556 0.25912076 -0.00857145
v 0.3455817 0.25960433 0.003724792
v 0.34519657 0.25921443 -0.009696074
v 0.345176 0.25637972 -0.022568092
v 0.3318329 0.2571869 -0.0212035
v 0.3177603 0.24948984 0.04411952
v 0.33325374 0.24983376 0.04366518
v 0.33416006 0.2542485 0.03042317
v 0.31678993 0.24339971 0.056437578
v 0.33211604 0.24379885 0.056221884
v 0.3003414 0.24302638 0.056539245
v 0.34513572 0.24444035 0.055535417
v 0.34692502 0.25026998 0.043010823
v 0.3530656 0.24124208 0.05252114
v 0.35316452 0.24636105 0.04053926
v 0.36604196 0.2505834 0.04093704
v 0.36592042 0.24828422 0.05225772
v 0.37929454 0.2527205 0.0457495
v 0.38015813 0.25364944 0.03994101
v 0.3663244 0.2552771 0.02832949
v 0.36033475 0.24941039 0.02737874
v 0.3814333 0.256895 0.02997293
v 0.3545762 0.25492308 -0.010507252
v 0.35448608 0.25483 0.0028216203
v 0.3557406 0.2528671 0.015546547
v 0.34778813 0.2585968 0.017026275
v 0.36222848 0.25227144 -0.011197125
v 0.36289448 0.2526644 0.002266236
v 0.36623397 0.2590127 -0.012789328
v 0.36681595 0.2597964 0.0019188353
v 0.33354467 0.25865933 0.017631475
v 0.31780115 0.25931123 -0.007780716
v 0.31738886 0.2571546 -0.020079732
v 0.30156824 0.24930578 0.044311285
v -0.31926095 0.25666016 0.021062154
v -0.37774068 0.25413734 0.034315173
v -0.3478226 0.25855458 0.011027192
v -0.35726967 0.24168468 0.04968934
v 0.198062 0.25787196 0.01673641
v -0.16520707 0.24841043 0.044264197
v -0.16547567 0.2423585 0.056312088
v 0.30262432 0.25917053 0.0056332513
v 0.16347049 0.25854033 -0.008092549
v 0.18096875 0.25856462 0.0039861025
v -0.048018243 0.25797993 0.012131553
v -0.3570447 0.23511389 0.059821546
v -0.08113837 0.258363 -0.001062958
v 0.09584968 0.2567039 -0.020208985
v -0.41212106 0.25850195 0.008375437
v 0.3515782 0.25409165 0.029434673
v 0.3636254 0.2555268 0.0153699955
v -0.21594161 0.25711823 0.018814186
v 0.38999867 0.2540606 0.04282636
v 0.3953627 0.25677085 0.037288703
v 0.39934078 0.25806826 0.0281826
v 0.40062043 0.25792506 0.02747596
v 0.40226448 0.2516105 0.04665756
v 0.41551715 0.24999118 0.032437515
v 0.41229817 0.25912926 0.006766741
v 0.3955865 0.26585203 0.0033034426
v 0.42902526 0.25084075 0.010405137
v 0.43308267 0.24502422 0.03412687
v 0.44956017 0.23964193 0.030861199
v 0.44735426 0.2447964 0.010607339
v 0.44616804 0.24557701 -0.009111702
v 0.4274167 0.2509116 -0.010227685
v 0.4113176 0.2586443 -0.015301266
v 0.4229902 0.23390378 0.06159076
v 0.43790457 0.23401293 0.055090357
v 0.42630148 0.22179493 0.076030195
v 0.44093165 0.22126213 0.07077977
v 0.4140541 0.2211003 0.08171759
v 0.41257867 0.23329797 0.07074771
v 0.40656203 0.22233301 0.088355646
v 0.40411124 0.23255368 0.07799666
v 0.4022284 0.24261811 0.06621507
v 0.41157946 0.24686599 0.057308
v 0.40265554 0.2502815 0.051402863
v 0.4022447 0.24952048 0.053637207
v 0.40177715 0.25163004 0.04768937
v 0.40085173 0.24966443 0.05543665
v -0.2685414 0.2586531 0.0056271614
v 0.395192 0.2635244 -0.015460526
v -0.36002994 0.2519406 0.0006211328
v -0.36555326 0.25232255 -0.011768062
v 0.37969273 0.2608264 0.016619371
v -0.4197666 0.2511826 0.008616776
v -0.3863342 0.25352854 0.038831703
v -0.38534227 0.25698364 0.026698062
v -0.38546082 0.25697982 0.031024218
v -0.3779177 0.25654373 0.026574824
v -0.37774068 0.25413734 0.034315173
v -0.49489877 0.11206171 0.046781257
v -0.49495673 0.11207805 0.04761804
v -0.49876228 0.1279477 0.055642936
v -0.4945849 0.12303507 0.044575762
v -0.4950335 0.11214729 0.04842406
v -0.50051916 0.1377642 0.05854347
v -0.49480483 0.13488811 0.04850303
v -0.5004778 0.1082451 0.055555783
v -0.49971086 0.115129545 0.061649483
v -0.49789956 0.12579456 0.06722266
v -0.49502227 0.14418441 0.04890624
v -0.49992844 0.15075813 0.058905926
v -0.49581978 0.15069789 0.04851004
v -0.4950838 0.15011112 0.049265277
v -0.4997874 0.16342269 0.055672362
v -0.49572667 0.1553573 0.047075633
v -0.4945135 0.13344696 0.03697545
v -0.4945236 0.14438923 0.03694734
v -0.49449897 0.14395814 0.026016911
v -0.4944858 0.13120617 0.026628904
v -0.4945054 0.1429932 0.015851868
v -0.49450582 0.15660511 0.012611847
v -0.4944855 0.12814996 0.01737688
v -0.49446145 0.11262576 0.019655732
v -0.49446744 0.11722372 0.026491305
v -0.49448413 0.12548661 0.0079535935
v -0.49445763 0.10888911 0.01043526
v -0.49446845 0.09325256 0.011731753
v -0.4944845 0.097782195 0.022208825
v -0.49450523 0.14082561 0.005436361
v -0.4944775 0.09137967 0.00039072667
v -0.49445206 0.10749787 0.0009236962
v -0.49446484 0.09182566 -0.011236195
v -0.49443743 0.10963699 -0.007637531
v -0.4944553 0.12346838 -0.012027262
v -0.49447653 0.12413071 -0.0017642714
v -0.49441925 0.11482654 -0.013691036
v -0.49444938 0.09542675 -0.022333778
v -0.49443588 0.1155141 -0.024428368
v -0.494508 0.15564953 0.022884786
v -0.49453756 0.16755511 0.018303301
v -0.49452746 0.17030573 0.009742363
v -0.49450257 0.15661144 0.0025277205
v -0.494487 0.15410922 -0.008291477
v -0.49685147 0.079996556 0.0112276515
v -0.49708465 0.0786463 -0.001046194
v -0.49452886 0.1719467 0.00022027055
v -0.4944996 0.17124602 -0.0090446165
v -0.49686068 0.18604076 -0.009505628
v -0.5004933 0.06908272 -0.0021383762
v -0.500195 0.06983711 0.010942877
v -0.49991015 0.17290363 0.048282642
v -0.49547952 0.16446269 0.041369136
v -0.49556875 0.16989094 0.036895473
v -0.4994212 0.1826371 0.039234728
v -0.49536836 0.17589219 0.029477324
v -0.49492848 0.17107823 0.032133598
v -0.49517828 0.085156515 0.025166763
v -0.49971312 0.07211969 0.02428804
v -0.4964274 0.060560793 -0.0026872274
v -0.4944739 0.12161134 0.03174779
v -0.49454626 0.17171909 -0.017570857
v -0.4944624 0.1489138 -0.019972133
v -0.49862167 0.18488823 -0.017817149
v -0.49842072 0.08355464 -0.026202345
v -0.5001919 0.069968455 -0.015676828
v -0.49656627 0.1819852 0.016771503
v -0.49689892 0.18418556 0.008329022
v -0.49453002 0.15487821 0.033989437
v -0.49699593 0.07967819 -0.013933297
v -0.49496552 0.10725247 0.04521485
v -0.50041044 0.101515345 0.05269216
v -0.49445593 0.1231067 -0.035582684
v -0.497105 0.18590342 -0.0004036336
v -0.49463046 0.10814229 -0.042154204
v -0.49447963 0.10078825 -0.032842636
v -0.49911514 0.08967236 -0.037816696
v -0.49446186 0.13352655 -0.018622689
v -0.4944391 0.13596731 -0.033496626
v -0.49444655 0.15762578 -0.02981272
v -0.49506617 0.11762935 -0.048921056
v -0.4965446 0.14428367 -0.05217873
v -0.49448958 0.13818216 -0.005828773
v -0.49568605 0.17939542 -0.024470203
v -0.4988718 0.079894334 0.027822962
v -0.4959719 0.091082625 0.0325182
v -0.49502102 0.106602274 0.04571345
v -0.50020146 0.090093225 0.046572227
v -0.49531433 0.060376786 0.010845105
v -0.49355927 0.064245924 0.023715496
v -0.50033844 0.09732637 -0.047838178
v -0.49610204 0.1770367 -0.0287481
v -0.49733263 0.14919427 -0.050639488
v -0.5003791 0.07293449 -0.029113285
v -0.4988007 0.07910627 -0.04167509
v -0.49699473 0.08654101 -0.05317779
v -0.49481937 0.16379347 0.029445903
v -0.49449408 0.10627628 0.0339453
v -0.5002488 0.10618347 -0.056198888
v -0.49037278 0.095814794 -0.059176117
v -0.48814768 0.10658449 -0.06302502
v -0.50001884 0.115531534 -0.06228372
v -0.4963603 0.1799991 0.022410845
v -0.49105126 0.14258626 0.07014466
v -0.49556875 0.16989094 0.036895473
v -0.49565923 0.17758119 0.027588343
v -0.4963603 0.1799991 0.022410845
v -0.49556875 0.16989094 0.036895473
v -0.49492848 0.17107823 0.032133598
v -0.49536836 0.17589219 0.029477324
v -0.49581978 0.15069789 0.04851004
v -0.49502227 0.14418441 0.04890624
v -0.4950838 0.15011112 0.049265277
v -0.36593994 0.24944793 -0.023089003
v -0.36555326 0.25232255 -0.011768062
v -0.35037205 0.25567335 -0.014840223
v -0.3502164 0.2526374 -0.028371902
v -0.36584517 0.2483724 -0.029897138
v -0.34858263 0.24897283 -0.044024795
v -0.33375204 0.24891526 -0.04530097
v -0.33513817 0.2534016 -0.0307354
v -0.3180688 0.24890336 -0.046024732
v -0.31945536 0.25282538 -0.031582665
v -0.33575627 0.25840476 -0.017181907
v -0.32005167 0.2580071 -0.018421238
v -0.3040774 0.25734025 -0.019154018
v -0.3033587 0.2525521 -0.032016877
v -0.28596234 0.25253445 -0.03191215
v -0.286669 0.2574004 -0.019529939
v -0.2850036 0.24877252 -0.04556089
v -0.26778305 0.25256085 -0.03147589
v -0.26823586 0.2573076 -0.019637072
v -0.2672713 0.24894293 -0.044972662
v -0.25008774 0.25741 -0.019126914
v -0.24973582 0.252618 -0.031539284
v -0.23258933 0.25266019 -0.031443827
v -0.2327698 0.25737435 -0.018896157
v -0.23215973 0.24899435 -0.044394046
v -0.21464543 0.24896146 -0.044573024
v -0.21425036 0.24312466 -0.05777483
v -0.23159431 0.24348885 -0.05713566
v -0.2137012 0.23491347 -0.06999809
v -0.2308734 0.23550454 -0.068947986
v -0.24897254 0.24343595 -0.057182297
v -0.24924201 0.23427981 -0.070674114
v -0.21505637 0.2529198 -0.031114738
v -0.21540235 0.25728357 -0.018730456
v -0.24277644 0.22502132 -0.074197024
v -0.22820455 0.2264686 -0.07786556
v -0.19701985 0.24323356 -0.057628803
v -0.2666091 0.21844628 -0.07212698
v -0.2472745 0.21420613 -0.07652423
v -0.27968493 0.21130684 -0.07984204
v -0.24745166 0.20646952 -0.08452679
v -0.24530888 0.20353584 -0.09653109
v -0.2666149 0.20239615 -0.093787506
v -0.22525166 0.20168638 -0.09746589
v -0.22688583 0.20478132 -0.08633635
v -0.26157355 0.19522616 -0.10287392
v -0.24207827 0.1933329 -0.10367696
v -0.23861802 0.18106444 -0.10935249
v -0.2582468 0.18266532 -0.10843768
v -0.27868468 0.19726333 -0.10184852
v -0.27664024 0.18416695 -0.10800159
v -0.2938452 0.19780385 -0.101671726
v -0.29358166 0.18549566 -0.10733712
v -0.22070816 0.1796377 -0.10960195
v -0.21702673 0.1642361 -0.110952675
v -0.22820434 0.21285787 -0.077853896
v -0.23057565 0.22123206 -0.07126066
v -0.25505993 0.16906156 -0.10959544
v -0.19632478 0.23487547 -0.06996537
v -0.28256378 0.23133114 -0.07481872
v -0.28331697 0.21858896 -0.08435118
v -0.2979528 0.23258394 -0.07269462
v -0.29616058 0.22117862 -0.083645545
v -0.3000633 0.24206364 -0.05964643
v -0.28366938 0.24186417 -0.059857566
v -0.3139782 0.23322494 -0.072035424
v -0.31195164 0.22229552 -0.08279906
v -0.20129931 0.16339844 -0.11120605
v -0.20412585 0.17796054 -0.108301334
v -0.20619896 0.19058608 -0.1049612
v -0.18753994 0.16365595 -0.111058794
v -0.18868366 0.1777718 -0.10889554
v -0.1902334 0.19052435 -0.10497853
v -0.20910339 0.14296824 -0.117851764
v -0.19734004 0.14844301 -0.118345976
v -0.18640518 0.14871982 -0.11423631
v -0.20799986 0.20140484 -0.09865496
v -0.2800921 0.20743133 -0.09379363
v -0.27506757 0.17105977 -0.10901153
v -0.2937455 0.17281201 -0.10853527
v -0.22321281 0.19181032 -0.104423076
v -0.23358376 0.16624713 -0.11045403
v -0.2282035 0.1495359 -0.11450324
v -0.30987355 0.19873822 -0.10128561
v -0.3105586 0.21031384 -0.092430465
v -0.32629773 0.21084131 -0.09204412
v -0.32530123 0.19945252 -0.10076903
v -0.324923 0.18707448 -0.1064742
v -0.3391172 0.18718511 -0.10639879
v -0.33964717 0.19977403 -0.10085927
v -0.35191226 0.19796443 -0.09891293
v -0.35106152 0.18606234 -0.10536586
v -0.33991715 0.17516111 -0.11119218
v -0.35311604 0.1742365 -0.1097813
v -0.32510346 0.174914 -0.11117376
v -0.34113738 0.21115774 -0.091893084
v -0.32769606 0.22278216 -0.082473256
v -0.35845602 0.18376312 -0.10283703
v -0.36441645 0.1710226 -0.10792389
v -0.36338788 0.1601502 -0.11049272
v -0.34186003 0.16276117 -0.114479214
v -0.36673093 0.1599441 -0.11685426
v -0.34643176 0.24286526 -0.058356382
v -0.33164713 0.24235319 -0.05902217
v -0.34397385 0.23373139 -0.07124009
v -0.31611905 0.2421622 -0.059411786
v -0.31060255 0.17387107 -0.108695716
v -0.19863914 0.25727686 -0.018234944
v -0.19814502 0.25303298 -0.030667495
v -0.18071675 0.2529929 -0.030195706
v -0.1810562 0.2573098 -0.01773929
v -0.16377658 0.25337085 -0.029357731
v -0.16407298 0.2579574 -0.017296795
v -0.14690861 0.25374916 -0.028493041
v -0.14730841 0.25781417 -0.016676337
v -0.13008611 0.25422427 -0.027554423
v -0.13060369 0.25772154 -0.01580259
v -0.12964724 0.24997976 -0.040196236
v -0.11338012 0.25454316 -0.026594087
v -0.11313508 0.25027105 -0.039139517
v -0.096656285 0.2505734 -0.038225956
v -0.096622646 0.25469732 -0.026229255
v -0.08047153 0.25494924 -0.025526421
v -0.08038364 0.25076526 -0.03760931
v -0.06417912 0.2510517 -0.036777176
v -0.06428801 0.25527725 -0.024518134
v -0.06431866 0.24738154 -0.048536457
v -0.047664877 0.24761364 -0.047895662
v -0.047496434 0.25134802 -0.03599245
v -0.047913484 0.24233708 -0.059000734
v -0.06453752 0.24169599 -0.059921216
v -0.030295057 0.24267541 -0.05830138
v -0.048177607 0.23521152 -0.06997994
v -0.06480597 0.23456618 -0.07108594
v -0.030602466 0.23579156 -0.0690617
v -0.029954473 0.24780652 -0.047370188
v -0.029660378 0.2515419 -0.035364818
v -0.012001132 0.24299043 -0.057803813
v -0.029569453 0.2557091 -0.023381101
v -0.011775641 0.2479034 -0.04713026
v -0.011612796 0.25168854 -0.03494005
v 0.006132876 0.2431666 -0.05745215
v 0.005970695 0.2367474 -0.06769778
v 0.024883464 0.2370724 -0.067200586
v 0.024726508 0.24351698 -0.056986813
v 0.024891451 0.23052189 -0.077365585
v 0.00592028 0.2300804 -0.07807708
v 0.043426216 0.23744452 -0.066659994
v 0.043340653 0.23065215 -0.07664692
v 0.043162912 0.22098541 -0.08371735
v 0.024837554 0.22029138 -0.08415844
v 0.062490627 0.22127753 -0.08332766
v 0.062631555 0.23085651 -0.07623862
v 0.06192349 0.21072826 -0.08973416
v 0.043113973 0.21027482 -0.09023379
v 0.08006339 0.21085191 -0.08955754
v 0.08076511 0.22191226 -0.08357065
v 0.0976641 0.21176219 -0.08891824
v 0.0985816 0.22244352 -0.08321007
v 0.07895866 0.20136884 -0.098394215
v 0.0059391866 0.21948065 -0.0847427
v 0.080787614 0.2313466 -0.076156974
v 0.11267398 0.21545771 -0.084587544
v 0.11519021 0.22000636 -0.08010698
v 0.1297643 0.21616068 -0.07467855
v 0.12830615 0.207676 -0.083346054
v 0.13136066 0.22507536 -0.07669719
v 0.11775361 0.22802442 -0.077535674
v 0.11455896 0.23698236 -0.067241535
v 0.13054474 0.23641576 -0.067942694
v 0.14657775 0.22832628 -0.07676395
v 0.14708874 0.23631227 -0.06791915
v 0.14721148 0.24336599 -0.05745923
v 0.1638321 0.2355172 -0.06904201
v 0.16418602 0.2431196 -0.057539668
v 0.1471678 0.24841455 -0.045610387
v 0.16385539 0.24856478 -0.045334164
v 0.13022485 0.24861313 -0.044917807
v 0.16351825 0.25239173 -0.032317348
v 0.14708601 0.2523618 -0.032660972
v 0.1633973 0.2567888 -0.020011691
v 0.14696996 0.256899 -0.020488331
v 0.13047867 0.25684416 -0.020565148
v 0.1806765 0.24338713 -0.05750201
v 0.18078555 0.24898905 -0.044500552
v 0.19719687 0.24375418 -0.05683143
v 0.19746341 0.24938759 -0.043842852
v 0.21405709 0.24426123 -0.05631643
v 0.21447971 0.24962565 -0.043266676
v 0.21348281 0.23654011 -0.06776788
v 0.23140757 0.24433945 -0.056251604
v 0.23201 0.24982539 -0.04307324
v 0.2307492 0.2366035 -0.06777092
v 0.19756258 0.25299263 -0.03067865
v 0.19678679 0.23598003 -0.06845535
v 0.13044627 0.25257704 -0.032474454
v 0.18022977 0.23510236 -0.06967377
v 0.18066368 0.25293565 -0.031553563
v 0.13008878 0.24356866 -0.05682758
v 0.11362014 0.24402805 -0.055967838
v 0.09778691 0.23782885 -0.066104084
v 0.14531593 0.2211252 -0.0719193
v 0.14396267 0.20776403 -0.08325684
v 0.061005186 0.20120324 -0.09868824
v 0.042744648 0.20130382 -0.098929144
v 0.09627946 0.20225362 -0.098019905
v 0.043157827 0.2439899 -0.056431834
v 0.024528543 0.24831066 -0.046028618
v 0.042886667 0.2485533 -0.045338884
v 0.024299113 0.25212926 -0.033763655
v 0.04263809 0.2523303 -0.033229645
v 0.006107886 0.2519096 -0.034422193
v 0.061356883 0.24876282 -0.044648506
v 0.06089523 0.25255308 -0.03256707
v 0.024224741 0.2562195 -0.02216342
v 0.0060581644 0.25614902 -0.022308793
v 0.07843669 0.2527427 -0.032035373
v 0.0792894 0.2490381 -0.04373948
v 0.060501236 0.25671816 -0.020967543
v 0.07804148 0.25687835 -0.020577496
v 0.09651642 0.24904378 -0.043675464
v 0.042217895 0.2564119 -0.02171658
v 0.09610971 0.2528469 -0.031638324
v 0.09584968 0.2567039 -0.020208985
v 0.07992363 0.24440122 -0.055111144
v 0.06192544 0.24424599 -0.055651322
v 0.080472365 0.2380163 -0.065802395
v 0.006193146 0.24807787 -0.046742793
v -0.011629453 0.25591063 -0.02290682
v -0.080436036 0.2470583 -0.04934375
v -0.047496874 0.25555477 -0.023789303
v -0.09638794 0.2465761 -0.050923575
v -0.11266029 0.2456898 -0.052585978
v -0.12918057 0.24526866 -0.05399826
v -0.09592499 0.23968849 -0.06301797
v -0.11190227 0.23835927 -0.06502507
v -0.12844005 0.23716433 -0.06683964
v -0.14643864 0.24964918 -0.041168787
v -0.16314149 0.24970597 -0.042193696
v -0.18028979 0.24945235 -0.043096866
v -0.21159013 0.21913669 -0.071257055
v -0.19519848 0.22410712 -0.07491904
v -0.17816383 0.22614074 -0.07627816
v -0.17719507 0.21436203 -0.07616688
v -0.16069509 0.21459407 -0.07588648
v -0.16121937 0.22746216 -0.07539475
v -0.14345784 0.2157482 -0.07684465
v -0.14428805 0.22776325 -0.07393777
v -0.16022427 0.2050817 -0.08600312
v -0.1766033 0.20498484 -0.08633532
v -0.14323728 0.2056085 -0.08528084
v -0.16185458 0.2367254 -0.0674578
v -0.14505544 0.23721859 -0.066726364
v 0.113038555 0.25279775 -0.031812243
v 0.11298611 0.25692764 -0.02043089
v 0.059886917 0.19065131 -0.10497046
v 0.07767964 0.19067019 -0.1049409
v 0.04213464 0.19049218 -0.10501542
v 0.07636962 0.17927086 -0.1100891
v 0.09341954 0.17966098 -0.10965972
v 0.092073604 0.1652838 -0.11033992
v 0.075196736 0.16470852 -0.110463545
v 0.09038564 0.1525366 -0.11801394
v 0.07389008 0.15022081 -0.114626944
v 0.10537025 0.151627 -0.11829905
v 0.09000055 0.13844074 -0.11867614
v 0.10632602 0.13926025 -0.11749425
v 0.12111218 0.14142954 -0.11509261
v 0.12194982 0.15571012 -0.11260931
v 0.14097668 0.15122059 -0.1185474
v 0.13978094 0.15873629 -0.11235727
v 0.1240855 0.16938189 -0.109555624
v 0.14146684 0.17056534 -0.109030835
v 0.12209432 0.12610513 -0.11527879
v 0.10828777 0.12632863 -0.11561728
v 0.13679259 0.12922426 -0.118055254
v 0.15597026 0.15748928 -0.112374805
v 0.15279165 0.14628837 -0.11520957
v 0.17024395 0.1402543 -0.115072474
v 0.17179213 0.15506293 -0.1130402
v 0.14780155 0.13058797 -0.11664429
v 0.1711072 0.12549524 -0.116475835
v 0.17320412 0.11200117 -0.118073635
v 0.15589984 0.113674685 -0.11839763
v 0.1916076 0.1112058 -0.11807971
v 0.18993719 0.124210745 -0.11809259
v 0.20794606 0.1232178 -0.11900932
v 0.20993714 0.110210225 -0.117845155
v 0.22669776 0.12241544 -0.11896274
v 0.22852165 0.109408826 -0.11757121
v 0.22531411 0.13443065 -0.11868611
v 0.20211764 0.13614635 -0.115232065
v 0.20445213 0.15019695 -0.114222206
v 0.22556388 0.15032366 -0.11895882
v 0.22669676 0.16335446 -0.1114909
v 0.20752567 0.16489531 -0.11100736
v 0.24430746 0.14773333 -0.11480911
v 0.2445816 0.16239594 -0.11183483
v 0.26282418 0.1471793 -0.11660834
v 0.26225254 0.16133481 -0.11205183
v 0.22733547 0.1777784 -0.10942036
v 0.26413628 0.13269533 -0.115877226
v 0.27994996 0.13126789 -0.116397865
v 0.26438257 0.120975524 -0.11890992
v 0.28116992 0.120212905 -0.118926056
v 0.2973239 0.11975906 -0.11903219
v 0.29649305 0.1278277 -0.11549315
v 0.29567754 0.14686432 -0.114841126
v 0.3112411 0.14822814 -0.11451257
v 0.3113171 0.1347586 -0.11622284
v 0.32706413 0.1500248 -0.11795438
v 0.32658702 0.1368221 -0.1191965
v 0.32818916 0.1636061 -0.11419421
v 0.3116537 0.16274898 -0.11285157
v 0.32724923 0.124165066 -0.11928733
v 0.34247547 0.12384476 -0.11933416
v 0.3419227 0.13692942 -0.119178735
v 0.3288813 0.11087698 -0.11791506
v 0.34388083 0.110704996 -0.11802049
v 0.31333447 0.11075699 -0.11792796
v 0.35467556 0.123812795 -0.11561651
v 0.35411894 0.1365374 -0.115368016
v 0.3550252 0.1116066 -0.11300985
v 0.3125924 0.17607391 -0.110245325
v 0.32960752 0.17709163 -0.1100189
v 0.31319866 0.18806833 -0.105613835
v 0.33081302 0.1896927 -0.10450804
v 0.29598948 0.18745092 -0.105960585
v 0.34999543 0.19346333 -0.10219427
v 0.34587198 0.17890626 -0.109093584
v 0.35279322 0.2013672 -0.091988616
v 0.3131276 0.19987446 -0.10043406
v 0.29549202 0.19884868 -0.10097737
v 0.29460075 0.20826085 -0.09412532
v 0.3127079 0.20995536 -0.09252129
v 0.31289968 0.22041595 -0.084489346
v 0.29499796 0.21957277 -0.085290074
v 0.28112963 0.21553537 -0.07845352
v 0.29641315 0.22940579 -0.07666335
v 0.31366268 0.22998211 -0.07615056
v 0.28079197 0.2295031 -0.077843
v 0.3307005 0.21130085 -0.09114664
v 0.28011733 0.20321424 -0.09058843
v 0.2792797 0.19871521 -0.10110758
v 0.33038935 0.22107223 -0.083490394
v 0.33042675 0.2297099 -0.07516616
v 0.29588664 0.17554301 -0.10897098
v 0.34230074 0.15004447 -0.1179659
v 0.34332165 0.16406035 -0.11385395
v 0.29557744 0.1615432 -0.11205972
v 0.3311686 0.20134741 -0.09862718
v 0.24501868 0.17707089 -0.1091025
v 0.2622289 0.1758114 -0.1095408
v 0.2815251 0.10862154 -0.11748036
v 0.26500496 0.108887345 -0.11752538
v 0.29787368 0.10931024 -0.11761697
v 0.3125178 0.12629594 -0.11554628
v 0.27956054 0.14721903 -0.119018525
v 0.18973118 0.16657439 -0.110514574
v 0.18847935 0.15274139 -0.11720538
v 0.19130899 0.17990476 -0.10940324
v 0.17455569 0.18078434 -0.109704405
v 0.17339924 0.16945924 -0.10947163
v 0.19265169 0.19120505 -0.10525452
v 0.17558861 0.19208089 -0.10482609
v 0.15925598 0.19294047 -0.10439552
v 0.15889105 0.1819353 -0.109542795
v 0.14289081 0.19341627 -0.10405433
v 0.14226037 0.18248507 -0.10924406
v 0.15953946 0.20346846 -0.09784498
v 0.14318566 0.20105886 -0.09588941
v 0.12690337 0.1933111 -0.10397668
v 0.17660177 0.20165995 -0.097848214
v 0.2092794 0.17875251 -0.110706665
v 0.24503022 0.13408266 -0.115245126
v 0.24607845 0.12117015 -0.11875193
v 0.18836221 0.13765733 -0.11879389
v 0.10769477 0.1670281 -0.10996798
v 0.109541684 0.18073529 -0.10895718
v 0.056603055 0.15108073 -0.118204795
v 0.057984434 0.16392462 -0.110590264
v 0.041474897 0.1634674 -0.110705994
v 0.04111822 0.14947195 -0.11384235
v 0.056119252 0.13661106 -0.11872349
v 0.04124479 0.13598137 -0.11513626
v 0.023533205 0.13661382 -0.11825984
v 0.023652645 0.15046585 -0.118584506
v 0.005758559 0.14821316 -0.1142721
v 0.0056987847 0.13619724 -0.11544836
v 0.0059966138 0.16125502 -0.11136215
v 0.0056713405 0.12599425 -0.11531194
v -0.010080059 0.14820318 -0.11858362
v -0.010663225 0.15892978 -0.11207492
v -0.027501626 0.14543954 -0.11712661
v -0.02762982 0.15656874 -0.11278461
v -0.027455373 0.13223925 -0.117337905
v -0.027918385 0.17062631 -0.11015462
v -0.04371598 0.12963307 -0.11475323
v -0.04317551 0.1422816 -0.11557535
v -0.060835134 0.1277872 -0.116342664
v -0.06118944 0.14011396 -0.11873468
v -0.06058473 0.115658164 -0.11780043
v -0.077749774 0.113029346 -0.11736056
v -0.059965167 0.104034185 -0.115633816
v -0.0772385 0.1014715 -0.11444071
v -0.078181274 0.1254152 -0.117551364
v -0.07859681 0.1380113 -0.11503258
v -0.060743906 0.15250129 -0.1163727
v -0.043780774 0.117831126 -0.11814484
v -0.02789116 0.12052341 -0.118520364
v -0.043913145 0.1533338 -0.113395534
v -0.011044547 0.13469328 -0.118004754
v -0.010713577 0.17339459 -0.10927908
v 0.006315734 0.1755697 -0.10948544
v 0.040783837 0.12422683 -0.11780026
v 0.056623086 0.12457154 -0.11782814
v 0.040498618 0.11216058 -0.117265955
v 0.05688946 0.11167124 -0.1172359
v 0.07327606 0.12436979 -0.117346734
v 0.07381666 0.11110678 -0.11730937
v 0.023547364 0.11183764 -0.11721627
v 0.04173902 0.17797163 -0.109463215
v 0.023801047 0.09781869 -0.11444997
v 0.005656414 0.097178176 -0.11455969
v 0.0057048076 0.1113051 -0.11709778
v -0.012997613 0.09670945 -0.1142997
v -0.012007631 0.11006512 -0.11689617
v -0.030250937 0.096934944 -0.114601865
v -0.028584996 0.10840271 -0.1166198
v 0.023467585 0.124643505 -0.1177861
v 0.040786713 0.09811072 -0.11472011
v 0.056906614 0.09866631 -0.11294648
v 0.024408925 0.17690629 -0.108896
v 0.07234401 0.13691364 -0.11649332
v 0.024586719 0.18955126 -0.105474606
v 0.0063032485 0.18797617 -0.10618143
v 0.0061839498 0.19894774 -0.100610115
v -0.011596383 0.19754012 -0.1014286
v -0.01191431 0.20755833 -0.09293571
v 0.0059905504 0.2088823 -0.09195454
v -0.012123903 0.2181558 -0.08494985
v -0.030406723 0.21680285 -0.08589744
v -0.02990296 0.2066292 -0.094683446
v -0.029247211 0.19575664 -0.10266914
v 0.058767043 0.17871311 -0.10935165
v 0.024437223 0.20034844 -0.09948444
v -0.26653704 0.24234092 -0.058843028
v -0.26417977 0.22816639 -0.07705479
v -0.047278196 0.2050752 -0.09602582
v -0.04632362 0.1934506 -0.10393948
v -0.06379203 0.20444661 -0.09708315
v -0.06275146 0.1914711 -0.10483905
v -0.07928082 0.20467192 -0.09659984
v -0.07867861 0.19199362 -0.104630165
v -0.08035339 0.2146187 -0.087302454
v -0.06461954 0.21453238 -0.08741108
v -0.061465777 0.17687349 -0.109161444
v -0.078601316 0.17833577 -0.10857465
v -0.09420018 0.19257241 -0.104361966
v -0.09560915 0.17916122 -0.10890913
v -0.078863345 0.16474752 -0.11121534
v -0.09900443 0.16560589 -0.11088146
v -0.10028303 0.15025425 -0.11570996
v -0.11487282 0.14934877 -0.1185587
v -0.113253966 0.13251404 -0.11780243
v -0.0963665 0.13611384 -0.11509682
v -0.12778336 0.12610726 -0.11515855
v -0.1297838 0.14795996 -0.11433306
v -0.14368574 0.13592717 -0.11813865
v -0.14471895 0.14949271 -0.1168613
v -0.12926057 0.16380167 -0.11119757
v -0.14491877 0.16358525 -0.1111306
v -0.11155158 0.120937385 -0.11850718
v -0.12681416 0.11981645 -0.11835792
v -0.1595272 0.14909565 -0.118157014
v -0.15794449 0.134735 -0.11842947
v -0.1723959 0.13371089 -0.1150263
v -0.17218004 0.12131343 -0.117799394
v -0.11417427 0.16399321 -0.111127995
v -0.18660651 0.12117766 -0.11834446
v -0.1856665 0.13310082 -0.115058064
v -0.11087728 0.19228543 -0.10453484
v -0.20225336 0.12139374 -0.118438564
v -0.15682487 0.1216804 -0.118439995
v -0.08808348 0.20444007 -0.090961516
v -0.09224089 0.21053576 -0.08183833
v -0.10954409 0.2012364 -0.09642
v -0.20394073 0.10960753 -0.116795324
v -0.22020248 0.111358605 -0.11707723
v -0.21787415 0.12252495 -0.11864109
v -0.23474032 0.12508228 -0.11834765
v -0.23753875 0.11331178 -0.11741723
v -0.23087195 0.13642013 -0.11675639
v -0.21388191 0.13242546 -0.115146905
v -0.25548694 0.12763008 -0.115327165
v -0.25312036 0.1407457 -0.11598046
v -0.27391145 0.13158372 -0.115712635
v -0.2727935 0.14499357 -0.11852321
v -0.2939388 0.13492358 -0.11627364
v -0.29471946 0.14754233 -0.116684966
v -0.3143726 0.13694975 -0.115462884
v -0.31438425 0.14935675 -0.11440692
v -0.31259757 0.12600198 -0.115397625
v -0.29452366 0.124535136 -0.117200576
v -0.3267397 0.13821521 -0.11857923
v -0.32623953 0.12616684 -0.11857201
v -0.32648617 0.11344112 -0.11746467
v -0.310466 0.11328959 -0.11741702
v -0.34276244 0.11434896 -0.11771174
v -0.34289277 0.12689605 -0.118710525
v -0.35465747 0.11670734 -0.113168
v -0.3552345 0.12866083 -0.11407538
v -0.3269558 0.15051049 -0.11759903
v -0.2934787 0.10983178 -0.11675594
v -0.2939942 0.1595867 -0.1121154
v -0.3126655 0.16120084 -0.11180329
v -0.25703907 0.11646648 -0.11793737
v -0.060212456 0.17005077 -0.10956941
v -0.060733505 0.1620275 -0.111794926
v -0.06496298 0.22599277 -0.08056272
v -0.08140258 0.22541752 -0.08136221
v -0.080800526 0.2335544 -0.07244169
v -0.18758371 0.108964436 -0.11670053
v 0.31467575 0.23729448 -0.06594529
v 0.33075714 0.23703942 -0.06573734
v 0.345885 0.22990137 -0.07461884
v 0.3455711 0.23677701 -0.0654257
v 0.36503723 0.2368291 -0.05574729
v 0.3589156 0.2257158 -0.07061766
v 0.3632175 0.23925209 -0.051113695
v 0.34505263 0.24357548 -0.056474347
v 0.3309923 0.2442606 -0.05621916
v -0.17894642 0.23592608 -0.06850228
v -0.16249986 0.24426633 -0.055529494
v -0.24952464 0.24885662 -0.04443453
v -0.19763234 0.24906057 -0.044245448
v -0.030611996 0.22812787 -0.07927047
v -0.012107478 0.23636474 -0.06832468
v 0.23016453 0.22777349 -0.075133525
v 0.24881405 0.2367771 -0.06771863
v 0.2489294 0.2444916 -0.056360077
v 0.24898352 0.22839886 -0.075472735
v 0.24866387 0.21534985 -0.07609979
v 0.23010312 0.2152011 -0.07609544
v 0.26579833 0.23709294 -0.06742584
v 0.26619747 0.2445569 -0.056133088
v 0.28293008 0.24495038 -0.05568896
v 0.28199917 0.23730592 -0.06708726
v 0.26661098 0.24994779 -0.043327194
v 0.2836689 0.2500528 -0.043277405
v 0.2994002 0.24495487 -0.055618133
v 0.30044496 0.24967654 -0.04378803
v 0.28438297 0.25361243 -0.030431412
v 0.30130583 0.25338677 -0.031304892
v 0.301963 0.25761104 -0.019369628
v 0.2851405 0.2581897 -0.018630495
v 0.26703605 0.25358963 -0.030059015
v 0.26740447 0.25777125 -0.018096864
v 0.31738886 0.2571546 -0.020079732
v 0.3169043 0.25297943 -0.03220412
v 0.33144084 0.25253356 -0.033348657
v 0.3318329 0.2571869 -0.0212035
v 0.34464964 0.25201082 -0.03494563
v 0.345176 0.25637972 -0.022568092
v 0.34466913 0.24818559 -0.046578914
v 0.24769878 0.20530364 -0.087254114
v 0.22971332 0.20516539 -0.08673648
v 0.22904935 0.20168233 -0.09974857
v 0.24655102 0.20073673 -0.100168236
v 0.21141768 0.20041692 -0.098738246
v 0.21201533 0.2057021 -0.0864858
v 0.21257827 0.21490563 -0.07657623
v 0.35828015 0.1793278 -0.10443187
v 0.35482147 0.16322674 -0.10987021
v 0.36554578 0.16226375 -0.10974229
v 0.36706403 0.1828433 -0.11052472
v -0.08039444 0.2408389 -0.061245665
v -0.048296634 0.227424 -0.080493554
v 0.37995932 0.16034149 -0.119244814
v 0.38063243 0.1819793 -0.11297869
v 0.4005379 0.15312159 -0.12765431
v 0.39567018 0.17966248 -0.11421827
v 0.40145588 0.15430829 -0.12757364
v 0.4097015 0.17692606 -0.11422406
v 0.39570555 0.14089775 -0.12854844
v 0.40932736 0.1400021 -0.12786013
v 0.39769486 0.12228423 -0.12541127
v 0.40852734 0.123365514 -0.12376517
v 0.379118 0.122339934 -0.121636674
v 0.38177997 0.11494261 -0.1210141
v 0.3971615 0.10401974 -0.11963223
v 0.40962884 0.10742611 -0.11691007
v 0.38229418 0.10077706 -0.119014405
v 0.41178983 0.1379665 -0.121349566
v 0.39846233 0.20001924 -0.10362483
v 0.4119258 0.19573939 -0.10304286
v 0.40931055 0.15838957 -0.12701893
v 0.38099688 0.14519216 -0.1257909
v 0.3752096 0.21041383 -0.09624564
v 0.36672112 0.20663595 -0.098305054
v 0.38208202 0.20524713 -0.100143276
v 0.37618387 0.2109192 -0.09560415
v 0.2148525 0.2531386 -0.030501643
v 0.23227514 0.25325707 -0.030267214
v 0.24947403 0.24983731 -0.043281287
v 0.19772889 0.2571242 -0.019111115
v 0.17742434 0.20569408 -0.08572027
v -0.04800031 0.21550477 -0.08686137
v 0.21510895 0.2576127 -0.0187032
v 0.23256092 0.25766742 -0.018486844
v 0.34574816 0.22133917 -0.08270701
v 0.34648177 0.21250255 -0.089715056
v 0.35731876 0.21771112 -0.079140656
v 0.18061276 0.2572022 -0.019710591
v 0.19618836 0.22621357 -0.074269235
v 0.17906006 0.22462572 -0.07520778
v 0.17819673 0.21411324 -0.076940805
v -0.12704368 0.22737087 -0.07826277
v -0.110806085 0.22967534 -0.07428666
v -0.12682936 0.21973515 -0.07354435
v -0.30985624 0.18639082 -0.10686758
v -0.27390724 0.15699038 -0.113003604
v 0.2499629 0.25341496 -0.0300759
v 0.25024036 0.25797224 -0.018269975
v -0.23361303 0.15268387 -0.11792654
v 0.26251674 0.18803641 -0.10657623
v -0.21039745 0.14012633 -0.11833756
v 0.06241572 0.2378413 -0.0660957
v -0.3435279 0.1508533 -0.117618866
v -0.36590853 0.15004714 -0.11247452
v -0.19147633 0.20100905 -0.098250605
v -0.17499356 0.19112742 -0.10477278
v -0.17599362 0.20232835 -0.0983129
v -0.15955622 0.19166565 -0.104657665
v -0.17402649 0.1787386 -0.10836768
v -0.15947205 0.17930551 -0.108812205
v -0.20927379 0.20414951 -0.087044924
v -0.21060944 0.21229546 -0.07840614
v -0.27534047 0.11982985 -0.118447
v -0.34261027 0.22290842 -0.08243393
v 0.24560827 0.18915778 -0.10640125
v 0.09708742 0.24444374 -0.05533278
v -0.011138211 0.18621233 -0.106957555
v 0.02404045 0.16244408 -0.1110229
v -0.29461646 0.20939389 -0.093071416
v -0.0122089535 0.229 -0.07857507
v 0.19534664 0.21478246 -0.07681652
v 0.21295121 0.22722554 -0.07484255
v 0.26430997 0.20550719 -0.08774265
v 0.2632003 0.19871423 -0.100316636
v -0.27679664 0.106694154 -0.11638937
v -0.2586643 0.10467022 -0.115984924
v 0.098554805 0.23131236 -0.076177515
v 0.16024648 0.20658344 -0.08463904
v 0.12775226 0.2008369 -0.09541176
v -0.079185225 0.15123841 -0.11379161
v -0.14157218 0.12078597 -0.118485056
v -0.15654445 0.10881667 -0.11660991
v -0.14089091 0.1089655 -0.11663939
v -0.1250774 0.10945949 -0.11673633
v -0.17320472 0.16419019 -0.11097972
v -0.19287613 0.2043615 -0.08676679
v 0.36548963 0.13535345 -0.11373386
v 0.36411312 0.12351804 -0.11499986
v -0.21851678 0.22152987 -0.072488755
v -0.17187008 0.10895189 -0.11665366
v 0.19363686 0.20043018 -0.09840257
v 0.4233346 0.12480778 -0.11525816
v 0.4245316 0.11027206 -0.113178335
v 0.41234666 0.09090387 -0.1150262
v 0.39873102 0.08840993 -0.1158561
v 0.4243513 0.09476979 -0.10916391
v -0.23954837 0.1011047 -0.11515644
v -0.22202027 0.09927742 -0.11419464
v 0.3662865 0.1113748 -0.11921674
v 0.34546986 0.0976844 -0.11480056
v 0.35302305 0.0973614 -0.109170705
v -0.09309858 0.2215298 -0.07282966
v -0.045465045 0.1807401 -0.10872375
v 0.44051015 0.12889111 -0.11081337
v -0.14270462 0.13511944 -0.117382325
v -0.110219605 0.110050604 -0.11685239
v -0.32593533 0.16268499 -0.11438379
v 0.14015925 0.11333743 -0.118245035
v 0.12374522 0.11253309 -0.11822338
v 0.14582679 0.13484293 -0.118112035
v -0.094912864 0.123503 -0.118522175
v -0.09413094 0.111235805 -0.11702387
v -0.34321123 0.13884757 -0.118676566
v -0.35791904 0.13988702 -0.11389807
v -0.15984398 0.20200412 -0.09809231
v -0.1435963 0.19175293 -0.104751654
v -0.1938676 0.21307918 -0.07757398
v 0.3832179 0.086780414 -0.115183905
v 0.44749647 0.11511375 -0.10744792
v 0.4396028 0.09801404 -0.10675722
v -0.12748545 0.19172403 -0.1047897
v -0.12648104 0.20166597 -0.09705797
v 0.35745963 0.20836645 -0.08710142
v -0.043937303 0.10637187 -0.11623984
v -0.044103812 0.0965949 -0.11006558
v 0.19464493 0.20573826 -0.086094365
v 0.36742455 0.09035232 -0.11607316
v 0.36724862 0.09946566 -0.118540406
v 0.36579525 0.14836895 -0.11362434
v 0.09007601 0.124283366 -0.11747476
v 0.09051452 0.11072646 -0.117456004
v 0.09481359 0.19124886 -0.10462071
v 0.11118097 0.19239317 -0.104357846
v -0.17280708 0.1483927 -0.11420441
v 0.4222601 0.17271952 -0.10859317
v 0.42519867 0.19075167 -0.10025681
v 0.41812652 0.15499961 -0.11471578
v 0.4378768 0.15085375 -0.11083176
v 0.43834394 0.16911216 -0.10641426
v 0.45289043 0.1450429 -0.105416104
v 0.45299616 0.16443875 -0.10102328
v 0.3485813 0.2047177 -0.096183084
v -0.14321865 0.2020079 -0.09782072
v 0.44023252 0.18660614 -0.0983812
v 0.45428863 0.18150634 -0.09395356
v -0.32944635 0.23343755 -0.0716614
v -0.14578143 0.24491364 -0.054838073
v -0.1796648 0.24375987 -0.056594357
v -0.04471567 0.16700247 -0.11077178
v 0.35285488 0.1493084 -0.11290216
v 0.22810763 0.19006915 -0.10590129
v 0.4120921 0.14086835 -0.12106082
v 0.27923745 0.16055474 -0.11246495
v 0.2795687 0.17538562 -0.10990123
v -0.15942052 0.1635567 -0.11110154
v -0.1442786 0.17885393 -0.10906373
v 0.15798184 0.170954 -0.10875745
v 0.024516663 0.20955871 -0.0908115
v -0.108749434 0.20827442 -0.08242764
v 0.12579626 0.1819851 -0.10934967
v -0.095466346 0.23219308 -0.07397092
v -0.3019488 0.24871707 -0.04603912
v -0.1259639 0.20699583 -0.08379285
v -0.10949073 0.21855462 -0.07340131
v -0.011224122 0.12301234 -0.118031934
v 0.26527974 0.21576107 -0.07611315
v 0.26523337 0.22851034 -0.078103736
v 0.36578366 0.10873848 -0.115340635
v 0.36543748 0.09911851 -0.11011554
v 0.35319278 0.20423701 -0.090279184
v 0.2471375 0.108806334 -0.11755699
v -0.112202086 0.17894882 -0.10929161
v -0.25209197 0.15455702 -0.115482
v 0.16256833 0.22548223 -0.07585126
v 0.112760924 0.20332915 -0.0974
v -0.12844017 0.17870027 -0.109547816
v -0.028486542 0.18385574 -0.108244725
v 0.1611669 0.21540222 -0.07571883
v -0.20010388 0.13262582 -0.1167265
v 0.1074201 0.111357406 -0.117859624
v 0.44210926 0.20221706 -0.08773678
v 0.4277652 0.20678832 -0.08925803
v 0.113228165 0.24890122 -0.04400047
v 0.21052976 0.1906499 -0.10556537
v 0.2792665 0.18730158 -0.10622893
v 0.45440757 0.11950922 -0.10454893
v 0.11288756 0.21532089 -0.0860178
v 0.31628427 0.24948108 -0.044547092
v 0.3155993 0.24452716 -0.055817064
v -0.22525166 0.20168638 -0.09746589
v -0.20799986 0.20140484 -0.09865496
v -0.20619896 0.19058608 -0.1049612
v -0.22321281 0.19181032 -0.104423076
v -0.19147633 0.20100905 -0.098250605
v -0.20927379 0.20414951 -0.087044924
v -0.19287613 0.2043615 -0.08676679
v -0.1766033 0.20498484 -0.08633532
v -0.17599362 0.20232835 -0.0983129
v -0.15984398 0.20200412 -0.09809231
v -0.1938676 0.21307918 -0.07757398
v 0.3752096 0.21041383 -0.09624564
v 0.38208202 0.20524713 -0.100143276
v 0.37618387 0.2109192 -0.09560415
v -0.36338788 0.1601502 -0.11049272
v -0.36824375 0.15016274 -0.11877296
v -0.36673093 0.1599441 -0.11685426
v -0.36590853 0.15004714 -0.11247452
v -0.36668327 0.14223734 -0.1195615
v -0.35791904 0.13988702 -0.11389807
v 0.11267398 0.21545771 -0.084587544
v 0.12830615 0.207676 -0.083346054
v 0.11288756 0.21532089 -0.0860178
v -0.40445536 0.26412046 -0.01692876
v -0.38117793 0.2555421 -0.031165287
v -0.4030237 0.25937325 -0.017033374
v -0.39460197 0.26467302 -0.016653584
v 0.49443302 0.18437877 0.0072051384
v 0.50023556 0.19556913 0.011706863
v 0.49897572 0.19601086 0.022763876
v 0.49587697 0.18330516 0.015017504
v 0.49575415 0.20329913 0.005439797
v 0.49911445 0.1911497 0.003168589
v 0.49453598 0.17707933 0.0091908295
v 0.49465796 0.18352778 0.0065295976
v 0.49590746 0.20341855 -0.007154048
v 0.496209 0.185603 -0.0038091692
v 0.49450988 0.17402974 0.002477468
v 0.49458677 0.1771436 0.015000038
v 0.49448273 0.17508323 -0.00805765
v 0.49614006 0.18385684 -0.013050156
v 0.4944676 0.17343082 -0.018296104
v 0.49805617 0.18250008 -0.023607371
v 0.4944979 0.16735555 0.008657152
v 0.4944613 0.16513625 -0.0019709233
v 0.4944446 0.16289285 -0.011808614
v 0.500322 0.19289353 -0.016646536
v 0.49949855 0.19141376 -0.028646674
v 0.49452937 0.16899708 -0.027756283
v 0.49938196 0.17734239 -0.03360363
v 0.4992885 0.17063397 -0.042583212
v 0.49481001 0.16241562 -0.035314657
v 0.49448794 0.15513858 -0.041362878
v 0.49964774 0.1624013 -0.049692784
v 0.49452493 0.1475081 -0.046136126
v 0.50030506 0.1535024 -0.054709062
v 0.4944784 0.14565456 -0.032702222
v 0.49440524 0.15230682 -0.027154434
v 0.494851 0.13892344 -0.03642274
v 0.49754435 0.16959468 -0.057588782
v 0.49797875 0.17887756 -0.049402624
v 0.49675322 0.15909226 -0.06362476
v 0.50026274 0.14399321 -0.0580897
v 0.49458495 0.13990779 -0.049635474
v 0.49510193 0.1296409 -0.05174711
v 0.5002799 0.13386321 -0.05975759
v 0.49619797 0.13624361 -0.06930681
v 0.50040245 0.12437522 -0.059363026
v 0.49591964 0.124579325 -0.06910216
v 0.49596655 0.113986745 -0.067048796
v 0.50026774 0.116027944 -0.057447962
v 0.49596855 0.10408052 -0.06304645
v 0.4999241 0.107564874 -0.054196153
v 0.49637496 0.09471378 -0.0582106
v 0.50003374 0.0995893 -0.0494608
v 0.49609515 0.10418999 -0.041194167
v 0.49583822 0.11146596 -0.04556761
v 0.4999934 0.092407465 -0.043732557
v 0.49607864 0.097633876 -0.035659153
v 0.4998031 0.08643845 -0.03732947
v 0.49525508 0.09187776 -0.030895103
v 0.49471784 0.08919351 -0.02410897
v 0.50036395 0.08133778 -0.031985056
v 0.49697003 0.07928757 -0.045023236
v 0.4971613 0.073394135 -0.03762694
v 0.49450323 0.097091764 -0.020323046
v 0.49444336 0.10249175 -0.026780544
v 0.49452785 0.090856776 -0.013435793
v 0.50051916 0.07865231 -0.025440477
v 0.49474972 0.08575733 -0.01688369
v 0.49698696 0.08106102 -0.018851567
v 0.49777278 0.08006026 -0.01993831
v 0.4997309 0.07494955 -0.015697027
v 0.49639904 0.06136205 -0.011241842
v 0.49719846 0.06386577 -0.020963293
v 0.48505184 0.0588122 -0.020964999
v 0.48492837 0.054682404 -0.010298466
v 0.48385015 0.054273978 0.0018502709
v 0.49548876 0.05998981 -0.000093304814
v 0.49542043 0.060308374 0.012220669
v 0.48347694 0.055269517 0.014561332
v 0.47438657 0.04350607 -0.010644436
v 0.47481 0.047017418 -0.023414396
v 0.47400442 0.042449057 0.0032492925
v 0.500437 0.07041832 -0.002863376
v 0.50041974 0.07032794 0.008051502
v 0.4829098 0.05896786 0.027564162
v 0.49491042 0.06361323 0.025007242
v 0.50030875 0.07260199 0.019978706
v 0.49485418 0.1164897 -0.036823075
v 0.49488792 0.12396347 -0.03888788
v 0.4965605 0.086625054 -0.05179751
v 0.49514985 0.11857501 -0.048842005
v 0.5003276 0.19405362 -0.0061022826
v 0.4945619 0.17552082 0.021446748
v 0.49443498 0.15333794 -0.005442252
v 0.4944654 0.15752198 0.0037773093
v 0.49445733 0.14462125 0.00040747624
v 0.49447381 0.1502172 0.009490716
v 0.4944964 0.14266363 0.014267865
v 0.49448365 0.13598311 0.0063367323
v 0.4945411 0.14842585 0.026014477
v 0.4945221 0.13516463 0.01778991
v 0.49455437 0.14197521 0.026723137
v 0.49462536 0.1504516 0.03957997
v 0.49464908 0.14043432 0.042244602
v 0.498585 0.13856831 0.053536974
v 0.49759415 0.15098196 0.051307775
v 0.49939615 0.15087703 0.06261041
v 0.50014484 0.13647418 0.064704016
v 0.49955755 0.1634905 0.057115037
v 0.49956682 0.121993735 0.06279802
v 0.49756578 0.1618334 0.045899894
v 0.49455807 0.15932158 0.034057252
v 0.49850994 0.17034474 0.038475823
v 0.49958006 0.17454596 0.050057344
v 0.49453363 0.16616544 0.027185714
v 0.49798766 0.12585983 0.053190973
v 0.49469537 0.1298106 0.04201995
v 0.49447182 0.13033944 -0.0004530761
v 0.49449536 0.120970234 0.0072547975
v 0.49458542 0.12492199 -0.0075285276
v 0.49444598 0.1157798 0.000005853184
v 0.49479386 0.111391366 -0.008514828
v 0.4948154 0.11961969 -0.015308013
v 0.49452642 0.10521765 0.0091010695
v 0.4945625 0.11054041 0.017469613
v 0.49463123 0.13388216 -0.013813121
v 0.49489665 0.12807515 -0.021008607
v 0.49477473 0.14282815 -0.020028535
v 0.49443635 0.14833274 -0.013062467
v 0.49478123 0.11418328 -0.023619767
v 0.49501577 0.12208197 -0.028498502
v 0.49465004 0.09447789 0.017961575
v 0.49469703 0.1006663 0.027159732
v 0.49733156 0.09269459 0.03509623
v 0.49595553 0.085243225 0.025390537
v 0.49724144 0.10206586 0.04365141
v 0.500015 0.085381 0.042162642
v 0.5001012 0.09583085 0.05120004
v 0.4944991 0.10199684 -0.00038424955
v 0.494671 0.10705877 -0.017419726
v 0.49452028 0.15545164 0.02109715
v 0.49471122 0.10917839 0.03462119
v 0.4945899 0.117782734 0.023923509
v 0.4944501 0.13934338 -0.0068832627
v 0.49461317 0.09100926 0.007658228
v 0.4945153 0.127331 0.013235839
v 0.49458757 0.12653711 0.027471446
v 0.49944967 0.18353187 0.041466016
v 0.49801847 0.18025139 0.02591968
v 0.49455467 0.13597122 0.02563193
v 0.49493754 0.12499565 -0.050270658
v 0.49445796 0.13081467 -0.050954197
v 0.49442756 0.15848449 -0.020131785
v 0.49488854 0.13661596 -0.026137877
v 0.4945053 0.16198473 0.01490339
v 0.49964747 0.1081073 0.05834443
v 0.49695534 0.11357149 0.049641564
v 0.49440545 0.1088721 -0.03252745
v 0.49449286 0.099979706 -0.010372728
v 0.4984953 0.18647966 -0.039763093
v 0.47505918 0.052155055 -0.035040043
v 0.48528603 0.063165225 -0.030584985
v 0.4638277 0.035648286 -0.026181899
v 0.46404552 0.04147259 -0.039633963
v 0.47533813 0.058794037 -0.045726035
v 0.45282242 0.026203923 -0.02884137
v 0.45348585 0.031903617 -0.043847706
v 0.45254925 0.02216044 -0.012807422
v 0.46429628 0.04869864 -0.05185539
v 0.4536866 0.0400353 -0.05741208
v 0.4642328 0.05769285 -0.06292327
v 0.47526005 0.06677653 -0.055427495
v 0.4751061 0.075876616 -0.064148866
v 0.46408245 0.06802471 -0.07271752
v 0.47481084 0.08622241 -0.07172848
v 0.46396676 0.079661995 -0.08108069
v 0.4846021 0.09247764 -0.062165715
v 0.4846985 0.102355 -0.067750685
v 0.47483224 0.098092966 -0.07763092
v 0.46396258 0.09274189 -0.08777192
v 0.48468056 0.11370915 -0.070550874
v 0.4529974 0.07362804 -0.08890573
v 0.45347843 0.086980425 -0.096992716
v 0.46399462 0.107108615 -0.092550896
v 0.45337895 0.10214354 -0.10187125
v 0.45440757 0.11950922 -0.10454893
v 0.46398807 0.12345194 -0.095302895
v 0.47542933 0.12522282 -0.08384707
v 0.47505024 0.11116196 -0.081753574
v 0.48530456 0.12561294 -0.07234189
v 0.45360225 0.060834393 -0.08026415
v 0.48513532 0.076009296 -0.04782822
v 0.45349213 0.050011992 -0.06934818
v 0.4963543 0.14785565 -0.06753833
v 0.4973849 0.06821006 -0.029868776
v 0.49480233 0.13206494 -0.040760316
v 0.47354588 0.043998502 0.017548626
v 0.472955 0.04805404 0.031952254
v 0.4635022 0.03208951 -0.01151889
v 0.4631329 0.030920543 0.0039076367
v 0.50024474 0.07768145 0.03146743
v 0.49410257 0.07024945 0.036953907
v 0.49664867 0.08140078 0.014274817
v 0.49474233 0.1192681 0.039624736
v 0.4853119 0.08308641 -0.05616793
v 0.4517932 0.02165158 0.0039358977
v 0.4516143 0.023316637 0.021107811
v 0.49498728 0.13033742 -0.03240984
v 0.46225175 0.03740117 0.035856605
v 0.47240266 0.0551017 0.045966055
v 0.48253256 0.06504146 0.04027106
v 0.46170798 0.04486561 0.051356252
v 0.46269488 0.03282647 0.019778084
v 0.48537397 0.06910396 -0.039453495
v 0.49688548 0.080162495 0.0030463343
v 0.49458292 0.09060397 -0.0031649175
v 0.49698764 0.07776069 -0.008119744
v 0.45121396 0.028417803 0.03848626
v -0.1259639 0.20699583 -0.08379285
v -0.108749434 0.20827442 -0.08242764
v -0.10954409 0.2012364 -0.09642
v -0.12648104 0.20166597 -0.09705797
v -0.08808348 0.20444007 -0.090961516
v -0.08857861 0.20276177 -0.09225443
v -0.08808348 0.20444007 -0.090961516
v -0.10954409 0.2012364 -0.09642
v -0.08857861 0.20276177 -0.09225443
v -0.41314352 0.1865479 0.10581984
v -0.40331054 0.18690999 0.109935634
v -0.4003641 0.21564895 0.091765545
v -0.4117931 0.21169013 0.094768904
v -0.38016507 0.21550982 0.0918431
v -0.38792667 0.22380367 0.085359834
v -0.37441018 0.22517985 0.08414737
v -0.37333706 0.21662205 0.09149372
v -0.3661993 0.22532047 0.08319912
v -0.36536396 0.21411544 0.08786797
v -0.39108357 0.18355666 0.111459374
v -0.41054285 0.15831384 0.11931679
v -0.39287928 0.1626084 0.12031373
v -0.38008192 0.1601824 0.1188901
v -0.37827447 0.178924 0.11360162
v -0.3806087 0.145427 0.124916166
v -0.3687421 0.14229004 0.11923876
v -0.36796513 0.157721 0.11653403
v -0.36702895 0.17322987 0.11231675
v -0.3808647 0.12826808 0.12536299
v -0.36905345 0.1263444 0.120028876
v -0.39295474 0.1303611 0.12849876
v -0.358218 0.13938338 0.11497116
v -0.35758373 0.15400444 0.11222364
v -0.35822183 0.12410155 0.11439053
v -0.3570756 0.21195628 0.085000336
v -0.35784099 0.22091806 0.07822295
v -0.35194385 0.22412233 0.08013554
v -0.34693646 0.21506986 0.088854715
v -0.3520681 0.232069 0.07096336
v -0.35731888 0.22845274 0.06878206
v -0.33284393 0.22544584 0.080540314
v -0.3338602 0.23363748 0.07058692
v -0.31590432 0.23425269 0.069499694
v -0.31464502 0.22590202 0.07998722
v -0.29797256 0.23477994 0.06856867
v -0.29505724 0.2265037 0.07919792
v -0.29998764 0.24245414 0.056797825
v -0.2819196 0.2353015 0.06774531
v -0.27928376 0.22798193 0.07735908
v -0.2835206 0.2431244 0.055689644
v -0.3314351 0.21512297 0.089358516
v -0.3169949 0.24168918 0.058159616
v -0.33367446 0.2409199 0.059501
v -0.31398445 0.21526226 0.089125045
v -0.2961323 0.21563995 0.088530615
v -0.3669981 0.20246255 0.09362154
v -0.3934753 0.14751533 0.1280888
v -0.35661247 0.20192745 0.092823304
v -0.3464037 0.20529574 0.09784308
v -0.2672739 0.24359772 0.05487989
v -0.26645818 0.23647234 0.06617819
v -0.250322 0.23694336 0.0652041
v -0.25069126 0.24370477 0.05448775
v -0.23346195 0.24324399 0.054837663
v -0.23329511 0.23609349 0.066099636
v -0.24991086 0.23112795 0.074126646
v -0.23308676 0.22827962 0.07501071
v -0.2497544 0.22268665 0.07408007
v -0.23370664 0.21509019 0.07825753
v -0.23334764 0.2041492 0.09467619
v -0.25031927 0.20237456 0.09341396
v -0.21551062 0.22583193 0.07539546
v -0.21574248 0.2111932 0.082122184
v -0.21591173 0.2032431 0.09723543
v -0.2154597 0.23519295 0.06738344
v -0.21563789 0.24278374 0.055623516
v -0.2663848 0.20231828 0.093991175
v -0.26517695 0.21567556 0.07777538
v -0.26658922 0.19177209 0.105375364
v -0.24989432 0.19153367 0.10567483
v -0.28592277 0.20481855 0.09782829
v -0.28291515 0.19136918 0.10523139
v -0.28501475 0.20397165 0.09630364
v -0.27526525 0.21381205 0.079799116
v -0.29825178 0.19102159 0.10527685
v -0.29811028 0.20437983 0.09821537
v -0.3140945 0.19155899 0.10514728
v -0.3140063 0.17824784 0.11067768
v -0.29821223 0.17751746 0.1099314
v -0.32964894 0.17965843 0.1107811
v -0.33013487 0.1926358 0.104752354
v -0.31379575 0.16356441 0.11403638
v -0.32948983 0.1653657 0.114904076
v -0.32954478 0.1503709 0.11871321
v -0.31398183 0.14857586 0.11688738
v -0.29780912 0.14724882 0.11597457
v -0.3142275 0.13295752 0.11752008
v -0.3300356 0.13497424 0.12003888
v -0.29778814 0.13164939 0.11619518
v -0.34528884 0.1525939 0.11805842
v -0.34518787 0.16734138 0.11454623
v -0.34527034 0.18127286 0.11000681
v -0.34594908 0.19373287 0.1043938
v -0.2976431 0.16214234 0.11251713
v -0.24904174 0.17560925 0.10959911
v -0.26580203 0.17634834 0.10976889
v -0.23243327 0.17404121 0.109767765
v -0.232319 0.156343 0.11336596
v -0.24811596 0.15963829 0.113455094
v -0.21603015 0.17110285 0.1107657
v -0.21604003 0.15242204 0.11410416
v -0.20022823 0.15350625 0.11856966
v -0.20017813 0.15969181 0.11237164
v -0.18476522 0.15153793 0.11601036
v -0.18685974 0.16057181 0.11288271
v -0.1694185 0.14672561 0.11569603
v -0.16882646 0.16194654 0.11187088
v -0.1838766 0.18523198 0.10817107
v -0.1679465 0.18524231 0.10773376
v -0.15408617 0.16045481 0.1120921
v -0.18393156 0.20063624 0.09962782
v -0.16796222 0.20044556 0.099368304
v -0.16771083 0.2087519 0.08429182
v -0.18376213 0.20948142 0.08366696
v -0.15047304 0.20825338 0.08468869
v -0.15012994 0.22267833 0.075707234
v -0.1360701 0.22335316 0.073864505
v -0.13306049 0.20896491 0.083959885
v -0.11720546 0.21020201 0.08266709
v -0.11635164 0.22411647 0.07351227
v -0.13522507 0.22399253 0.07325775
v -0.09914892 0.2068635 0.085806906
v -0.10014164 0.21700428 0.07557632
v -0.11599764 0.2018398 0.09908145
v -0.099984474 0.20042248 0.09951427
v -0.08588292 0.2099697 0.09027782
v -0.08485642 0.20042437 0.09985155
v -0.06923935 0.21011096 0.09037688
v -0.06848797 0.20030767 0.10016802
v -0.069213666 0.2213783 0.08211165
v -0.051815756 0.21045141 0.08990942
v -0.05128271 0.20069975 0.09947741
v -0.0675486 0.18782449 0.106419094
v -0.050623186 0.18902817 0.10583316
v -0.05187711 0.22194144 0.08167049
v -0.099936485 0.18887568 0.106006205
v -0.11662688 0.18939286 0.10565652
v -0.11719306 0.17593183 0.110958405
v -0.09953555 0.17595702 0.11104825
v -0.13482606 0.17591473 0.10853038
v -0.13390023 0.18986198 0.105468675
v -0.14775893 0.16502586 0.11111945
v -0.08324717 0.17602465 0.11108938
v -0.09920581 0.16583017 0.1108363
v -0.083022155 0.16616435 0.110701695
v -0.08291907 0.15222387 0.113898896
v -0.09975684 0.15236764 0.11477557
v -0.08328217 0.13896668 0.11564284
v -0.10034401 0.13958108 0.11668212
v -0.1177435 0.15336744 0.11802757
v -0.11793223 0.14070961 0.11964371
v -0.11822295 0.1282311 0.117344044
v -0.100700185 0.12677817 0.116509944
v -0.100718044 0.11398198 0.11788587
v -0.118556336 0.11679877 0.11837505
v -0.0837448 0.11234164 0.11761742
v -0.13629033 0.11911343 0.118617535
v -0.13618244 0.12947182 0.1160559
v -0.13610627 0.1407294 0.11588186
v -0.083635055 0.12559927 0.11766838
v -0.06648282 0.15395004 0.1182644
v -0.11743912 0.16483913 0.11124713
v -0.13608241 0.16203403 0.111833364
v -0.06678183 0.16589326 0.11080022
v -0.06718462 0.1759542 0.11108614
v -0.083701834 0.18794256 0.10642621
v -0.03326401 0.21093464 0.089435816
v -0.03266617 0.20161995 0.099008605
v -0.013577531 0.21127434 0.088941865
v -0.013307284 0.20180015 0.09860627
v -0.013856433 0.2224864 0.081378095
v 0.0046741646 0.2229587 0.0811841
v 0.004854057 0.2116732 0.08845987
v 0.0046016662 0.23235625 0.07262223
v -0.013896164 0.23218304 0.072559856
v 0.023270156 0.2231492 0.081059374
v 0.023023752 0.2120865 0.08823632
v 0.022812359 0.20222172 0.09833314
v 0.042409267 0.21198872 0.08801884
v 0.041509062 0.2023394 0.09842895
v 0.022337424 0.1895835 0.10561133
v 0.040226195 0.18942218 0.105716504
v 0.03866486 0.1764065 0.11169205
v 0.020690236 0.17627844 0.110935375
v 0.059825793 0.18948466 0.10565084
v 0.058080185 0.17693996 0.11129671
v 0.07989837 0.17726237 0.10900166
v 0.08019598 0.1897948 0.10555727
v 0.09899653 0.19002217 0.1053956
v 0.09913186 0.17759508 0.11015021
v 0.11723148 0.17773029 0.11041546
v 0.11629577 0.19025077 0.10505027
v 0.1180278 0.202887 0.09792063
v 0.09886884 0.20248115 0.09848882
v 0.13289733 0.20253451 0.09719745
v 0.117392465 0.21207276 0.08744524
v 0.09771014 0.21245165 0.08785372
v 0.080628596 0.2118324 0.08816609
v 0.09613263 0.22425322 0.080592714
v 0.08030906 0.22387627 0.08072131
v 0.096599855 0.23356071 0.07117946
v 0.07992438 0.2333017 0.07154573
v 0.062330395 0.2235424 0.08083477
v 0.06214823 0.21173424 0.08824031
v 0.06193721 0.23284276 0.07191918
v 0.110212274 0.22571519 0.079713754
v 0.1138056 0.23389348 0.070421964
v 0.13373753 0.2091274 0.08274256
v 0.12259672 0.17516346 0.10913839
v 0.09911445 0.1639429 0.11118306
v 0.114559054 0.1649825 0.111035295
v 0.13155055 0.19108625 0.10496976
v 0.11275386 0.15195192 0.1142119
v 0.0979867 0.15297513 0.11900715
v 0.12687317 0.15407334 0.114840984
v 0.12659846 0.13953614 0.117531836
v 0.11120012 0.13884464 0.11568705
v 0.13472156 0.15958348 0.11262779
v 0.14238305 0.14045689 0.11969074
v 0.13629773 0.1597475 0.11227693
v 0.1426355 0.16747841 0.11016792
v 0.16139041 0.16746697 0.11045157
v 0.16043779 0.1537222 0.11389951
v 0.17996128 0.16670059 0.11074623
v 0.17888515 0.15351695 0.116063796
v 0.17781286 0.13876107 0.11848673
v 0.1974693 0.13897955 0.11880971
v 0.19772717 0.15298933 0.11714821
v 0.17787744 0.12509254 0.11889663
v 0.19652659 0.12526572 0.11720585
v 0.1960453 0.11250605 0.11764053
v 0.17781542 0.112675846 0.11768748
v 0.21419156 0.12491925 0.11777016
v 0.2140245 0.11259856 0.11767112
v 0.23204966 0.1252286 0.11762432
v 0.23153538 0.112206385 0.11760365
v 0.2503027 0.124990545 0.11864003
v 0.24951653 0.11238015 0.11769809
v 0.16019085 0.1255216 0.11941003
v 0.1599086 0.11267642 0.11768783
v 0.23253658 0.1386909 0.11977555
v 0.25104174 0.13785787 0.11559714
v 0.268506 0.124933556 0.11691261
v 0.2665675 0.112152055 0.1174845
v 0.2888542 0.12545778 0.11831307
v 0.28555867 0.11278027 0.117656015
v 0.30899736 0.1147384 0.11804264
v 0.31051853 0.12704742 0.116883285
v 0.2896542 0.13850781 0.11578762
v 0.32189903 0.12920834 0.11911333
v 0.32327 0.115940824 0.11830634
v 0.3217257 0.14312969 0.11873582
v 0.33605948 0.14559807 0.11864797
v 0.33584604 0.13100879 0.11928683
v 0.3366247 0.16072011 0.11505434
v 0.32590967 0.15866768 0.11538064
v 0.3212564 0.17489332 0.111599445
v 0.33760187 0.17696153 0.11111247
v 0.31229812 0.17313138 0.11131606
v 0.32011452 0.19191106 0.10434575
v 0.33704975 0.19174214 0.10467411
v 0.30266055 0.19350877 0.10350626
v 0.30797228 0.15305305 0.1133155
v 0.3135034 0.16799572 0.11320446
v 0.2899227 0.15095954 0.115535595
v 0.2894135 0.16208844 0.11160677
v 0.30809832 0.17098002 0.10885777
v 0.28865275 0.173236 0.1100574
v 0.30761173 0.17487614 0.10896055
v 0.27074084 0.16224542 0.11164467
v 0.27056023 0.15156603 0.118315004
v 0.27021113 0.17412406 0.10981923
v 0.34844527 0.14729041 0.11873544
v 0.34805533 0.13261995 0.11939344
v 0.35053748 0.1620553 0.11400602
v 0.3078235 0.13972485 0.11518665
v 0.16266134 0.18017471 0.11010422
v 0.14531302 0.179765 0.1106597
v 0.1805571 0.17954387 0.11103086
v 0.19779673 0.16609678 0.11095692
v 0.21480042 0.13856766 0.11583025
v 0.16026427 0.13909377 0.11562738
v 0.12604064 0.12593946 0.11921303
v 0.1098899 0.12548555 0.11742284
v 0.1425185 0.12600052 0.118296206
v 0.09488787 0.13851887 0.1197165
v 0.1295917 0.16570549 0.11053895
v 0.08291246 0.16273677 0.111760914
v 0.08380189 0.1493276 0.11603451
v 0.08045022 0.20184873 0.098564245
v 0.0047470317 0.18925329 0.10576236
v -0.00053613796 0.17597488 0.11118307
v -0.0131989885 0.18946043 0.105636984
v 0.02342419 0.23240966 0.07246736
v 0.0049013603 0.20184726 0.0985128
v 0.04257221 0.2230348 0.081150696
v -0.13301109 0.20222993 0.098553926
v -0.14931539 0.23443772 0.06884721
v -0.13289544 0.2340996 0.06933132
v -0.16701886 0.22565964 0.074674286
v -0.18232687 0.2244679 0.0748801
v -0.08410919 0.2178351 0.08052084
v -0.19971117 0.20154876 0.09917119
v -0.15160191 0.18780681 0.10646961
v -0.15454407 0.15473357 0.119130135
v -0.15314072 0.14374268 0.119942
v -0.185545 0.13594769 0.116874725
v -0.13226564 0.24152029 0.05766909
v -0.14868416 0.24196124 0.05697103
v -0.19996665 0.18617359 0.10784605
v -0.20037287 0.13715588 0.11984844
v -0.21574804 0.13830964 0.116181456
v -0.23184115 0.14141735 0.11864697
v -0.26547083 0.16052538 0.1131196
v -0.23295958 0.19064268 0.10603916
v -0.26562268 0.22967285 0.07575478
v 0.1473568 0.192626 0.105092935
v 0.16402116 0.19287568 0.10505833
v 0.16524531 0.20224547 0.09596681
v 0.18143499 0.20176902 0.096675634
v 0.18197447 0.20846725 0.08355971
v 0.16637683 0.20962933 0.082335114
v 0.19831921 0.20334643 0.09834464
v 0.19866677 0.2066077 0.08551131
v 0.21653438 0.20486581 0.08718502
v 0.21639404 0.20164508 0.09918145
v 0.23445185 0.20485565 0.089260526
v 0.23451005 0.19968823 0.10046814
v 0.25126022 0.20404434 0.090827584
v 0.251614 0.1981454 0.10187049
v 0.23425446 0.18918242 0.106649816
v 0.25171787 0.18685678 0.107100524
v 0.25205746 0.17584595 0.110666834
v 0.23399872 0.17722829 0.110014714
v 0.21601535 0.17857037 0.10960792
v 0.23374222 0.16436341 0.11137182
v 0.21552487 0.16529028 0.11126814
v 0.23433043 0.213267 0.07861444
v 0.21638398 0.21481201 0.07676632
v 0.23695697 0.22262314 0.072708435
v 0.21624464 0.22622481 0.07574888
v 0.23520716 0.22576293 0.07600399
v 0.1973145 0.22844693 0.076689824
v 0.26839867 0.19684774 0.101982616
v 0.2676576 0.20377947 0.09166597
v 0.26942083 0.18525766 0.10728416
v 0.21633296 0.19100073 0.10598151
v 0.19822146 0.19192924 0.105473265
v 0.2506609 0.2124968 0.07955044
v 0.25021353 0.22199547 0.07330898
v 0.19829762 0.21695818 0.07538071
v -0.16607188 0.2351231 0.06764203
v -0.18198279 0.23531741 0.067063525
v -0.16547567 0.2423585 0.056312088
v 0.33598128 0.116760604 0.11843352
v 0.34893957 0.11811774 0.11832909
v 0.020596633 0.16002661 0.112748876
v 0.035820257 0.16203429 0.11175919
v 0.0042956676 0.16494678 0.11099216
v -0.012933606 0.17608343 0.111220695
v -0.28239897 0.17658357 0.109427124
v -0.06881135 0.23190555 0.07297789
v -0.051518347 0.23235562 0.07264334
v -0.033072308 0.23237954 0.07266756
v 0.04255749 0.23237821 0.07238445
v -0.03339568 0.22217038 0.08164826
v -0.18201452 0.24255714 0.055993695
v -0.33060375 0.11928876 0.119734526
v -0.05021492 0.17597955 0.111110434
v -0.031275265 0.1758627 0.111052416
v -0.03190674 0.18992709 0.105436556
v -0.31413057 0.11788175 0.11927866
v -0.29747438 0.11655357 0.1189078
v -0.2819382 0.14692503 0.120216526
v 0.30597958 0.18076167 0.109266415
v -0.3567315 0.18176195 0.10431973
v 0.14890637 0.20279263 0.09635716
v 0.035883058 0.1494063 0.11604496
v 0.021004563 0.1516435 0.119733505
v 0.020660613 0.13802502 0.119778946
v 0.036474947 0.13689035 0.116407715
v 0.053282823 0.14947797 0.11686855
v 0.05476815 0.136828 0.117893755
v 0.037146688 0.12488332 0.11866175
v 0.054876048 0.12485966 0.1188988
v 0.037879568 0.1125688 0.11772866
v 0.05445275 0.11241466 0.117680505
v 0.07302949 0.113132484 0.11778304
v 0.074242 0.12551413 0.118945315
v 0.021052172 0.12515384 0.117201716
v 0.021037027 0.11256344 0.11773447
v 0.003287388 0.13870238 0.11563708
v 0.3179224 0.20512746 0.09756253
v 0.33535847 0.20529093 0.09789765
v 0.29981342 0.20594442 0.09678417
v 0.28190163 0.20687428 0.095461704
v 0.29758137 0.21673104 0.08789482
v 0.3161306 0.21647932 0.088472806
v 0.2807147 0.21446282 0.08390208
v 0.3528711 0.17656824 0.10979714
v -0.013183463 0.16674423 0.11043199
v 0.35172155 0.20455013 0.095492475
v 0.31554666 0.22734725 0.07932778
v 0.29736748 0.22695518 0.079251245
v 0.29879266 0.23532236 0.068488136
v 0.3159214 0.23581958 0.06835801
v 0.3003414 0.24302638 0.056539245
v 0.31678993 0.24339971 0.056437578
v 0.2834824 0.24250197 0.057008
v 0.2814275 0.2343677 0.069510646
v 0.26692358 0.24163088 0.058098286
v 0.2652483 0.23195058 0.07201679
v 0.33180505 0.23610823 0.06826298
v 0.33211604 0.24379885 0.056221884
v 0.34569442 0.23644018 0.06784734
v 0.34513572 0.24444035 0.055535417
v 0.3530656 0.24124208 0.05252114
v 0.35545868 0.23303321 0.06466015
v 0.35870102 0.22349365 0.07509554
v 0.3480144 0.22752997 0.07930474
v 0.363966 0.2135252 0.08448448
v 0.34955364 0.21516517 0.087298036
v 0.33239475 0.22737333 0.079383306
v -0.40369114 0.1476126 0.127608
v 0.14235127 0.11277429 0.117688216
v 0.12608972 0.112777136 0.117692836
v -0.19810571 0.23477334 0.067923605
v 0.27324733 0.22310063 0.07339943
v -0.2815778 0.13072504 0.11939761
v -0.28111166 0.115065545 0.11850767
v -0.2643589 0.11375091 0.118197806
v -0.26497918 0.12927212 0.11672229
v -0.2478505 0.1280154 0.11657134
v -0.24795185 0.112580456 0.11794762
v -0.23206854 0.1115569 0.11771207
v -0.31400463 0.20429584 0.09832283
v -0.2848619 0.213055 0.081672266
v 0.1090048 0.11296221 0.117725395
v 0.091121964 0.113022014 0.11775101
v 0.28483105 0.1955611 0.1024499
v 0.0033438639 0.15162967 0.11407761
v 0.06119334 0.20201021 0.09877268
v -0.1984972 0.24254663 0.055981636
v 0.11312045 0.22579417 0.07871996
v 0.13977876 0.22489312 0.075656146
v 0.14752162 0.22252318 0.07281602
v 0.13570224 0.23349734 0.07066605
v 0.15606134 0.22204223 0.072503105
v 0.15342672 0.2326031 0.071838856
v 0.15849742 0.22262502 0.07272363
v 0.16620255 0.23138775 0.073333226
v 0.16761318 0.22107458 0.07281569
v -0.06661478 0.12562782 0.11789803
v -0.06679725 0.11163124 0.11747836
v -0.050055414 0.12571649 0.11855675
v -0.050667092 0.111702316 0.11750286
v -0.03339356 0.11201012 0.117607705
v -0.032788195 0.12546825 0.11768112
v -0.03207421 0.14054823 0.1173402
v -0.0142351445 0.14004248 0.11952773
v -0.04956267 0.14034338 0.11789247
v -0.049272418 0.15413913 0.1157346
v -0.0294536 0.15901648 0.11255334
v -0.028416846 0.16036387 0.112541795
v -0.014908473 0.12544706 0.119203225
v -0.015882704 0.11230446 0.117658466
v 0.0027769157 0.1252419 0.11739925
v 0.35243645 0.19159837 0.10357768
v 0.35296178 0.18050681 0.10776083
v -0.15077019 0.20099513 0.09887994
v -0.23228092 0.12664473 0.11741281
v -0.24843441 0.14429952 0.11954227
v 0.0025898532 0.112150244 0.11765731
v -0.34570172 0.13722458 0.11941141
v -0.34717596 0.121478155 0.119910695
v 0.11898634 0.220976 0.07516779
v 0.1981593 0.17945604 0.110638246
v 0.13025631 0.1769646 0.111394644
v 0.25013357 0.22927843 0.07626811
v 0.23453546 0.23380604 0.070245355
v 0.26429793 0.22328669 0.073008075
v -0.26538503 0.14506134 0.1171324
v -0.08448562 0.22905521 0.07345703
v 0.3615616 0.17688526 0.10599282
v 0.36625963 0.194169 0.10769994
v 0.3649256 0.20292644 0.09389004
v 0.17957017 0.22270212 0.07276262
v -0.18555246 0.12549788 0.11887831
v -0.20036516 0.12566696 0.11868908
v -0.2004545 0.110880695 0.11746277
v -0.18545699 0.11075188 0.11743564
v -0.1706016 0.109806776 0.117315516
v -0.17023394 0.122203946 0.11909218
v -0.35669327 0.19266345 0.098555915
v 0.23330918 0.15265849 0.119062535
v 0.25157452 0.15085885 0.11439402
v 0.15077765 0.20986308 0.08203812
v 0.21528308 0.15212287 0.114920996
v -0.35696632 0.16834366 0.108647615
v 0.3336329 0.2163707 0.088630125
v -0.19925618 0.21022478 0.08297568
v -0.21616173 0.18866867 0.106809035
v 0.2520209 0.16392373 0.11144627
v 0.048851017 0.15711513 0.112831816
v 0.051011994 0.16038355 0.112501465
v -0.06627764 0.13987716 0.1189764
v -0.21575642 0.12548055 0.118650526
v 0.2698703 0.13809486 0.11871629
v 0.1779326 0.22662027 0.07460899
v 0.1776294 0.2311221 0.07386817
v -0.3782296 0.20710307 0.09719645
v -0.049642593 0.16643918 0.11043995
v -0.030338284 0.16891454 0.10970534
v -0.19835909 0.22346619 0.07429206
v -0.15314001 0.13195316 0.11926085
v -0.15343846 0.12017244 0.11871624
v 0.092498325 0.12585804 0.11873451
v -0.16946538 0.13408305 0.116050296
v -0.2822311 0.16081306 0.1126609
v 0.14140417 0.22295994 0.07326351
v 0.0766378 0.13763116 0.11593199
v 0.1810143 0.19228727 0.105343044
v -0.21621883 0.11118913 0.11757375
v -0.11642259 0.23411913 0.069120176
v -0.08416221 0.23938374 0.060761932
v -0.10213448 0.23917979 0.06103087
v -0.116030425 0.24084798 0.058507822
v -0.10009201 0.23985271 0.059983756
v -0.13593733 0.15157047 0.11495099
v 0.28715438 0.18357638 0.10804968
v -0.33068597 0.20458068 0.098063566
v -0.012805521 0.1549081 0.11611661
v 0.26612914 0.21220225 0.07976281
v -0.3686458 0.20183305 0.103284426
v -0.36688924 0.18753786 0.106285475
v -0.15408617 0.16045481 0.1120921
v -0.13593733 0.15157047 0.11495099
v -0.13608241 0.16203403 0.111833364
v -0.13482606 0.17591473 0.10853038
v -0.14775893 0.16502586 0.11111945
v -0.15160191 0.18780681 0.10646961
v -0.1360701 0.22335316 0.073864505
v -0.11635164 0.22411647 0.07351227
v -0.11642259 0.23411913 0.069120176
v -0.13522507 0.22399253 0.07325775
v -0.13289544 0.2340996 0.06933132
v -0.13226564 0.24152029 0.05766909
v -0.116030425 0.24084798 0.058507822
v -0.028416846 0.16036387 0.112541795
v -0.012805521 0.1549081 0.11611661
v -0.013183463 0.16674423 0.11043199
v -0.030338284 0.16891454 0.10970534
v -0.031275265 0.1758627 0.111052416
v -0.012933606 0.17608343 0.111220695
v -0.0131989885 0.18946043 0.105636984
v -0.03190674 0.18992709 0.105436556
v 0.0047470317 0.18925329 0.10576236
v -0.013307284 0.20180015 0.09860627
v 0.0049013603 0.20184726 0.0985128
v 0.11898634 0.220976 0.07516779
v 0.14140417 0.22295994 0.07326351
v 0.13977876 0.22489312 0.075656146
v 0.30761173 0.17487614 0.10896055
v 0.31229812 0.17313138 0.11131606
v 0.30597958 0.18076167 0.109266415
v 0.3108781 0.17179325 0.11095322
v 0.28715438 0.18357638 0.10804968
v 0.30761173 0.17487614 0.10896055
v 0.30809832 0.17098002 0.10885777
v 0.3091927 0.17078182 0.109763995
v 0.3108781 0.17179325 0.11095322
v -0.28592277 0.20481855 0.09782829
v -0.28501475 0.20397165 0.09630364
v -0.27526525 0.21381205 0.079799116
v -0.2848619 0.213055 0.081672266
v -0.34991202 0.089378804 0.11286197
v -0.33145353 0.08722898 0.11209145
v -0.33114895 0.10323197 0.11705933
v -0.3477122 0.105225384 0.11712892
v -0.36310887 0.09351881 0.10925854
v -0.35956553 0.10851363 0.1120895
v -0.3139838 0.10168167 0.11667206
v -0.31352377 0.085556544 0.11145987
v -0.29673246 0.10031015 0.11640403
v -0.29591614 0.084295094 0.11086821
v -0.28027377 0.09971884 0.11473192
v -0.27977988 0.08421199 0.1077715
v -0.34717596 0.121478155 0.119910695
v -0.35822183 0.12410155 0.11439053
v -0.26398253 0.09837073 0.11504292
v -0.26331016 0.0838827 0.10917024
v -0.24775136 0.09912066 0.11377668
v -0.247849 0.083793506 0.10823554
v -0.24795185 0.112580456 0.11794762
v -0.2643589 0.11375091 0.118197806
v -0.28111166 0.115065545 0.11850767
v -0.23221979 0.09844568 0.11417428
v -0.23199318 0.08416062 0.10850482
v -0.23206854 0.1115569 0.11771207
v -0.33060375 0.11928876 0.119734526
v -0.31413057 0.11788175 0.11927866
v -0.2631465 0.06879964 0.10422676
v -0.27871004 0.068294294 0.10349343
v -0.21611238 0.09860554 0.115616806
v -0.2161575 0.085067004 0.10860969
v -0.21621883 0.11118913 0.11757375
v -0.24719177 0.0690225 0.1045173
v -0.231532 0.069583625 0.10469639
v -0.20056508 0.08515709 0.1082319
v -0.20067886 0.09865914 0.11479168
v -0.18466893 0.085606165 0.10887269
v -0.1855921 0.0987242 0.114886925
v -0.18545699 0.11075188 0.11743564
v -0.1706016 0.109806776 0.117315516
v -0.17107338 0.09868541 0.11494044
v -0.16906393 0.08521068 0.10842106
v -0.16813873 0.07103416 0.10511637
v -0.18423378 0.071145415 0.105369054
v -0.1526085 0.08557658 0.10752171
v -0.15140761 0.07072766 0.10525572
v -0.13546108 0.08463161 0.108959876
v -0.13468377 0.07066255 0.104828544
v -0.117872305 0.08181071 0.10921048
v -0.11725951 0.06920209 0.10378415
v -0.099750884 0.07838507 0.10935918
v -0.10024669 0.06676029 0.10214233
v -0.11851168 0.09844506 0.11472827
v -0.10069425 0.09164445 0.108257495
v -0.08358743 0.08947489 0.1076759
v -0.08317966 0.07740374 0.108716995
v -0.08387287 0.098706216 0.11484688
v -0.10100652 0.09872089 0.11486002
v -0.066608876 0.0894509 0.107615046
v -0.06669158 0.0771243 0.10826719
v -0.06671413 0.09876306 0.11495432
v -0.100718044 0.11398198 0.11788587
v -0.0837448 0.11234164 0.11761742
v -0.11855388 0.106091365 0.11662244
v -0.118556336 0.11679877 0.11837505
v -0.16000758 0.098691 0.11552327
v -0.1548289 0.10872907 0.11705725
v -0.1999423 0.0706142 0.10501267
v -0.2004545 0.110880695 0.11746277
v -0.06679725 0.11163124 0.11747836
v -0.083397985 0.065029375 0.100849845
v -0.06648951 0.065059885 0.100602835
v -0.050506514 0.08876686 0.10750911
v -0.050132155 0.07650187 0.107031815
v -0.050396647 0.09875105 0.11495433
v -0.03418236 0.087275505 0.109466
v -0.033409357 0.075310476 0.10585889
v -0.03216732 0.06453384 0.099317096
v -0.016368449 0.0748025 0.10551208
v -0.017995812 0.08627851 0.11069336
v -0.01590368 0.06497349 0.09910942
v -0.29747438 0.11655357 0.1189078
v -0.034369245 0.09843953 0.11509661
v -0.017815437 0.09888656 0.11547558
v -0.015882704 0.11230446 0.117658466
v -0.03339356 0.11201012 0.117607705
v 0.0016131067 0.08681589 0.110930085
v 0.0022347227 0.09967154 0.11558033
v 0.019984879 0.08715013 0.11104543
v 0.020755358 0.09967862 0.11549323
v 0.03866465 0.099511966 0.115594625
v 0.037828047 0.087718494 0.11099187
v 0.018831767 0.07520339 0.10566754
v 0.036447827 0.07574185 0.10652775
v 0.0025898532 0.112150244 0.11765731
v 0.054271188 0.09962101 0.11488387
v 0.05392598 0.08922766 0.107763804
v 0.07189756 0.10166745 0.113654
v 0.071439 0.08961339 0.10768728
v 0.09008448 0.09015757 0.107981496
v 0.09040643 0.10107589 0.11449906
v 0.10846368 0.101826265 0.114099085
v 0.10813296 0.09036435 0.10781201
v 0.10768043 0.078364804 0.107744135
v 0.1245467 0.091263115 0.1079652
v 0.12455466 0.07879537 0.107524835
v 0.14221366 0.09115519 0.10668993
v 0.14147063 0.07870509 0.10974438
v 0.14247759 0.10071118 0.11457119
v 0.15984 0.09049393 0.10606135
v 0.15931399 0.07831548 0.109672435
v 0.15975058 0.099985436 0.115538746
v 0.12470986 0.067921594 0.101874344
v 0.107558765 0.06795697 0.10197429
v 0.09014006 0.06746301 0.102339186
v 0.09059988 0.057752937 0.0933982
v 0.10840051 0.05836849 0.0942378
v 0.09105385 0.047382712 0.086311504
v 0.10906923 0.049092546 0.087281734
v 0.07161174 0.056802593 0.09205041
v 0.07174758 0.04518331 0.0851907
v 0.051866602 0.055483595 0.09038651
v 0.05129563 0.041546606 0.08224056
v 0.052870553 0.065485016 0.100686125
v 0.05206608 0.0325836 0.072691776
v 0.03209834 0.030483037 0.069516405
v 0.029201286 0.042537548 0.08298389
v 0.015247903 0.049949355 0.077631146
v 0.012684544 0.03690411 0.078240916
v -0.0016742584 0.037042335 0.07841775
v -0.00020784933 0.05058562 0.07724912
v 0.015954921 0.056715623 0.08875251
v 0.032874107 0.054889485 0.08980697
v 0.07203326 0.03506378 0.075877845
v 0.09094769 0.037118003 0.07802299
v 0.07164129 0.06669921 0.10160867
v 0.124570616 0.05934412 0.09410306
v 0.12304157 0.05516962 0.082534984
v 0.139204 0.06229835 0.0935208
v 0.13779287 0.054421872 0.08155232
v 0.15399882 0.053967275 0.081028275
v 0.15557313 0.0626703 0.09234841
v 0.15811285 0.06768411 0.103171
v 0.14874299 0.040776387 0.07403556
v 0.16534218 0.040622376 0.073954016
v 0.15203111 0.040559493 0.07366821
v 0.15848812 0.040828392 0.073339924
v 0.15537639 0.030526683 0.06934166
v 0.13966645 0.031287648 0.070306435
v 0.17664355 0.066536225 0.10235984
v 0.1754546 0.061817966 0.09277431
v 0.19541506 0.060791634 0.09219102
v 0.19521603 0.066077046 0.102082945
v 0.21331127 0.0661995 0.10224239
v 0.21338733 0.06115721 0.09228677
v 0.21332629 0.054687664 0.081878066
v 0.19619732 0.053911835 0.081029944
v 0.19757773 0.040592857 0.07385888
v 0.21295936 0.045325793 0.074318826
v 0.213021 0.033528626 0.07251071
v 0.19729246 0.031120539 0.070486575
v 0.22486934 0.03764093 0.074677
v 0.23081261 0.047853567 0.07423483
v 0.24314323 0.040714078 0.07424614
v 0.23141114 0.055142656 0.082447395
v 0.25003937 0.052642003 0.07970413
v 0.23157129 0.062518746 0.09220403
v 0.23124783 0.06589105 0.10214637
v 0.2131718 0.07741772 0.10844492
v 0.23090641 0.07690702 0.108209044
v 0.2484404 0.07638216 0.10800827
v 0.24881482 0.065243095 0.10164347
v 0.24857222 0.0883483 0.107413046
v 0.2651186 0.08741389 0.107900545
v 0.2657362 0.07607819 0.10744204
v 0.2809103 0.08727211 0.1102465
v 0.2822677 0.075476214 0.10587698
v 0.28275967 0.06353069 0.099746555
v 0.24870522 0.09976745 0.11361721
v 0.2647345 0.09971386 0.11324665
v 0.24951653 0.11238015 0.11769809
v 0.2665675 0.112152055 0.1174845
v 0.3002125 0.063030206 0.098924816
v 0.300397 0.07526566 0.10610497
v 0.3005429 0.0512458 0.08996344
v 0.2821307 0.05250331 0.09020958
v 0.26806363 0.059466965 0.08791443
v 0.28523025 0.04124265 0.0803603
v 0.27068058 0.04838214 0.075503826
v 0.27179182 0.031699546 0.07097551
v 0.28814915 0.030226655 0.06933276
v 0.25800878 0.035522364 0.07411187
v 0.30273667 0.03913553 0.080482624
v 0.3054134 0.029464982 0.06855564
v 0.27645484 0.09757212 0.11462329
v 0.28555867 0.11278027 0.117656015
v 0.23117994 0.10031919 0.11338382
v 0.23153538 0.112206385 0.11760365
v 0.26632768 0.06476123 0.100926034
v 0.31835553 0.062920004 0.098997064
v 0.3184646 0.075295 0.10654962
v 0.3189383 0.050760247 0.08970984
v 0.23097768 0.08907189 0.10678598
v 0.21317913 0.08870764 0.105420835
v 0.2140245 0.11259856 0.11767112
v 0.17460331 0.053294316 0.080369934
v 0.13781726 0.043415412 0.073553145
v 0.12085649 0.047501102 0.0750165
v 0.3361167 0.06286123 0.099018045
v 0.33568698 0.07562314 0.106640264
v 0.33661124 0.050607353 0.08966395
v 0.19530338 0.07756804 0.10856694
v 0.19568783 0.089528844 0.10525348
v 0.21337068 0.10027397 0.11400541
v 0.35186934 0.07585475 0.10631439
v 0.35205728 0.06343014 0.09777614
v 0.33554578 0.08900893 0.112039424
v 0.31922662 0.08856042 0.11196226
v 0.350015 0.09007663 0.110105306
v 0.33578947 0.10262977 0.11630222
v 0.35028487 0.10354538 0.1163855
v 0.3607085 0.091374576 0.107178666
v 0.35975966 0.105629556 0.110921234
v 0.3578464 0.120112866 0.113484465
v 0.34893957 0.11811774 0.11832909
v 0.33598128 0.116760604 0.11843352
v 0.36127773 0.078219816 0.102456
v 0.36570892 0.06440341 0.09641504
v 0.35233897 0.051473692 0.08864114
v 0.337431 0.03860385 0.07998584
v 0.35180625 0.040320955 0.07848842
v 0.33875725 0.02878847 0.06800617
v 0.35137877 0.03170248 0.06740437
v 0.35994428 0.031746976 0.07003439
v 0.36229566 0.042671055 0.07646829
v 0.16972941 0.04085911 0.07382703
v 0.091121964 0.113022014 0.11775101
v 0.07302949 0.113132484 0.11778304
v 0.1090048 0.11296221 0.117725395
v 0.089887515 0.078246444 0.10905082
v 0.07155624 0.077286765 0.108460575
v 0.037879568 0.1125688 0.11772866
v 0.053609166 0.07651056 0.107687525
v 0.30899736 0.1147384 0.11804264
v 0.30327052 0.101122364 0.11604561
v 0.32327 0.115940824 0.11830634
v 0.1599086 0.11267642 0.11768783
v 0.14235127 0.11277429 0.117688216
v 0.12608972 0.112777136 0.117692836
v 0.17768607 0.10013895 0.114089675
v 0.17781542 0.112675846 0.11768748
v 0.17737338 0.07808605 0.10876095
v 0.0012427509 0.07475829 0.10549021
v 0.021037027 0.11256344 0.11773447
v 0.0006686894 0.064399876 0.0992754
v 0.14028844 0.06825888 0.10363186
v 0.05445275 0.11241466 0.117680505
v 0.12561849 0.10004192 0.11550705
v -0.21571925 0.07006559 0.10499687
v -0.17023394 0.122203946 0.11909218
v -0.15343846 0.12017244 0.11871624
v -0.13637924 0.10767211 0.116824985
v 0.10921219 0.03935823 0.080381505
v -0.050667092 0.111702316 0.11750286
v -0.049173303 0.06445988 0.10025446
v 0.30083436 0.087984815 0.11155344
v 0.36449346 0.0532448 0.08675699
v 0.034819715 0.064406075 0.09996089
v 0.3210169 0.101998515 0.116352215
v 0.19576898 0.100575246 0.113770574
v 0.1960453 0.11250605 0.11764053
v 0.122487426 0.041430347 0.07379519
v 0.32046098 0.038594477 0.08013538
v 0.32257062 0.029019669 0.06823082
v 0.18690349 0.04040032 0.07443839
v -0.13629033 0.11911343 0.118617535
v 0.017051445 0.06431184 0.099725515
v 0.17764744 0.089506656 0.10465913
v 0.25009826 0.061414957 0.09086852
v -0.1360522 0.09872837 0.115463585
v 0.16534218 0.040622376 0.073954016
v 0.15203111 0.040559493 0.07366821
v 0.15537639 0.030526683 0.06934166
v 0.15848812 0.040828392 0.073339924
v 0.1768605 0.030609123 0.069569744
v 0.19729246 0.031120539 0.070486575
v 0.19757773 0.040592857 0.07385888
v 0.18690349 0.04040032 0.07443839
v -0.48864415 0.11128468 0.068246864
v -0.49971086 0.115129545 0.061649483
v -0.5004778 0.1082451 0.055555783
v -0.49086687 0.10037668 0.06364724
v -0.49789956 0.12579456 0.06722266
v -0.48567986 0.12317184 0.07217392
v -0.48974523 0.13873363 0.07109828
v -0.49105126 0.14258626 0.07014466
v -0.4806322 0.15386344 0.07599154
v -0.48083588 0.14409652 0.07797193
v -0.47968334 0.09300563 0.06977737
v -0.4781383 0.10506961 0.07704682
v -0.46840176 0.08411668 0.07894639
v -0.4668528 0.098091386 0.087230094
v -0.46487615 0.113639 0.09366559
v -0.45414612 0.10917039 0.10356956
v -0.4564913 0.090938285 0.09623706
v -0.44417587 0.08470355 0.100765154
v -0.4411743 0.102582425 0.10836656
v -0.4288997 0.09540558 0.11003281
v -0.43095848 0.07895942 0.103249036
v -0.41746488 0.075195745 0.10227447
v -0.41616616 0.09044847 0.109478965
v -0.41522565 0.105998546 0.11512794
v -0.42577866 0.11029172 0.11405403
v -0.40513974 0.101383284 0.1193373
v -0.40752095 0.08449617 0.115383685
v -0.4046618 0.11790662 0.12249745
v -0.41465756 0.120189354 0.11835779
v -0.41445073 0.13358139 0.11904042
v -0.4059802 0.13218096 0.12726969
v -0.39295474 0.1303611 0.12849876
v -0.39265418 0.11620854 0.12143155
v -0.40369114 0.1476126 0.127608
v -0.4128486 0.14641082 0.11793856
v -0.41198164 0.0693693 0.10799977
v -0.45179784 0.13146861 0.10675573
v -0.46288317 0.13014156 0.097390085
v -0.41054285 0.15831384 0.11931679
v -0.41076294 0.15717675 0.12019607
v -0.42578512 0.13397512 0.11522292
v -0.426322 0.14802822 0.113776535
v -0.46184462 0.1461702 0.097665526
v -0.45111358 0.1478832 0.10604682
v -0.50041044 0.101515345 0.05269216
v -0.49232674 0.08948905 0.057877652
v -0.3934753 0.14751533 0.1280888
v -0.44039446 0.12608084 0.11130459
v -0.46931338 0.071263984 0.06885123
v -0.4578158 0.0756744 0.0867309
v -0.45865676 0.061766744 0.07554917
v -0.4380657 0.119938634 0.1122415
v -0.414462 0.16252151 0.114376396
v -0.4089636 0.15951277 0.11913609
v -0.40331054 0.18690999 0.109935634
v -0.48052588 0.08161467 0.061402287
v -0.43860438 0.14823428 0.1107692
v -0.43857786 0.16539305 0.107277
v -0.48073032 0.16557533 0.07160029
v -0.49025205 0.158345 0.06421309
v -0.48865387 0.16980505 0.05838939
v -0.48032314 0.17734788 0.065806486
v -0.47012976 0.18520927 0.07415458
v -0.4705871 0.17174788 0.080919914
v -0.46000448 0.1925701 0.08158348
v -0.46067223 0.17718866 0.089754954
v -0.49992844 0.15075813 0.058905926
v -0.50051916 0.1377642 0.05854347
v -0.4997874 0.16342269 0.055672362
v -0.46962148 0.19746625 0.06448242
v -0.47105703 0.15813753 0.085563034
v -0.4611687 0.16170228 0.09506914
v -0.4486652 0.1983825 0.08710391
v -0.44748318 0.21394551 0.075031675
v -0.4797994 0.18846504 0.058005568
v -0.4594108 0.20651683 0.07079942
v -0.43274882 0.21923286 0.07681259
v -0.43485788 0.20234142 0.08986331
v -0.47356817 0.1313016 0.0866786
v -0.47596818 0.11806868 0.08288169
v -0.41719812 0.22212043 0.07548285
v -0.4196774 0.20486635 0.090357296
v -0.43718138 0.18420482 0.10048322
v -0.42373782 0.18550047 0.10219566
v -0.41186693 0.23039411 0.077973984
v -0.4117931 0.21169013 0.094768904
v -0.41202235 0.24477148 0.05885566
v -0.40600175 0.2441405 0.05939708
v -0.45091268 0.16451216 0.10287906
v -0.41314352 0.1865479 0.10581984
v -0.44999182 0.18165384 0.09655455
v -0.4864696 0.1807066 0.05187861
v -0.49991015 0.17290363 0.048282642
v -0.4718936 0.14462136 0.08752638
v -0.4589962 0.21840346 0.057388574
v -0.46948504 0.2080885 0.05279812
v -0.4994212 0.1826371 0.039234728
v -0.48955128 0.18946695 0.042882893
v -0.48005426 0.19774148 0.04761229
v -0.42543 0.12247343 0.11558778
v -0.43898425 0.12981369 0.11217034
v -0.482136 0.13466467 0.076978326
v -0.4263524 0.16462049 0.1099011
v -0.41054285 0.15831384 0.11931679
v -0.41076294 0.15717675 0.12019607
v -0.40369114 0.1476126 0.127608
v -0.489187 0.18971735 -0.039313514
v -0.48782215 0.18623173 -0.042635765
v -0.48797244 0.18454197 -0.04673274
v -0.2666091 0.21844628 -0.07212698
v -0.26653704 0.24234092 -0.058843028
v -0.26417977 0.22816639 -0.07705479
v -0.26619843 0.22103512 -0.073666275
v -0.2666091 0.21844628 -0.07212698
v -0.26417977 0.22816639 -0.07705479
v -0.24924201 0.23427981 -0.070674114
v 0.44051015 0.12889111 -0.11081337
v 0.45440757 0.11950922 -0.10454893
v 0.44749647 0.11511375 -0.10744792
v 0.44146863 0.12079334 -0.10952297
v 0.44051015 0.12889111 -0.11081337
v 0.44146863 0.12079334 -0.10952297
v 0.44749647 0.11511375 -0.10744792
v -0.36584517 0.2483724 -0.029897138
v -0.36600304 0.2474508 -0.030132446
v -0.35882938 0.2449432 -0.03961508
v 0.26762468 0.010910809 -0.03413057
v 0.27830738 0.010833807 -0.03534643
v 0.27845773 0.0074204206 -0.02297403
v 0.26794133 0.011355348 -0.03370548
v 0.26762468 0.010910809 -0.03413057
v 0.27830738 0.010833807 -0.03534643
v 0.26794133 0.011355348 -0.03370548
v -0.35947993 0.012152746 -0.017106038
v -0.34950182 0.005106181 -0.0058479006
v -0.35959336 0.011532828 -0.004194872
v -0.3491689 0.006199375 -0.019992925
v -0.33369184 0.0065802783 -0.021016534
v -0.33419606 0.004862562 -0.0071982383
v -0.36134368 0.011960834 0.008853481
v -0.35094813 0.0050077885 0.007841943
v -0.3332569 0.011032455 -0.034431927
v -0.3181889 0.0069649965 -0.02160417
v -0.3185627 0.0049351007 -0.008118675
v -0.34773985 0.012119599 -0.03310055
v -0.35928592 0.01583431 -0.030857949
v -0.31769413 0.011166088 -0.035064682
v -0.30241573 0.005050972 -0.0090165315
v -0.30207002 0.0071303844 -0.022287628
v -0.2849046 0.0075204372 -0.022889335
v -0.28520203 0.005049318 -0.009835806
v -0.26712593 0.0050840974 -0.010753221
v -0.26705655 0.007815406 -0.023778532
v -0.24984457 0.0051262677 -0.01170162
v -0.2497519 0.008121237 -0.024605948
v -0.24931622 0.011750296 -0.037530616
v -0.23119363 0.012026757 -0.037749104
v -0.23075768 0.016933464 -0.05071498
v -0.2488861 0.016871035 -0.050560474
v -0.21221341 0.016827457 -0.05035142
v -0.21281002 0.011969186 -0.037863072
v -0.2116408 0.02349566 -0.061689686
v -0.19330285 0.023226894 -0.061233286
v -0.19242766 0.030677363 -0.072114505
v -0.21089752 0.031073883 -0.072653465
v -0.20996447 0.042693958 -0.07614124
v -0.19219115 0.040781327 -0.07422527
v -0.19159327 0.052142948 -0.079522304
v -0.20915473 0.053449497 -0.08088654
v -0.22860458 0.045273386 -0.07381515
v -0.22783047 0.054545745 -0.08203601
v -0.22654341 0.059629522 -0.09384367
v -0.20863995 0.060544327 -0.09181544
v -0.20792638 0.06682711 -0.10185456
v -0.2254531 0.06796638 -0.102561794
v -0.19040701 0.06509725 -0.101031385
v -0.24659467 0.045253657 -0.07396782
v -0.24542065 0.055384748 -0.08287453
v -0.26322246 0.04615525 -0.07473952
v -0.2623006 0.05579661 -0.08336883
v -0.20706521 0.07782216 -0.10875516
v -0.18981446 0.07655817 -0.10710328
v -0.18935256 0.08817359 -0.10511094
v -0.20635717 0.08884175 -0.10574881
v -0.17205516 0.087645516 -0.10596713
v -0.17188689 0.09768622 -0.11179701
v -0.18846145 0.098527685 -0.11135523
v -0.17267543 0.07568367 -0.10746407
v -0.17308828 0.06454419 -0.100704655
v -0.17187008 0.10895189 -0.11665366
v -0.18758371 0.108964436 -0.11670053
v -0.22449338 0.07893234 -0.10885046
v -0.22340347 0.09002764 -0.10664092
v -0.15643032 0.09755593 -0.11153183
v -0.15600316 0.08711676 -0.10582538
v -0.15654445 0.10881667 -0.11660991
v -0.22946942 0.03233376 -0.074227415
v -0.1747625 0.030371584 -0.071538314
v -0.17556192 0.022888802 -0.060734544
v -0.1736722 0.051667035 -0.079062074
v -0.26649424 0.016393155 -0.04980539
v -0.24831858 0.024667084 -0.06355127
v -0.26568457 0.02406358 -0.062619545
v -0.2836122 0.01615265 -0.04898465
v -0.28233138 0.023483485 -0.06149941
v -0.26421604 0.032489464 -0.07442731
v -0.2805029 0.03181068 -0.07324289
v -0.2844757 0.011163406 -0.036005303
v -0.3005523 0.016101845 -0.04867067
v -0.24428003 0.062087707 -0.09471639
v -0.26126903 0.061068453 -0.0955384
v -0.27840462 0.054169275 -0.08649928
v -0.2800768 0.04440625 -0.077020735
v -0.19422536 0.016479187 -0.049833916
v -0.19505112 0.012074865 -0.037518717
v -0.29512718 0.04058426 -0.081927165
v -0.2935902 0.05069112 -0.09033745
v -0.31362608 0.040396735 -0.08181162
v -0.31232855 0.051091097 -0.0906967
v -0.29350895 0.06095562 -0.0981423
v -0.31151104 0.061701022 -0.09865889
v -0.293686 0.07230942 -0.1040495
v -0.3109593 0.07348499 -0.10466492
v -0.3291182 0.06240558 -0.09937108
v -0.3280158 0.07470535 -0.105214655
v -0.34645313 0.06340064 -0.09977641
v -0.34394053 0.075893834 -0.10584454
v -0.35819355 0.06741218 -0.096227825
v -0.35419178 0.079043984 -0.10324771
v -0.33055735 0.051589392 -0.09108854
v -0.29737994 0.031158648 -0.07233197
v -0.31508976 0.030787386 -0.07205151
v -0.15742517 0.030097164 -0.071261875
v -0.1584359 0.022612572 -0.060318287
v -0.3430075 0.08867517 -0.1111876
v -0.32720926 0.08741064 -0.110665984
v -0.35549164 0.09159544 -0.107952006
v -0.27721316 0.07113063 -0.10319036
v -0.2769815 0.08351375 -0.10645205
v -0.2934304 0.08459777 -0.10946724
v -0.27838108 0.096513584 -0.11120892
v -0.29319006 0.096922696 -0.11432525
v -0.25972837 0.094350375 -0.10865303
v -0.2586643 0.10467022 -0.115984924
v -0.23954837 0.1011047 -0.11515644
v -0.24126744 0.092091545 -0.10747737
v -0.15659648 0.039163657 -0.07680124
v -0.14006133 0.029723808 -0.07061459
v -0.14120518 0.022223644 -0.059824537
v -0.13911012 0.039490074 -0.0734836
v -0.36548957 0.056722447 -0.08860637
v -0.2602274 0.08157079 -0.10749761
v -0.22202027 0.09927742 -0.11419464
v -0.17401344 0.040341593 -0.07609935
v -0.23162286 0.008223996 -0.02485564
v -0.23222825 0.0050890744 -0.0121397665
v -0.2134201 0.00817062 -0.024571607
v -0.27679664 0.106694154 -0.11638937
v -0.2934787 0.10983178 -0.11675594
v -0.26687065 0.0117227435 -0.036928255
v -0.31708166 0.015877068 -0.048526764
v -0.3330464 0.015745007 -0.04806173
v -0.31625888 0.02281592 -0.060536735
v -0.3330307 0.022725053 -0.060436524
v -0.34950298 0.022915117 -0.06012257
v -0.30145243 0.0110325515 -0.035642147
v -0.21399833 0.0052544624 -0.012269742
v -0.17654996 0.016066752 -0.04879662
v -0.1775967 0.011609569 -0.037225198
v -0.33188507 0.040640786 -0.08202392
v -0.13879819 0.051037148 -0.07836915
v -0.1562056 0.05109679 -0.0784746
v -0.11919872 0.038985148 -0.07318933
v -0.12090838 0.051673338 -0.07903867
v -0.13916314 0.06002523 -0.08959958
v -0.15613295 0.06158211 -0.08932686
v -0.13967115 0.06461492 -0.100840054
v -0.15611853 0.06449866 -0.10076878
v -0.13976163 0.07581197 -0.10691961
v -0.12283927 0.06502817 -0.101406455
v -0.12324395 0.07579428 -0.10774015
v -0.12328764 0.08848579 -0.105720915
v -0.13955367 0.087860525 -0.106459334
v -0.10805064 0.08885513 -0.10637717
v -0.10757714 0.076483734 -0.108128056
v -0.10708597 0.06564861 -0.10178025
v -0.12503089 0.0992447 -0.113003105
v -0.17353085 0.060404584 -0.08967067
v -0.122126445 0.029148854 -0.0698888
v -0.12423336 0.02184137 -0.059257414
v -0.14225328 0.015813045 -0.04785207
v -0.12545316 0.015594073 -0.04758869
v -0.14309707 0.0110245645 -0.03573869
v -0.12647118 0.011058107 -0.03552731
v -0.14390163 0.007885337 -0.02376729
v -0.12735437 0.007867523 -0.023679731
v -0.12813869 0.005355701 -0.012250564
v -0.14466718 0.0052465796 -0.01216678
v -0.16196418 0.005375147 -0.012363189
v -0.11179012 0.0053146333 -0.012475186
v -0.110989265 0.007888809 -0.023712892
v -0.09548064 0.0051994324 -0.012780465
v -0.0947122 0.007870361 -0.023800714
v -0.07813293 0.007967584 -0.02415042
v -0.078770295 0.0055072308 -0.013090536
v -0.061593313 0.008049116 -0.024317708
v -0.062316295 0.005261883 -0.013348862
v -0.044909663 0.0080703795 -0.024452671
v -0.045453604 0.005278006 -0.013391983
v -0.06090176 0.011318371 -0.03544983
v -0.04442175 0.011132434 -0.035368595
v -0.04401503 0.015607856 -0.047320396
v -0.060190223 0.015547678 -0.04735136
v -0.059501585 0.021772183 -0.059425198
v -0.043509908 0.021704681 -0.059385125
v -0.042659108 0.029496767 -0.07072599
v -0.058847714 0.029691711 -0.07096192
v -0.026833184 0.028716661 -0.06962536
v -0.026799219 0.040858068 -0.07285398
v -0.010165385 0.04329636 -0.07377022
v -0.010462585 0.028515711 -0.06936475
v -0.010437692 0.052385285 -0.079751424
v -0.026904654 0.05293998 -0.08035423
v 0.0065480205 0.051758245 -0.07914007
v -0.010715999 0.06181635 -0.092987165
v -0.02639213 0.060509764 -0.09386201
v -0.041945294 0.058006965 -0.09544463
v -0.04129946 0.0491025 -0.086712174
v -0.057743087 0.0488576 -0.08538234
v -0.05827388 0.058039248 -0.09525911
v -0.07260098 0.047551706 -0.08524514
v -0.07546092 0.05787337 -0.095003285
v -0.058799695 0.068761736 -0.10375454
v -0.042841293 0.06902808 -0.10386716
v -0.075188644 0.06791499 -0.10325122
v -0.011844714 0.06992787 -0.10298998
v 0.0054534087 0.069926314 -0.10298906
v 0.005570997 0.083390616 -0.10901925
v -0.012975991 0.08319001 -0.10898309
v 0.023761608 0.0842558 -0.109421045
v 0.022952333 0.07076356 -0.10338815
v 0.021740947 0.058366865 -0.09606704
v 0.040163875 0.07244172 -0.104782596
v 0.040828265 0.08523776 -0.11010382
v 0.039540946 0.06037721 -0.09736555
v 0.005656414 0.097178176 -0.11455969
v -0.012997613 0.09670945 -0.1142997
v 0.023801047 0.09781869 -0.11444997
v 0.0053685643 0.05957944 -0.0940836
v -0.075644106 0.021742605 -0.05939393
v -0.075198784 0.029540427 -0.07076212
v -0.058062237 0.038034342 -0.08113887
v -0.07536706 0.03744378 -0.0806945
v -0.091380745 0.028908849 -0.069944784
v -0.09183401 0.02157028 -0.05922347
v -0.09281072 0.015480414 -0.04742246
v -0.027779862 0.015549712 -0.04739335
v -0.028962431 0.0052213073 -0.01340316
v -0.02846157 0.008024029 -0.024397949
v -0.011572096 0.007896394 -0.024102248
v -0.012239814 0.0055377036 -0.0131932935
v 0.0055635534 0.0078819245 -0.024169946
v 0.0051314817 0.0055212826 -0.013058844
v 0.022616511 0.0054947287 -0.013423046
v 0.022844596 0.008003093 -0.024534639
v 0.04038294 0.008148223 -0.025161918
v 0.04002858 0.005616784 -0.013709767
v 0.040577006 0.011696801 -0.03649661
v 0.023064239 0.011343747 -0.035885144
v 0.058493733 0.011636376 -0.037159514
v 0.058373652 0.0083945915 -0.02568689
v 0.040734526 0.015868947 -0.048060533
v 0.05859619 0.016240612 -0.04874272
v 0.05879478 0.022459567 -0.06079549
v 0.04072531 0.021888144 -0.059936315
v 0.04017133 0.029707506 -0.071447425
v 0.05867622 0.03080701 -0.07295592
v 0.058437347 0.040580675 -0.08373647
v 0.039254174 0.03832016 -0.08167541
v 0.021959538 0.035012208 -0.07804982
v 0.03895766 0.050954714 -0.086641066
v 0.05820928 0.052641816 -0.08904714
v 0.07819383 0.0435811 -0.08646553
v 0.078423895 0.03159979 -0.07415066
v 0.098543555 0.04132521 -0.08441967
v 0.09817686 0.03128214 -0.07375473
v 0.1178726 0.04748062 -0.08285554
v 0.11823632 0.04628042 -0.08116004
v 0.096988566 0.053895347 -0.08993175
v 0.11672405 0.05325827 -0.08965615
v 0.11355442 0.030368522 -0.07252471
v 0.09709474 0.022939317 -0.06158095
v 0.1154457 0.0229493 -0.06164557
v 0.13385826 0.031445645 -0.07366613
v 0.13304919 0.023653798 -0.06264716
v 0.15029287 0.033960484 -0.075263895
v 0.15087776 0.024972327 -0.064454325
v 0.14916262 0.046811298 -0.07420235
v 0.1337789 0.046451464 -0.07402426
v 0.16813618 0.03669276 -0.07824807
v 0.16858852 0.025711045 -0.0654184
v 0.16615596 0.047237948 -0.07514046
v 0.12101425 0.036081895 -0.07852119
v 0.09519567 0.06334935 -0.10017556
v 0.11270503 0.06323613 -0.09970259
v 0.11431039 0.016412012 -0.049632892
v 0.13233623 0.01665771 -0.05031612
v 0.11346016 0.01182574 -0.037136465
v 0.13175492 0.0120326355 -0.037495684
v 0.13119325 0.008264475 -0.025557678
v 0.1127052 0.00827954 -0.025656784
v 0.14995474 0.012207605 -0.03794558
v 0.14919448 0.0082599595 -0.025506485
v 0.13040257 0.0052295923 -0.013809115
v 0.14835003 0.0052576065 -0.013524439
v 0.16728519 0.008236103 -0.025315115
v 0.16647756 0.005657345 -0.0131693445
v 0.16796122 0.011960223 -0.038022216
v 0.18506949 0.005292967 -0.012854525
v 0.09457351 0.008348472 -0.025784848
v 0.09533639 0.011845417 -0.037416786
v 0.09391751 0.00576061 -0.014240063
v 0.11028153 0.07494506 -0.10559575
v 0.09395859 0.07528642 -0.10724645
v 0.076908894 0.06285011 -0.09983434
v 0.07602014 0.075082295 -0.106927246
v 0.09261638 0.08669407 -0.10596594
v 0.074927956 0.087423496 -0.10573239
v 0.09139961 0.09785727 -0.11332835
v 0.07417619 0.0987155 -0.11251642
v 0.056906614 0.09866631 -0.11294648
v 0.05688946 0.11167124 -0.1172359
v 0.057633817 0.07399911 -0.10603387
v 0.07381666 0.11110678 -0.11730937
v 0.09051452 0.11072646 -0.117456004
v 0.107672796 0.08457999 -0.10445217
v 0.10805602 0.099029854 -0.11204307
v 0.12016769 0.046550035 -0.081494465
v 0.1088162 0.08481482 -0.1052783
v 0.12450772 0.09928644 -0.112624675
v 0.12374522 0.11253309 -0.11822338
v 0.14015925 0.11333743 -0.118245035
v 0.14176114 0.09969014 -0.112928726
v 0.15800573 0.09965095 -0.1125902
v 0.15589984 0.113674685 -0.11839763
v 0.17559953 0.099459425 -0.112720005
v 0.17320412 0.11200117 -0.118073635
v 0.12531412 0.08761901 -0.10639537
v 0.19349854 0.09941527 -0.11204311
v 0.1916076 0.1112058 -0.11807971
v 0.17791782 0.086590014 -0.10613371
v 0.19581196 0.08643323 -0.106461756
v 0.21150167 0.098823346 -0.11156578
v 0.21344109 0.08633317 -0.10716762
v 0.19776376 0.07299659 -0.106218874
v 0.215462 0.07257253 -0.10594057
v 0.17978327 0.0732653 -0.106327824
v 0.23015162 0.097607546 -0.11171666
v 0.23168248 0.08553152 -0.10701005
v 0.22852165 0.109408826 -0.11757121
v 0.23335849 0.07210545 -0.10562769
v 0.21781293 0.061175115 -0.09907315
v 0.14334816 0.087897584 -0.10518831
v 0.15991995 0.08749387 -0.106582366
v 0.20993714 0.110210225 -0.117845155
v 0.24871701 0.0974541 -0.1118092
v 0.25031933 0.085380636 -0.10601499
v 0.2471375 0.108806334 -0.11755699
v 0.26607248 0.09784177 -0.11180469
v 0.2669588 0.085756816 -0.10649798
v 0.2677594 0.072911665 -0.10446453
v 0.28391665 0.07255921 -0.10422967
v 0.28296494 0.08546266 -0.10809764
v 0.3002693 0.07221615 -0.1043023
v 0.2993188 0.0847728 -0.10967527
v 0.29840443 0.0972081 -0.114450715
v 0.28417864 0.06054543 -0.09874311
v 0.3009651 0.0603216 -0.098408334
v 0.30187976 0.05013281 -0.09034433
v 0.2833586 0.050798424 -0.089507826
v 0.28521946 0.041116 -0.08222482
v 0.3036295 0.040460296 -0.08146479
v 0.30616647 0.03124924 -0.071672305
v 0.28873938 0.032000914 -0.07287803
v 0.29155713 0.023487963 -0.06123484
v 0.30871996 0.023111366 -0.060685255
v 0.32570237 0.023058325 -0.060559213
v 0.32368 0.030866578 -0.0712996
v 0.3276042 0.016487256 -0.049551457
v 0.31089926 0.016297616 -0.049339484
v 0.3444047 0.016254388 -0.049274806
v 0.3423174 0.022927813 -0.06039823
v 0.3455604 0.0119739175 -0.037311047
v 0.32888147 0.011743642 -0.037508328
v 0.31234342 0.011654533 -0.03714886
v 0.34029645 0.03062386 -0.07089716
v 0.27498776 0.023949347 -0.06259163
v 0.27257478 0.03246048 -0.07439705
v 0.27676648 0.016235754 -0.049144663
v 0.25875896 0.024626955 -0.063757434
v 0.25712615 0.035262868 -0.07532314
v 0.2427332 0.025132693 -0.06445958
v 0.24182752 0.03497336 -0.07569038
v 0.24332076 0.016889699 -0.050606504
v 0.22515619 0.01703883 -0.051249262
v 0.22674192 0.025635548 -0.06475618
v 0.20620994 0.025969058 -0.065643154
v 0.20585573 0.017291814 -0.051691543
v 0.20617045 0.035395175 -0.07800928
v 0.2438241 0.011339374 -0.036310416
v 0.22466782 0.011793077 -0.036899757
v 0.26762468 0.010910809 -0.03413057
v 0.24327141 0.007392347 -0.022753524
v 0.26225272 0.007393092 -0.022527112
v 0.24204163 0.005143687 -0.010184647
v 0.26053813 0.0051181465 -0.009914164
v 0.22254656 0.005134508 -0.011235073
v 0.25656584 0.04493054 -0.07341364
v 0.24065353 0.047748663 -0.075206876
v 0.23806484 0.057802275 -0.08573951
v 0.25506943 0.056520984 -0.08427242
v 0.253282 0.061308645 -0.098667376
v 0.22407055 0.04864358 -0.07608898
v 0.22066434 0.05827064 -0.08620044
v 0.20212623 0.05808202 -0.08616352
v 0.2043658 0.0484773 -0.07695642
v 0.27845773 0.0074204206 -0.02297403
v 0.27813527 0.005088076 -0.010371244
v 0.22371216 0.0077069327 -0.023641508
v 0.2052767 0.011976644 -0.037573412
v 0.2284531 0.036224402 -0.07298979
v 0.26103982 0.01646313 -0.04987872
v 0.27170375 0.043878414 -0.0727852
v 0.2706215 0.05579844 -0.08353198
v 0.32033062 0.05002269 -0.0902962
v 0.31895965 0.0599866 -0.09870152
v 0.3368753 0.060185216 -0.098534115
v 0.33829272 0.049965084 -0.09027047
v 0.35330087 0.053055637 -0.08656032
v 0.35171506 0.06182716 -0.09658912
v 0.35012674 0.07257288 -0.104448855
v 0.3348943 0.07212384 -0.104343064
v 0.35298637 0.07564189 -0.10017938
v 0.33901724 0.039856806 -0.08096196
v 0.35369986 0.041280717 -0.0793554
v 0.3639676 0.042067282 -0.077787064
v 0.36380196 0.0527367 -0.08636442
v 0.37266928 0.04789471 -0.09204965
v 0.37388173 0.036974616 -0.08167559
v 0.37217283 0.059818126 -0.10082898
v 0.38591328 0.05987683 -0.10162824
v 0.38665435 0.04783809 -0.09212185
v 0.4002147 0.060588703 -0.10187702
v 0.4008766 0.048001863 -0.09221971
v 0.39989308 0.07411945 -0.10974483
v 0.4124291 0.063344605 -0.09921628
v 0.4122273 0.051427312 -0.0887326
v 0.41296253 0.07621534 -0.10862016
v 0.38459674 0.07307386 -0.109210566
v 0.36990124 0.07269862 -0.10794622
v 0.37457034 0.027230747 -0.06995689
v 0.36468285 0.032421358 -0.06734018
v 0.34710443 0.084772795 -0.10992554
v 0.33269212 0.08485051 -0.10984092
v 0.35285863 0.08709901 -0.10551802
v 0.31618458 0.08493035 -0.10981145
v 0.31474933 0.09756592 -0.11471417
v 0.28179765 0.09742352 -0.1132579
v 0.32183483 0.04005667 -0.081142865
v 0.29596674 0.007733859 -0.023870973
v 0.29628363 0.0050842017 -0.011456431
v 0.31308562 0.007947601 -0.024549456
v 0.31317765 0.005101815 -0.012087511
v 0.29496875 0.01139307 -0.03639744
v 0.27830738 0.010833807 -0.03534643
v 0.26500496 0.108887345 -0.11752538
v 0.32929367 0.0079441145 -0.025082825
v 0.3454889 0.008076131 -0.025526108
v 0.31333447 0.11075699 -0.11792796
v 0.29787368 0.10931024 -0.11761697
v 0.3306377 0.0976506 -0.11494509
v 0.3288813 0.11087698 -0.11791506
v 0.34388083 0.110704996 -0.11802049
v 0.18678291 0.017283753 -0.051936314
v 0.18635792 0.012229927 -0.03793771
v 0.07566182 0.0052652806 -0.01443742
v 0.12951913 0.06296604 -0.099700585
v 0.07516372 0.0051422864 -0.0023950639
v 0.09323939 0.0051332265 -0.0023879993
v 0.096216515 0.016339712 -0.04938796
v 0.111960635 0.0056567937 -0.014242859
v 0.11125442 0.0051313937 -0.0022867257
v 0.13151994 0.05871073 -0.0866626
v 0.14751078 0.058055796 -0.08586778
v 0.02311323 0.0287835 -0.069901034
v 0.023500353 0.021575749 -0.059414383
v 0.078007214 0.022903688 -0.061482858
v 0.0769897 0.012060314 -0.03765675
v 0.058107477 0.005415812 -0.014141803
v 0.057626724 0.005150169 -0.00231839
v 0.005880415 0.011339597 -0.03578196
v 0.0062193125 0.03859535 -0.075776204
v -0.027514314 0.021533713 -0.0592251
v -0.07746567 0.011169285 -0.035413086
v -0.09380391 0.01123888 -0.035372872
v -0.011219923 0.011202902 -0.035520047
v -0.02803809 0.011314869 -0.035347585
v -0.16135527 0.007995717 -0.02411245
v -0.16039264 0.01122763 -0.03631599
v -0.17836127 0.008198962 -0.024379684
v -0.17883937 0.0052662194 -0.01222737
v -0.10801507 0.021656908 -0.059187863
v 0.076321006 0.008447409 -0.026022444
v -0.031665824 0.0809241 -0.107897274
v -0.030250937 0.096934944 -0.114601865
v 0.16848662 0.017607294 -0.051792398
v 0.006442391 0.02159845 -0.05942643
v 0.00614744 0.015731737 -0.047702577
v -0.1593621 0.015946753 -0.048231956
v 0.023399886 0.015718758 -0.04767348
v 0.18583041 0.008240171 -0.02527623
v -0.011074056 0.015612185 -0.04757235
v -0.11008844 0.011119999 -0.03541682
v -0.34829786 0.05290854 -0.09090467
v 0.0061628968 0.02837681 -0.06920118
v 0.29340094 0.016130872 -0.04888288
v -0.07650652 0.015503928 -0.047394253
v -0.1956721 0.00813964 -0.024401583
v -0.19620533 0.0051679313 -0.012071613
v 0.20352377 0.005228132 -0.012102659
v -0.14089091 0.1089655 -0.11663939
v -0.14015841 0.09838259 -0.11145908
v -0.31034192 0.098803125 -0.114916086
v -0.310466 0.11328959 -0.11741702
v -0.32676888 0.10017593 -0.114966065
v -0.32648617 0.11344112 -0.11746467
v -0.34276244 0.11434896 -0.11771174
v -0.0280361 0.06944145 -0.10317017
v -0.04460518 0.08432644 -0.106724836
v -0.0590593 0.08093567 -0.10754826
v 0.021885673 0.04972633 -0.08353657
v -0.044103812 0.0965949 -0.11006558
v -0.05940824 0.09424854 -0.10854754
v -0.043937303 0.10637187 -0.11623984
v -0.059965167 0.104034185 -0.115633816
v -0.07647301 0.092146814 -0.10699369
v -0.0772385 0.1014715 -0.11444071
v -0.093842335 0.099647745 -0.114904135
v -0.077749774 0.113029346 -0.11736056
v -0.09413094 0.111235805 -0.11702387
v -0.09141291 0.057610407 -0.093672186
v -0.09010025 0.051379785 -0.08038321
v -0.07574601 0.07960515 -0.107421815
v 0.040786713 0.09811072 -0.11472011
v 0.057112485 0.08697331 -0.1065052
v -0.0108866 0.02148582 -0.05918224
v 0.36164263 0.06366739 -0.09462216
v -0.10907145 0.0155471265 -0.04741527
v 0.14467156 0.07445291 -0.10694047
v -0.31055385 0.08614117 -0.110164404
v 0.19975787 0.060888834 -0.098881714
v 0.18174501 0.06098213 -0.09896976
v -0.34263217 0.1015428 -0.11546139
v 0.18329175 0.05768636 -0.085444026
v -0.35509515 0.10428347 -0.11107579
v -0.35465747 0.11670734 -0.113168
v 0.23553696 0.061398067 -0.09863257
v 0.3832179 0.086780414 -0.115183905
v 0.39873102 0.08840993 -0.1158561
v 0.16176234 0.07364548 -0.10656946
v 0.16340022 0.061233446 -0.099000156
v 0.1074201 0.111357406 -0.117859624
v -0.2605024 0.06990487 -0.103104286
v -0.12188455 0.060355462 -0.09054702
v -0.105128214 0.051686607 -0.07908661
v -0.10547678 0.040440157 -0.072203584
v 0.05796479 0.06186869 -0.09904301
v 0.2815251 0.10862154 -0.11748036
v -0.09128851 0.066576876 -0.102492794
v 0.20454156 0.008109592 -0.024749931
v 0.41288427 0.0398601 -0.07808234
v 0.40141815 0.036577858 -0.08115746
v 0.4254841 0.043054722 -0.075269684
v 0.42527425 0.054352686 -0.08607371
v 0.4398881 0.05694338 -0.08393088
v 0.44011754 0.045589037 -0.07294729
v 0.42570177 0.032852255 -0.062550835
v 0.44007042 0.03544545 -0.060445692
v 0.4395359 0.027184911 -0.04626201
v 0.42481714 0.02473627 -0.048042607
v 0.42437702 0.018156976 -0.032111626
v 0.43907717 0.020834737 -0.030652272
v 0.4124114 0.01361461 -0.035045512
v 0.41203883 0.0061292946 -0.016165366
v 0.42334732 0.013883308 -0.014896687
v 0.45348585 0.031903617 -0.043847706
v 0.45282242 0.026203923 -0.02884137
v 0.4127908 0.020446554 -0.051644113
v 0.41372025 0.028784998 -0.066066965
v 0.45349213 0.050011992 -0.06934818
v 0.45360225 0.060834393 -0.08026415
v 0.43967015 0.06945783 -0.09344166
v 0.4529974 0.07362804 -0.08890573
v 0.45347843 0.086980425 -0.096992716
v 0.4394663 0.08318616 -0.101291426
v 0.45337895 0.10214354 -0.10187125
v 0.4396028 0.09801404 -0.10675722
v 0.45440757 0.11950922 -0.10454893
v 0.44749647 0.11511375 -0.10744792
v 0.4536866 0.0400353 -0.05741208
v 0.4243513 0.09476979 -0.10916391
v 0.42443863 0.08039577 -0.103447974
v 0.32888576 0.005022064 -0.01286062
v 0.34385434 0.0050807893 -0.013779464
v 0.42493135 0.06681951 -0.0956758
v 0.41234666 0.09090387 -0.1150262
v -0.3326413 0.030817822 -0.07207341
v -0.29921484 0.023005597 -0.060789812
v -0.20517893 0.09892805 -0.112269
v -0.20394073 0.10960753 -0.116795324
v -0.24230702 0.07989569 -0.10773996
v 0.07773792 0.053320125 -0.089477964
v 0.15046833 0.01702588 -0.051293842
v 0.18683633 0.0258383 -0.06547563
v 0.18614444 0.035836548 -0.07636861
v -0.109186366 0.10014382 -0.11437032
v -0.12097727 0.099209964 -0.113064565
v -0.110219605 0.110050604 -0.11685239
v -0.19075955 0.062303998 -0.09028133
v -0.23004921 0.024140075 -0.062705286
v 0.40152112 0.026303977 -0.0685939
v 0.40212974 0.017286234 -0.054839652
v 0.18477775 0.04853575 -0.07601929
v -0.36444634 0.11842477 -0.116051905
v -0.36544055 0.10540805 -0.115060076
v 0.07753736 0.016258366 -0.049216058
v -0.091890335 0.07818973 -0.108864695
v 0.36881524 0.085490346 -0.11366768
v 0.35302305 0.0973614 -0.109170705
v -0.3494719 0.04131578 -0.08226612
v -0.36268505 0.04558955 -0.07949841
v -0.24723817 0.037543066 -0.077898435
v -0.15604521 0.07570435 -0.10765866
v 0.12723549 0.07494701 -0.10521201
v -0.36106142 0.035692103 -0.068683416
v 0.34546986 0.0976844 -0.11480056
v 0.31756806 0.071919814 -0.104253024
v 0.12116536 0.0460554 -0.075052805
v -0.2772332 0.060240284 -0.09722925
v -0.24298747 0.06869602 -0.10312116
v -0.34808573 0.0170971 -0.04677713
v -0.35980153 0.02099891 -0.044524778
v -0.36085632 0.027310148 -0.05707604
v 0.1203595 0.03796666 -0.07806127
v 0.039571162 0.0051495433 -0.0021081308
v 0.36742455 0.09035232 -0.11607316
v 0.16447577 0.057890326 -0.08570818
v -0.10687255 0.029201053 -0.07025069
v -0.34966072 0.031307533 -0.07203996
v 0.26873833 0.06186749 -0.098093264
v 0.14581391 0.06245376 -0.10027817
v 0.25166395 0.07268442 -0.10545357
v -0.0416901 0.038560078 -0.079799235
v -0.09196889 0.035132714 -0.07800196
v -0.092919745 0.09027698 -0.10644959
v -0.1061094 0.061444692 -0.091468506
v -0.03075943 0.081606045 -0.10746715
v -0.1250774 0.10945949 -0.11673633
v -0.22020248 0.111358605 -0.11707723
v -0.12503089 0.0992447 -0.113003105
v -0.109186366 0.10014382 -0.11437032
v -0.12097727 0.099209964 -0.113064565
v -0.44249415 0.120977215 -0.10982351
v -0.4467728 0.11685475 -0.108008265
v -0.4428432 0.119247876 -0.11009955
v 0.31229812 0.17313138 0.11131606
v 0.31324384 0.16853108 0.11311535
v 0.3135034 0.16799572 0.11320446
v 0.31229812 0.17313138 0.11131606
v 0.3108781 0.17179325 0.11095322
v 0.3135034 0.16799572 0.11320446
v 0.31324384 0.16853108 0.11311535
v -0.489187 0.18971735 -0.039313514
v -0.48799133 0.18863761 -0.039613977
v -0.48782215 0.18623173 -0.042635765
v -0.489187 0.18971735 -0.039313514
v -0.48782215 0.18623173 -0.042635765
v -0.48799133 0.18863761 -0.039613977
v 0.31229812 0.17313138 0.11131606
v 0.3123346 0.1718657 0.11171008
v 0.31324384 0.16853108 0.11311535
v 0.31229812 0.17313138 0.11131606
v 0.31324384 0.16853108 0.11311535
v 0.3123346 0.1718657 0.11171008
vt 0.878125 0.68616074
vt 0.8683036 0.68616074
vt 0.8748037 0.68883926
vt 0.234375 0.9558036
vt 0.22276786 0.9558036
vt 0.22978884 0.95669645
vt 0.23163185 0.9564972
vt 0.23705363 0.9433036
vt 0.23705357 0.95848215
vt 0.23883928 0.94367176
vt 0.88616073 0.78080356
vt 0.88348216 0.7882937
vt 0.88616073 0.79241073
vt 0.87633926 0.79241073
vt 0.8584821 0.79241073
vt 0.8702063 0.7995536
vt 0.24241072 0.9441964
vt 0.25758928 0.9441964
vt 0.24542473 0.9424107
vt 0.22276786 0.953125
vt 0.234375 0.953125
vt 0.22309196 0.9522321
vt 0.23258929 0.93526787
vt 0.25580359 0.93526787
vt 0.23404144 0.934375
vt 0.42008927 0.49955356
vt 0.40401787 0.50044644
vt 0.41920552 0.50044644
vt 0.403125 0.51006144
vt 0.41830358 0.51006144
vt 0.41826376 0.51026785
vt 0.415982 0.5049107
vt 0.41294643 0.8049107
vt 0.43169641 0.8049107
vt 0.42683384 0.80223215
vt 0.8504464 0.309375
vt 0.8504464 0.3174107
vt 0.8513393 0.3101998
vt 0.42723215 0.48705357
vt 0.4424107 0.48705357
vt 0.42822987 0.48616076
vt 0.81651783 0.2919482
vt 0.8342877 0.29223728
vt 0.834375 0.29151785
vt 0.826283 0.2933036
vt 0.6504464 0.93526787
vt 0.671875 0.93526787
vt 0.6546922 0.9325893
vt 0.20223214 0.95669645
vt 0.22008929 0.95669645
vt 0.20835532 0.953125
vt 0.6468677 0.8298673
vt 0.6634173 0.8264203
vt 0.6657389 0.842255
vt 0.6320825 0.8362615
vt 0.6507913 0.845352
vt 0.636392 0.8494833
vt 0.6429942 0.86386657
vt 0.6177262 0.8391903
vt 0.6242468 0.8528842
vt 0.5931996 0.8467261
vt 0.6121015 0.82366073
vt 0.60777664 0.8565345
vt 0.6175667 0.87013495
vt 0.59403324 0.860288
vt 0.5870344 0.84978944
vt 0.58522147 0.86360645
vt 0.588881 0.83459824
vt 0.5755638 0.86428344
vt 0.5713672 0.8535381
vt 0.5802112 0.8516679
vt 0.6784792 0.8252452
vt 0.69473726 0.82523113
vt 0.6950276 0.83816403
vt 0.714494 0.8363414
vt 0.67966396 0.8400259
vt 0.68206835 0.8542168
vt 0.6693087 0.85702735
vt 0.673662 0.87129873
vt 0.655818 0.8603273
vt 0.6612066 0.87478584
vt 0.64876395 0.8784816
vt 0.6560302 0.89148027
vt 0.63098425 0.8670775
vt 0.6377662 0.88089985
vt 0.64977014 0.8929701
vt 0.6241271 0.8843638
vt 0.613157 0.88762325
vt 0.6045039 0.8717031
vt 0.62693745 0.8987604
vt 0.61521864 0.90192276
vt 0.6263425 0.91154194
vt 0.60209256 0.8854106
vt 0.6070635 0.90561813
vt 0.60989815 0.91550356
vt 0.5928502 0.88440144
vt 0.58883876 0.8735034
vt 0.71264744 0.8257957
vt 0.72129273 0.8243633
vt 0.7216425 0.8352661
vt 0.730451 0.8240772
vt 0.7205788 0.8466852
vt 0.7104187 0.84914315
vt 0.73074794 0.8334565
vt 0.73013526 0.8439381
vt 0.73207814 0.8542426
vt 0.72249514 0.8578849
vt 0.7358719 0.8640821
vt 0.71203846 0.8604784
vt 0.71536267 0.8721515
vt 0.6961541 0.8513111
vt 0.6984351 0.864461
vt 0.68569404 0.868053
vt 0.7025736 0.87729794
vt 0.6903596 0.88168216
vt 0.67864954 0.88537323
vt 0.69627726 0.89534444
vt 0.6667629 0.88873935
vt 0.6843332 0.89996827
vt 0.6717183 0.9035203
vt 0.65984315 0.90607953
vt 0.66453165 0.9225456
vt 0.6484226 0.9084848
vt 0.65275663 0.9249045
vt 0.63814205 0.92549354
vt 0.63067085 0.9228155
vt 0.6185162 0.9133769
vt 0.6255939 0.92916554
vt 0.6137228 0.9252755
vt 0.7266593 0.8680124
vt 0.741128 0.8732564
vt 0.7324254 0.877495
vt 0.74680275 0.88187385
vt 0.72095066 0.88377225
vt 0.73879117 0.88671744
vt 0.70832884 0.8899365
vt 0.7278211 0.89428604
vt 0.7156166 0.90192586
vt 0.7358439 0.90380514
vt 0.70391434 0.9087248
vt 0.7247174 0.9132077
vt 0.71375144 0.92133224
vt 0.72634846 0.9329717
vt 0.69178927 0.91461223
vt 0.67654604 0.91962606
vt 0.74583405 0.8949017
vt 0.7533985 0.8894642
vt 0.7539541 0.90273285
vt 0.7608501 0.89603794
vt 0.7624458 0.9091417
vt 0.7687281 0.90205324
vt 0.7554496 0.9201064
vt 0.7450705 0.9127825
vt 0.74898386 0.9325581
vt 0.7454367 0.943998
vt 0.735749 0.92344505
vt 0.58739966 0.89471644
vt 0.58346033 0.8852304
vt 0.61211693 0.9308043
vt 0.63075626 0.9514438
vt 0.621461 0.95385337
vt 0.61065304 0.93327844
vt 0.6057469 0.93013793
vt 0.6089231 0.94443786
vt 0.61113197 0.95848215
vt 0.5798674 0.8749758
vt 0.7790427 0.92057616
vt 0.7764139 0.907043
vt 0.78431034 0.9115107
vt 0.78763324 0.9249394
vt 0.79241073 0.9153331
vt 0.77064764 0.9152699
vt 0.5516358 0.87920177
vt 0.56637114 0.87582386
vt 0.57011384 0.8880934
vt 0.5550657 0.8920802
vt 0.5741402 0.8996048
vt 0.5583543 0.90462023
vt 0.5359401 0.88316137
vt 0.57849634 0.91203165
vt 0.5619015 0.9182215
vt 0.54372466 0.92483217
vt 0.54043424 0.9098987
vt 0.5220725 0.9159313
vt 0.5259994 0.9316439
vt 0.52972305 0.9472447
vt 0.54694027 0.9400981
vt 0.50750804 0.9382878
vt 0.5121699 0.95435303
vt 0.56570095 0.93249565
vt 0.53714454 0.89551014
vt 0.49241072 0.95848215
vt 0.86320955 0.7111769
vt 0.8534034 0.70529044
vt 0.86421555 0.7030854
vt 0.85726 0.7177614
vt 0.85822463 0.6835641
vt 0.8495062 0.69151175
vt 0.8658441 0.7411416
vt 0.86320287 0.72835064
vt 0.87098217 0.73716027
vt 0.8496973 0.7578484
vt 0.8422044 0.7456686
vt 0.8385115 0.7675652
vt 0.85453224 0.73625946
vt 0.84745246 0.7246217
vt 0.8424115 0.7116014
vt 0.8355881 0.73256814
vt 0.838431 0.6977456
vt 0.830126 0.71857995
vt 0.8357978 0.6835267
vt 0.8257208 0.70387644
vt 0.84733266 0.6780291
vt 0.85897475 0.6708053
vt 0.8533261 0.7937871
vt 0.86068714 0.8064586
vt 0.8517244 0.8131852
vt 0.84595895 0.7808226
vt 0.84415525 0.8007065
vt 0.8364277 0.7880242
vt 0.8350694 0.8076996
vt 0.82852715 0.7750705
vt 0.82721305 0.7951745
vt 0.83089536 0.7540068
vt 0.82078135 0.7615115
vt 0.8186155 0.7829963
vt 0.8242817 0.7399747
vt 0.8141187 0.7468594
vt 0.81030697 0.76956415
vt 0.8186807 0.72518444
vt 0.8086811 0.73135716
vt 0.80328065 0.7541718
vt 0.81396914 0.70984995
vt 0.8036916 0.7157626
vt 0.7984464 0.7375902
vt 0.8097128 0.69385314
vt 0.8221588 0.68866044
vt 0.7990256 0.69982934
vt 0.7933875 0.7219214
vt 0.8049931 0.6775416
vt 0.7942806 0.68365633
vt 0.7835971 0.68991065
vt 0.7895197 0.6669895
vt 0.8004715 0.6610098
vt 0.8502708 0.8323107
vt 0.85936296 0.82551974
vt 0.8667083 0.8378195
vt 0.8681428 0.8187311
vt 0.8425863 0.82009614
vt 0.83348346 0.82673955
vt 0.82618123 0.8146804
vt 0.81845355 0.8022604
vt 0.8097046 0.7908041
vt 0.80094934 0.7783552
vt 0.7909886 0.7636645
vt 0.78302723 0.74783206
vt 0.785377 0.7679229
vt 0.7890495 0.7434934
vt 0.7767907 0.73256826
vt 0.7709368 0.7174834
vt 0.78349596 0.72800165
vt 0.7655672 0.70202154
vt 0.7732603 0.6963307
vt 0.76141477 0.6849591
vt 0.778306 0.7123677
vt 0.7884869 0.70601606
vt 0.76870394 0.68057287
vt 0.77878267 0.67366844
vt 0.849435 0.8503903
vt 0.8577378 0.84421635
vt 0.8651156 0.8559071
vt 0.8413627 0.83922035
vt 0.85704124 0.8609969
vt 0.82007605 0.81953377
vt 0.8125626 0.8069765
vt 0.79303586 0.7853052
vt 0.84482074 0.85656106
vt 0.83517975 0.843187
vt 0.82697123 0.83150834
vt 0.8028419 0.7971835
vt 0.8647033 0.8713872
vt 0.85932696 0.8754796
vt 0.8504219 0.8658219
vt 0.81991947 0.8369174
vt 0.8126168 0.8257017
vt 0.8109219 0.8440476
vt 0.80482024 0.8138814
vt 0.7965939 0.8215337
vt 0.79628783 0.8035286
vt 0.7892419 0.8106944
vt 0.7869571 0.79177505
vt 0.7811494 0.80011743
vt 0.78239477 0.817967
vt 0.7755203 0.7887475
vt 0.7739608 0.79321
vt 0.77548784 0.8083089
vt 0.76943773 0.7991194
vt 0.84146565 0.87133616
vt 0.83486027 0.85987544
vt 0.83153665 0.87772685
vt 0.82746935 0.8481744
vt 0.825403 0.8662444
vt 0.818274 0.8548301
vt 0.80973136 0.8609295
vt 0.8024134 0.85091174
vt 0.7956279 0.85601664
vt 0.80381936 0.83311146
vt 0.7955815 0.8400901
vt 0.78896374 0.828962
vt 0.7888072 0.84624976
vt 0.7760523 0.8250427
vt 0.78212196 0.8357414
vt 0.7699835 0.8156003
vt 0.7646166 0.80515665
vt 0.81642103 0.88618326
vt 0.8226743 0.88296837
vt 0.82726914 0.8951371
vt 0.8168966 0.87196064
vt 0.80923027 0.87632114
vt 0.8020459 0.86630964
vt 0.83003235 0.9039424
vt 0.8219189 0.9111607
vt 0.8187259 0.8991928
vt 0.77731913 0.7725714
vt 0.7705803 0.75582916
vt 0.7681031 0.7762372
vt 0.76217395 0.74182165
vt 0.75120986 0.74937075
vt 0.7572495 0.7268403
vt 0.7489246 0.72838974
vt 0.7548834 0.709261
vt 0.7446796 0.6573752
vt 0.7298485 0.6493105
vt 0.73837215 0.64276963
vt 0.7649246 0.79059947
vt 0.75960374 0.7799642
vt 0.7602925 0.7620446
vt 0.75307345 0.7669887
vt 0.745253 0.7545884
vt 0.7484594 0.7311452
vt 0.73822814 0.74141335
vt 0.7396984 0.7599954
vt 0.7326826 0.7273132
vt 0.73234963 0.7472723
vt 0.7424035 0.7176637
vt 0.72985697 0.7086964
vt 0.73848796 0.7017569
vt 0.74982226 0.6936657
vt 0.72470456 0.6939059
vt 0.73354626 0.6868218
vt 0.7244853 0.71148115
vt 0.725547 0.7320301
vt 0.7193335 0.69864744
vt 0.71249026 0.7232211
vt 0.71390176 0.6848694
vt 0.7030692 0.6917794
vt 0.72014326 0.67886513
vt 0.7142022 0.6653698
vt 0.7280449 0.67200476
vt 0.7220933 0.65698594
vt 0.73665494 0.664832
vt 0.7434983 0.67930233
vt 0.724461 0.63526785
vt 0.75253564 0.6716697
vt 0.7161668 0.64299345
vt 0.7077394 0.65121233
vt 0.7529979 0.78349465
vt 0.7463214 0.7717331
vt 0.7320204 0.76736474
vt 0.72432476 0.7547406
vt 0.717697 0.7397522
vt 0.7129689 0.7645308
vt 0.6998644 0.73386675
vt 0.7061486 0.7499362
vt 0.708266 0.7072716
vt 0.6944717 0.71733254
vt 0.6864685 0.7445029
vt 0.6889238 0.7008751
vt 0.67495567 0.70974773
vt 0.7060752 0.67245466
vt 0.69966406 0.6589205
vt 0.7010416 0.77548957
vt 0.6934108 0.7615553
vt 0.68137294 0.7771693
vt 0.6723996 0.7556714
vt 0.68060654 0.7268443
vt 0.6666511 0.7356121
vt 0.66096765 0.7183756
vt 0.65294987 0.7424261
vt 0.689316 0.787264
vt 0.6477026 0.7262383
vt 0.7607959 0.7935704
vt 0.6594063 0.76005274
vt 0.65092045 0.779518
vt 0.6715399 0.78857344
vt 0.6664385 0.77291965
vt 0.6379789 0.7859401
vt 0.64417076 0.76244193
vt 0.6605938 0.79734284
vt 0.624219 0.7931173
vt 0.6309554 0.76876795
vt 0.6471038 0.80512315
vt 0.62946635 0.8066244
vt 0.61037743 0.8003967
vt 0.6160123 0.8154898
vt 0.6174719 0.77695537
vt 0.60375476 0.7839048
vt 0.59609616 0.80692893
vt 0.59794205 0.7693487
vt 0.5841468 0.77677244
vt 0.61183 0.76222044
vt 0.62550926 0.7553103
vt 0.6393048 0.7483066
vt 0.601896 0.8230104
vt 0.58180946 0.8139421
vt 0.58742875 0.83117324
vt 0.5899093 0.7908619
vt 0.5759719 0.7979397
vt 0.56761324 0.8218335
vt 0.57035416 0.7839946
vt 0.5566791 0.79224354
vt 0.576536 0.8489347
vt 0.55918014 0.8437579
vt 0.57627803 0.83720183
vt 0.5539303 0.82964575
vt 0.5620314 0.8065309
vt 0.54755515 0.81378394
vt 0.5344865 0.82318205
vt 0.5426475 0.80088395
vt 0.5625725 0.8556753
vt 0.5498753 0.86359745
vt 0.5460346 0.8519538
vt 0.5406261 0.83798444
vt 0.53302485 0.858285
vt 0.5211235 0.83311653
vt 0.52714413 0.84742916
vt 0.51522475 0.81947356
vt 0.51204574 0.8446337
vt 0.5287962 0.8093846
vt 0.5245606 0.8663249
vt 0.50710887 0.8733264
vt 0.5211601 0.86660296
vt 0.50729036 0.8691656
vt 0.5247478 0.8612434
vt 0.51563615 0.8565251
vt 0.49853685 0.8549331
vt 0.48265865 0.8605611
vt 0.51164466 0.84582806
vt 0.49017128 0.8398455
vt 0.5026154 0.82997394
vt 0.47234818 0.8877751
vt 0.49208772 0.8835691
vt 0.47736496 0.8917864
vt 0.4878369 0.87254703
vt 0.46432167 0.896834
vt 0.46081373 0.88842803
vt 0.44852817 0.8925492
vt 0.4714675 0.8862153
vt 0.45573157 0.8752757
vt 0.4679068 0.869015
vt 0.4637285 0.855745
vt 0.47687444 0.8475142
vt 0.45394883 0.9038369
vt 0.43681523 0.89835787
vt 0.440886 0.90700954
vt 0.44362146 0.8814869
vt 0.4316893 0.8876402
vt 0.41979912 0.89457196
vt 0.426223 0.8763418
vt 0.41383928 0.88354903
vt 0.4386419 0.8691889
vt 0.45084196 0.8626407
vt 0.42540145 0.9053217
vt 0.5378421 0.8710644
vt 0.43756345 0.9111607
vt 0.44103962 0.90742016
vt 0.92753166 0.11669558
vt 0.9164979 0.10840434
vt 0.9277112 0.106743455
vt 0.9276776 0.09389931
vt 0.9636336 0.19991559
vt 0.9515625 0.18245476
vt 0.96517324 0.18376112
vt 0.9486677 0.19790518
vt 0.9275527 0.14941978
vt 0.92552817 0.16276854
vt 0.9139522 0.15875506
vt 0.9104083 0.17183298
vt 0.91582316 0.14720726
vt 0.9040397 0.14430678
vt 0.9160407 0.13747644
vt 0.9036303 0.13787907
vt 0.9286774 0.13806862
vt 0.91579723 0.12881535
vt 0.900467 0.1295554
vt 0.928993 0.12795633
vt 0.91694814 0.11919242
vt 0.9023824 0.12651896
vt 0.90368557 0.110593915
vt 0.9002034 0.14082897
vt 0.9013584 0.13249081
vt 0.9023201 0.15335643
vt 0.8932482 0.14484382
vt 0.898083 0.16592765
vt 0.8817227 0.13391823
vt 0.8753017 0.15208519
vt 0.8797209 0.11386436
vt 0.86661196 0.113930345
vt 0.8914935 0.11268157
vt 0.8916255 0.09751129
vt 0.90394384 0.09619647
vt 0.9160706 0.0949465
vt 0.9323165 0.19484729
vt 0.93622 0.17986172
vt 0.9173667 0.19088328
vt 0.9224083 0.1764288
vt 0.9053226 0.18573737
vt 0.8923897 0.17970926
vt 0.8979251 0.20009464
vt 0.880387 0.17321765
vt 0.8848499 0.19383258
vt 0.88654023 0.159208
vt 0.86913353 0.16674227
vt 0.85678893 0.16021895
vt 0.84946865 0.17288744
vt 0.8622994 0.1457814
vt 0.84377855 0.15399277
vt 0.86551064 0.12974942
vt 0.85100126 0.12664938
vt 0.85230255 0.112802505
vt 0.8403857 0.11113149
vt 0.8663931 0.09940636
vt 0.8795995 0.09856796
vt 0.85177624 0.09975815
vt 0.9095332 0.20534986
vt 0.8751996 0.20744032
vt 0.8728063 0.18688565
vt 0.86338246 0.20009243
vt 0.8616074 0.1800369
vt 0.8525529 0.19246125
vt 0.8408289 0.18445712
vt 0.83097285 0.19469452
vt 0.83691835 0.16578537
vt 0.82902837 0.17655611
vt 0.8261772 0.1598702
vt 0.83227646 0.14870733
vt 0.8229922 0.14422429
vt 0.8484425 0.14068955
vt 0.83628374 0.1363486
vt 0.83908033 0.12366611
vt 0.8289199 0.120803595
vt 0.8298043 0.10890412
vt 0.8281266 0.09776425
vt 0.83917147 0.09905785
vt 0.85195154 0.21224308
vt 0.83925986 0.22333997
vt 0.8301797 0.21409118
vt 0.841917 0.203843
vt 0.8108942 0.19443917
vt 0.8104906 0.17906606
vt 0.82024014 0.18596518
vt 0.8189758 0.17014813
vt 0.8105337 0.16483802
vt 0.8172501 0.15492111
vt 0.8022838 0.17317152
vt 0.8268869 0.13266534
vt 0.8013875 0.18728197
vt 0.98883927 0.11930549
vt 0.978068 0.10581654
vt 0.98562056 0.10653794
vt 0.9832849 0.093826056
vt 0.9741432 0.09267694
vt 0.97121733 0.104865074
vt 0.98877877 0.13178563
vt 0.98105884 0.11794019
vt 0.9811482 0.1302172
vt 0.9717866 0.11664814
vt 0.95273894 0.111911476
vt 0.9532756 0.12697738
vt 0.95323575 0.10390359
vt 0.9512412 0.09243107
vt 0.96446586 0.09150684
vt 0.9775553 0.14274347
vt 0.9760836 0.1561706
vt 0.96496636 0.15497321
vt 0.98767984 0.14435905
vt 0.9663157 0.14102733
vt 0.96879905 0.12838799
vt 0.95302844 0.13936764
vt 0.9406133 0.12695259
vt 0.9403609 0.13867009
vt 0.94021714 0.114444435
vt 0.95256203 0.1680249
vt 0.93835557 0.16583312
vt 0.96622676 0.16924995
vt 0.952678 0.15339053
vt 0.9397982 0.15155596
vt 0.97601134 0.17023039
vt 0.97524995 0.18407571
vt 0.98883927 0.27576774
vt 0.9690253 0.25319552
vt 0.98641455 0.25054836
vt 0.97800803 0.22396475
vt 0.9633226 0.22595614
vt 0.9728899 0.20039958
vt 0.9685345 0.29419643
vt 0.9617211 0.054287016
vt 0.96958095 0.041764736
vt 0.96985865 0.053694487
vt 0.9591796 0.03308308
vt 0.9691997 0.030940235
vt 0.96032965 0.024265945
vt 0.96302426 0.030117154
vt 0.96213347 0.030181289
vt 0.9583797 0.030029118
vt 0.94868195 0.031965673
vt 0.93980247 0.10532856
vt 0.9390368 0.09306991
vt 0.9489662 0.07976371
vt 0.96558315 0.079266965
vt 0.9583559 0.07937467
vt 0.9628697 0.06616801
vt 0.9702864 0.065695584
vt 0.9486923 0.06720579
vt 0.9493791 0.055167556
vt 0.93648684 0.06764245
vt 0.948671 0.04439962
vt 0.93590677 0.04632306
vt 0.95978874 0.042824328
vt 0.9369962 0.039711416
vt 0.9246434 0.042529285
vt 0.9360107 0.055591762
vt 0.92549515 0.029528022
vt 0.9261088 0.08048689
vt 0.9374558 0.08012611
vt 0.9248509 0.06743133
vt 0.92367476 0.055023134
vt 0.9267386 0.020194948
vt 0.92669743 0.018874228
vt 0.92531496 0.017566204
vt 0.9105051 0.0015601516
vt 0.9162976 0.021754265
vt 0.9711042 0.02056086
vt 0.9595897 0.017094314
vt 0.94717646 0.010814071
vt 0.9374187 0.017868996
vt 0.93723917 0.0077901483
vt 0.9466771 0.005966902
vt 0.92570245 0.012171328
vt 0.9321313 0.0023006797
vt 0.92512786 0.0113322735
vt 0.88133246 0.037722886
vt 0.8596312 0.026124
vt 0.8739962 0.019320726
vt 0.8488143 0.012045741
vt 0.8466291 0.033155978
vt 0.8255468 0.010917187
vt 0.8362561 0.0004464388
vt 0.9157508 0.08081925
vt 0.91512865 0.06711537
vt 0.91388583 0.053974032
vt 0.90098894 0.05296004
vt 0.8889794 0.06871915
vt 0.88633084 0.053684175
vt 0.87274635 0.056126714
vt 0.8673917 0.041472077
vt 0.85388064 0.04608661
vt 0.839383 0.052102923
vt 0.85911965 0.059291363
vt 0.8328105 0.04101664
vt 0.819707 0.048729718
vt 0.82427526 0.030892193
vt 0.8369746 0.02125758
vt 0.8141057 0.022227764
vt 0.90327615 0.081784666
vt 0.8906992 0.083051145
vt 0.87844414 0.084370196
vt 0.9022412 0.06744915
vt 0.87624145 0.070363045
vt 0.86279655 0.072378576
vt 0.8441564 0.0633204
vt 0.8477537 0.07494873
vt 0.82972467 0.06707263
vt 0.82518005 0.057682753
vt 0.81298846 0.061691344
vt 0.8046733 0.056466877
vt 0.80519074 0.04776734
vt 0.8120422 0.040263474
vt 0.79647887 0.04120028
vt 0.80145776 0.034630537
vt 0.8650691 0.08578265
vt 0.85048103 0.087136686
vt 0.8372221 0.08757663
vt 0.8340106 0.07688123
vt 0.82190657 0.07776892
vt 0.8180523 0.069348395
vt 0.8255327 0.08733338
vt 0.80357933 0.07201499
vt 0.8076499 0.0749048
vt 0.80074537 0.06719124
vt 0.8033747 0.07166672
vt 0.80908364 0.0869652
vt 0.80122226 0.074958146
vt 0.79898965 0.083045065
vt 0.7976181 0.07102978
vt 0.7888393 0.078701854
vt 0.7932916 0.06858456
vt 0.8622589 0.7860861
vt 0.8611446 0.7745536
vt 0.8799107 0.7861607
vt 0.8504464 0.7861605
vt 0.8638587 0.7784135
vt 0.83258927 0.2995357
vt 0.84241074 0.2861607
vt 0.8405917 0.3004902
vt 0.8334445 0.2993474
vt 0.84241074 0.31473213
vt 0.87596405 0.7013393
vt 0.890625 0.70133936
vt 0.88163877 0.7086891
vt 0.87996674 0.70232606
vt 0.87366074 0.7120536
vt 0.32518813 0.969486
vt 0.31577638 0.9754464
vt 0.30846003 0.959836
vt 0.31788185 0.95283234
vt 0.30906197 0.93709403
vt 0.33297414 0.9648356
vt 0.32889315 0.9440931
vt 0.32021856 0.9260512
vt 0.34572098 0.9254448
vt 0.3333828 0.90973
vt 0.3569727 0.9419028
vt 0.35996264 0.9098857
vt 0.2986132 0.9460593
vt 0.2876807 0.93317634
vt 0.29779005 0.92312974
vt 0.28592876 0.911358
vt 0.30870214 0.91113937
vt 0.29647255 0.898437
vt 0.32001853 0.8956983
vt 0.30622724 0.8836816
vt 0.329995 0.880445
vt 0.31449118 0.869256
vt 0.34528404 0.8940435
vt 0.3736607 0.92783463
vt 0.2482551 0.89751655
vt 0.23546402 0.9047712
vt 0.22104004 0.9013782
vt 0.27630413 0.92189646
vt 0.26824197 0.90916836
vt 0.27510467 0.9013435
vt 0.2577735 0.90304106
vt 0.28448665 0.8880064
vt 0.26526937 0.8926925
vt 0.29265353 0.87399006
vt 0.279483 0.8658674
vt 0.2996066 0.86077696
vt 0.2855754 0.8536583
vt 0.30567333 0.84745497
vt 0.29099917 0.8412859
vt 0.32112655 0.8553766
vt 0.22843337 0.8918312
vt 0.21048746 0.90210825
vt 0.22829518 0.89049476
vt 0.2263557 0.8905716
vt 0.223205 0.8893208
vt 0.23259634 0.8811214
vt 0.22455718 0.8829881
vt 0.24335806 0.8811037
vt 0.23516628 0.8660077
vt 0.23616393 0.8927703
vt 0.24984448 0.89249444
vt 0.25476775 0.88471794
vt 0.26048157 0.87170357
vt 0.24605563 0.910845
vt 0.27282625 0.8790565
vt 0.26631734 0.8586442
vt 0.25185314 0.8509636
vt 0.2721285 0.8472102
vt 0.24992529 0.8415151
vt 0.27747923 0.8359422
vt 0.2653519 0.8311241
vt 0.2819758 0.824121
vt 0.2699462 0.82065207
vt 0.29567948 0.82855636
vt 0.2853514 0.8133965
vt 0.3106273 0.83354187
vt 0.20686126 0.89342844
vt 0.19902419 0.8758426
vt 0.20768572 0.8731183
vt 0.2180853 0.89103657
vt 0.22023243 0.8884604
vt 0.22241138 0.89036244
vt 0.21597362 0.8705196
vt 0.20361155 0.8588849
vt 0.22475915 0.86771977
vt 0.21351893 0.8559461
vt 0.23656014 0.85105443
vt 0.22401719 0.8533503
vt 0.24680334 0.8374876
vt 0.24752432 0.866852
vt 0.2412457 0.8384904
vt 0.24371926 0.8373951
vt 0.24397932 0.83300805
vt 0.24643247 0.8353451
vt 0.24548563 0.8335644
vt 0.24928944 0.8352353
vt 0.25937068 0.84012735
vt 0.256072 0.827395
vt 0.24964905 0.8253153
vt 0.25982332 0.8176399
vt 0.26238033 0.8076419
vt 0.2522063 0.8063361
vt 0.2736511 0.8109748
vt 0.2642046 0.7988604
vt 0.275942 0.8019458
vt 0.28788725 0.80555606
vt 0.27676412 0.78948414
vt 0.30096665 0.80307436
vt 0.2891929 0.79055786
vt 0.2992112 0.8165731
vt 0.30192187 0.7903692
vt 0.19381955 0.86209226
vt 0.18971227 0.850406
vt 0.20023815 0.846924
vt 0.21098022 0.8437547
vt 0.20824392 0.831873
vt 0.22221401 0.8409561
vt 0.21933377 0.8282842
vt 0.229645 0.82597077
vt 0.23988223 0.83876455
vt 0.23891488 0.8267959
vt 0.22574852 0.81075656
vt 0.24457622 0.8249604
vt 0.2354187 0.81175935
vt 0.25138763 0.81538916
vt 0.24358548 0.8140434
vt 0.24288145 0.80438507
vt 0.2531533 0.79702055
vt 0.23457392 0.80496806
vt 0.2318052 0.79526097
vt 0.22159657 0.79645544
vt 0.24239346 0.79552263
vt 0.23136592 0.7799828
vt 0.24297448 0.7849599
vt 0.25407258 0.78672
vt 0.24451664 0.7746032
vt 0.26520464 0.78798705
vt 0.2655709 0.7770366
vt 0.25587752 0.77637774
vt 0.2567833 0.76417536
vt 0.24620569 0.7637265
vt 0.26761267 0.7651559
vt 0.25790742 0.7539555
vt 0.27758834 0.7660428
vt 0.28160492 0.7632329
vt 0.27744478 0.77707696
vt 0.28974816 0.7764977
vt 0.30229345 0.7761219
vt 0.29027623 0.76319695
vt 0.30260417 0.76373225
vt 0.18251781 0.82686555
vt 0.17958046 0.81820774
vt 0.1910743 0.8152655
vt 0.19357006 0.8235456
vt 0.20528865 0.82032657
vt 0.18600449 0.8387393
vt 0.19697437 0.8351288
vt 0.21612796 0.8164702
vt 0.21423079 0.80731124
vt 0.22206983 0.8042776
vt 0.20248757 0.81044567
vt 0.21237178 0.7982598
vt 0.21890919 0.7878759
vt 0.22155994 0.77879477
vt 0.21641208 0.77978504
vt 0.22804055 0.78519577
vt 0.21204545 0.76922524
vt 0.22034486 0.7692408
vt 0.2246719 0.77840716
vt 0.22680354 0.7672548
vt 0.23610625 0.7647627
vt 0.22865987 0.7575661
vt 0.23441173 0.7741345
vt 0.23774354 0.7552485
vt 0.24738224 0.75421935
vt 0.26839972 0.75359523
vt 0.2789713 0.7513393
vt 0.19982071 0.80066967
vt 0.2006277 0.7693014
vt 0.20486827 0.77835065
vt 0.24814567 0.8376317
vt 0.11591742 0.787495
vt 0.114669204 0.77609307
vt 0.1264489 0.76931
vt 0.12840241 0.77953535
vt 0.14100271 0.7751932
vt 0.13072962 0.78865445
vt 0.11746611 0.79470396
vt 0.14324911 0.7848903
vt 0.15544352 0.78134876
vt 0.13874952 0.763336
vt 0.15110293 0.75881827
vt 0.15331058 0.7711342
vt 0.16313216 0.75498515
vt 0.16543372 0.7673403
vt 0.16747928 0.77789617
vt 0.17654802 0.7629751
vt 0.17464851 0.75133926
vt 0.17813712 0.77136403
vt 0.18729798 0.76035625
vt 0.18893872 0.767704
vt 0.10901898 0.796635
vt 0.09446547 0.8076334
vt 0.08169643 0.81132305
vt 0.08240005 0.7997711
vt 0.11983158 0.7994742
vt 0.10953576 0.8085646
vt 0.10631014 0.80372626
vt 0.093786836 0.8008876
vt 0.103257455 0.7978063
vt 0.13191245 0.7951867
vt 0.14500596 0.79254013
vt 0.16944502 0.7855078
vt 0.18065846 0.78049916
vt 0.1577242 0.7891032
vt 0.19254872 0.7778539
vt 0.11353624 0.8124811
vt 0.09950978 0.82087576
vt 0.12434652 0.81162226
vt 0.13383576 0.8035228
vt 0.1478653 0.80271363
vt 0.12757325 0.8249097
vt 0.10853797 0.840507
vt 0.13933702 0.81886
vt 0.13042943 0.8369023
vt 0.11350324 0.84867424
vt 0.14306226 0.8307178
vt 0.16058548 0.7992762
vt 0.17258026 0.7956768
vt 0.17603797 0.8076211
vt 0.16393387 0.8106107
vt 0.16729076 0.8209118
vt 0.18791373 0.8045335
vt 0.19657668 0.7896846
vt 0.21262425 0.7891352
vt 0.17095298 0.8313871
vt 0.15900621 0.83644706
vt 0.16357273 0.8481352
vt 0.15210193 0.85387313
vt 0.14698327 0.8418736
vt 0.14039207 0.86078143
vt 0.17495677 0.84303164
vt 0.18446839 0.7922452
vt 0.1550815 0.8253455
vt 0.13452832 0.84863096
vt 0.1514709 0.8143296
vt 0.10461281 0.8432989
vt 0.10712852 0.8558501
vt 0.17912586 0.8544783
vt 0.16836302 0.85929585
vt 0.12122702 0.8567062
vt 0.12854645 0.8690922
vt 0.12021302 0.95700747
vt 0.10837326 0.9514921
vt 0.11264643 0.9357208
vt 0.12405218 0.94278413
vt 0.13243228 0.96208215
vt 0.1357784 0.9494084
vt 0.12933873 0.92980224
vt 0.14038329 0.93767166
vt 0.14584276 0.9544608
vt 0.14976026 0.9439522
vt 0.15399848 0.9563554
vt 0.15769581 0.94850606
vt 0.16735628 0.9549992
vt 0.16524647 0.9602975
vt 0.1633715 0.96790576
vt 0.1530876 0.9692128
vt 0.16189916 0.9406958
vt 0.17070821 0.9475233
vt 0.17435336 0.93999785
vt 0.16648495 0.9326928
vt 0.17182285 0.92565405
vt 0.17898932 0.9328596
vt 0.17834744 0.9194074
vt 0.18359739 0.9261676
vt 0.18402873 0.91308594
vt 0.18826927 0.9192821
vt 0.1592146 0.9257419
vt 0.16522625 0.918658
vt 0.19096977 0.9231495
vt 0.14309327 0.9658787
vt 0.1357581 0.9185669
vt 0.12610054 0.9096241
vt 0.1342065 0.8990934
vt 0.14294437 0.9087235
vt 0.15210699 0.9183819
vt 0.15105775 0.9003636
vt 0.12605292 0.88961416
vt 0.11707709 0.90073687
vt 0.13607255 0.88011324
vt 0.117998615 0.8786145
vt 0.14325112 0.890008
vt 0.15418585 0.9343327
vt 0.11887253 0.92169297
vt 0.19359788 0.91922224
vt 0.10906184 0.91339713
vt 0.10196863 0.9278663
vt 0.15982711 0.8932032
vt 0.15282623 0.88221705
vt 0.16295563 0.8755229
vt 0.16921619 0.8869244
vt 0.17337336 0.8700734
vt 0.17928629 0.8815952
vt 0.18376565 0.86566454
vt 0.18953511 0.8781926
vt 0.17631668 0.90074134
vt 0.1856652 0.89122486
vt 0.16730584 0.9047658
vt 0.15744127 0.86503845
vt 0.19026281 0.89761764
vt 0.18483666 0.90188295
vt 0.18028714 0.90802616
vt 0.18821311 0.90043414
vt 0.14663146 0.8719234
vt 0.15908597 0.9108167
vt 0.17368485 0.9129241
vt 0.14620753 0.9272153
vt 0.17020915 0.9137002
vt 0.22022139 0.91347146
vt 0.20110965 0.9272394
vt 0.21582133 0.91242504
vt 0.20343097 0.91580045
vt 0.2314635 0.9145171
vt 0.2351775 0.9174022
vt 0.24116842 0.92402625
vt 0.25284815 0.918726
vt 0.24781369 0.93275166
vt 0.25891194 0.9286337
vt 0.20482461 0.91086197
vt 0.19314086 0.9081338
vt 0.20363526 0.90741456
vt 0.19363634 0.9183781
vt 0.20855273 0.8921572
vt 0.21434325 0.9412032
vt 0.209375 0.94151783
vt 0.22488888 0.934375
vt 0.24776785 0.94151783
vt 0.22759052 0.9411668
vt 0.9299107 0.6933036
vt 0.93893236 0.6933036
vt 0.9374816 0.68850106
vt 0.94598216 0.68801934
vt 0.9365119 0.68526787
vt 0.8897321 0.6999888
vt 0.8891302 0.7004464
vt 0.87366074 0.6999888
vt 0.88292503 0.6924107
vt 0.87032086 0.8658387
vt 0.87723213 0.8613842
vt 0.87723213 0.871875
vt 0.8700893 0.8602679
vt 0.42008927 0.496875
vt 0.42165908 0.4808036
vt 0.42539558 0.49139023
vt 0.42257282 0.4964577
vt 0.43080357 0.496875
vt 0.88348216 0.8486607
vt 0.88348216 0.8584821
vt 0.878125 0.8532243
vt 0.88204765 0.8488507
vt 0.24330357 0.95848215
vt 0.24330357 0.946875
vt 0.23883928 0.954741
vt 0.8683036 0.20937502
vt 0.88616073 0.20937502
vt 0.88198596 0.21089017
vt 0.87809867 0.21205354
vt 0.42723215 0.48169643
vt 0.43560675 0.47901785
vt 0.44330359 0.48063612
vt 0.4273966 0.48063612
vt 0.9200893 0.2049107
vt 0.9200893 0.21562499
vt 0.9245536 0.20735347
vt 0.65580356 0.81294644
vt 0.634375 0.81294644
vt 0.65323836 0.81473213
vt 0.42723215 0.48526788
vt 0.4424107 0.48526788
vt 0.4350745 0.48258924
vt 0.94683814 0.64393234
vt 0.9331835 0.65419906
vt 0.9349928 0.6444575
vt 0.9362202 0.6356941
vt 0.9221344 0.6464012
vt 0.92466605 0.6370024
vt 0.9129204 0.6431225
vt 0.9115226 0.6409892
vt 0.91025364 0.6477681
vt 0.901035 0.64516795
vt 0.9071722 0.653521
vt 0.9034208 0.6428365
vt 0.89537555 0.6453317
vt 0.8945557 0.65365726
vt 0.89572436 0.6346926
vt 0.88544035 0.63181716
vt 0.8902884 0.64665
vt 0.9736607 0.65298265
vt 0.97332853 0.6657087
vt 0.9592319 0.6659541
vt 0.97312033 0.6787112
vt 0.9599487 0.6537175
vt 0.9451132 0.6658409
vt 0.9461599 0.65401274
vt 0.9312576 0.6657505
vt 0.94389397 0.67814773
vt 0.9292125 0.677976
vt 0.91377443 0.6762186
vt 0.9269683 0.68794644
vt 0.9166819 0.6647977
vt 0.8954555 0.6737381
vt 0.9196314 0.6547175
vt 0.8995294 0.6630243
vt 0.89841723 0.6506976
vt 0.8764038 0.6605435
vt 0.8744607 0.643728
vt 0.95857763 0.6786842
vt 0.9112107 0.686535
vt 0.8934285 0.684941
vt 0.8785044 0.6849304
vt 0.87815547 0.673522
vt 0.94916207 0.6223006
vt 0.9611376 0.621875
vt 0.9602067 0.6348316
vt 0.9043729 0.62464035
vt 0.915093 0.6249906
vt 0.8940481 0.62336344
vt 0.883246 0.6226173
vt 0.9480166 0.6349246
vt 0.9592402 0.64387345
vt 0.93769956 0.6233975
vt 0.9262673 0.62435967
vt 0.88117594 0.6389878
vt 0.8874305 0.64025974
vt 0.8789108 0.63230765
vt 0.86844224 0.63290054
vt 0.8808469 0.64059544
vt 0.85491073 0.62187505
vt 0.8556679 0.63164216
vt 0.8549254 0.62206423
vt 0.87723213 0.8075893
vt 0.87723213 0.8254464
vt 0.87901783 0.8087293
vt 0.90848213 0.22991073
vt 0.9111607 0.22719139
vt 0.910011 0.229186
vt 0.90848213 0.22276783
vt 0.22276786 0.959375
vt 0.23080356 0.959375
vt 0.22318912 0.95758927
vt 0.22276786 0.9540179
vt 0.227354 0.9549107
vt 0.234375 0.9540179
vt 0.3174107 0.7745536
vt 0.32544643 0.7745536
vt 0.3198496 0.7736607
vt 0.31651786 0.7736607
vt 0.315625 0.7821262
vt 0.31651786 0.784375
vt 0.8290179 0.3004464
vt 0.837833 0.3124386
vt 0.84241074 0.32032716
vt 0.8290179 0.32544643
vt 0.41919643 0.7870536
vt 0.43974867 0.79051065
vt 0.44419643 0.7870536
vt 0.4251476 0.79151785
vt 0.22991072 0.23348212
vt 0.22991072 0.2226026
vt 0.23340236 0.22376913
vt 0.23561613 0.21205354
vt 0.23794644 0.22543406
vt 0.43705356 0.80223215
vt 0.43966854 0.8049107
vt 0.44508928 0.80223215
vt 0.26651785 0.23794645
vt 0.24955358 0.23794645
vt 0.26529652 0.23883927
vt 0.7433036 0.5764
vt 0.74058425 0.58845127
vt 0.7304373 0.59014523
vt 0.73021793 0.5773153
vt 0.7171281 0.5906528
vt 0.71710616 0.57780206
vt 0.71695167 0.5646136
vt 0.72897464 0.60298645
vt 0.71644217 0.6038928
vt 0.7036522 0.6043879
vt 0.70402026 0.5914167
vt 0.69044304 0.6048496
vt 0.6907546 0.5921146
vt 0.6907267 0.57966286
vt 0.67671525 0.5927609
vt 0.67676437 0.58044577
vt 0.6904541 0.56708264
vt 0.6764888 0.5681836
vt 0.661811 0.56915593
vt 0.6618357 0.5810093
vt 0.66170233 0.5931753
vt 0.64782345 0.58140594
vt 0.6479254 0.5695234
vt 0.67597485 0.55568844
vt 0.6898685 0.5541314
vt 0.7037175 0.5658437
vt 0.7030569 0.55239433
vt 0.6338135 0.58160436
vt 0.6340115 0.56993663
vt 0.68870395 0.5417434
vt 0.67533183 0.5439436
vt 0.7297193 0.56382304
vt 0.7395408 0.56364197
vt 0.674192 0.53215647
vt 0.6870183 0.52920985
vt 0.68437576 0.51728576
vt 0.67238915 0.52139926
vt 0.661418 0.5445072
vt 0.6611239 0.533262
vt 0.6477839 0.54486257
vt 0.64761573 0.53315055
vt 0.6338771 0.54534066
vt 0.6335316 0.5336869
vt 0.64738274 0.52197933
vt 0.63337994 0.52251196
vt 0.6198979 0.5341604
vt 0.6200981 0.52277863
vt 0.6059446 0.533972
vt 0.60668796 0.5216284
vt 0.63362306 0.51319665
vt 0.6351659 0.50079095
vt 0.5922248 0.53361255
vt 0.59268457 0.5210012
vt 0.619779 0.54608184
vt 0.61912525 0.5814756
vt 0.6195037 0.56990695
vt 0.6047324 0.58139145
vt 0.6050313 0.5701033
vt 0.5904583 0.58128166
vt 0.59102726 0.5700512
vt 0.6041841 0.5930652
vt 0.5898693 0.59271663
vt 0.59143525 0.55872387
vt 0.6052818 0.55835074
vt 0.5773977 0.5700881
vt 0.57793325 0.558853
vt 0.56385326 0.5702565
vt 0.5644625 0.5591948
vt 0.5785265 0.546428
vt 0.56525904 0.5466625
vt 0.55115414 0.5591005
vt 0.5520856 0.54680955
vt 0.56317073 0.58099514
vt 0.61859703 0.593468
vt 0.56604964 0.53363365
vt 0.5530272 0.5339351
vt 0.55029327 0.57025176
vt 0.5768586 0.5811033
vt 0.6617098 0.5566281
vt 0.6204983 0.5132205
vt 0.5918419 0.54628587
vt 0.63349634 0.5936053
vt 0.67636496 0.60521203
vt 0.6340847 0.55763775
vt 0.6073465 0.51246655
vt 0.5936556 0.5120994
vt 0.66061413 0.5227702
vt 0.6054276 0.5462022
vt 0.57914644 0.5334345
vt 0.70070857 0.5255293
vt 0.7039976 0.5787157
vt 0.5623212 0.59210235
vt 0.5487197 0.5917187
vt 0.54793113 0.60274965
vt 0.5614344 0.60310745
vt 0.5345719 0.60252756
vt 0.5354185 0.5916387
vt 0.52124244 0.60238135
vt 0.52220774 0.5915315
vt 0.53624564 0.58078337
vt 0.5230999 0.5806511
vt 0.50758344 0.60223085
vt 0.5085204 0.5911729
vt 0.49413595 0.602027
vt 0.4949537 0.5909931
vt 0.495818 0.5798659
vt 0.4811718 0.59068084
vt 0.48195446 0.57949156
vt 0.46826443 0.5793357
vt 0.46758217 0.5902838
vt 0.46689114 0.60118234
vt 0.4828071 0.56897086
vt 0.46893167 0.56857216
vt 0.48370677 0.5584503
vt 0.46977147 0.55766326
vt 0.4555095 0.5684517
vt 0.45626903 0.55727285
vt 0.44215283 0.5572608
vt 0.4413113 0.5680709
vt 0.42770284 0.5570339
vt 0.4267781 0.5677942
vt 0.426034 0.5782884
vt 0.42881683 0.5459458
vt 0.44302326 0.54576653
vt 0.44404182 0.53436625
vt 0.43019566 0.5349412
vt 0.44545826 0.5214995
vt 0.43172327 0.5235614
vt 0.45791772 0.5344069
vt 0.45857507 0.52145535
vt 0.41588446 0.53471136
vt 0.4173931 0.5245633
vt 0.41915655 0.51603264
vt 0.4352807 0.50639755
vt 0.40294 0.51189184
vt 0.4590706 0.50836706
vt 0.4712732 0.5075006
vt 0.47177112 0.5216884
vt 0.48541498 0.5234699
vt 0.48459288 0.51263165
vt 0.48524562 0.5357679
vt 0.4999089 0.52401257
vt 0.5004428 0.51237977
vt 0.49923575 0.5361752
vt 0.40167245 0.52299774
vt 0.40075365 0.5336799
vt 0.39992067 0.54472715
vt 0.38483363 0.54379493
vt 0.38531846 0.5322797
vt 0.37071374 0.5302695
vt 0.370129 0.54255414
vt 0.38426667 0.55502903
vt 0.36944538 0.554107
vt 0.3687053 0.56524336
vt 0.38350314 0.5656466
vt 0.3543061 0.56428766
vt 0.35517097 0.5529396
vt 0.3534053 0.5753883
vt 0.33904445 0.5744772
vt 0.36804968 0.57607555
vt 0.38274825 0.5765431
vt 0.34008753 0.5632415
vt 0.3410571 0.5517507
vt 0.3378694 0.5857096
vt 0.35254192 0.58666533
vt 0.3230107 0.5844246
vt 0.3366136 0.59694827
vt 0.35166895 0.597899
vt 0.3219619 0.5961631
vt 0.37121004 0.5171379
vt 0.3990518 0.5560834
vt 0.35679975 0.5279687
vt 0.35715935 0.51371866
vt 0.34437582 0.50995606
vt 0.3432524 0.52609307
vt 0.33136022 0.51181436
vt 0.32941 0.5254368
vt 0.3277564 0.5387544
vt 0.34207085 0.53981304
vt 0.3148798 0.52510697
vt 0.31287736 0.53784704
vt 0.3264577 0.5509658
vt 0.31140712 0.5502084
vt 0.2976478 0.5362951
vt 0.29615504 0.54863936
vt 0.2991902 0.52382016
vt 0.28131506 0.54668164
vt 0.28264734 0.53403836
vt 0.2950122 0.5600597
vt 0.28000915 0.558881
vt 0.31849736 0.51249605
vt 0.27884686 0.5703458
vt 0.29402837 0.5711003
vt 0.27801606 0.5814807
vt 0.29305294 0.58253354
vt 0.3091142 0.57200456
vt 0.30810574 0.5834816
vt 0.2652315 0.55717856
vt 0.2666519 0.544426
vt 0.29202166 0.59438753
vt 0.27696577 0.593179
vt 0.35658276 0.5005729
vt 0.37141556 0.50417817
vt 0.38678628 0.50753814
vt 0.34467554 0.5037735
vt 0.3444152 0.4977566
vt 0.30718198 0.59525335
vt 0.26386473 0.5690021
vt 0.3102169 0.56113577
vt 0.25173694 0.542084
vt 0.25010225 0.55522627
vt 0.26819497 0.53130746
vt 0.44701058 0.5065885
vt 0.23451397 0.55326277
vt 0.23609424 0.53995717
vt 0.219327 0.55242866
vt 0.22057503 0.53917766
vt 0.22207223 0.5239299
vt 0.23765321 0.52466464
vt 0.20766503 0.5241162
vt 0.21006407 0.5086784
vt 0.19593471 0.50915504
vt 0.1934724 0.5239819
vt 0.1913707 0.53813344
vt 0.17783102 0.5384341
vt 0.17977183 0.5239598
vt 0.16675285 0.52450037
vt 0.1650069 0.53993595
vt 0.16388936 0.5539656
vt 0.17652524 0.5526293
vt 0.17583632 0.5655941
vt 0.16412373 0.5670009
vt 0.15413679 0.5572156
vt 0.15386903 0.5686566
vt 0.1686741 0.5089055
vt 0.15815124 0.5074711
vt 0.15476614 0.52646244
vt 0.15111732 0.50513
vt 0.14605655 0.5338628
vt 0.13710482 0.5276476
vt 0.1365436 0.5386527
vt 0.12781544 0.53949124
vt 0.12861179 0.51799405
vt 0.14762089 0.54731995
vt 0.13940701 0.55425435
vt 0.11788791 0.5388918
vt 0.1178444 0.5178267
vt 0.1179051 0.56288457
vt 0.13284624 0.56154776
vt 0.108416885 0.538201
vt 0.10761893 0.5175875
vt 0.09766592 0.5372076
vt 0.09744835 0.51814705
vt 0.09754829 0.5558973
vt 0.08572322 0.5364102
vt 0.08544195 0.51804835
vt 0.073723786 0.535603
vt 0.07341426 0.518085
vt 0.085394315 0.5540673
vt 0.07342819 0.55257577
vt 0.07247711 0.500531
vt 0.08495358 0.49997598
vt 0.10800161 0.559736
vt 0.09682735 0.49984384
vt 0.10701371 0.49847424
vt 0.15386128 0.54262036
vt 0.47145757 0.5348951
vt 0.2626416 0.58046234
vt 0.26143885 0.5918417
vt 0.38598228 0.5200618
vt 0.4145652 0.5455077
vt 0.23305331 0.56587124
vt 0.21797022 0.5652751
vt 0.20257147 0.56495696
vt 0.20389329 0.55205905
vt 0.18872303 0.56510174
vt 0.2016882 0.5774494
vt 0.18794055 0.5776542
vt 0.41271022 0.5674642
vt 0.41191226 0.5779161
vt 0.16338105 0.57895374
vt 0.15419939 0.5803116
vt 0.20559128 0.53866565
vt 0.18191063 0.509105
vt 0.18983133 0.5520297
vt 0.4405212 0.57865787
vt 0.4976443 0.55879897
vt 0.21687797 0.57737845
vt 0.23178294 0.57777965
vt 0.2234803 0.5071233
vt 0.23490478 0.503033
vt 0.45476165 0.57906824
vt 0.45393687 0.58984363
vt 0.1488521 0.5703511
vt 0.49677777 0.56931543
vt 0.50950146 0.58025753
vt 0.4803614 0.6016144
vt 0.14198057 0.51104766
vt 0.7160784 0.5509661
vt 0.7019879 0.53921854
vt 0.71509993 0.5371388
vt 0.5494845 0.58076435
vt 0.5371075 0.5701556
vt 0.5380324 0.55904245
vt 0.325312 0.5622547
vt 0.35601133 0.54108185
vt 0.6196871 0.5580993
vt 0.5892709 0.60420465
vt 0.57548344 0.60382557
vt 0.4706737 0.54655486
vt 0.48456502 0.5474423
vt 0.24538139 0.50072694
vt 0.2699377 0.5183146
vt 0.24741074 0.49955487
vt 0.24259925 0.48676252
vt 0.2623969 0.49704278
vt 0.26003763 0.5099543
vt 0.51466775 0.5228
vt 0.5169516 0.5106478
vt 0.53393906 0.5097777
vt 0.5290406 0.52116555
vt 0.541694 0.52131
vt 0.5271001 0.53485036
vt 0.54023904 0.53435534
vt 0.5259366 0.54735535
vt 0.51237607 0.54776263
vt 0.52500266 0.55914253
vt 0.51336235 0.535666
vt 0.25454685 0.5274378
vt 0.5762474 0.592475
vt 0.6329055 0.6057075
vt 0.6180067 0.60530543
vt 0.64731 0.60580355
vt 0.5540069 0.52138007
vt 0.566741 0.5206078
vt 0.39812818 0.5667294
vt 0.38203776 0.5878302
vt 0.6034645 0.60458964
vt 0.49846247 0.5479892
vt 0.216082 0.5893343
vt 0.23046093 0.58937824
vt 0.30096442 0.5116301
vt 0.36725557 0.5873022
vt 0.45706588 0.5458053
vt 0.14521967 0.49200934
vt 0.13218002 0.49534148
vt 0.1339765 0.47890556
vt 0.14513561 0.47801435
vt 0.1347105 0.46278715
vt 0.14542449 0.46296144
vt 0.12222818 0.46228135
vt 0.12113917 0.47890294
vt 0.10962542 0.47834194
vt 0.11016188 0.46116072
vt 0.6479058 0.557114
vt 0.41114923 0.5886296
vt 0.4252882 0.5890473
vt 0.39638004 0.58831275
vt 0.42473269 0.5997699
vt 0.4104874 0.5995474
vt 0.39720085 0.57725656
vt 0.2837986 0.5215752
vt 0.28430644 0.5100274
vt 0.2715156 0.50670207
vt 0.41355103 0.5566718
vt 0.43971333 0.5893691
vt 0.43903658 0.5999049
vt 0.45321962 0.6005236
vt 0.20121455 0.5898903
vt 0.18737467 0.59000915
vt 0.51149315 0.55917954
vt 0.24839984 0.5673194
vt 0.24685985 0.5789278
vt 0.24549763 0.59023124
vt 0.17513461 0.57817584
vt 0.71438235 0.5227187
vt 0.72766393 0.5355617
vt 0.72736865 0.52066225
vt 0.51052743 0.5698263
vt 0.57996696 0.5210284
vt 0.5831564 0.51154095
vt 0.53906566 0.5469993
vt 0.52400684 0.5700562
vt 0.3241289 0.5730397
vt 0.07235047 0.5686958
vt 0.0843618 0.5706482
vt 0.070202835 0.58421296
vt 0.08213847 0.5866889
vt 0.067410715 0.5993734
vt 0.07921002 0.6024645
vt 0.09458946 0.5896519
vt 0.09108039 0.60580355
vt 0.661514 0.60562646
vt 0.738784 0.54964554
vt 0.6475945 0.5934877
vt 0.09447193 0.48266363
vt 0.119087085 0.49693882
vt 0.72883147 0.5500335
vt 0.09710887 0.5729363
vt 0.10650679 0.57552236
vt 0.08333352 0.48343372
vt 0.14232902 0.57985467
vt 0.14030933 0.58682305
vt 0.1743785 0.59056586
vt 0.16172051 0.5910178
vt 0.11762708 0.57709664
vt 0.1294041 0.57442147
vt 0.14784233 0.5597617
vt 0.14356518 0.56883967
vt 0.1054127 0.5910216
vt 0.7378426 0.5350302
vt 0.871875 0.6620536
vt 0.87098217 0.6617474
vt 0.871875 0.64508927
vt 0.8700893 0.64508927
vt 0.8700893 0.6620536
vt 0.8691964 0.64539546
vt 0.00044642857 0.21353298
vt 0.012675149 0.21395117
vt 0.014564241 0.23269486
vt 0.0020608085 0.23065972
vt 0.014206532 0.25066507
vt 0.001814924 0.24730581
vt 0.02887099 0.23526376
vt 0.025784465 0.21488619
vt 0.028132575 0.2545668
vt 0.04620105 0.24231291
vt 0.039026204 0.21602756
vt 0.03951645 0.2620008
vt 0.046491623 0.26837254
vt 0.051295906 0.24175018
vt 0.053368323 0.26131952
vt 0.054220144 0.27320045
vt 0.06727235 0.26484108
vt 0.06770941 0.26348186
vt 0.06796145 0.27692735
vt 0.06837741 0.27275324
vt 0.053262983 0.2831121
vt 0.06334637 0.28465915
vt 0.061073247 0.29373956
vt 0.0518116 0.2942301
vt 0.06579514 0.24146444
vt 0.07619378 0.23832995
vt 0.07564637 0.25381494
vt 0.08423151 0.24644321
vt 0.08452149 0.23730081
vt 0.07633438 0.22422916
vt 0.0667299 0.223521
vt 0.065605 0.20934594
vt 0.077012904 0.21089697
vt 0.054879487 0.199637
vt 0.08395184 0.21154195
vt 0.056030165 0.22223741
vt 0.045590155 0.21943974
vt 0.04517724 0.19508928
vt 0.07158416 0.28641605
vt 0.07411641 0.2770692
vt 0.069141716 0.2971568
vt 0.08224869 0.29880047
vt 0.06208905 0.3206476
vt 0.07297287 0.31841594
vt 0.0849738 0.31367326
vt 0.07855312 0.3352679
vt 0.07569346 0.3344978
vt 0.053773936 0.33463478
vt 0.08169299 0.2869951
vt 0.08312896 0.2769879
vt 0.057183076 0.24253196
vt 0.03632371 0.27649832
vt 0.052135523 0.32126778
vt 0.044941984 0.2813605
vt 0.08449669 0.22459215
vt 0.02506305 0.27155554
vt 0.012356077 0.2673427
vt 0.022053909 0.28642786
vt 0.0096909115 0.28286636
vt 0.018622644 0.30098927
vt 0.0065572467 0.29770768
vt 0.030882807 0.3040458
vt 0.02801105 0.31803513
vt 0.01550985 0.3158908
vt 0.03800801 0.31710368
vt 0.040296827 0.30807352
vt 0.093710326 0.2241925
vt 0.09303142 0.21233213
vt 0.09441665 0.28945005
vt 0.09258346 0.27786124
vt 0.09237518 0.26596385
vt 0.084137455 0.2657045
vt 0.10157792 0.27979684
vt 0.101473294 0.26713866
vt 0.11195684 0.2807907
vt 0.11213357 0.26811922
vt 0.11187041 0.25533473
vt 0.10015226 0.25410986
vt 0.111347415 0.24279213
vt 0.096577615 0.23899215
vt 0.096041545 0.22971165
vt 0.11090764 0.23035634
vt 0.124545395 0.25638247
vt 0.12427177 0.26905304
vt 0.12496861 0.2438358
vt 0.13794616 0.25749958
vt 0.1373411 0.26999235
vt 0.13885438 0.24487484
vt 0.15126027 0.27085292
vt 0.15171722 0.2584474
vt 0.15097542 0.28290212
vt 0.1654007 0.25873762
vt 0.16539465 0.27120388
vt 0.13698174 0.28225482
vt 0.17948173 0.27069014
vt 0.17917834 0.25838804
vt 0.17985415 0.28255057
vt 0.17904925 0.24604326
vt 0.16553323 0.24610972
vt 0.19330902 0.2575165
vt 0.19307229 0.24510098
vt 0.20779544 0.2564268
vt 0.20756912 0.243774
vt 0.2215205 0.24291807
vt 0.22166726 0.25571454
vt 0.2218156 0.2683146
vt 0.20807184 0.26887572
vt 0.23556845 0.2676894
vt 0.23521924 0.25522864
vt 0.23597609 0.27971518
vt 0.22202867 0.28037345
vt 0.2500152 0.27889907
vt 0.2495121 0.26655948
vt 0.2504831 0.2904364
vt 0.23629504 0.2911693
vt 0.25085437 0.30187845
vt 0.23684731 0.30274576
vt 0.23742557 0.31440735
vt 0.25125837 0.31353867
vt 0.22266671 0.30370665
vt 0.22311385 0.3153062
vt 0.20892683 0.3044604
vt 0.20946972 0.31618124
vt 0.19532591 0.31675518
vt 0.19494732 0.30520868
vt 0.19453305 0.29341328
vt 0.20850645 0.29257917
vt 0.1801784 0.29410708
vt 0.194116 0.2815262
vt 0.18055703 0.30605137
vt 0.18122433 0.3173939
vt 0.26393357 0.28947437
vt 0.26340464 0.27783322
vt 0.27729395 0.2884276
vt 0.27700245 0.2770108
vt 0.29128343 0.28742683
vt 0.29055122 0.2760899
vt 0.2899547 0.26400954
vt 0.27667382 0.26519275
vt 0.30409205 0.2744794
vt 0.30323702 0.26272178
vt 0.27617553 0.2524804
vt 0.28939357 0.2511902
vt 0.31715465 0.2732553
vt 0.31650618 0.26137924
vt 0.33067402 0.27242666
vt 0.32996777 0.2606423
vt 0.31568947 0.24884564
vt 0.32904732 0.24808198
vt 0.31463128 0.23478603
vt 0.32796526 0.23460376
vt 0.34180054 0.23424459
vt 0.342836 0.24709243
vt 0.32680988 0.22093195
vt 0.34090996 0.22096628
vt 0.35745528 0.24608874
vt 0.3566532 0.23348212
vt 0.37207937 0.23272693
vt 0.37267852 0.24515301
vt 0.3870197 0.2319724
vt 0.38759083 0.24436033
vt 0.37315172 0.25705838
vt 0.38816515 0.25647283
vt 0.3737288 0.26934254
vt 0.38868326 0.26834053
vt 0.40307528 0.25537395
vt 0.40349105 0.2674775
vt 0.40385646 0.27910125
vt 0.3892006 0.27989233
vt 0.40420008 0.29067886
vt 0.38957322 0.29141802
vt 0.41858846 0.28993702
vt 0.41826358 0.27857125
vt 0.4333784 0.28912818
vt 0.4329295 0.27800024
vt 0.44785303 0.28848588
vt 0.44764057 0.27733064
vt 0.43385336 0.30038488
vt 0.44826546 0.29961908
vt 0.41901 0.3014294
vt 0.4326588 0.26674217
vt 0.4476037 0.26643533
vt 0.4620783 0.266266
vt 0.44752207 0.2550403
vt 0.4326742 0.25475788
vt 0.44777283 0.24346697
vt 0.43297082 0.24283183
vt 0.44805 0.23130232
vt 0.43339297 0.2309354
vt 0.4621592 0.24364287
vt 0.46209106 0.2314108
vt 0.47638273 0.231089
vt 0.47642773 0.24323785
vt 0.4907886 0.24236369
vt 0.49149823 0.22989172
vt 0.490575 0.2543189
vt 0.50469893 0.24116278
vt 0.5043471 0.2534756
vt 0.50421137 0.26496047
vt 0.49052757 0.26548433
vt 0.50411767 0.27554607
vt 0.4905917 0.27627075
vt 0.5179471 0.27511466
vt 0.47642162 0.27663445
vt 0.47644556 0.26604897
vt 0.50422573 0.28657734
vt 0.49074292 0.2872001
vt 0.47651237 0.28746593
vt 0.5179789 0.26422942
vt 0.5177824 0.2859745
vt 0.51791674 0.25221938
vt 0.51795864 0.23969132
vt 0.47646746 0.25498742
vt 0.49369326 0.21836871
vt 0.47584698 0.21927494
vt 0.5081156 0.21656919
vt 0.4482001 0.21886313
vt 0.4618048 0.21890247
vt 0.41792864 0.2428391
vt 0.4178158 0.23107076
vt 0.41797712 0.25474685
vt 0.4621121 0.25515354
vt 0.40240172 0.23122
vt 0.4021071 0.21898347
vt 0.41770926 0.21859539
vt 0.38675624 0.21926475
vt 0.43352327 0.21875292
vt 0.5313006 0.250394
vt 0.53092116 0.23779076
vt 0.51810664 0.22701466
vt 0.53047466 0.22421032
vt 0.544441 0.23537791
vt 0.54492843 0.24818957
vt 0.54534006 0.2609421
vt 0.5185438 0.21456265
vt 0.5278498 0.21376312
vt 0.54383504 0.20972693
vt 0.55904865 0.2462244
vt 0.5588439 0.23309797
vt 0.5593936 0.25921297
vt 0.5589655 0.22028607
vt 0.5743374 0.21679598
vt 0.57359785 0.23106611
vt 0.5869288 0.20940876
vt 0.5881917 0.22907335
vt 0.6010109 0.22971678
vt 0.5993438 0.21381408
vt 0.58793783 0.24382013
vt 0.6018279 0.2438618
vt 0.5881925 0.2569058
vt 0.60225207 0.2567894
vt 0.6025258 0.26952142
vt 0.5884083 0.26987886
vt 0.60274273 0.28173733
vt 0.58855903 0.28216863
vt 0.5886431 0.2938403
vt 0.6028121 0.29343748
vt 0.5743071 0.28270745
vt 0.5743274 0.29431903
vt 0.58871025 0.30491054
vt 0.5742952 0.3054433
vt 0.5599582 0.29493952
vt 0.5600672 0.30595028
vt 0.54589653 0.30667228
vt 0.54584706 0.2957505
vt 0.54581755 0.28445745
vt 0.6174235 0.29336882
vt 0.531947 0.3075081
vt 0.53185064 0.29629588
vt 0.6173282 0.28142822
vt 0.5742185 0.27052718
vt 0.5179101 0.30812055
vt 0.55973464 0.2834949
vt 0.61715966 0.26937962
vt 0.60270375 0.30446696
vt 0.61717767 0.3046285
vt 0.6166351 0.25702417
vt 0.615796 0.24405938
vt 0.61453193 0.23067248
vt 0.5746064 0.20747876
vt 0.55916166 0.20852596
vt 0.5737092 0.24468899
vt 0.6310462 0.293517
vt 0.5056184 0.22849566
vt 0.54385275 0.22228277
vt 0.6309039 0.30507797
vt 0.5316417 0.2627889
vt 0.5595589 0.2716226
vt 0.5319072 0.2741899
vt 0.47675982 0.2987033
vt 0.49101093 0.29830402
vt 0.4912904 0.30949432
vt 0.47703323 0.30975342
vt 0.4624026 0.2878605
vt 0.57395726 0.25769264
vt 0.46223292 0.2769013
vt 0.40455806 0.30231875
vt 0.38986006 0.30296063
vt 0.41807008 0.26699483
vt 0.3592819 0.27038598
vt 0.37155724 0.21996129
vt 0.35593587 0.22047478
vt 0.35843128 0.25815636
vt 0.40257242 0.24332315
vt 0.37427402 0.28078365
vt 0.37480742 0.2922808
vt 0.3599232 0.2817682
vt 0.31393382 0.21949756
vt 0.3016751 0.23605406
vt 0.29193187 0.29882258
vt 0.2778573 0.3000009
vt 0.30548963 0.29753673
vt 0.27555203 0.2394175
vt 0.28875786 0.23804343
vt 0.40490195 0.31363797
vt 0.39010647 0.3142538
vt 0.37528473 0.30391955
vt 0.30487022 0.28594983
vt 0.31782055 0.28474498
vt 0.3438417 0.2594608
vt 0.292398 0.3101378
vt 0.2784821 0.31135064
vt 0.2927352 0.32152653
vt 0.27914473 0.32285494
vt 0.26271716 0.25343156
vt 0.26219276 0.2405752
vt 0.3063798 0.32077706
vt 0.37571052 0.3153035
vt 0.36085525 0.3050034
vt 0.36110574 0.31624115
vt 0.34614548 0.30559134
vt 0.34650972 0.31711102
vt 0.34581026 0.29413176
vt 0.33231977 0.3066635
vt 0.33284712 0.31827343
vt 0.31917828 0.30798197
vt 0.31968588 0.31968623
vt 0.33178222 0.29508054
vt 0.30253237 0.24992287
vt 0.3060446 0.3091634
vt 0.41955262 0.31272137
vt 0.43442768 0.31149495
vt 0.44869947 0.31067002
vt 0.33125356 0.28375864
vt 0.34461468 0.27159762
vt 0.36042732 0.29328912
vt 0.46275035 0.2989707
vt 0.50442386 0.29771686
vt 0.5047134 0.3090523
vt 0.2644318 0.30108547
vt 0.2648875 0.31255698
vt 0.26299733 0.26571268
vt 0.22232589 0.29197454
vt 0.23494987 0.24248016
vt 0.16548784 0.28306305
vt 0.19370466 0.26971596
vt 0.16600806 0.30656874
vt 0.16645312 0.31832743
vt 0.15093945 0.30674827
vt 0.15143602 0.3186723
vt 0.13686807 0.30638707
vt 0.13724817 0.31875575
vt 0.1367764 0.29388344
vt 0.12387445 0.30587232
vt 0.12421047 0.31841004
vt 0.11138954 0.31759894
vt 0.111432865 0.3049358
vt 0.0994903 0.30343884
vt 0.09919793 0.31605804
vt 0.09935701 0.32908475
vt 0.11167543 0.33117878
vt 0.11159908 0.292529
vt 0.1238351 0.29331577
vt 0.15087673 0.2946341
vt 0.15228614 0.24566132
vt 0.63085383 0.26936674
vt 0.6303513 0.25682533
vt 0.64372057 0.26945913
vt 0.6434638 0.2568243
vt 0.6437106 0.28162658
vt 0.65548295 0.28199553
vt 0.6553016 0.2942984
vt 0.6660618 0.28252244
vt 0.66594017 0.29513645
vt 0.6660763 0.30751407
vt 0.65518045 0.30630314
vt 0.6426969 0.24369895
vt 0.65532595 0.24388981
vt 0.65631115 0.25697756
vt 0.64164925 0.23081791
vt 0.65414 0.23083359
vt 0.6282463 0.23093241
vt 0.6647628 0.2313956
vt 0.66647506 0.24432862
vt 0.67209953 0.2323755
vt 0.6727981 0.24458617
vt 0.68383545 0.24505591
vt 0.6839358 0.23420686
vt 0.69498485 0.24129415
vt 0.6955289 0.24684244
vt 0.6843397 0.25767773
vt 0.6775238 0.2577461
vt 0.6966183 0.25657225
vt 0.67434484 0.29586983
vt 0.67429405 0.28335142
vt 0.67593294 0.2713498
vt 0.6679417 0.27001047
vt 0.68094265 0.29651338
vt 0.68136823 0.28385782
vt 0.6873452 0.29792297
vt 0.68800133 0.28410006
vt 0.6561087 0.2696041
vt 0.6436088 0.29377496
vt 0.64345646 0.305493
vt 0.6295092 0.24381632
vt 0.124024905 0.2814672
vt 0.07470185 0.2686062
vt 0.10087416 0.29151905
vt 0.09148652 0.25229025
vt 0.54566365 0.27294856
vt 0.24897504 0.2543372
vt 0.24846698 0.2416631
vt 0.63105196 0.28147697
vt 0.517848 0.29693747
vt 0.53192514 0.28525835
vt 0.34524694 0.2830733
vt 0.092921555 0.23758614
vt 0.3185295 0.29634857
vt 0.46312702 0.30990458
vt 0.04273889 0.2950889
vt 0.67037183 0.25720322
vt 0.6823594 0.2712009
vt 0.2082543 0.28089523
vt 0.703508 0.24433535
vt 0.7079273 0.24996376
vt 0.71104956 0.2585495
vt 0.7120981 0.25918257
vt 0.7140768 0.24049896
vt 0.7252893 0.25319785
vt 0.7216743 0.27834463
vt 0.7073725 0.2826494
vt 0.7364151 0.2735083
vt 0.7399225 0.25086546
vt 0.75401783 0.25297862
vt 0.7519359 0.27235377
vt 0.7516899 0.29071796
vt 0.73605144 0.29272985
vt 0.72226584 0.2985505
vt 0.7332043 0.22283703
vt 0.7450883 0.22922033
vt 0.7375889 0.20579612
vt 0.7493243 0.21086782
vt 0.72793823 0.19996476
vt 0.72449857 0.21474355
vt 0.7209984 0.19508928
vt 0.71751374 0.20819676
vt 0.7147004 0.2223301
vt 0.7211065 0.23154092
vt 0.71448636 0.23593098
vt 0.714299 0.23371577
vt 0.7136443 0.23956335
vt 0.71309334 0.23211002
vt 0.16558522 0.294685
vt 0.7088649 0.2999568
vt 0.090131 0.3005979
vt 0.085639246 0.3131836
vt 0.6959772 0.2691
vt 0.033457894 0.29042602
vt 0.23080356 0.9435961
vt 0.21919642 0.9447379
vt 0.22289805 0.9433036
vt 0.21935935 0.9513393
vt 0.22683449 0.9513393
vt 0.39961073 0.81987566
vt 0.4002274 0.8202796
vt 0.3987828 0.8361544
vt 0.3925997 0.82676893
vt 0.40079597 0.8207113
vt 0.3963422 0.8449266
vt 0.38929468 0.8372081
vt 0.4093719 0.81998986
vt 0.4111607 0.82787746
vt 0.4097566 0.8391323
vt 0.3850897 0.844208
vt 0.39001134 0.8544286
vt 0.3818419 0.84897554
vt 0.3814888 0.84797806
vt 0.38159597 0.86223596
vt 0.37856534 0.85173357
vt 0.38152647 0.8305873
vt 0.37620357 0.8385782
vt 0.368388 0.8329852
vt 0.37501645 0.82395244
vt 0.361393 0.8273713
vt 0.35241848 0.8357642
vt 0.3697051 0.8172496
vt 0.37890068 0.80699366
vt 0.3816909 0.8136576
vt 0.3640777 0.8107513
vt 0.3739422 0.7998082
vt 0.38247097 0.7889958
vt 0.3879677 0.79736805
vt 0.3547969 0.8207567
vt 0.3750526 0.7821499
vt 0.36763352 0.794198
vt 0.36630073 0.7768622
vt 0.36031184 0.79162914
vt 0.35038695 0.7996276
vt 0.35760045 0.80506736
vt 0.353353 0.79250246
vt 0.35640857 0.7741382
vt 0.34513706 0.78782123
vt 0.3604233 0.84002537
vt 0.3512908 0.84652245
vt 0.343673 0.84440106
vt 0.34501225 0.8308999
vt 0.33828193 0.82384557
vt 0.38865238 0.77891517
vt 0.38032526 0.77196324
vt 0.3358873 0.84100384
vt 0.3294251 0.83601785
vt 0.32182202 0.8467514
vt 0.3844788 0.7640273
vt 0.39366016 0.77097505
vt 0.37173626 0.86604387
vt 0.3700643 0.85585755
vt 0.36424655 0.85795844
vt 0.36047453 0.8691964
vt 0.3559416 0.8591809
vt 0.36008886 0.85667187
vt 0.39625078 0.7896009
vt 0.4023035 0.7791139
vt 0.38882282 0.75695705
vt 0.3836804 0.8193668
vt 0.32293686 0.8322461
vt 0.33222497 0.81440544
vt 0.31590557 0.84209174
vt 0.35947022 0.76306623
vt 0.37411276 0.7581286
vt 0.34313905 0.8564703
vt 0.33585265 0.8540518
vt 0.36898714 0.84493613
vt 0.37035954 0.7664645
vt 0.40003183 0.8155585
vt 0.40939793 0.81357926
vt 0.33326912 0.7879898
vt 0.3285742 0.85110605
vt 0.3356955 0.7738692
vt 0.34609815 0.77296394
vt 0.3479607 0.76166236
vt 0.34067118 0.8038009
vt 0.32856888 0.7984048
vt 0.3207786 0.81602633
vt 0.32612082 0.7775367
vt 0.31073332 0.7954344
vt 0.34780768 0.813384
vt 0.31407145 0.8344328
vt 0.40155283 0.7865828
vt 0.39938432 0.7972786
vt 0.40219858 0.8148942
vt 0.4111607 0.80265224
vt 0.39899614 0.7633194
vt 0.40729392 0.7718715
vt 0.33668295 0.7619658
vt 0.31205544 0.8306575
vt 0.309375 0.79986054
vt 0.36268964 0.7536796
vt 0.35031405 0.7519998
vt 0.3383916 0.75141156
vt 0.36132053 0.84952676
vt 0.3925748 0.8094266
vt 0.32638773 0.7638221
vt 0.32733038 0.75133926
vt 0.31811967 0.75523984
vt 0.31775796 0.7679737
vt 0.34804335 0.8583872
vt 0.40626737 0.8548799
vt 0.31205356 0.771875
vt 0.32298443 0.77008927
vt 0.328125 0.771875
vt 0.31205356 0.7745536
vt 0.31473213 0.7787273
vt 0.31205356 0.78348213
vt 0.8691964 0.67544645
vt 0.8691964 0.6816964
vt 0.8683036 0.6761273
vt 0.7048256 0.20352179
vt 0.7042237 0.21457165
vt 0.6913737 0.2120769
vt 0.69151783 0.19893885
vt 0.704791 0.19699144
vt 0.6905419 0.1836716
vt 0.6783787 0.18209249
vt 0.679122 0.19656551
vt 0.6655059 0.18096489
vt 0.666255 0.19517696
vt 0.67927265 0.21026409
vt 0.6663966 0.20858824
vt 0.6532864 0.20725775
vt 0.6530371 0.19424027
vt 0.6387362 0.19382906
vt 0.63898546 0.20644742
vt 0.6383031 0.18039495
vt 0.6237836 0.19370067
vt 0.6238381 0.20579189
vt 0.6237161 0.18045843
vt 0.6089089 0.20575571
vt 0.60895103 0.19314629
vt 0.5948554 0.19275302
vt 0.59466964 0.20545095
vt 0.5948369 0.17999572
vt 0.5804461 0.17932248
vt 0.5804831 0.1656425
vt 0.5947201 0.16683573
vt 0.580399 0.1516828
vt 0.59448344 0.15331388
vt 0.6090053 0.16727084
vt 0.60963386 0.15183842
vt 0.58043444 0.19262296
vt 0.5803895 0.20506847
vt 0.60441685 0.14237976
vt 0.5920354 0.14135176
vt 0.56631655 0.16531324
vt 0.62434113 0.13732994
vt 0.6083226 0.13199937
vt 0.63487595 0.12706763
vt 0.6082405 0.121453285
vt 0.6065608 0.109730005
vt 0.62419575 0.11132842
vt 0.5900259 0.10830963
vt 0.59131366 0.11926252
vt 0.6201882 0.10029507
vt 0.6042094 0.09784347
vt 0.6016691 0.084952295
vt 0.61776316 0.087198615
vt 0.6342023 0.10289639
vt 0.6328488 0.08914
vt 0.6466515 0.10382551
vt 0.64674085 0.09098709
vt 0.5869755 0.08316368
vt 0.5842655 0.06843436
vt 0.59257835 0.1303556
vt 0.5938364 0.1405232
vt 0.6154593 0.07418436
vt 0.56611925 0.15118581
vt 0.6395676 0.14606094
vt 0.6416513 0.13116044
vt 0.65195584 0.14984334
vt 0.65197635 0.13476795
vt 0.65234655 0.16524655
vt 0.6380701 0.16331017
vt 0.6649763 0.15233606
vt 0.6647176 0.1377241
vt 0.5713535 0.067252755
vt 0.57331496 0.08139348
vt 0.5746356 0.09382826
vt 0.5600371 0.06713289
vt 0.56062424 0.080622435
vt 0.5615404 0.09327811
vt 0.57818747 0.04708028
vt 0.5682292 0.05151713
vt 0.559123 0.05304563
vt 0.5758459 0.10705656
vt 0.6375145 0.11536324
vt 0.63189244 0.07664549
vt 0.6472151 0.07891506
vt 0.5885314 0.09604788
vt 0.59787875 0.07078135
vt 0.59382534 0.054338694
vt 0.6598037 0.10519928
vt 0.66001254 0.11901963
vt 0.6729332 0.1200794
vt 0.6724628 0.10646576
vt 0.6724951 0.09354854
vt 0.6841581 0.09408516
vt 0.68424886 0.10712445
vt 0.69456017 0.10665071
vt 0.69405687 0.09381217
vt 0.68514055 0.081851006
vt 0.69608206 0.08192265
vt 0.6729715 0.08121014
vt 0.6850907 0.12085658
vt 0.67371017 0.13460994
vt 0.70071447 0.09296095
vt 0.7057221 0.0800184
vt 0.7053541 0.06930882
vt 0.6871945 0.06976628
vt 0.7111607 0.067753375
vt 0.68918157 0.16885543
vt 0.67705154 0.16762662
vt 0.6875639 0.15382862
vt 0.66467613 0.16683662
vt 0.6608537 0.080703914
vt 0.5665972 0.20502448
vt 0.5665213 0.19256872
vt 0.5521831 0.1924746
vt 0.5521313 0.20496976
vt 0.53823465 0.19285178
vt 0.5381495 0.20508087
vt 0.52434486 0.1932494
vt 0.5243522 0.20509583
vt 0.5104894 0.1937381
vt 0.51059717 0.2053653
vt 0.51047075 0.18109602
vt 0.496731 0.19420266
vt 0.4968695 0.18164438
vt 0.4832991 0.18206882
vt 0.48294613 0.19408172
vt 0.46965066 0.1943115
vt 0.46990633 0.1821993
vt 0.45656353 0.18255389
vt 0.45632046 0.19483727
vt 0.4569939 0.1708917
vt 0.44328696 0.17104477
vt 0.4428287 0.18285441
vt 0.4438049 0.15940827
vt 0.45749903 0.15884656
vt 0.42930257 0.15962625
vt 0.444358 0.14702046
vt 0.4580635 0.14630568
vt 0.42987993 0.14753485
vt 0.4287145 0.1710518
vt 0.42815077 0.18295014
vt 0.41425052 0.1596418
vt 0.42775127 0.19496298
vt 0.41376525 0.17076099
vt 0.41330498 0.1828438
vt 0.39933667 0.15948081
vt 0.39977768 0.14803731
vt 0.38421875 0.14804506
vt 0.38404036 0.15948516
vt 0.38452002 0.1365943
vt 0.40013316 0.13635796
vt 0.36896232 0.14812237
vt 0.36933818 0.13668847
vt 0.36971363 0.12534964
vt 0.38479337 0.12496483
vt 0.35381612 0.12536448
vt 0.3534716 0.13664758
vt 0.35451138 0.11368728
vt 0.36998662 0.11347681
vt 0.33959556 0.11348641
vt 0.33877927 0.12538224
vt 0.32510552 0.11414671
vt 0.3241211 0.1255967
vt 0.34075212 0.101234674
vt 0.400369 0.124462485
vt 0.33855978 0.136706
vt 0.31254536 0.118824184
vt 0.31010655 0.124687016
vt 0.2969439 0.124078155
vt 0.2991392 0.11278474
vt 0.2977682 0.13281679
vt 0.3092366 0.13296485
vt 0.31272492 0.14561892
vt 0.2995709 0.14625114
vt 0.28540483 0.13661319
vt 0.2860415 0.14788884
vt 0.28704906 0.15978462
vt 0.2722319 0.14828718
vt 0.2731527 0.16130996
vt 0.2881951 0.17191434
vt 0.27457622 0.17386848
vt 0.3021118 0.17090511
vt 0.27602658 0.18661666
vt 0.28943408 0.18465972
vt 0.27725932 0.19891506
vt 0.29065767 0.19688588
vt 0.3041342 0.19514918
vt 0.25967902 0.1630845
vt 0.2608126 0.17643261
vt 0.24623561 0.1654455
vt 0.2472403 0.17880994
vt 0.23250523 0.1677584
vt 0.23337992 0.18109274
vt 0.23180643 0.15468782
vt 0.21832383 0.16955662
vt 0.21905932 0.18307137
vt 0.21768163 0.15641177
vt 0.248353 0.19167686
vt 0.2453755 0.15222919
vt 0.3030612 0.18322861
vt 0.25877994 0.14919192
vt 0.26208767 0.18917096
vt 0.3010723 0.15867746
vt 0.3145883 0.1580252
vt 0.32656485 0.14572304
vt 0.28492117 0.12936604
vt 0.28621635 0.11271989
vt 0.3555203 0.10132682
vt 0.37053654 0.10165113
vt 0.32658198 0.10172385
vt 0.36887372 0.15962821
vt 0.38391128 0.17081654
vt 0.36880508 0.17099398
vt 0.38378745 0.18298674
vt 0.36870083 0.18301219
vt 0.39875567 0.18283933
vt 0.3536069 0.1711595
vt 0.35367832 0.18316233
vt 0.38354912 0.1946361
vt 0.39848423 0.19499338
vt 0.33924726 0.18320483
vt 0.3388451 0.17155623
vt 0.35370207 0.19484377
vt 0.3392755 0.19475067
vt 0.32468474 0.1711328
vt 0.3687488 0.19459087
vt 0.32471195 0.183097
vt 0.32463035 0.19452626
vt 0.3386203 0.15990973
vt 0.3534277 0.15986788
vt 0.33845314 0.14810216
vt 0.3989927 0.1706289
vt 0.41300714 0.19490719
vt 0.47026503 0.17054653
vt 0.44249806 0.19507885
vt 0.4834199 0.16945386
vt 0.49684486 0.16817725
vt 0.5104617 0.1672715
vt 0.48341548 0.15626049
vt 0.49658737 0.1544823
vt 0.5102191 0.15288585
vt 0.52429813 0.18061918
vt 0.5380488 0.18019193
vt 0.5521701 0.17979383
vt 0.57903063 0.13664085
vt 0.5649266 0.1399917
vt 0.550852 0.14165998
vt 0.55021954 0.13048851
vt 0.5366506 0.13044137
vt 0.5368859 0.14264631
vt 0.52244025 0.13119781
vt 0.522914 0.14292073
vt 0.5361744 0.1172989
vt 0.5498538 0.11717594
vt 0.52200204 0.11851025
vt 0.53688306 0.15421659
vt 0.5230525 0.15420699
vt 0.31517076 0.18224722
vt 0.3151488 0.1919288
vt 0.3566542 0.08971602
vt 0.34202662 0.0893814
vt 0.37124977 0.08991295
vt 0.34332475 0.0775615
vt 0.3292977 0.07771814
vt 0.33057377 0.06410241
vt 0.3444566 0.06377834
vt 0.33211693 0.050028443
vt 0.34608826 0.049568295
vt 0.31980488 0.04897052
vt 0.33258438 0.036665976
vt 0.31911716 0.037222028
vt 0.3067676 0.03900367
vt 0.30535665 0.052661777
vt 0.2894751 0.046349645
vt 0.29069433 0.05553615
vt 0.30279487 0.06575769
vt 0.28890094 0.06649035
vt 0.30671492 0.024465859
vt 0.31782112 0.025059462
vt 0.29439747 0.026180387
vt 0.27734903 0.055069745
vt 0.27881524 0.043843806
vt 0.26394066 0.040327847
vt 0.26418316 0.054561198
vt 0.28122225 0.028425276
vt 0.2616771 0.026502907
vt 0.25854596 0.013987243
vt 0.2728353 0.013426065
vt 0.24345335 0.015461564
vt 0.24612482 0.027495623
vt 0.23130916 0.028655589
vt 0.2283905 0.016600966
vt 0.2159229 0.030039728
vt 0.21313784 0.017946243
vt 0.21824142 0.041184843
vt 0.23756899 0.040542066
vt 0.23697847 0.054052055
vt 0.21928468 0.056197047
vt 0.2209507 0.070335984
vt 0.23669812 0.06859642
vt 0.20366818 0.05981189
vt 0.20649706 0.07360804
vt 0.18867448 0.063346386
vt 0.19221269 0.07684243
vt 0.22340328 0.08386183
vt 0.1849481 0.050236464
vt 0.17200945 0.05230844
vt 0.18244831 0.03913313
vt 0.16887629 0.042123914
vt 0.15586495 0.04523468
vt 0.1581174 0.05320674
vt 0.1627729 0.070453405
vt 0.15068844 0.07548499
vt 0.14772771 0.06308246
vt 0.13808472 0.08071691
vt 0.13569449 0.068451285
vt 0.14060383 0.093791425
vt 0.15359423 0.08892584
vt 0.13271144 0.05694616
vt 0.120481916 0.060051978
vt 0.123460606 0.07197571
vt 0.12882206 0.04500991
vt 0.1168032 0.048206627
vt 0.14122406 0.041435182
vt 0.11026182 0.06275606
vt 0.11309625 0.07446414
vt 0.107033215 0.051421046
vt 0.155932 0.101534724
vt 0.1427431 0.1070047
vt 0.15842646 0.11338544
vt 0.14496899 0.11983013
vt 0.17184441 0.10816407
vt 0.13083524 0.12892139
vt 0.13037518 0.11317706
vt 0.13175432 0.14138925
vt 0.1614611 0.12508827
vt 0.17511106 0.11934149
vt 0.1785085 0.12968737
vt 0.16475746 0.13662672
vt 0.16765909 0.14866686
vt 0.18151681 0.14284152
vt 0.19434778 0.13957584
vt 0.18342468 0.15511078
vt 0.1699914 0.1604073
vt 0.19499773 0.15156424
vt 0.15100001 0.14315695
vt 0.1903694 0.12371999
vt 0.18743493 0.11335522
vt 0.1541195 0.15436625
vt 0.15684427 0.16529143
vt 0.16912368 0.09693116
vt 0.1259315 0.08451903
vt 0.12869367 0.09833044
vt 0.16606136 0.08390558
vt 0.14783263 0.13182116
vt 0.20921382 0.08740461
vt 0.1952627 0.090290725
vt 0.16637626 0.03143394
vt 0.1796362 0.02806139
vt 0.15343308 0.035638332
vt 0.14514512 0.055464506
vt 0.17545795 0.06693709
vt 0.2513518 0.06721711
vt 0.25044742 0.05264902
vt 0.25201756 0.07995415
vt 0.26570386 0.07794464
vt 0.2650159 0.06718695
vt 0.25260276 0.09140903
vt 0.26656812 0.089600146
vt 0.2799395 0.0878945
vt 0.278558 0.076490104
vt 0.29328486 0.0858289
vt 0.29212508 0.07442796
vt 0.2814269 0.0995186
vt 0.29482213 0.09627843
vt 0.30623603 0.08322799
vt 0.26737088 0.10081923
vt 0.23751022 0.08132386
vt 0.20085339 0.04568529
vt 0.19826025 0.03230822
vt 0.24870537 0.039587736
vt 0.31727326 0.06544179
vt 0.31569964 0.07878369
vt 0.36061093 0.050201178
vt 0.35861957 0.06422031
vt 0.3721881 0.06488621
vt 0.37386224 0.051432252
vt 0.36300638 0.03675735
vt 0.37548164 0.03872913
vt 0.39005712 0.041671097
vt 0.38849786 0.054674327
vt 0.40374577 0.054703534
vt 0.4048365 0.04333502
vt 0.4027924 0.06731671
vt 0.40588436 0.033744037
vt 0.41724235 0.054887414
vt 0.41662818 0.06676537
vt 0.43179458 0.05513054
vt 0.43072185 0.06638068
vt 0.43359306 0.042796493
vt 0.42955223 0.07986468
vt 0.44729844 0.043040335
vt 0.44499964 0.054763615
vt 0.46147236 0.044333935
vt 0.46009684 0.056128204
vt 0.46323007 0.03293693
vt 0.47749665 0.033735514
vt 0.46468714 0.021846294
vt 0.47906542 0.022577286
vt 0.47588336 0.045178533
vt 0.47474274 0.057234466
vt 0.45741436 0.06767571
vt 0.449087 0.03164172
vt 0.43556985 0.03164321
vt 0.44409385 0.065262616
vt 0.41889754 0.04294765
vt 0.41528267 0.08063567
vt 0.40120792 0.08083391
vt 0.37707922 0.027452052
vt 0.3641756 0.02538991
vt 0.37888956 0.016198456
vt 0.36564744 0.013271511
vt 0.3506803 0.022671998
vt 0.3519807 0.010186493
vt 0.39269328 0.018447518
vt 0.3711252 0.078624845
vt 0.39435625 0.0050447583
vt 0.4091667 0.0072113276
vt 0.40724897 0.020627975
vt 0.42437676 0.009549618
vt 0.4217919 0.022125125
vt 0.43834767 0.012413323
vt 0.4354696 0.02305162
vt 0.39125088 0.030289054
vt 0.38052338 0.0028005242
vt 0.36733875 0.0004464388
vt 0.38540858 0.07882929
vt 0.34868148 0.03548026
vt 0.3845834 0.09120381
vt 0.39967746 0.090684116
vt 0.39912662 0.102324486
vt 0.41380262 0.10186756
vt 0.4133848 0.114304006
vt 0.39860615 0.11479384
vt 0.41286972 0.12686229
vt 0.42795882 0.1263923
vt 0.4282546 0.11364514
vt 0.4284027 0.10084826
vt 0.35752633 0.07781136
vt 0.38482872 0.10192537
vt 0.623552 0.16517788
vt 0.6217302 0.14372861
vt 0.44262263 0.11272758
vt 0.44255558 0.09937179
vt 0.4562421 0.112642825
vt 0.45615208 0.09828502
vt 0.4689372 0.11396229
vt 0.46919942 0.09973335
vt 0.46916804 0.12690115
vt 0.45625576 0.12590736
vt 0.4558585 0.08381164
vt 0.46984786 0.08628315
vt 0.48191044 0.10122526
vt 0.48378372 0.08791417
vt 0.4707161 0.07320225
vt 0.48721328 0.07513851
vt 0.48900315 0.05998075
vt 0.5012311 0.059154034
vt 0.49983552 0.043193102
vt 0.4857637 0.04657495
vt 0.51190996 0.03693503
vt 0.51395833 0.05760902
vt 0.5254675 0.045746624
vt 0.5264481 0.058645487
vt 0.51447767 0.072907746
vt 0.5267028 0.07235813
vt 0.49838975 0.032212615
vt 0.5107433 0.030392766
vt 0.53866494 0.05798763
vt 0.53718024 0.0444023
vt 0.54937816 0.04323381
vt 0.5485199 0.03123498
vt 0.5005554 0.07458043
vt 0.5603537 0.030105412
vt 0.56023884 0.04185784
vt 0.49561745 0.10188818
vt 0.57320625 0.029321551
vt 0.5359933 0.03206277
vt 0.4764601 0.11766493
vt 0.48031572 0.1277492
vt 0.4940652 0.113046706
vt 0.5739317 0.017963171
vt 0.5873744 0.018601954
vt 0.58608824 0.029410422
vt 0.6000767 0.030691624
vt 0.60171115 0.0193488
vt 0.5975814 0.04177618
vt 0.58329505 0.039555848
vt 0.6174039 0.03209722
vt 0.61606634 0.0446468
vt 0.6327174 0.034871936
vt 0.6325113 0.04789579
vt 0.64933234 0.036873758
vt 0.6507136 0.048753977
vt 0.66622835 0.037379146
vt 0.66706014 0.049139142
vt 0.6641207 0.027154148
vt 0.64913386 0.026978016
vt 0.6767666 0.037657857
vt 0.67561775 0.026308358
vt 0.6748164 0.014237344
vt 0.6616622 0.015120029
vt 0.68821543 0.013637781
vt 0.68931 0.02549833
vt 0.6988482 0.014349043
vt 0.7002492 0.025606394
vt 0.67763877 0.049148202
vt 0.64748555 0.013107061
vt 0.65124166 0.060964823
vt 0.6666564 0.060735762
vt 0.61801887 0.021143377
vt 0.45516476 0.07734054
vt 0.45601606 0.069518685
vt 0.4558963 0.13855553
vt 0.46944138 0.13861781
vt 0.46831784 0.14999974
vt 0.5604169 0.018391848
vt 0.17198122 0.17212033
vt 0.15925099 0.17626756
vt 0.14473021 0.16977197
vt 0.1475402 0.18016148
vt 0.13321911 0.19249535
vt 0.13358483 0.17397714
vt 0.13564754 0.19693327
vt 0.15049785 0.19026476
vt 0.16174175 0.18719614
vt 0.55145615 0.15330309
vt 0.53733623 0.16706467
vt 0.60911393 0.18041348
vt 0.5664548 0.17915511
vt 0.43020996 0.13544285
vt 0.41465393 0.14787227
vt 0.21718922 0.14551628
vt 0.20291303 0.15832084
vt 0.2039889 0.17127317
vt 0.20180315 0.1475777
vt 0.20116933 0.13521582
vt 0.21637198 0.1336047
vt 0.18905476 0.16038787
vt 0.18988356 0.17318344
vt 0.17624715 0.17538238
vt 0.17583738 0.16235739
vt 0.19074862 0.18631607
vt 0.1768057 0.18810004
vt 0.16278349 0.17708993
vt 0.16303219 0.18919569
vt 0.17736238 0.20073187
vt 0.16344365 0.20155245
vt 0.16398895 0.21354806
vt 0.17782712 0.21273422
vt 0.19158721 0.19933832
vt 0.19237661 0.21131921
vt 0.15130033 0.21429372
vt 0.1506008 0.20216215
vt 0.13860586 0.2024368
vt 0.13939184 0.21473217
vt 0.12765837 0.20214999
vt 0.12834223 0.21457165
vt 0.12659891 0.19061148
vt 0.20089301 0.120964885
vt 0.21565597 0.11976361
vt 0.21513401 0.10699773
vt 0.20073691 0.107940316
vt 0.22967142 0.106000066
vt 0.23019353 0.11874169
vt 0.23072924 0.13159072
vt 0.12041689 0.118310034
vt 0.11915919 0.10193688
vt 0.110491514 0.10404307
vt 0.11232935 0.12349993
vt 0.47057518 0.15781671
vt 0.44390598 0.13602936
vt 0.09624714 0.10535616
vt 0.10116497 0.12595081
vt 0.07713719 0.102905154
vt 0.08875234 0.12814653
vt 0.07664034 0.104209006
vt 0.07714061 0.13029242
vt 0.078562915 0.090527415
vt 0.067503065 0.09286249
vt 0.07307407 0.07368678
vt 0.06448106 0.07698411
vt 0.088032536 0.06861013
vt 0.08431661 0.06248355
vt 0.06954085 0.055989444
vt 0.059629712 0.061349034
vt 0.08086384 0.04928124
vt 0.061760247 0.091000795
vt 0.09270311 0.14957857
vt 0.08110765 0.15063429
vt 0.06985139 0.11003041
vt 0.09126328 0.09084511
vt 0.11421666 0.15384507
vt 0.11968726 0.14739299
vt 0.107087895 0.15020573
vt 0.113668256 0.15487677
vt 0.23422725 0.193609
vt 0.21999435 0.1955955
vt 0.20475864 0.18462873
vt 0.24928297 0.20327038
vt 0.2678933 0.11293149
vt 0.44295445 0.12581247
vt 0.23511083 0.20552862
vt 0.22085135 0.2074812
vt 0.14202778 0.15909934
vt 0.13887875 0.1489712
vt 0.1319141 0.16274244
vt 0.26323074 0.20103091
vt 0.244827 0.14147246
vt 0.25864357 0.13792133
vt 0.25830346 0.12780917
vt 0.50880516 0.139741
vt 0.49612123 0.14316177
vt 0.5090435 0.13178265
vt 0.6601126 0.092446685
vt 0.63336086 0.060955882
vt 0.20554659 0.19757545
vt 0.20641118 0.20953125
vt 0.5994546 0.056461632
vt 0.1976359 0.10187602
vt 0.5799724 0.045524478
vt 0.3533689 0.14826596
vt 0.6890102 0.058158576
vt 0.7078935 0.059683442
vt 0.5622266 0.10509008
vt 0.5490217 0.09339303
vt 0.54948205 0.10564482
vt 0.5363435 0.09339285
vt 0.54858714 0.08117807
vt 0.5366404 0.081080735
vt 0.57681096 0.11851883
vt 0.5780324 0.12980682
vt 0.6332301 0.023569047
vt 0.68593127 0.13514745
vt 0.20760329 0.09774321
vt 0.32627967 0.15831995
vt 0.41419807 0.09091687
vt 0.3867876 0.0665915
vt 0.6496057 0.11801696
vt 0.41451484 0.13643897
vt 0.24462147 0.13012391
vt 0.2312769 0.14361173
vt 0.19269355 0.12178445
vt 0.19218452 0.1131829
vt 0.63385725 0.010966778
vt 0.61891514 0.009780526
vt 0.32441482 0.13529766
vt 0.27963018 0.11173886
vt 0.30473268 0.095749676
vt 0.47229397 0.065273106
vt 0.5234928 0.031502187
vt 0.535565 0.01981318
vt 0.52275294 0.02023065
vt 0.5098154 0.020982325
vt 0.54829466 0.067221284
vt 0.5632652 0.11903727
vt 0.10361161 0.07587999
vt 0.102574766 0.06450987
vt 0.58410656 0.13994354
vt 0.5478586 0.01958251
vt 0.25112474 0.102776825
vt 0.050493103 0.07944268
vt 0.047490492 0.06598663
vt 0.0549786 0.04628551
vt 0.06552758 0.04151857
vt 0.044564717 0.051366687
vt 0.6028162 0.007334888
vt 0.5881525 0.006608784
vt 0.09721282 0.054682434
vt 0.11231648 0.036382496
vt 0.10455838 0.037484646
vt 0.4810701 0.14048314
vt 0.44257528 0.086521626
vt 0.036468726 0.08508474
vt 0.52491486 0.04370284
vt 0.49683058 0.021969676
vt 0.6751334 0.06631893
vt 0.28921583 0.011162341
vt 0.30458763 0.009530067
vt 0.2845199 0.031563163
vt 0.4872418 0.040409863
vt 0.484932 0.030336201
vt 0.6902684 0.03888738
vt 0.7042739 0.041406155
vt 0.53611577 0.105134964
vt 0.5230746 0.09271419
vt 0.56411356 0.1295914
vt 0.07732735 0.03641677
vt 0.029094832 0.07368815
vt 0.032791276 0.056773424
vt 0.50902784 0.10209972
vt 0.50773335 0.11375123
vt 0.1287265 0.15113598
vt 0.45010963 0.021622658
vt 0.4506235 0.01029551
vt 0.24770063 0.11808276
vt 0.09038868 0.03620243
vt 0.09235744 0.044667304
vt 0.1071144 0.09031379
vt 0.33409372 0.022376359
vt 0.3356331 0.006960511
vt 0.327978 0.08974141
vt 0.3144881 0.09065825
vt 0.54888856 0.053975105
vt 0.065792054 0.13469583
vt 0.06969427 0.1526227
vt 0.059375305 0.11822313
vt 0.044676468 0.1275391
vt 0.05371052 0.14182168
vt 0.031862926 0.13364255
vt 0.041733127 0.1484924
vt 0.13561969 0.14104712
vt 0.52201855 0.10516584
vt 0.06000694 0.1569981
vt 0.04905171 0.16250312
vt 0.6765122 0.15391326
vt 0.5239902 0.16731149
vt 0.5517542 0.16627407
vt 0.44272 0.07569224
vt 0.11680082 0.08763796
vt 0.22007336 0.09668028
vt 0.059758533 0.096928
vt 0.17840005 0.07959479
vt 0.18120249 0.09322357
vt 0.5376477 0.069432974
vt 0.5249671 0.08202243
vt 0.27711013 0.06684232
vt 0.3845884 0.11334038
vt 0.49345163 0.12549716
vt 0.30217892 0.07733649
vt 0.48167625 0.14675558
vt 0.65235275 0.18048692
vt 0.5096474 0.11920965
vt 0.494684 0.13378239
vt 0.42055953 0.031596303
vt 0.1978655 0.13641536
vt 0.19865572 0.14353609
vt 0.09682801 0.051647246
vt 0.09521533 0.041737854
vt 0.13105692 0.14512455
vt 0.19441147 0.021282077
vt 0.49812126 0.08931053
vt 0.61425877 0.057752013
vt 0.27243745 0.13685799
vt 0.31520632 0.100678384
vt 0.5133508 0.08565974
vt 0.42800412 0.08980882
vt 0.27526468 0.1242736
vt 0.5717765 0.038724303
vt 0.3190246 0.00824213
vt 0.06523995 0.17017573
vt 0.07472093 0.16642714
vt 0.3146716 0.17115188
vt 0.23500489 0.09329677
vt 0.1846025 0.10462797
vt 0.00044642857 0.08657193
vt 0.31083122 0.113805234
vt 0.15000984 0.1900208
vt 0.14952177 0.17835212
vt 0.31203103 0.22312713
vt 0.2975459 0.2186104
vt 0.29877746 0.20758927
vt 0.31294644 0.2124272
vt 0.28353614 0.21485257
vt 0.29572076 0.22896796
vt 0.28181487 0.22526944
vt 0.26794493 0.22182137
vt 0.2703666 0.21132934
vt 0.25669643 0.20758927
vt 0.2794759 0.2361607
vt 0.6629464 0.9316964
vt 0.65401787 0.9316964
vt 0.6627877 0.9299107
vt 0.21026786 0.928125
vt 0.20044643 0.9370878
vt 0.20333233 0.9283238
vt 0.20666872 0.93700564
vt 0.20048037 0.9446147
vt 0.21026786 0.94776785
vt 0.36026785 0.21651787
vt 0.36026785 0.20044643
vt 0.35848215 0.21638006
vt 0.215625 0.92915183
vt 0.240625 0.93348217
vt 0.21734002 0.93348217
vt 0.2232398 0.9245536
vt 0.84721637 0.9653318
vt 0.8363302 0.96649367
vt 0.8326126 0.95739704
vt 0.84498584 0.9585866
vt 0.8352123 0.97618264
vt 0.84533596 0.97327316
vt 0.85183257 0.96083045
vt 0.8504411 0.96690196
vt 0.8394937 0.9864321
vt 0.85632664 0.97396654
vt 0.85775167 0.9621547
vt 0.84794986 0.957815
vt 0.8642581 0.9684373
vt 0.86330044 0.9775553
vt 0.87184674 0.9726235
vt 0.870906 0.98253435
vt 0.8568303 0.95405656
vt 0.86498076 0.95800453
vt 0.8725952 0.96154433
vt 0.86112976 0.9867508
vt 0.87000245 0.991841
vt 0.8802494 0.974413
vt 0.88000405 0.98453563
vt 0.8891878 0.98448986
vt 0.88844997 0.97388864
vt 0.8960015 0.9719458
vt 0.8979502 0.98267853
vt 0.9029595 0.969271
vt 0.9058268 0.9795238
vt 0.89516395 0.9604604
vt 0.8881979 0.962164
vt 0.9010176 0.95773476
vt 0.8993198 0.9923301
vt 0.88931155 0.9941594
vt 0.9085212 0.98881954
vt 0.91294575 0.9749175
vt 0.9091313 0.96600276
vt 0.91611457 0.9605093
vt 0.9194771 0.9691133
vt 0.92445046 0.9769691
vt 0.9245429 0.9626466
vt 0.9308565 0.9692676
vt 0.93559724 0.96115404
vt 0.92817163 0.956114
vt 0.9389498 0.9523509
vt 0.9312273 0.9487381
vt 0.94145226 0.94334096
vt 0.9330963 0.94071406
vt 0.925047 0.938265
vt 0.9233205 0.94560754
vt 0.93396825 0.9325688
vt 0.9256888 0.93063766
vt 0.93378276 0.92475486
vt 0.9260132 0.92393637
vt 0.923853 0.9178472
vt 0.93401927 0.91814566
vt 0.94261855 0.9255017
vt 0.94218814 0.91722107
vt 0.91690814 0.92052764
vt 0.91754216 0.9281095
vt 0.91651696 0.9119881
vt 0.9322331 0.9121394
vt 0.92207414 0.91097546
vt 0.92635834 0.9093499
vt 0.9277202 0.9094384
vt 0.9289734 0.9033925
vt 0.9380613 0.89480245
vt 0.939878 0.90359724
vt 0.9498194 0.89909774
vt 0.94763446 0.889139
vt 0.9443911 0.87880564
vt 0.93537164 0.8851514
vt 0.9311842 0.8751202
vt 0.9400491 0.8684213
vt 0.9589878 0.88327813
vt 0.96179724 0.89450943
vt 0.95498484 0.8719289
vt 0.9277892 0.8915252
vt 0.9242302 0.88259226
vt 0.93474865 0.85778725
vt 0.92544717 0.86514443
vt 0.918916 0.8730777
vt 0.91535646 0.94320583
vt 0.91222113 0.94921637
vt 0.9423648 0.93417054
vt 0.9209096 0.9518936
vt 0.8501566 0.98201084
vt 0.8444368 0.9532747
vt 0.8729523 0.95124424
vt 0.8648168 0.94944155
vt 0.87325 0.9418256
vt 0.8645273 0.9411221
vt 0.8649794 0.9331139
vt 0.87345725 0.9324224
vt 0.8544069 0.931131
vt 0.86623925 0.9258051
vt 0.8570331 0.9260643
vt 0.84441966 0.9254727
vt 0.8474584 0.9167824
vt 0.84030634 0.9092508
vt 0.8360585 0.91961193
vt 0.8284137 0.91365343
vt 0.8337029 0.90192217
vt 0.82610613 0.9257447
vt 0.84181404 0.89226323
vt 0.83448476 0.9303589
vt 0.84382606 0.934787
vt 0.83510685 0.9404553
vt 0.8254464 0.93740094
vt 0.84504783 0.94328624
vt 0.8465986 0.90013677
vt 0.8525892 0.90904707
vt 0.8806789 0.9318854
vt 0.88005525 0.9210151
vt 0.8879823 0.93166286
vt 0.88736445 0.9210483
vt 0.89513844 0.92233753
vt 0.8957 0.931897
vt 0.8863899 0.9085805
vt 0.8782732 0.908055
vt 0.88785625 0.9414873
vt 0.8954286 0.9410467
vt 0.8876928 0.9512653
vt 0.8804159 0.95160556
vt 0.903833 0.93231046
vt 0.9032835 0.94062555
vt 0.8856566 0.8961064
vt 0.8765729 0.8957747
vt 0.8751246 0.8855249
vt 0.8852186 0.88541275
vt 0.86493224 0.8878058
vt 0.8738913 0.8761798
vt 0.86287415 0.87894976
vt 0.8942407 0.9112232
vt 0.903135 0.92386734
vt 0.8542871 0.9388158
vt 0.86752176 0.898017
vt 0.8704928 0.90992576
vt 0.88062847 0.94181746
vt 0.8941698 0.8989978
vt 0.87302184 0.9225028
vt 0.8639402 0.9144429
vt 0.8267889 0.94837284
vt 0.8386308 0.9541701
vt 0.8606706 0.9222061
vt 0.9179584 0.956672
vt 0.91485727 0.9606451
vt 0.8803468 0.9627303
vt 0.8949639 0.95009786
vt 0.85522854 0.9468281
vt 0.8517751 0.88413966
vt 0.85516936 0.8931765
vt 0.91600394 0.9350831
vt 0.9037381 0.91526216
vt 0.8794845 0.9941964
vt 0.9634544 0.9055334
vt 0.9511261 0.90826863
vt 0.9740794 0.89026564
vt 0.97609144 0.9029599
vt 0.9640166 0.91657495
vt 0.9854768 0.8867834
vt 0.987832 0.90066516
vt 0.9818341 0.87280726
vt 0.9769829 0.91542083
vt 0.98883927 0.91454524
vt 0.976804 0.92798525
vt 0.9638264 0.9276427
vt 0.9628055 0.9386928
vt 0.9755928 0.94045913
vt 0.96086687 0.9497949
vt 0.97323567 0.9528195
vt 0.94911814 0.94658947
vt 0.9464305 0.95614463
vt 0.95739204 0.9608383
vt 0.96950245 0.96511525
vt 0.94196516 0.96523744
vt 0.98489285 0.95538616
vt 0.9812509 0.9685702
vt 0.9643756 0.97723097
vt 0.97584546 0.9813106
vt 0.96794105 0.9941964
vt 0.9575141 0.9897687
vt 0.9463293 0.9822636
vt 0.95253897 0.9717001
vt 0.9364976 0.97414726
vt 0.9874554 0.94200426
vt 0.9513502 0.92740023
vt 0.9886659 0.9283763
vt 0.9170141 0.98364717
vt 0.9408421 0.91003835
vt 0.9081696 0.9551613
vt 0.9502857 0.8611592
vt 0.9444805 0.8500545
vt 0.97062457 0.8776666
vt 0.9659536 0.8652914
vt 0.8981972 0.8702881
vt 0.90591717 0.8515959
vt 0.90069777 0.88597965
vt 0.85926384 0.9027398
vt 0.95169723 0.9361867
vt 0.9763628 0.8593947
vt 0.9694007 0.84633934
vt 0.90300655 0.94895184
vt 0.95450515 0.8424976
vt 0.9369199 0.839504
vt 0.9280196 0.84824103
vt 0.9463258 0.8308036
vt 0.96017444 0.85398114
vt 0.9514125 0.9168767
vt 0.9110355 0.90013236
vt 0.90402824 0.9053587
vt 0.91794956 0.9057616
vt 0.9620197 0.8359051
vt 0.24062857 0.22187501
vt 0.2561267 0.22187501
vt 0.2539671 0.2361607
vt 0.23883928 0.23493338
vt 0.27366072 0.23241943
vt 0.27306464 0.23432887
vt 0.29419643 0.20401788
vt 0.27455357 0.20401788
vt 0.2932916 0.20223212
vt 0.6495536 0.68230045
vt 0.641015 0.68440074
vt 0.6378546 0.6524849
vt 0.64742976 0.65653574
vt 0.62132776 0.653146
vt 0.627447 0.6430443
vt 0.6163447 0.64166474
vt 0.61570454 0.6523027
vt 0.60959005 0.641181
vt 0.6082487 0.65252876
vt 0.6310821 0.6881489
vt 0.64758015 0.7125386
vt 0.6329092 0.70951813
vt 0.622301 0.71134853
vt 0.62062687 0.6930421
vt 0.6229642 0.7263387
vt 0.61192614 0.7273283
vt 0.61205107 0.7125657
vt 0.61150026 0.6977242
vt 0.62112075 0.7423564
vt 0.6103949 0.7422542
vt 0.63148767 0.74219584
vt 0.60239035 0.72855955
vt 0.60259306 0.71463907
vt 0.60032874 0.7426233
vt 0.6008569 0.65275794
vt 0.6008903 0.6421582
vt 0.5952387 0.6411953
vt 0.5916274 0.6532334
vt 0.59585583 0.6297945
vt 0.6013042 0.6307887
vt 0.5796127 0.6397329
vt 0.58100575 0.6276682
vt 0.56637925 0.6256112
vt 0.56476605 0.6381481
vt 0.5517651 0.6237202
vt 0.54879576 0.63623583
vt 0.55401725 0.6106128
vt 0.53868324 0.6220077
vt 0.53600395 0.6332318
vt 0.54061145 0.6085803
vt 0.5782711 0.6530251
vt 0.56785357 0.61291903
vt 0.5814233 0.6151927
vt 0.56355304 0.6515315
vt 0.5489286 0.64982074
vt 0.6089799 0.6648282
vt 0.6337922 0.72574854
vt 0.600751 0.66473114
vt 0.5912142 0.6655386
vt 0.5273703 0.6068947
vt 0.5261272 0.6194081
vt 0.51298213 0.6175973
vt 0.5138306 0.6057068
vt 0.49972153 0.6053614
vt 0.49900922 0.61789066
vt 0.5121848 0.62758625
vt 0.49825266 0.62901264
vt 0.5115163 0.635495
vt 0.49762475 0.6417893
vt 0.49637625 0.6603057
vt 0.51031846 0.6618563
vt 0.48373234 0.62963897
vt 0.4825596 0.6452854
vt 0.48166907 0.66167045
vt 0.48441085 0.61829853
vt 0.4852128 0.60524803
vt 0.5234133 0.663361
vt 0.523855 0.6435627
vt 0.52268034 0.67794305
vt 0.5090255 0.6771925
vt 0.5397104 0.6657382
vt 0.5359503 0.6798126
vt 0.5387271 0.66550887
vt 0.5319414 0.6467905
vt 0.54840916 0.6816244
vt 0.5495849 0.6674678
vt 0.56135374 0.6826792
vt 0.5600428 0.6961614
vt 0.54712564 0.6949863
vt 0.57289654 0.69652665
vt 0.57451105 0.6831802
vt 0.5585068 0.7102285
vt 0.5714571 0.7104293
vt 0.5701051 0.7249067
vt 0.5571983 0.7245099
vt 0.5439083 0.72378594
vt 0.5557207 0.73912436
vt 0.5688987 0.7393607
vt 0.54222953 0.73830444
vt 0.5831243 0.7243745
vt 0.5844107 0.7101834
vt 0.5857749 0.6964405
vt 0.5875181 0.68368566
vt 0.545186 0.70949435
vt 0.5074447 0.6925416
vt 0.5211743 0.692955
vt 0.49379283 0.69297945
vt 0.492719 0.70993215
vt 0.5058121 0.70791477
vt 0.48022348 0.69484603
vt 0.47920614 0.7126675
vt 0.46577322 0.7113805
vt 0.4658939 0.7031404
vt 0.45285746 0.7106508
vt 0.45502332 0.70178306
vt 0.44000643 0.7139571
vt 0.4403685 0.6991819
vt 0.4539864 0.6780181
vt 0.44097644 0.67690974
vt 0.42824554 0.69964707
vt 0.45489728 0.66147316
vt 0.44184345 0.6606087
vt 0.44232902 0.6444165
vt 0.45549217 0.64431214
vt 0.42820966 0.64417356
vt 0.4286476 0.6281858
vt 0.41717622 0.626047
vt 0.41401166 0.6424309
vt 0.40111515 0.64005035
vt 0.40108675 0.62435406
vt 0.41652212 0.625178
vt 0.386156 0.6434596
vt 0.38732964 0.6299375
vt 0.39955857 0.6573326
vt 0.3863984 0.6577324
vt 0.3745649 0.64559346
vt 0.37402233 0.6583384
vt 0.36094362 0.6459866
vt 0.36063382 0.6590408
vt 0.36059752 0.6328413
vt 0.34667262 0.64589024
vt 0.34653634 0.6587567
vt 0.3601587 0.6721983
vt 0.34624743 0.67130613
vt 0.34641033 0.6326094
vt 0.3856687 0.6701713
vt 0.3993365 0.6705918
vt 0.3990505 0.6842143
vt 0.38462386 0.68317294
vt 0.41362017 0.6844457
vt 0.41347894 0.6709795
vt 0.42371136 0.6956042
vt 0.37131876 0.6821592
vt 0.3838409 0.6926684
vt 0.3706342 0.69141537
vt 0.36984372 0.70484567
vt 0.3836175 0.7058775
vt 0.36940986 0.71742487
vt 0.38340133 0.71805453
vt 0.39859256 0.7065181
vt 0.39802602 0.71851134
vt 0.39702195 0.7304005
vt 0.38261473 0.7300757
vt 0.38161224 0.7421333
vt 0.39637837 0.74118286
vt 0.36765108 0.74209166
vt 0.41101354 0.7406699
vt 0.41178033 0.7310848
vt 0.4129127 0.72069883
vt 0.36871487 0.72977185
vt 0.35594836 0.70296293
vt 0.39869165 0.69452447
vt 0.4140771 0.6981461
vt 0.35742843 0.69032544
vt 0.35839406 0.68104726
vt 0.37288973 0.6709089
vt 0.33147636 0.6457219
vt 0.33127803 0.658303
vt 0.31535316 0.64565897
vt 0.3154265 0.65839845
vt 0.31530532 0.63292754
vt 0.30012998 0.63289195
vt 0.30025628 0.6455295
vt 0.2999412 0.62092894
vt 0.31508195 0.62059486
vt 0.28490692 0.6331132
vt 0.28537717 0.6455143
vt 0.2858252 0.6587909
vt 0.26950946 0.64586645
vt 0.27052325 0.65920144
vt 0.2865269 0.6725003
vt 0.27189183 0.6731232
vt 0.2734785 0.6865587
vt 0.2881966 0.6859401
vt 0.25585082 0.673528
vt 0.257575 0.68642807
vt 0.23962057 0.685817
vt 0.23917244 0.67359185
vt 0.22377957 0.6736854
vt 0.22384807 0.68620896
vt 0.20903008 0.68645966
vt 0.20961328 0.6736264
vt 0.20798552 0.66000175
vt 0.2236789 0.6602778
vt 0.19579577 0.6602065
vt 0.20826657 0.646879
vt 0.22438353 0.64653766
vt 0.23837698 0.6468224
vt 0.22541673 0.63346577
vt 0.23837504 0.6334925
vt 0.22480977 0.6210182
vt 0.23846619 0.62110716
vt 0.25309637 0.6334359
vt 0.2535027 0.64654565
vt 0.2531967 0.62130654
vt 0.21390332 0.63212895
vt 0.21077532 0.6205995
vt 0.19432314 0.645496
vt 0.20470521 0.68929845
vt 0.22430883 0.69908416
vt 0.21163969 0.6987154
vt 0.19711256 0.6731565
vt 0.21357992 0.7112558
vt 0.22631481 0.711598
vt 0.20192881 0.71002644
vt 0.20271988 0.72391385
vt 0.21542534 0.7235747
vt 0.19521533 0.7049049
vt 0.1896619 0.7243855
vt 0.1938983 0.7047025
vt 0.1886655 0.6972008
vt 0.17331064 0.69740236
vt 0.17417149 0.7107331
vt 0.15811202 0.6982915
vt 0.15898658 0.71167177
vt 0.16015142 0.72571844
vt 0.14405794 0.7259992
vt 0.14355704 0.71273106
vt 0.16038729 0.73858637
vt 0.14506014 0.73897386
vt 0.14581081 0.7509678
vt 0.16072527 0.750322
vt 0.13060988 0.7398859
vt 0.13109799 0.7514701
vt 0.11598949 0.7401816
vt 0.11678208 0.7524138
vt 0.101038955 0.7410052
vt 0.10206588 0.7528715
vt 0.17485969 0.7377679
vt 0.17534779 0.7499024
vt 0.11521834 0.7273726
vt 0.099981256 0.7289775
vt 0.08608628 0.74182224
vt 0.088126436 0.7537737
vt 0.069386534 0.74222916
vt 0.072571196 0.75401783
vt 0.05332628 0.7532005
vt 0.05157152 0.7416511
vt 0.06837063 0.7297505
vt 0.04197468 0.74040854
vt 0.04159987 0.752978
vt 0.041352395 0.7273194
vt 0.029508553 0.7259039
vt 0.030482223 0.7396044
vt 0.028237028 0.7113381
vt 0.037100527 0.71264094
vt 0.04003066 0.6967123
vt 0.026565269 0.6956987
vt 0.047456156 0.6977298
vt 0.040133525 0.67926854
vt 0.02625258 0.68046296
vt 0.054356217 0.67666274
vt 0.052239206 0.7163579
vt 0.05069283 0.70146656
vt 0.06632546 0.72223914
vt 0.069045626 0.7115696
vt 0.056301918 0.69847935
vt 0.07213271 0.7015632
vt 0.057579804 0.695087
vt 0.08391376 0.7156576
vt 0.08174433 0.72724444
vt 0.08678576 0.70510995
vt 0.01929753 0.72510916
vt 0.020423593 0.73887
vt 0.016782416 0.71067864
vt 0.052741963 0.7290884
vt 0.17216846 0.68544966
vt 0.1863775 0.6856551
vt 0.15750828 0.68621093
vt 0.14344694 0.69898605
vt 0.12980035 0.72684586
vt 0.17459802 0.72462964
vt 0.2038717 0.7367504
vt 0.21709976 0.73610145
vt 0.19046177 0.73796433
vt 0.22851282 0.72441286
vt 0.19926752 0.69858176
vt 0.23757191 0.69942313
vt 0.23822455 0.7123401
vt 0.2387542 0.66046923
vt 0.3009296 0.6723969
vt 0.30556962 0.6857511
vt 0.31561232 0.67176336
vt 0.28452972 0.62122375
vt 0.30050585 0.6587515
vt 0.2691334 0.63366646
vt 0.4134067 0.6575701
vt 0.42858708 0.6153503
vt 0.41514197 0.61491364
vt 0.44259134 0.62610054
vt 0.4550608 0.62791586
vt 0.3733263 0.63185453
vt 0.4678417 0.66141146
vt 0.42781425 0.67360646
vt 0.42789042 0.70734876
vt 0.4270251 0.71723497
vt 0.4524458 0.7253567
vt 0.4153529 0.60189307
vt 0.4288092 0.6021082
vt 0.4670895 0.67800426
vt 0.4646567 0.72632647
vt 0.478009 0.72612107
vt 0.49166068 0.7249251
vt 0.5200271 0.70810837
vt 0.49514145 0.67695117
vt 0.5249623 0.6303364
vt 0.18445548 0.6725134
vt 0.17081511 0.6726205
vt 0.16961019 0.6603598
vt 0.15637416 0.66143566
vt 0.15571268 0.64758945
vt 0.1684579 0.6457934
vt 0.14245613 0.6624562
vt 0.14203368 0.6500019
vt 0.1273952 0.6521476
vt 0.1276297 0.66383314
vt 0.1127444 0.65423477
vt 0.11278213 0.66584766
vt 0.098999925 0.656027
vt 0.09878317 0.66780955
vt 0.11301696 0.67731684
vt 0.098720364 0.67951655
vt 0.09843504 0.6904069
vt 0.113217935 0.6890026
vt 0.12793764 0.6876971
vt 0.11343376 0.7011749
vt 0.12834367 0.70029026
vt 0.11248237 0.6414709
vt 0.12709036 0.6385978
vt 0.109951906 0.6311736
vt 0.1270905 0.6278154
vt 0.11158121 0.62698466
vt 0.1425896 0.6255952
vt 0.08503195 0.66879284
vt 0.08551141 0.6570231
vt 0.08412233 0.6808577
vt 0.12759376 0.67560685
vt 0.14229147 0.67499954
vt 0.09923274 0.643025
vt 0.099248 0.63243365
vt 0.14205687 0.63616973
vt 0.44233024 0.6150227
vt 0.4553523 0.6153404
vt 0.44253975 0.6023861
vt 0.031168185 0.7530165
vt 0.020508913 0.75258005
vt 0.28870088 0.70131683
vt 0.27620655 0.69993603
vt 0.30194634 0.6962453
vt 0.31570983 0.68535376
vt 0.5343216 0.69401914
vt 0.35996127 0.6197536
vt 0.34581307 0.61966664
vt 0.3307347 0.6201323
vt 0.2689446 0.62159956
vt 0.33130082 0.6328776
vt 0.45602638 0.6029711
vt 0.5675139 0.75401783
vt 0.34617832 0.68459094
vt 0.33064148 0.68508387
vt 0.33090988 0.670832
vt 0.55407625 0.75325024
vt 0.54047537 0.75253
vt 0.530528 0.72268605
vt 0.052370906 0.69003534
vt 0.5962437 0.6953852
vt 0.18290095 0.65998214
vt 0.27668715 0.71243006
vt 0.28929973 0.7115338
vt 0.28865692 0.7242881
vt 0.27543554 0.7240974
vt 0.2625212 0.71115273
vt 0.2604998 0.7229087
vt 0.27402157 0.735456
vt 0.2596043 0.73412555
vt 0.27261645 0.7469452
vt 0.25913045 0.7458465
vt 0.24407308 0.7437722
vt 0.24390073 0.73205584
vt 0.28713325 0.73642325
vt 0.28632277 0.7482147
vt 0.30322242 0.7250213
vt 0.041248165 0.66514856
vt 0.026937664 0.66608167
vt 0.056055177 0.66318476
vt 0.070694454 0.6608953
vt 0.05730532 0.64989406
vt 0.042097136 0.65133286
vt 0.071569644 0.6478089
vt 0.014043688 0.6965655
vt 0.31612873 0.6940818
vt 0.013337378 0.6665546
vt 0.041973386 0.63789654
vt 0.05691278 0.6372455
vt 0.05520706 0.6244384
vt 0.041121926 0.6248269
vt 0.05339672 0.6110817
vt 0.039874922 0.61152613
vt 0.06726961 0.6109879
vt 0.06952269 0.62498224
vt 0.08092248 0.6115777
vt 0.082950346 0.62751126
vt 0.028066704 0.6252949
vt 0.027271189 0.6118178
vt 0.016639246 0.6253991
vt 0.016542213 0.61151093
vt 0.009095755 0.6111232
vt 0.00774652 0.6250722
vt 0.005026263 0.63842183
vt 0.015014648 0.63916653
vt 0.00044642857 0.651251
vt 0.012513662 0.6528608
vt 0.028060945 0.63874865
vt 0.6421194 0.7252956
vt 0.18965244 0.74940956
vt 0.20465054 0.74913394
vt 0.468419 0.61720055
vt 0.07701394 0.63515663
vt 0.5288704 0.7376722
vt 0.5270768 0.7522368
vt 0.51337934 0.7517372
vt 0.51511526 0.7372468
vt 0.50111496 0.73684376
vt 0.49997073 0.75131094
vt 0.48699906 0.75079703
vt 0.5626667 0.66709477
vt 0.53885186 0.6475145
vt 0.21851555 0.74774694
vt 0.23304278 0.7465483
vt 0.07019152 0.6718105
vt 0.30350116 0.70933604
vt 0.25450617 0.6600949
vt 0.4703585 0.6043095
vt 0.21145728 0.63152987
vt 0.18944786 0.63038164
vt 0.18248236 0.6291949
vt 0.19282885 0.6194921
vt 0.17546138 0.62898034
vt 0.17823619 0.6191998
vt 0.17349033 0.62827855
vt 0.16763821 0.6195467
vt 0.16594552 0.6292093
vt 0.3549713 0.7280435
vt 0.3539024 0.74106246
vt 0.3415974 0.72628814
vt 0.34088123 0.73939794
vt 0.32695723 0.73739547
vt 0.3276099 0.72483796
vt 0.32829523 0.71075916
vt 0.31372944 0.70955163
vt 0.34246024 0.71264404
vt 0.3433472 0.699599
vt 0.3276086 0.6927345
vt 0.3269186 0.69135326
vt 0.31310996 0.72314113
vt 0.31284213 0.73551446
vt 0.3020989 0.73789567
vt 0.01355821 0.68106556
vt 0.013555989 0.6923757
vt 0.427782 0.6592551
vt 0.4894248 0.7378403
vt 0.50473654 0.7229379
vt 0.2996035 0.7420582
vt 0.5857693 0.7352539
vt 0.5881557 0.7517323
vt 0.20568486 0.6329685
vt 0.14266524 0.6868872
vt 0.19847357 0.68781096
vt 0.09883362 0.62512887
vt 0.11230336 0.62061596
vt 0.08641918 0.6330461
vt 0.5173878 0.7232434
vt 0.37278843 0.62001026
vt 0.006214492 0.6956485
vt 0.0019421518 0.68052804
vt 0.0030284196 0.6660573
vt 0.1576028 0.6305396
vt 0.45150685 0.73516655
vt 0.4633601 0.7369327
vt 0.46177056 0.75057286
vt 0.4497731 0.7487642
vt 0.43779725 0.7477284
vt 0.43889496 0.73617584
vt 0.59967357 0.6792456
vt 0.113903485 0.71441495
vt 0.0988014 0.71694696
vt 0.18013585 0.64473504
vt 0.12899996 0.7135483
vt 0.59887403 0.7049982
vt 0.027325796 0.65266204
vt 0.46846706 0.6447079
vt 0.4812185 0.6775503
vt 0.09842473 0.70773584
vt 0.26589525 0.70317644
vt 0.2637045 0.7011806
vt 0.3557363 0.71530217
vt 0.47626415 0.73856753
vt 0.08330898 0.7321193
vt 0.1581065 0.6255146
vt 0.15801151 0.62119144
vt 0.6196289 0.66281354
vt 0.34456003 0.68933105
vt 0.330429 0.6871802
vt 0.46874738 0.6293503
vt 0.42566916 0.7310737
vt 0.42465046 0.74180305
vt 0.23034388 0.73397374
vt 0.43964466 0.7252881
vt 0.532753 0.7090248
vt 0.18835813 0.6306275
vt 0.24331005 0.7215696
vt 0.15668352 0.67364925
vt 0.475497 0.7508021
vt 0.40106568 0.61323434
vt 0.37245828 0.60335314
vt 0.38837138 0.60359883
vt 0.40066 0.6004464
vt 0.38655728 0.6023429
vt 0.41361505 0.7079868
vt 0.071187705 0.68751365
vt 0.5773795 0.6680291
vt 0.31570035 0.6996438
vt 0.0857015 0.645535
vt 0.6141064 0.673743
vt 0.6102414 0.6886592
vt 0.3178326 0.61651784
vt 0.309375 0.600085
vt 0.31894788 0.600043
vt 0.33143532 0.5986607
vt 0.3224052 0.6111374
vt 0.3424107 0.61651784
vt 0.290625 0.5966333
vt 0.30848214 0.5985983
vt 0.30771175 0.60816294
vt 0.2915085 0.59598213
vt 0.29275405 0.60704774
vt 0.2924997 0.6191964
vt 0.3073167 0.6191964
vt 0.4049107 0.76622003
vt 0.40584534 0.75133926
vt 0.41604984 0.75672436
vt 0.4112888 0.7712075
vt 0.41657847 0.7745791
vt 0.42359146 0.760028
vt 0.4349836 0.7657172
vt 0.4283477 0.78080356
vt 0.4415472 0.75133926
vt 0.44620144 0.771172
vt 0.453125 0.7567095
vt 0.44151786 0.7959821
vt 0.42098215 0.7959821
vt 0.42247805 0.79241073
vt 0.8991497 0.21525109
vt 0.89419645 0.21464574
vt 0.9024485 0.21026784
vt 0.89486545 0.21651787
vt 0.9191964 0.21464574
vt 0.9133087 0.22366071
vt 0.9120536 0.22739178
vt 0.9133087 0.22812498
vt 0.915625 0.22800815
vt 0.8811851 0.7861607
vt 0.8825893 0.7872371
vt 0.8825893 0.8066964
vt 0.87544644 0.80151695
vt 0.7822311 0.04138428
vt 0.78439677 0.05657679
vt 0.7684869 0.05682689
vt 0.7666483 0.04318887
vt 0.7792364 0.029910684
vt 0.7646391 0.032387435
vt 0.770001 0.07095492
vt 0.78609145 0.071334064
vt 0.77131766 0.085154295
vt 0.7874065 0.085826576
vt 0.77236384 0.0987488
vt 0.788496 0.099317014
vt 0.7509877 0.043450832
vt 0.74955356 0.033071876
vt 0.7732309 0.112184584
vt 0.78806376 0.112918735
vt 0.77280253 0.12559325
vt 0.7882772 0.12566614
vt 0.7594247 0.12535077
vt 0.7583296 0.111723304
vt 0.757295 0.09784776
vt 0.77315617 0.13838899
vt 0.7877219 0.13869095
vt 0.76028126 0.13841069
vt 0.7529914 0.05722457
vt 0.75437427 0.070825875
vt 0.80312824 0.1133157
vt 0.804118 0.100513816
vt 0.7724416 0.15166384
vt 0.7868592 0.15167338
vt 0.7604017 0.15140718
vt 0.80266035 0.12635177
vt 0.80196565 0.13918447
vt 0.7868929 0.1644603
vt 0.7726963 0.1643328
vt 0.78620416 0.17749435
vt 0.7725587 0.17670101
vt 0.7609304 0.17677027
vt 0.7617706 0.18895227
vt 0.77252805 0.18860382
vt 0.7866792 0.19029069
vt 0.8004472 0.1910379
vt 0.80027676 0.17784154
vt 0.7865483 0.20380437
vt 0.80075777 0.20475471
vt 0.78726643 0.21791929
vt 0.80104876 0.21846777
vt 0.7898798 0.23234814
vt 0.80286723 0.2327416
vt 0.7929639 0.24723011
vt 0.805896 0.24665082
vt 0.7733027 0.2318697
vt 0.7803487 0.24720907
vt 0.7834565 0.2610954
vt 0.79491484 0.26074445
vt 0.77240986 0.26154542
vt 0.7711983 0.24753797
vt 0.7846177 0.27497864
vt 0.79624504 0.2742043
vt 0.7734361 0.2755701
vt 0.75654393 0.24871492
vt 0.7592951 0.26249182
vt 0.7641447 0.2328332
vt 0.75313735 0.23309797
vt 0.77212095 0.1977961
vt 0.76246446 0.201823
vt 0.8009032 0.1650241
vt 0.7607318 0.16447353
vt 0.7611153 0.27626717
vt 0.80855423 0.2600807
vt 0.80955034 0.27371013
vt 0.78628373 0.28809845
vt 0.797892 0.2877537
vt 0.7745415 0.2889136
vt 0.7886212 0.3014813
vt 0.80046314 0.30135173
vt 0.81243867 0.30169117
vt 0.80215627 0.3152554
vt 0.7901821 0.31472594
vt 0.81323403 0.31498754
vt 0.75578994 0.08454186
vt 0.7764914 0.30225325
vt 0.7774167 0.3158971
vt 0.7646915 0.31848264
vt 0.76348966 0.30406964
vt 0.79134244 0.3308816
vt 0.77843916 0.33243
vt 0.7926162 0.34600294
vt 0.7800826 0.3476454
vt 0.78176796 0.36235118
vt 0.79369426 0.3607036
vt 0.80493414 0.34406602
vt 0.80569345 0.358613
vt 0.7664401 0.33367223
vt 0.78328454 0.37517482
vt 0.7952326 0.3742423
vt 0.7833986 0.38985115
vt 0.7961367 0.38867497
vt 0.7968272 0.40405655
vt 0.78477967 0.4051
vt 0.7856394 0.41999722
vt 0.7980243 0.41891408
vt 0.80937403 0.41773957
vt 0.79843706 0.43247354
vt 0.81027377 0.4316466
vt 0.79994714 0.4470303
vt 0.81206405 0.4456383
vt 0.78817546 0.4476477
vt 0.801562 0.46152592
vt 0.81361717 0.46034086
vt 0.78877187 0.46196163
vt 0.8219182 0.43104017
vt 0.82066345 0.41693008
vt 0.8197072 0.40257263
vt 0.83227354 0.40225077
vt 0.83241814 0.41696298
vt 0.8442326 0.40196574
vt 0.84347254 0.4169042
vt 0.8325919 0.38652682
vt 0.8454183 0.38593906
vt 0.83329266 0.37015218
vt 0.84859437 0.3688475
vt 0.8197265 0.37180114
vt 0.8610818 0.36879838
vt 0.8634444 0.35215127
vt 0.8460991 0.35071707
vt 0.84459394 0.33701456
vt 0.85697395 0.33468622
vt 0.8565791 0.32284206
vt 0.8436697 0.32427227
vt 0.83239275 0.3389778
vt 0.8327741 0.3539977
vt 0.8585012 0.38548458
vt 0.85677534 0.4012277
vt 0.81954485 0.38731372
vt 0.83280283 0.43029892
vt 0.8445527 0.42999274
vt 0.8310839 0.44249237
vt 0.8447347 0.4421631
vt 0.8443048 0.45549512
vt 0.8306903 0.4559852
vt 0.819219 0.45727456
vt 0.8587719 0.45201635
vt 0.8578687 0.46564305
vt 0.8589693 0.4547372
vt 0.8589315 0.46005774
vt 0.8691964 0.45784843
vt 0.8687812 0.4448967
vt 0.818953 0.472553
vt 0.82914525 0.47229624
vt 0.8285224 0.48872823
vt 0.8179358 0.48780477
vt 0.81633335 0.50261927
vt 0.82687664 0.5034399
vt 0.83846766 0.5042093
vt 0.84085727 0.49024642
vt 0.8550452 0.4924209
vt 0.8498609 0.5048727
vt 0.8611665 0.5053843
vt 0.8645856 0.49253297
vt 0.8564713 0.51502544
vt 0.84645605 0.519402
vt 0.8525138 0.52987486
vt 0.8361854 0.51945335
vt 0.83931726 0.535654
vt 0.82466984 0.51845443
vt 0.81478924 0.51731545
vt 0.8042547 0.5013638
vt 0.8029621 0.5159165
vt 0.8016859 0.5303049
vt 0.8137503 0.5317537
vt 0.7903671 0.5293694
vt 0.78960794 0.5429921
vt 0.8002509 0.54448783
vt 0.78803533 0.55605465
vt 0.79979575 0.55815065
vt 0.8124198 0.5597008
vt 0.77806735 0.52858394
vt 0.7769581 0.5417382
vt 0.765467 0.52834195
vt 0.7643868 0.54233915
vt 0.8114723 0.57405585
vt 0.7980648 0.57299036
vt 0.825405 0.57564384
vt 0.8262389 0.5604785
vt 0.82420605 0.54754895
vt 0.8401434 0.5640386
vt 0.839913 0.55012244
vt 0.85516286 0.55544114
vt 0.85406816 0.5689853
vt 0.8552446 0.5433958
vt 0.8393057 0.578598
vt 0.8526704 0.58249754
vt 0.77750313 0.5517054
vt 0.7619317 0.5578785
vt 0.7790643 0.5141852
vt 0.7670943 0.51359975
vt 0.8121378 0.5461709
vt 0.80969185 0.58890057
vt 0.79601604 0.58773327
vt 0.82405233 0.59071875
vt 0.79140717 0.51490635
vt 0.7932438 0.5003269
vt 0.76812774 0.4992025
vt 0.84358424 0.4725728
vt 0.85739845 0.44288385
vt 0.85476166 0.42880464
vt 0.8079398 0.6034143
vt 0.7939781 0.60177004
vt 0.8224132 0.6051641
vt 0.80570376 0.4868523
vt 0.79411644 0.48614717
vt 0.78005195 0.49968255
vt 0.7923233 0.61498725
vt 0.8065018 0.61649513
vt 0.7803904 0.6004245
vt 0.78242993 0.5871229
vt 0.77858865 0.61235356
vt 0.7669019 0.5994501
vt 0.7645563 0.6112143
vt 0.7774754 0.62147784
vt 0.7635349 0.6203233
vt 0.74955356 0.61900085
vt 0.75070655 0.6096839
vt 0.7528962 0.5987615
vt 0.79072595 0.6232566
vt 0.8050209 0.6280511
vt 0.8206967 0.6180883
vt 0.8368753 0.60721946
vt 0.8350066 0.619114
vt 0.8512936 0.610074
vt 0.8482833 0.6204459
vt 0.8451041 0.6273031
vt 0.8328578 0.6279406
vt 0.85738504 0.46947682
vt 0.77307487 0.40642178
vt 0.77183175 0.39145005
vt 0.77449864 0.42121822
vt 0.80790156 0.40310913
vt 0.8077014 0.3880421
vt 0.7691639 0.36281574
vt 0.8069595 0.3728317
vt 0.75777066 0.57695675
vt 0.7713648 0.5734205
vt 0.7552129 0.58857125
vt 0.77648956 0.46213567
vt 0.77628535 0.44761312
vt 0.77617633 0.4341619
vt 0.7896804 0.47681153
vt 0.7769937 0.47723848
vt 0.81068075 0.47377193
vt 0.80373 0.32959127
vt 0.76764965 0.34890848
vt 0.8149323 0.3282845
vt 0.8216734 0.44337153
vt 0.7710501 0.376297
vt 0.7878757 0.43396193
vt 0.8014244 0.15208632
vt 0.74999243 0.18901563
vt 0.75156707 0.20273757
vt 0.7630771 0.21687394
vt 0.85527796 0.4160946
vt 0.7620868 0.28965032
vt 0.81103104 0.28785187
vt 0.7850672 0.5723249
vt 0.81913745 0.628125
vt 0.8190388 0.35633957
vt 0.76876694 0.5874129
vt 0.7833719 0.48715705
vt 0.77394444 0.4858563
vt 0.86014795 0.4306847
vt 0.8383435 0.5930268
vt 0.8523347 0.596071
vt 0.8572855 0.4845606
vt 0.75123405 0.21714348
vt 0.81760794 0.34095585
vt 0.8002375 0.4731325
vt 0.8240042 0.5341422
vt 0.77191174 0.21686345
vt 0.81793946 0.30504954
vt 0.8178408 0.2933036
vt 0.8278638 0.29605168
vt 0.8174107 0.29899728
vt 0.828125 0.31500524
vt 0.8277477 0.3330512
vt 0.818588 0.33348215
vt 0.8178408 0.32407725
vt 0.93374985 0.8046454
vt 0.94369036 0.81110024
vt 0.94054097 0.81858313
vt 0.9283781 0.813787
vt 0.9486542 0.8016092
vt 0.9390665 0.7946475
vt 0.9516611 0.78805923
vt 0.955123 0.78679556
vt 0.9552718 0.77234554
vt 0.9482565 0.7776335
vt 0.91628474 0.8090399
vt 0.92222476 0.7980735
vt 0.90243113 0.8032163
vt 0.9094605 0.7906892
vt 0.91788626 0.77837956
vt 0.9072305 0.77015924
vt 0.89730376 0.78448045
vt 0.8856219 0.7792208
vt 0.8949097 0.76461774
vt 0.8827743 0.76112276
vt 0.87379247 0.7740831
vt 0.86259234 0.76880103
vt 0.871493 0.75685436
vt 0.8805567 0.7454172
vt 0.8898953 0.7492444
vt 0.87123096 0.7406776
vt 0.8616834 0.75278217
vt 0.88153553 0.730019
vt 0.8892457 0.7359784
vt 0.89800626 0.7280488
vt 0.89079046 0.7204542
vt 0.88103783 0.7140925
vt 0.8721451 0.72482014
vt 0.9007579 0.71098596
vt 0.90698963 0.7209729
vt 0.85491073 0.7660888
vt 0.92132527 0.75603956
vt 0.92779714 0.7671151
vt 0.9140155 0.71284014
vt 0.9130854 0.71195906
vt 0.90459317 0.73624736
vt 0.91496944 0.73007905
vt 0.93882686 0.75824034
vt 0.93310875 0.74760026
vt 0.9365784 0.82366073
vt 0.9230036 0.8232952
vt 0.89342904 0.70336175
vt 0.9112873 0.7497994
vt 0.89628 0.8162427
vt 0.8895482 0.7983424
vt 0.8828443 0.81258357
vt 0.9045386 0.75138026
vt 0.92033964 0.7150124
vt 0.91455996 0.71117514
vt 0.9039332 0.68753827
vt 0.91055256 0.8201451
vt 0.92670965 0.73771507
vt 0.940042 0.72993195
vt 0.96480453 0.766801
vt 0.96766716 0.7788286
vt 0.9774695 0.77296877
vt 0.97503006 0.76137763
vt 0.9717252 0.7482909
vt 0.9599432 0.7544405
vt 0.9687196 0.735843
vt 0.9550201 0.7428103
vt 0.96910703 0.79052013
vt 0.961494 0.7990091
vt 0.97884053 0.78439975
vt 0.98474973 0.7437931
vt 0.94936556 0.76138306
vt 0.9429534 0.75070226
vt 0.9656191 0.72402614
vt 0.9817084 0.71739465
vt 0.9861838 0.7569863
vt 0.98334676 0.730467
vt 0.9797991 0.70366794
vt 0.9625902 0.7115205
vt 0.93639916 0.77734256
vt 0.92866045 0.78736854
vt 0.9779217 0.689833
vt 0.9595799 0.69831437
vt 0.94585973 0.719752
vt 0.9419465 0.7084307
vt 0.9788355 0.68094933
vt 0.9579827 0.68848395
vt 0.99955356 0.6769275
vt 0.99780154 0.671875
vt 0.94602007 0.7401171
vt 0.9323385 0.69796103
vt 0.9502662 0.73156136
vt 0.9871556 0.7670631
vt 0.9886689 0.7808217
vt 0.9416008 0.7693134
vt 0.99903476 0.72721094
vt 0.99857277 0.7409364
vt 0.99955356 0.7768968
vt 0.9983656 0.7660767
vt 0.99804676 0.7549026
vt 0.8972406 0.74151987
vt 0.91159713 0.74688
vt 0.94414234 0.7825566
vt 0.9277408 0.7221601
vt 0.9504464 0.80223215
vt 0.9513393 0.8032764
vt 0.9504464 0.815625
vt 0.234375 0.9513393
vt 0.23258929 0.9470616
vt 0.234375 0.9433036
vt 0.23883928 0.22098213
vt 0.26383927 0.22098213
vt 0.2444241 0.21205354
vt 0.24022445 0.21848047
vt 0.221875 0.23348212
vt 0.22901785 0.22617984
vt 0.221875 0.21205354
vt 0.90669644 0.69955355
vt 0.890625 0.69955355
vt 0.8942852 0.6924107
vt 0.90184236 0.693745
vt 0.896875 0.68973213
vt 0.8898676 0.6924107
vt 0.8825893 0.68973213
vt 0.23616071 0.9549107
vt 0.23526786 0.95458657
vt 0.23616071 0.9433036
vt 0.92633927 0.6103031
vt 0.93616074 0.609375
vt 0.93616074 0.62098217
vt 0.9265238 0.60970455
vt 0.9227679 0.6191964
vt 0.9227679 0.609375
vt 0.9236607 0.6189559
vt 0.7477896 0.33830953
vt 0.73810166 0.32730508
vt 0.74793494 0.32610953
vt 0.73797625 0.34069902
vt 0.725315 0.34187496
vt 0.7255814 0.32872677
vt 0.74967414 0.31383932
vt 0.73941344 0.31439954
vt 0.72507447 0.35522008
vt 0.7126283 0.34265792
vt 0.7127932 0.32978237
vt 0.738132 0.35427618
vt 0.7484807 0.3522551
vt 0.71233857 0.3559723
vt 0.69958454 0.33082914
vt 0.69944036 0.34351146
vt 0.68539333 0.344334
vt 0.6855008 0.33179176
vt 0.6707125 0.33286184
vt 0.670792 0.3454234
vt 0.6565748 0.33395022
vt 0.6566349 0.3464542
vt 0.6564135 0.35912943
vt 0.64158 0.3596089
vt 0.64135206 0.372698
vt 0.6561908 0.37234747
vt 0.62616765 0.37254053
vt 0.6265313 0.35988688
vt 0.6258152 0.38496125
vt 0.6107986 0.3846482
vt 0.61019796 0.3971039
vt 0.6253239 0.39754808
vt 0.6245947 0.40900242
vt 0.6099955 0.40684652
vt 0.6096559 0.4186858
vt 0.62406325 0.42010796
vt 0.6400874 0.41011715
vt 0.6393372 0.42180443
vt 0.6381104 0.43391693
vt 0.62339985 0.43239248
vt 0.6226134 0.4435544
vt 0.6369271 0.44526744
vt 0.60827684 0.4416824
vt 0.65481406 0.41039395
vt 0.65372586 0.42311287
vt 0.6684148 0.4116946
vt 0.6675385 0.4238968
vt 0.6218596 0.45580316
vt 0.60772854 0.45392102
vt 0.60678077 0.4649995
vt 0.6206604 0.46651638
vt 0.59266335 0.46340615
vt 0.591615 0.47429943
vt 0.6050978 0.47627747
vt 0.59372723 0.4526688
vt 0.5943728 0.44060624
vt 0.5906931 0.48583007
vt 0.60350066 0.48722255
vt 0.63601124 0.45728862
vt 0.6347724 0.46804935
vt 0.57903326 0.4727193
vt 0.57959884 0.46148312
vt 0.5781904 0.48435795
vt 0.64026195 0.39846325
vt 0.59573096 0.39667106
vt 0.5962701 0.3842591
vt 0.5949774 0.41834205
vt 0.67059785 0.37133157
vt 0.6558552 0.3866526
vt 0.6700621 0.38543504
vt 0.6846052 0.3703823
vt 0.6836793 0.38408393
vt 0.66899043 0.3991412
vt 0.6823116 0.3976903
vt 0.68521017 0.35725063
vt 0.6984708 0.36993736
vt 0.652647 0.43609345
vt 0.6666599 0.4364723
vt 0.6810056 0.4249254
vt 0.6824082 0.4120865
vt 0.611437 0.37214392
vt 0.61199635 0.35979664
vt 0.695721 0.41291112
vt 0.6941376 0.4252721
vt 0.7108641 0.41323364
vt 0.70945793 0.42631412
vt 0.6937509 0.4374354
vt 0.70845956 0.43880582
vt 0.69357413 0.44951516
vt 0.70767534 0.45126796
vt 0.7228457 0.4402141
vt 0.7215985 0.45302886
vt 0.73700345 0.44173265
vt 0.73459536 0.45476246
vt 0.74734694 0.44421113
vt 0.7434538 0.45680332
vt 0.72434956 0.42741656
vt 0.6976795 0.4002409
vt 0.7123425 0.40020013
vt 0.58153456 0.3964845
vt 0.5822457 0.38396072
vt 0.7335414 0.46781123
vt 0.72060996 0.46608686
vt 0.7442989 0.4695161
vt 0.6801297 0.44767714
vt 0.6795653 0.45974845
vt 0.69312125 0.46218264
vt 0.6803394 0.47285068
vt 0.6926316 0.47467637
vt 0.66509384 0.46953398
vt 0.6640735 0.481467
vt 0.6484247 0.47800642
vt 0.65001416 0.46686256
vt 0.58094686 0.40652072
vt 0.56731236 0.39599633
vt 0.5681182 0.38356686
vt 0.5663792 0.40559655
vt 0.75401783 0.43230212
vt 0.66583246 0.45751458
vt 0.6341038 0.47579288
vt 0.5951143 0.40703
vt 0.64180154 0.34691805
vt 0.6421615 0.33455336
vt 0.62690383 0.34683883
vt 0.67893106 0.48361385
vt 0.6925223 0.48709822
vt 0.6707849 0.35838604
vt 0.71195394 0.36944032
vt 0.72502 0.36883432
vt 0.71140355 0.38254058
vt 0.725133 0.3822447
vt 0.7386194 0.38190633
vt 0.69907105 0.35666382
vt 0.62725216 0.33491623
vt 0.5969614 0.37127328
vt 0.59770566 0.35956252
vt 0.72578716 0.41405606
vt 0.5661357 0.4174446
vt 0.58039767 0.41789544
vt 0.5500651 0.4048925
vt 0.55140495 0.41815984
vt 0.5661927 0.431041
vt 0.58012795 0.43215138
vt 0.56611663 0.44252348
vt 0.5795806 0.44329113
vt 0.5655885 0.45454782
vt 0.5523122 0.44220388
vt 0.55204225 0.45400912
vt 0.55180806 0.46614963
vt 0.5651617 0.4659323
vt 0.5393052 0.46602738
vt 0.53918636 0.45404953
vt 0.53931993 0.44211322
vt 0.5529954 0.47845435
vt 0.5944206 0.43189216
vt 0.55258316 0.39520633
vt 0.5542352 0.38302958
vt 0.5689029 0.3707558
vt 0.55516213 0.37054265
vt 0.56952995 0.35847002
vt 0.5559324 0.35838735
vt 0.570122 0.3467962
vt 0.5565894 0.34681344
vt 0.5571686 0.3357755
vt 0.57068497 0.33557463
vt 0.5848315 0.3356763
vt 0.54380006 0.3360743
vt 0.54320663 0.3469491
vt 0.5304631 0.33643085
vt 0.5298959 0.34712684
vt 0.51633966 0.3475722
vt 0.5167984 0.33688545
vt 0.5028148 0.34784806
vt 0.50334144 0.33717275
vt 0.4891721 0.34808624
vt 0.48955175 0.33732688
vt 0.5023158 0.35879183
vt 0.48883754 0.35877872
vt 0.48858565 0.37081444
vt 0.5018135 0.37070566
vt 0.5013295 0.3835178
vt 0.48825145 0.38356292
vt 0.48763952 0.3965423
vt 0.50088 0.396716
vt 0.47468916 0.3953817
vt 0.47453547 0.40722597
vt 0.4609058 0.40947735
vt 0.46130416 0.3949399
vt 0.46104676 0.4197381
vt 0.4745077 0.4206345
vt 0.4471622 0.41878033
vt 0.461163 0.43506336
vt 0.47404644 0.43523252
vt 0.48699307 0.4354388
vt 0.48748833 0.42367768
vt 0.50097394 0.42419267
vt 0.5002878 0.4368928
vt 0.51316464 0.42468596
vt 0.5142937 0.43828535
vt 0.49958256 0.44977522
vt 0.48658305 0.44852751
vt 0.5129881 0.4504391
vt 0.46186557 0.4472257
vt 0.4477223 0.44688284
vt 0.44737384 0.46078765
vt 0.46254164 0.46096694
vt 0.43248445 0.46132803
vt 0.43339893 0.44741184
vt 0.4346334 0.43386376
vt 0.4192846 0.44907904
vt 0.41852343 0.46211863
vt 0.42004672 0.4357509
vt 0.44704965 0.47479314
vt 0.46231014 0.4746611
vt 0.4322028 0.47496247
vt 0.4479693 0.4343208
vt 0.5145302 0.38336432
vt 0.5142501 0.3963651
vt 0.5015494 0.41192043
vt 0.51653093 0.4111905
vt 0.527477 0.3952791
vt 0.52776855 0.38302618
vt 0.5284813 0.37049824
vt 0.4753091 0.37097794
vt 0.4760656 0.33743256
vt 0.47572082 0.3481338
vt 0.4619071 0.3479452
vt 0.4623863 0.33741748
vt 0.44789428 0.34812295
vt 0.44817963 0.3374101
vt 0.43388265 0.33786142
vt 0.43376452 0.34860313
vt 0.4194259 0.34933162
vt 0.41964522 0.3382709
vt 0.4193395 0.36053133
vt 0.4336575 0.3597604
vt 0.40468985 0.36123657
vt 0.40471667 0.34999526
vt 0.41929203 0.37212336
vt 0.40469027 0.37298965
vt 0.4046161 0.38577855
vt 0.41938648 0.38467646
vt 0.41992587 0.39779288
vt 0.40480447 0.39968443
vt 0.4050964 0.41340244
vt 0.4207667 0.41039264
vt 0.43487743 0.40563345
vt 0.42141846 0.42317343
vt 0.40557528 0.4259894
vt 0.38896373 0.41735995
vt 0.3886631 0.40116215
vt 0.37230158 0.41464782
vt 0.3725063 0.400833
vt 0.35587263 0.41768503
vt 0.35550582 0.4157421
vt 0.37253723 0.4276693
vt 0.3564419 0.4261428
vt 0.35998186 0.39888275
vt 0.37381312 0.38696206
vt 0.35881314 0.38641202
vt 0.3433419 0.39967328
vt 0.3443906 0.38698316
vt 0.32979867 0.4017232
vt 0.32975164 0.38845658
vt 0.3305897 0.4138937
vt 0.3431747 0.4138248
vt 0.31502175 0.4043833
vt 0.31541875 0.38866293
vt 0.3168923 0.41452676
vt 0.3540533 0.40541303
vt 0.37343252 0.44088066
vt 0.35914657 0.4396659
vt 0.36012852 0.3735618
vt 0.34537518 0.37364697
vt 0.36120713 0.3610468
vt 0.34624296 0.36082357
vt 0.34706092 0.34904587
vt 0.36216837 0.3497501
vt 0.33135438 0.36067593
vt 0.33234993 0.34840357
vt 0.34805477 0.33763796
vt 0.3333937 0.33679175
vt 0.31756976 0.3476261
vt 0.3185804 0.33595204
vt 0.31663686 0.36008
vt 0.30339387 0.33498526
vt 0.37698337 0.35048354
vt 0.376012 0.3619036
vt 0.37785995 0.33935678
vt 0.3605281 0.45213354
vt 0.3738495 0.45400536
vt 0.3883929 0.44121414
vt 0.3885147 0.45457184
vt 0.37454417 0.4648732
vt 0.38897073 0.46629596
vt 0.37490088 0.47752714
vt 0.38898033 0.47873688
vt 0.4030767 0.47981888
vt 0.40240368 0.49270737
vt 0.40359396 0.45438218
vt 0.3886973 0.4912638
vt 0.3751169 0.4902476
vt 0.36237523 0.46160102
vt 0.3612147 0.47693706
vt 0.35392475 0.41612703
vt 0.36116964 0.46204937
vt 0.34772736 0.47669613
vt 0.3478377 0.4902991
vt 0.33437365 0.4903301
vt 0.3335874 0.47644234
vt 0.32029444 0.4756208
vt 0.32147646 0.4900316
vt 0.30589724 0.47477686
vt 0.30736926 0.48774463
vt 0.34755144 0.46418113
vt 0.2912492 0.47374964
vt 0.2923274 0.48632735
vt 0.30448997 0.46104193
vt 0.28983966 0.46032178
vt 0.2765363 0.47234738
vt 0.27539217 0.4597746
vt 0.28854954 0.44758087
vt 0.2740648 0.446675
vt 0.30329928 0.4483571
vt 0.2612993 0.47059286
vt 0.26048687 0.4583007
vt 0.2621489 0.48309326
vt 0.2594932 0.44560885
vt 0.27241793 0.43405306
vt 0.3327617 0.46306694
vt 0.31917906 0.46273005
vt 0.27735582 0.48466897
vt 0.24610618 0.46973836
vt 0.24524514 0.45704603
vt 0.2469386 0.4818051
vt 0.2318966 0.4693942
vt 0.23161349 0.45691174
vt 0.23133545 0.4446169
vt 0.21812603 0.44371378
vt 0.21844752 0.45645535
vt 0.20475912 0.4427839
vt 0.20500025 0.4557041
vt 0.20526816 0.46830368
vt 0.21837682 0.431248
vt 0.20465761 0.43023694
vt 0.20434557 0.4179467
vt 0.21952304 0.41861904
vt 0.21836832 0.40712547
vt 0.20333974 0.4054972
vt 0.20169652 0.39272314
vt 0.21591048 0.39468062
vt 0.21405096 0.38097548
vt 0.20003031 0.37973553
vt 0.18614084 0.37900466
vt 0.1873845 0.3916018
vt 0.1849798 0.3668449
vt 0.19865516 0.36717474
vt 0.1712459 0.3659116
vt 0.17255406 0.37822104
vt 0.170703 0.35388458
vt 0.18434662 0.35458958
vt 0.19787727 0.35483474
vt 0.17380622 0.39056933
vt 0.22756909 0.38285494
vt 0.22909589 0.3966682
vt 0.22656246 0.36817193
vt 0.24080555 0.38469577
vt 0.24172421 0.3995694
vt 0.25389642 0.38599706
vt 0.25424623 0.4001119
vt 0.25384146 0.3707713
vt 0.2686894 0.3719176
vt 0.2669698 0.38697416
vt 0.28374693 0.3884731
vt 0.28446916 0.37298346
vt 0.28335708 0.40314317
vt 0.2538177 0.35628796
vt 0.26947656 0.35751736
vt 0.23439418 0.35352987
vt 0.2546149 0.34298158
vt 0.23908697 0.34224164
vt 0.25593033 0.33096898
vt 0.24080037 0.33019722
vt 0.27185974 0.33248717
vt 0.24169202 0.40888608
vt 0.25468564 0.41221952
vt 0.25658557 0.42600596
vt 0.2426924 0.42389977
vt 0.24383616 0.43825775
vt 0.26824096 0.41369247
vt 0.27081904 0.4269277
vt 0.2859963 0.42710125
vt 0.28437412 0.41450405
vt 0.2258149 0.34220207
vt 0.22639155 0.33012092
vt 0.27060488 0.34442854
vt 0.28533542 0.3587551
vt 0.26518306 0.40039366
vt 0.2393911 0.36943567
vt 0.23003094 0.40607
vt 0.22989346 0.42035902
vt 0.18925627 0.41712308
vt 0.18993576 0.42947072
vt 0.17527771 0.42881197
vt 0.17456524 0.4163612
vt 0.16166423 0.4158864
vt 0.16295457 0.42846394
vt 0.16384037 0.44107842
vt 0.17631336 0.44142652
vt 0.15894084 0.44117415
vt 0.17418852 0.40337968
vt 0.16204834 0.40285832
vt 0.15354525 0.40210557
vt 0.15309447 0.41501796
vt 0.14362504 0.41427732
vt 0.14405116 0.40002233
vt 0.14366734 0.42826152
vt 0.13239916 0.42836392
vt 0.13218048 0.41386998
vt 0.120676324 0.42861974
vt 0.1205374 0.4136325
vt 0.1205192 0.44339585
vt 0.110203184 0.42901194
vt 0.11033791 0.41390467
vt 0.109567605 0.44418317
vt 0.13311715 0.44276023
vt 0.1452134 0.4422329
vt 0.14564076 0.38573897
vt 0.15466578 0.38872916
vt 0.16450514 0.45392036
vt 0.1769557 0.45546883
vt 0.15805955 0.45349264
vt 0.19119917 0.4551581
vt 0.19187221 0.46801066
vt 0.21889918 0.46885377
vt 0.18844253 0.40428013
vt 0.21146587 0.3425951
vt 0.21151577 0.3306116
vt 0.19744204 0.34278232
vt 0.19767787 0.3307215
vt 0.21196024 0.35493362
vt 0.22562104 0.35431194
vt 0.23233773 0.48114133
vt 0.1843301 0.3424883
vt 0.17118381 0.34228438
vt 0.19254051 0.4808839
vt 0.20525068 0.48013258
vt 0.17885944 0.467479
vt 0.1798092 0.48034632
vt 0.1675348 0.47958708
vt 0.3000854 0.37376857
vt 0.30082032 0.3597268
vt 0.392784 0.34004247
vt 0.345428 0.43855464
vt 0.39347956 0.32870603
vt 0.37870398 0.3281902
vt 0.37492576 0.3739226
vt 0.3631127 0.3387671
vt 0.3640119 0.3275342
vt 0.34398514 0.42750174
vt 0.33238494 0.42732972
vt 0.4338646 0.39597368
vt 0.43346816 0.38397944
vt 0.38901168 0.38684368
vt 0.38956684 0.36194396
vt 0.4056214 0.33925152
vt 0.40634176 0.32927024
vt 0.44770852 0.35954714
vt 0.44724432 0.40576863
vt 0.47521368 0.3834685
vt 0.5158587 0.35861385
vt 0.529218 0.35849464
vt 0.46168938 0.35915506
vt 0.47544 0.3589208
vt 0.58439726 0.34703016
vt 0.5836773 0.35893887
vt 0.59830666 0.3472141
vt 0.5986311 0.3354243
vt 0.5409862 0.38296008
vt 0.3912739 0.35103846
vt 0.47786593 0.4589709
vt 0.47641295 0.47530663
vt 0.31579584 0.37408757
vt 0.44741723 0.38387764
vt 0.44757733 0.37151563
vt 0.58289033 0.37097365
vt 0.43346357 0.37160927
vt 0.30214295 0.3470583
vt 0.46165228 0.3712436
vt 0.54253465 0.35840237
vt 0.739088 0.42885888
vt 0.4476851 0.39480197
vt 0.21297534 0.3673463
vt 0.51515067 0.37061357
vt 0.6124019 0.3469193
vt 0.61269987 0.3350047
vt 0.287431 0.33382642
vt 0.5653978 0.48312944
vt 0.56566936 0.47367424
vt 0.7066394 0.4770466
vt 0.7063524 0.49094212
vt 0.72006804 0.4788338
vt 0.71947867 0.49158072
vt 0.7327942 0.49296433
vt 0.47489712 0.4472804
vt 0.486738 0.4632846
vt 0.49881798 0.46176034
vt 0.4350517 0.4199736
vt 0.48531678 0.47516227
vt 0.49800983 0.47430944
vt 0.484028 0.48595726
vt 0.4972726 0.48567402
vt 0.51211196 0.47380102
vt 0.51156706 0.48505098
vt 0.5252055 0.4858625
vt 0.51051646 0.49622846
vt 0.52397525 0.496875
vt 0.5273736 0.43881863
vt 0.52834874 0.4249642
vt 0.51245594 0.46204388
vt 0.41832983 0.47498524
vt 0.40397203 0.4652915
vt 0.46163347 0.3834778
vt 0.15435132 0.42801178
vt 0.54177624 0.3704548
vt 0.33153617 0.45031792
vt 0.7070547 0.46425325
vt 0.28723544 0.43414646
vt 0.30202264 0.43474966
vt 0.7330501 0.4806499
vt 0.3010887 0.4215281
vt 0.7440611 0.48245037
vt 0.74357903 0.49465322
vt 0.25810227 0.43527222
vt 0.1339252 0.4569453
vt 0.12110326 0.45818985
vt 0.31799734 0.44945222
vt 0.31709614 0.43561566
vt 0.3611826 0.4899422
vt 0.66611075 0.4466399
vt 0.55206054 0.43140626
vt 0.5395233 0.42224944
vt 0.53761244 0.4083439
vt 0.4046828 0.43961406
vt 0.21871613 0.48019063
vt 0.52624404 0.4465199
vt 0.28641063 0.34591174
vt 0.10970541 0.39894402
vt 0.119866095 0.39850813
vt 0.09873645 0.39948308
vt 0.09909066 0.4143573
vt 0.08672156 0.4149347
vt 0.08633275 0.39990413
vt 0.0979634 0.38398838
vt 0.08579686 0.38459373
vt 0.085170016 0.36898
vt 0.09755419 0.36815077
vt 0.09641225 0.35179353
vt 0.084061794 0.35298586
vt 0.107247315 0.35142982
vt 0.1056962 0.33217913
vt 0.09459768 0.3350129
vt 0.0728849 0.3700366
vt 0.071888514 0.35478866
vt 0.10850451 0.36830974
vt 0.108705364 0.3837105
vt 0.07435389 0.40077525
vt 0.07457708 0.4154036
vt 0.08654829 0.42989516
vt 0.07442879 0.4301082
vt 0.073195495 0.44490469
vt 0.08569381 0.44491565
vt 0.07126806 0.4599017
vt 0.083806634 0.45979917
vt 0.067410715 0.47605276
vt 0.07437233 0.47406244
vt 0.07356474 0.3855381
vt 0.09683122 0.4597404
vt 0.098435216 0.4451338
vt 0.18506065 0.33080912
vt 0.17292747 0.33105117
vt 0.09915005 0.42959702
vt 0.10958732 0.45957005
vt 0.72619206 0.39905113
vt 0.6979754 0.38400686
vt 0.61906105 0.47820008
vt 0.6171353 0.48927653
vt 0.6509684 0.45719147
vt 0.3888531 0.42761016
vt 0.33057466 0.37404883
vt 0.29988047 0.38861555
vt 0.3002429 0.40264916
vt 0.5386743 0.48386562
vt 0.5494819 0.48022896
vt 0.5397524 0.49541014
vt 0.60893166 0.43192685
vt 0.64073783 0.38580376
vt 0.11894237 0.38347888
vt 0.11767677 0.36850393
vt 0.30125105 0.41496855
vt 0.7520602 0.496875
vt 0.7532927 0.48426855
vt 0.38963428 0.37399757
vt 0.5269619 0.46036518
vt 0.14432156 0.4546941
vt 0.15656166 0.46400458
vt 0.7408296 0.41492277
vt 0.7528589 0.41772068
vt 0.65502757 0.40361297
vt 0.58016175 0.45259035
vt 0.3463186 0.4513839
vt 0.75332433 0.40299284
vt 0.16511473 0.46739954
vt 0.19071764 0.44209045
vt 0.3528747 0.4146679
vt 0.6801683 0.43646955
vt 0.65159607 0.44592083
vt 0.7382326 0.36847854
vt 0.748808 0.36796904
vt 0.7491763 0.3816296
vt 0.35441297 0.40712684
vt 0.41962674 0.32880157
vt 0.14452645 0.45870507
vt 0.31785083 0.42531717
vt 0.53957725 0.39559388
vt 0.7411356 0.39859343
vt 0.2300075 0.43395436
vt 0.3322977 0.43803287
vt 0.2455428 0.44630373
vt 0.48760355 0.41051608
vt 0.5280573 0.40667224
vt 0.52597964 0.47067696
vt 0.53924847 0.43466705
vt 0.4756106 0.4597243
vt 0.55497605 0.4867791
vt 0.6331892 0.48996687
vt 0.24866071 0.23883927
vt 0.234375 0.23883927
vt 0.24504149 0.23794645
vt 0.24776785 0.94776785
vt 0.25401786 0.94776785
vt 0.24908295 0.94955355
vt 0.90491074 0.22901785
vt 0.90401787 0.22421199
vt 0.90491074 0.22366071
vt 0.90743506 0.22901785
vt 0.90580356 0.2282542
vt 0.90743506 0.22366071
vt 0.90758926 0.22421199
vt 0.23616071 0.96026784
vt 0.23502126 0.9620536
vt 0.23169643 0.96026784
vt 0.23616071 0.959375
vt 0.23169643 0.959375
vt 0.23502123 0.95758927
vt 0.9013393 0.22812498
vt 0.9004464 0.22696614
vt 0.9013393 0.22366071
vt 0.90223217 0.22812498
vt 0.90223217 0.22366071
vt 0.903125 0.22696614
vn -0.5484884 0.0021961632 0.8361553
vn -0.7093147 -0.014167701 0.7047495
vn 0 0 0
vn -0.06170196 0.91359127 0.40192515
vn -0.05126585 0.9724313 0.22748442
vn 0 0 0
vn 0 0 0
vn -0.98310477 -0.14139463 0.116243646
vn -0.9838277 -0.101539716 0.14755566
vn 0 0 0
vn 0.16723293 0.6245989 0.76282984
vn 0.4472136 0 -0.8944272
vn 0.20705308 0.484683 0.8498302
vn 0.16723293 0.6245989 0.76282984
vn 0.2151608 0.43123046 0.8762112
vn 0.1911125 0.5943398 0.78117615
vn -0.33244276 -0.15040755 -0.93105286
vn -0.34533015 -0.21207517 -0.91420525
vn -0.15689085 -0.17372175 -0.9722171
vn -0.026845917 0.952694 -0.30274314
vn -0.25296503 0.860045 -0.4430928
vn 0 0 0
vn -0.44111684 0.03658475 -0.89670366
vn -0.43781427 0.13213764 -0.88930213
vn -0.34317237 0.050177094 -0.93793124
vn -0.09373257 -0.7304476 0.6765061
vn -0.11007428 -0.625722 0.77224064
vn -0.13204059 -0.7862153 0.603681
vn 0.036655772 -0.4490895 0.8927345
vn -0.09755356 0.7850527 0.6116989
vn -0.04786897 -0.30378437 0.9515375
vn -0.060448006 -0.50483245 0.8610983
vn 0.25016588 0.5390233 0.80428284
vn 0.18021353 0.58470505 0.79097605
vn 0.079425514 -0.5270812 0.84609514
vn 0.15956092 -0.32641658 0.9316612
vn -0.0009087768 -0.69753414 0.716551
vn 0 0 0
vn 0.0074042594 -0.16609575 -0.98608184
vn -0.0009398108 -0.16452816 -0.98637193
vn 0.042105105 -0.48344612 -0.8743609
vn 0.024031281 -0.4321671 0.9014733
vn 0 0 0
vn -0.08107042 -0.39133084 0.9166721
vn 0 0 0
vn -0.25042775 0.86312526 -0.4385211
vn 0.017559554 0.754864 -0.65564626
vn 0.3811132 0.7275491 -0.5704604
vn 0.21638523 -0.037137877 -0.97560143
vn 0.2536442 0.36779866 -0.8946445
vn 0.74795806 0.17398801 -0.6405364
vn 0.3506113 0.9301477 -0.10907297
vn 0.4110862 0.9078998 -0.082012795
vn 0.4027045 0.8825793 -0.2426578
vn 0.38359252 0.91179293 -0.14659612
vn 0.32435587 0.90310234 -0.2814239
vn 0.2743755 0.89167804 -0.36003935
vn 0.26377076 0.86856407 -0.41954914
vn 0.08835463 0.963593 -0.25235283
vn 0.048316576 0.93608123 -0.34845003
vn -0.30215213 0.92706317 -0.22194132
vn -0.028294379 0.994822 0.097614095
vn -0.20756125 0.9119393 -0.35395616
vn -0.08966922 0.9270116 -0.36415502
vn -0.33064908 0.9081529 -0.25676745
vn -0.189411 0.97051466 -0.14907986
vn 0.11716909 0.9631529 -0.24209076
vn -0.27672014 0.9514898 0.1345107
vn 0.29151616 0.91911805 -0.26502895
vn 0.1724092 0.9773751 -0.122527495
vn 0.428475 0.886878 -0.17279045
vn 0.64496064 0.76085174 -0.07162697
vn 0.7547095 0.6500695 -0.08844939
vn 0.75026643 0.6299405 -0.20068687
vn 0.64729226 0.7355055 -0.20011087
vn 0.61804473 0.75863767 -0.20613016
vn 0.6246692 0.70535284 -0.3350609
vn 0.3808923 0.84670067 -0.37150913
vn 0.39553702 0.76201874 -0.51271623
vn 0.29693848 0.8660631 -0.4021967
vn 0.19368681 0.80330974 -0.5631864
vn 0.39643738 0.77607584 -0.49045253
vn 0.30007908 0.710785 -0.63618964
vn 0.21766298 0.8886928 -0.40354425
vn 0.19845363 0.8657149 -0.45951486
vn 0.20408928 0.7230107 -0.6600023
vn -0.031129993 0.82350576 -0.56645316
vn -0.26629195 0.83452016 -0.48235324
vn -0.27754354 0.9105788 -0.3062938
vn -0.04442963 0.76336265 -0.6444405
vn -0.4193497 0.72090375 -0.5517641
vn -0.04783481 0.6703367 -0.7405137
vn -0.25042775 0.86312526 -0.4385211
vn 0.017559554 0.754864 -0.65564626
vn -0.23925254 0.6419791 -0.7284374
vn 0.44102642 0.87794054 -0.18632273
vn 0.07049219 0.91375256 -0.4001089
vn 0.6657978 0.73014665 -0.15361997
vn 0.64370507 0.7615873 -0.07502326
vn 0.6585708 0.72140753 -0.21413931
vn 0.99799573 0.05911666 0.022576146
vn 0.6091862 0.67709047 -0.4128446
vn 0.6643352 0.70534736 -0.24727286
vn 0.99488056 0.07659048 -0.06592873
vn 0.9418408 0.29719347 -0.15688191
vn 0.86110574 0.38138422 -0.33621863
vn 0.5996579 0.5847418 -0.5463401
vn 0.7076236 0.53261155 -0.4643207
vn 0.73672485 0.5186215 -0.43389887
vn 0.7460117 0.45711017 -0.48426947
vn 0.7456815 0.59890413 -0.29201514
vn 0.7290024 0.55341333 -0.40285128
vn 0.6428299 0.62356097 -0.44490606
vn 0.7267775 0.48639667 -0.4849874
vn 0.6002839 0.5658889 -0.5651805
vn 0.39154702 0.64644367 -0.6548294
vn 0.5542713 0.49503332 -0.6691229
vn 0.2194237 0.7061316 -0.6732246
vn 0.33753335 0.55284667 -0.7618607
vn 0.21773629 0.6185843 -0.75494665
vn 0.3769555 0.59479547 -0.7100161
vn 0.310982 0.51077443 -0.8014984
vn 0.14027996 0.6049903 -0.7837782
vn 0.060800258 0.5403466 -0.83924305
vn -0.014838086 0.5279679 -0.8491347
vn -0.21268636 0.56436616 -0.7976562
vn -0.41945615 0.57523406 -0.70225513
vn -0.35899144 0.55414975 -0.75102806
vn -0.057739682 0.7063254 -0.70552856
vn 0.5399164 0.58510315 -0.60509884
vn 0.7307017 0.36862418 -0.57462275
vn 0.56458414 0.4220653 -0.7092994
vn 0.6150189 0.32888907 -0.71664757
vn 0.75894016 0.35002014 -0.5490863
vn 0.64022017 0.33761406 -0.69002527
vn 0.71565425 0.39200908 -0.57807255
vn 0.7444593 0.27710128 -0.6074498
vn 0.7115419 0.28340754 -0.6429528
vn 0.7344705 0.16170849 -0.6590929
vn 0.5768531 0.3630734 -0.7317228
vn 0.69023466 0.19055122 -0.69804466
vn 0.5122554 0.25712705 -0.81943893
vn 0.5350155 0.09150174 -0.8398725
vn 0.31687033 0.40940017 -0.855561
vn 0.27667797 0.4555576 -0.8461185
vn 0.58473617 0.22478803 -0.7794575
vn 0.6591572 0.16103825 -0.7345601
vn 0.6227891 0.07008837 -0.7792441
vn 0.68609124 0.034494583 -0.72669727
vn 0.58686215 -0.074845985 -0.8062202
vn 0.56914014 -0.1031507 -0.8157447
vn 0.73567766 -0.06433775 -0.67426926
vn 0.7329035 0.040038537 -0.67915344
vn 0.70003766 -0.034318894 -0.7132808
vn 0.5601146 -0.08039202 -0.82450515
vn 0.6984353 0.07080081 -0.7121625
vn 0.15093514 0.8503999 -0.5040224
vn 0.20738114 0.9361568 -0.28390762
vn -0.14994279 0.48452932 -0.86182857
vn -0.38370466 0.30373377 -0.872076
vn -0.052494433 0.33263993 -0.94159174
vn 0.14929037 0.47000352 -0.86994773
vn 0.18913539 0.4570798 -0.86908334
vn 0.10148219 0.5220766 -0.84683967
vn 0.2613338 0.3726797 -0.8904013
vn 0.24667776 0.9116687 -0.32864913
vn 0.59772694 -0.30815363 -0.7401107
vn 0.64212996 -0.20571063 -0.73847973
vn 0.6698131 -0.31854272 -0.6707316
vn 0.5984593 -0.40272233 -0.69257575
vn 0.68302995 -0.3757826 -0.6263047
vn 0.5826394 -0.18489575 -0.79141957
vn 0.009128015 0.954796 -0.29712155
vn -0.0002232012 0.94680727 -0.3218012
vn 0.019321144 0.9400413 -0.34051287
vn 0.0060392725 0.94131374 -0.33747876
vn 0.015674612 0.87528676 -0.4833502
vn 0.010009339 0.8618822 -0.50700974
vn 0.0029987884 0.95206547 -0.3058797
vn 0.018614711 0.79758877 -0.6029143
vn 0.024650997 0.8076624 -0.5891296
vn 0.017326526 0.8095244 -0.5868305
vn 0.009423747 0.88830394 -0.45915934
vn 0.0007625725 0.874077 -0.4857868
vn 0.012452067 0.81965584 -0.5727209
vn -0.06978333 0.5241101 -0.8487867
vn 0.020136539 0.7130552 -0.70081866
vn -0.018862497 0.8016336 -0.597518
vn -0.08183864 0.37760904 -0.9223415
vn 0.020830404 0.74056166 -0.67166543
vn 0.0053827963 0.94423795 -0.32921982
vn -0.05856117 0.37001175 -0.9271795
vn -0.95000833 -0.24333973 0.19562708
vn -0.71882 -0.585836 0.37429136
vn -0.99680483 0.040627412 -0.068771966
vn -0.632405 -0.6844032 0.36284465
vn -0.9885799 -0.14353126 0.045918733
vn -0.6717898 -0.5326133 0.51480246
vn -0.647626 -0.75963527 -0.059454557
vn -0.6268595 -0.77159446 0.10811661
vn -0.70524293 -0.70774645 -0.041561432
vn -0.7474007 -0.66165096 -0.060084928
vn -0.74156725 -0.66687316 0.07319989
vn -0.64181066 -0.76487017 -0.055250697
vn -0.6419758 -0.76609623 0.031041803
vn -0.6583572 -0.7048137 0.26420346
vn -0.7036086 -0.6130428 0.35932374
vn -0.73131436 -0.6431855 0.22691795
vn -0.6675892 -0.57647806 0.47116634
vn -0.7313239 -0.5882185 0.34520182
vn -0.64881516 -0.46661043 0.60109365
vn -0.73350143 -0.51613295 0.442247
vn -0.66706824 -0.3882339 0.6358415
vn -0.91871023 -0.1955281 0.34313306
vn -0.64053386 -0.7030914 -0.3088347
vn -0.6269304 -0.6482434 -0.43213275
vn -0.42358315 -0.7585073 -0.49522117
vn -0.64180094 -0.7430446 -0.1896741
vn -0.43264088 -0.83004344 -0.35192302
vn -0.43576017 -0.87322265 -0.21816353
vn -0.21675315 -0.90131617 -0.37502968
vn -0.42901435 -0.90093344 -0.06531137
vn -0.20799531 -0.9502995 -0.23166533
vn -0.638499 -0.7631087 0.09992097
vn -0.4178275 -0.9018402 0.11001991
vn -0.24227305 -0.96779674 -0.06836095
vn -0.6353649 -0.7321959 0.24535802
vn -0.41655272 -0.86619455 0.27602684
vn -0.28790572 -0.9527611 0.09672945
vn -0.6383213 -0.6749909 0.37004492
vn -0.4210131 -0.8012361 0.425169
vn -0.35977635 -0.88675654 0.29021344
vn -0.64088213 -0.59816504 0.48111188
vn -0.42904344 -0.7157252 0.55105275
vn -0.27392212 -0.83510965 0.47703096
vn -0.617174 -0.53260857 0.5791583
vn -0.7320897 -0.4293163 0.5288971
vn -0.4223028 -0.6131018 0.6676575
vn -0.237024 -0.78240144 0.5759059
vn -0.62565655 -0.4153642 0.660323
vn -0.43416837 -0.49954203 0.749637
vn -0.24325594 -0.55554837 0.7951054
vn -0.40658754 -0.37633097 0.8325032
vn -0.6132695 -0.3001103 0.73063964
vn -0.20054585 -0.7355097 -0.6471529
vn -0.41663247 -0.6774142 -0.6062404
vn -0.3443638 -0.6125288 -0.71149284
vn -0.5962037 -0.59176874 -0.5425412
vn -0.2277018 -0.834211 -0.5022389
vn -0.41889957 -0.7672546 -0.48563725
vn -0.42899495 -0.84478194 -0.31985432
vn -0.38796142 -0.89144003 -0.23413809
vn -0.5983166 -0.8009987 -0.020453831
vn -0.4219609 -0.9062321 0.02631307
vn -0.38402084 -0.8890711 0.24915977
vn -0.23479009 -0.90034467 0.36640558
vn 0.008850704 -0.9366123 0.35025573
vn -0.45760974 -0.7581409 0.4645597
vn -0.30166218 -0.8042401 0.5120525
vn -0.30443418 -0.6665285 0.68048483
vn -0.46909446 -0.7063424 0.53012335
vn -0.3224969 -0.54943997 0.7707863
vn -0.4448327 -0.5346838 0.7184964
vn -0.3369504 -0.46283045 0.81991
vn -0.46469638 -0.6259422 0.6263016
vn -0.20533508 -0.6880806 0.69597596
vn -0.2871907 -0.43807614 0.8518279
vn -0.20402502 -0.43387303 0.8775694
vn -0.3075376 -0.63435686 -0.7092334
vn -0.20326859 -0.63521004 -0.7451108
vn -0.18234736 -0.5642758 -0.805197
vn -0.5032346 -0.65441054 -0.5643596
vn -0.5152832 -0.48081118 -0.7094391
vn -0.4094875 -0.83366793 -0.3705642
vn -0.42280716 -0.8608422 -0.28316906
vn -0.37726113 -0.91523653 0.14147839
vn -0.40060624 -0.6220464 -0.67273533
vn -0.4214701 -0.6953615 -0.5820957
vn -0.4287262 -0.7635709 -0.48285955
vn -0.4382835 -0.89473695 -0.08575196
vn -0.49315405 -0.414482 -0.7648554
vn -0.26342362 -0.4319295 -0.86258036
vn -0.3760963 -0.51262295 -0.7718609
vn -0.024342028 -0.8436603 -0.5363252
vn -0.012723415 -0.93131775 -0.36398536
vn 0.016630333 -0.8617673 -0.50703114
vn 0.008287123 -0.9324359 -0.3612404
vn 0.03741971 -0.9466988 -0.3199393
vn 0.022237042 -0.97503734 -0.2209246
vn 0.17011943 -0.9615081 -0.2157813
vn 0.09510115 -0.9793037 0.17866154
vn 0.2285757 -0.9734839 -0.009063814
vn 0.31559324 -0.93485117 -0.16264756
vn 0.07046717 -0.9624951 0.26198784
vn 0.18202105 -0.97693706 0.11163503
vn 0.36562467 -0.928567 -0.063890144
vn 0.5430101 -0.8338678 0.09901755
vn -0.008382522 -0.58877116 -0.80825627
vn -0.022531038 -0.681103 -0.73184085
vn 0.032177635 -0.6004768 -0.7989945
vn -0.024410656 -0.75156856 -0.6592032
vn 0.005487003 -0.7025739 -0.71158963
vn -0.0015517927 -0.77323025 -0.63412344
vn 0.30573773 -0.73261404 -0.60811275
vn 0.26260713 -0.8462189 -0.46362817
vn 0.17375633 -0.83633596 -0.51995283
vn 0.046573915 -0.9283885 -0.36868095
vn 0.35102335 -0.8690462 -0.34862775
vn 0.2910847 -0.9195158 -0.2641219
vn 0.06577729 -0.9244629 -0.37555513
vn -0.032675114 -0.97829264 -0.20463598
vn -0.036522143 -0.949073 -0.31293213
vn 0.14940809 -0.98865396 -0.015508708
vn -0.17923284 -0.98377454 0.0079521295
vn 0.14525689 -0.61385584 -0.77593905
vn 0.32547402 -0.5928102 -0.7366429
vn 0.35975885 -0.52992076 -0.76795673
vn 0.43877706 -0.6006878 -0.6683179
vn 0.2624013 -0.6628656 -0.7012523
vn -0.02133684 -0.7574353 -0.6525614
vn 0.3486392 -0.41270095 -0.8415038
vn -0.04099539 -0.42321056 -0.90510345
vn 0.05328585 -0.5127555 -0.8568794
vn 0.011683502 -0.9466971 0.3219132
vn -0.0034883348 -0.9089097 0.41697842
vn 0.0016309854 -0.9527868 0.30363572
vn 0.00411483 -0.8227718 0.568357
vn 0.1986935 -0.8115348 0.54948354
vn 0.0029487875 -0.7144087 0.69972247
vn 0.22805284 -0.7031551 0.6734722
vn -0.021766264 -0.59527946 0.8032239
vn -0.19885081 -0.20296414 0.9587825
vn 0.007804313 -0.27308807 0.9619574
vn -0.28344026 -0.25156853 0.92540526
vn 0.4232894 -0.8875299 0.18198004
vn 0.318379 -0.90748274 0.2740619
vn 0.11018799 -0.90339524 0.41441
vn 0.33867306 -0.8140364 0.471853
vn 0.4087066 -0.66766894 0.62223554
vn 0.5640046 -0.53511226 0.62893057
vn 0.30490255 -0.6820866 0.6646746
vn -0.01339467 -0.8047879 0.5934114
vn 0.2965985 -0.73288256 0.612301
vn -0.31468326 -0.71034163 0.62959445
vn 0.21650614 -0.6567473 0.7223629
vn 0.4224661 -0.59179556 0.6865132
vn 0.009049884 -0.5151198 0.8570704
vn -0.009864901 -0.511894 0.858992
vn 0.47452232 -0.3270157 0.81724495
vn 0.012997023 -0.3476442 0.9375364
vn 0.2547248 -0.50156754 0.826768
vn -0.18913366 -0.68249846 0.70599174
vn -0.009197968 -0.4605146 0.8876045
vn -0.15035954 -0.5422852 0.826631
vn 0.25110722 -0.23992477 0.9377533
vn -0.14471214 -0.3219623 0.9356274
vn 0.31375927 -0.19050346 0.93019545
vn 0.4291208 -0.13702267 0.8927934
vn 0.037495293 -0.22899996 0.97270405
vn 0.07898364 -0.2100264 0.9745001
vn 0.013710565 -0.21141426 0.9773004
vn 0.007630845 -0.36804426 0.92977697
vn 0.06594565 -0.19532886 0.9785182
vn -0.30499467 -0.25934115 0.9163626
vn 0.3398632 -0.09143391 0.93601966
vn 0.35813925 -0.031988945 0.93312
vn 0.053628113 -0.94738173 0.3155819
vn -0.060368087 -0.89867103 0.43444923
vn -0.22883496 -0.80923 0.5410927
vn -0.2232108 -0.71896106 0.658234
vn -0.13466325 -0.6581525 0.7407436
vn 0.009750552 -0.7719928 0.63555646
vn -0.0135251675 -0.582881 0.812445
vn -0.00633338 -0.6750886 0.73770946
vn -0.102250285 -0.47054625 0.87643087
vn -0.004523543 -0.4707089 0.88227695
vn 0.014734205 -0.5781959 0.8157649
vn -0.004352098 -0.35716835 0.9340299
vn 0.0016188509 -0.37623757 0.92652184
vn -0.026606597 -0.17598456 0.9840333
vn 0.056307334 -0.042631377 0.9975029
vn 0.007103526 -0.8015414 0.5978971
vn 0.0076261056 -0.68382627 0.729605
vn 0.1064008 -0.65361786 0.74930805
vn 0.16163136 -0.61450225 0.7721802
vn 0.006821641 -0.5043573 0.8634681
vn 0.04967023 -0.5326452 0.8448798
vn 0.06986901 -0.36127165 0.9298393
vn 0.04702418 -0.5839597 0.8104195
vn 0.0196942 -0.82416064 0.56601363
vn 0.017470691 -0.33806065 0.94096214
vn 0.07197569 -0.9766316 0.20251001
vn 0.18068314 -0.7148079 0.67557627
vn 0.040906813 -0.5140137 0.85680604
vn 0.0536383 -0.5540617 0.8307458
vn 0.22589476 -0.6277229 0.7449399
vn 0.0029695698 -0.5701821 0.821513
vn 0.03731989 -0.7806681 0.62383056
vn 0.007770056 -0.6182315 0.78595763
vn -0.058801014 -0.54694366 0.83510184
vn -0.058715325 -0.7945202 0.60439235
vn -0.049011175 -0.63388366 0.77187395
vn -0.071326956 -0.4542503 0.88801414
vn -0.012729273 -0.573794 0.81890076
vn -0.025232749 -0.4721653 0.8811488
vn -0.03686292 -0.79451686 0.60612214
vn 0.012229536 -0.7816967 0.62353885
vn -0.0024652001 -0.5661341 0.82430947
vn 0.0076809665 -0.46373686 0.88593966
vn 0.006173155 -0.530543 0.84763557
vn 0.004154786 -0.51848626 0.8550759
vn -0.011889531 -0.57042116 0.8212663
vn -0.029731782 -0.53611517 0.8436211
vn -0.0031167087 -0.4781797 0.8782565
vn 0.0043766894 -0.55925536 0.82898384
vn -0.0014971949 -0.48029998 0.87710303
vn 0.026455102 -0.7839397 0.62027305
vn -0.0226995 -0.77296597 0.63404125
vn -0.022079652 -0.603751 0.79686713
vn 0.0038380607 -0.503928 0.86373717
vn -0.006056352 -0.4215237 0.9067972
vn 0.03146367 -0.7790048 0.62622803
vn 0.13407576 -0.53178185 0.8362008
vn 0.07510971 -0.4720386 0.87837243
vn 0.0522976 -0.63380885 0.7717197
vn 0.02368861 -0.7792699 0.6262406
vn 0.04247416 -0.7849112 0.6181507
vn -0.0122594135 -0.78496456 0.61941934
vn -0.0023277889 -0.5252227 0.8509616
vn 0.037300367 -0.67375803 0.73801005
vn -0.017108863 -0.72355634 0.6900532
vn -0.004287293 -0.49879706 0.8667082
vn -0.010196249 -0.678576 0.73445946
vn -0.05722434 -0.4528983 0.88972384
vn 0.05232823 -0.79488325 0.6045018
vn 0.06386408 -0.6100832 0.78975934
vn -0.00669398 -0.66878164 0.74342877
vn -0.09373257 -0.7304476 0.6765061
vn -0.004554491 -0.4943653 0.8692423
vn -0.043669723 -0.7305196 0.681494
vn 0.012656981 -0.7513782 0.6597504
vn -0.1654452 0.010322666 0.986165
vn -0.113983095 -0.50106955 0.8578678
vn -0.021496283 -0.118164964 0.99276125
vn -0.18586762 -0.4293118 0.8838239
vn -0.11007428 -0.625722 0.77224064
vn -0.013475168 -0.6281893 0.77794385
vn -0.13204059 -0.7862153 0.603681
vn -0.035974443 -0.6712458 0.74036133
vn -0.029670782 -0.7373904 0.6748148
vn 0.04146655 -0.5020133 0.8638652
vn 0.001998299 -0.74089026 0.6716231
vn 0.0008008022 -0.7818426 0.6234753
vn -0.0011496907 -0.5813245 0.813671
vn -0.019357972 -0.49045527 0.87125134
vn 0.14295274 -0.4348894 0.8890645
vn -0.05092185 -0.22961843 0.9719477
vn 0.48054194 -0.5598187 0.67504257
vn 0.23325211 -0.75237465 0.6160567
vn 0.15328008 -0.62736297 0.7634926
vn 0.05976278 -0.6679433 0.7418087
vn 0.002729213 -0.63961804 0.7686881
vn 0.036655772 -0.4490895 0.8927345
vn -0.059613667 -0.50734216 0.85968024
vn -0.04786897 -0.30378437 0.9515375
vn 0.0028440324 -0.8360004 0.54872143
vn -0.08046043 -0.8377674 0.54006654
vn -0.21010952 -0.73972243 0.63926893
vn -0.012620525 -0.7291475 0.6842402
vn -0.06453617 -0.72974706 0.6806646
vn -0.002322121 -0.76837647 0.6399939
vn 0.025618333 -0.72749805 0.68563133
vn -0.15345033 -0.44227496 0.88365483
vn -0.03089169 -0.7823206 0.6221094
vn -0.060448006 -0.50483245 0.8610983
vn -0.09755356 0.7850527 0.6116989
vn 0.50354815 0.2565853 0.8249868
vn 0.33975708 0.22398864 0.9134518
vn 0.24734303 0.35969326 0.89969003
vn 0.388302 0.3471829 0.85363084
vn -0.52969724 -0.4602401 0.71246046
vn -0.034807082 -0.42434716 0.90483034
vn -0.42005944 -0.35688546 0.83437574
vn -0.037226584 -0.5565366 0.82998866
vn 0.25945595 -0.25765207 0.9307513
vn 0.26278448 -0.26265898 0.9284151
vn 0.27688047 -0.26174924 0.9245672
vn 0.33030015 -0.38888443 0.8600411
vn 0.25227433 -0.16928214 0.9527336
vn 0.10981718 -0.18823037 0.9759659
vn 0.36194584 -0.12844156 0.92330813
vn 0.12968329 -0.056206875 0.98996115
vn 0.38023797 -0.2033679 0.90225303
vn 0.50857455 -0.0044420427 0.8610065
vn 0.18922502 0.03878546 0.98116744
vn 0.3915809 -0.022576768 0.9198667
vn 0.4410391 0.13145378 0.8878088
vn 0.18980381 0.11584217 0.97496414
vn 0.27041247 0.1497423 0.95102805
vn 0.43282908 -0.0017846713 0.90147424
vn 0.18472098 0.0018241788 0.98278934
vn 0.22819017 -0.2658168 0.93662727
vn 0.43709964 -0.20450883 0.8758539
vn 0.25807393 -0.36023843 0.89645195
vn 0.6093534 -0.035124447 0.7921204
vn 0.62547404 -0.21125056 0.7511028
vn 0.568064 0.0979817 0.8171309
vn 0.71510315 0.09835931 0.6920642
vn 0.43793973 0.121744916 0.8907227
vn 0.4462576 0.32215962 0.83490556
vn 0.2602605 0.32401308 0.90954936
vn 0.2453797 0.38147235 0.89121693
vn 0.0027581493 -0.56469595 0.8252944
vn -0.005986093 -0.4052837 0.9141714
vn 0.2568029 -0.5198171 0.8147653
vn 0.36099908 -0.37117583 0.8555163
vn 0.45310858 -0.4831652 0.7491622
vn 0.19967031 -0.52817863 0.82532364
vn 0.34944916 -0.6088771 0.7121474
vn 0.42364892 -0.45244774 0.7847373
vn 0.23699111 -0.6275458 0.74163437
vn 0.46089584 -0.30720776 0.8325854
vn 0.6321278 -0.36695248 0.6824663
vn 0.73395365 -0.289497 0.61441314
vn 0.73201483 -0.403564 0.54889923
vn 0.7242861 -0.14924365 0.6731538
vn 0.657669 -0.32016262 0.6818851
vn 0.71200174 -0.028001448 0.7016192
vn 0.67633957 -0.019297741 0.7363372
vn 0.6579755 0.15296471 0.73733985
vn 0.5950334 0.18278028 0.7826408
vn 0.723624 0.25194097 0.64256835
vn 0.6289181 0.2753489 0.72707975
vn 0.658971 0.30391642 0.6880349
vn 0.30347583 -0.63210833 0.7129807
vn 0.24191286 -0.7291171 0.6402081
vn 0.47972828 -0.5528584 0.68132836
vn 0.45030707 -0.6684332 0.59196335
vn 0.6589293 -0.4600944 0.5950843
vn 0.6712214 -0.54038984 0.50738615
vn 0.7396854 -0.47706136 0.4746346
vn 0.74087447 -0.5602479 0.37044212
vn 0.7006216 -0.414526 0.5807733
vn 0.6485923 -0.537495 0.5389129
vn 0.631908 -0.43762714 0.63966775
vn 0.6257279 -0.28269303 0.72701395
vn 0.95154375 -0.11412363 0.2855526
vn 0.64375377 -0.15851508 0.7486348
vn 0.629807 -0.13340572 0.76520985
vn 0.5940005 -0.0629348 0.80199915
vn 0.8394549 -0.014393033 0.54323876
vn 0.96848357 0.09929553 0.22842947
vn 0.91328055 0.17230964 0.36909088
vn 0.6029355 0.35960177 0.71214837
vn 0.54203266 -0.70854384 0.45184752
vn 0.4552136 -0.8270401 0.3298261
vn 0.6877611 -0.66976297 0.28000396
vn 0.68840075 -0.60916084 0.3937353
vn 0.6250271 -0.71888715 0.30420777
vn 0.6392789 -0.6393206 0.4273075
vn 0.60341436 -0.6610647 0.4459648
vn 0.6050543 -0.55403745 0.5717969
vn 0.97807187 -0.13933307 0.15479556
vn 0.9613647 -0.14917947 0.23135127
vn 0.98148197 -0.15507175 0.11245393
vn 0.9643533 -0.085682996 0.25036192
vn 0.73851025 -0.6199323 0.26511607
vn 0.21300201 0.14313652 0.96651024
vn 0.3891337 0.16127683 0.9069536
vn 0.22674355 0.2528684 0.94055563
vn 0.16889855 0.2930989 0.94104534
vn -0.28185433 0.10793707 0.9533665
vn -0.41779923 0.19095737 0.8882449
vn 0.31762308 0.0036136052 0.9482102
vn 0.36995986 0.10190594 0.9234419
vn -0.08688486 0.08653607 0.9924528
vn -0.45653635 0.15053232 0.8768777
vn -0.38751173 0.2229144 0.8945076
vn -0.40806365 -0.0006445604 0.91295326
vn -0.21744062 0.4191363 0.8815012
vn -0.12870449 0.25085247 0.9594312
vn -0.28554234 0.18665908 0.94001275
vn 0.046050288 -0.11867106 0.9918652
vn -0.19036008 -0.17007366 0.9668702
vn -0.35732335 -0.16697438 0.9189339
vn 0.1786746 -0.09884901 0.9789302
vn -0.37246326 -0.09189374 0.9234862
vn -0.3663934 0.11705209 0.9230681
vn -0.21590188 -0.17366682 0.9608466
vn -0.070018 -0.066838115 0.99530405
vn -0.030437449 -0.29661676 0.9545114
vn 0.124159105 0.2939783 0.94771373
vn -0.03898362 -0.2683521 0.9625318
vn -0.0037331746 -0.26351342 0.9646485
vn -0.39210188 -0.19814743 0.8983283
vn -0.07755989 -0.20541902 0.97559595
vn -0.026202 -0.2757062 0.96088475
vn -0.22518696 -0.3310208 0.9163602
vn -0.1407641 -0.4077916 0.90215933
vn -0.24550517 -0.8020469 0.54447037
vn -0.27482286 -0.7081075 0.6504277
vn -0.2800634 -0.55179393 0.78554946
vn -0.31260177 -0.614309 0.724503
vn -0.34821045 -0.5930571 0.7259702
vn -0.3007663 -0.53499895 0.7895035
vn -0.16869797 -0.8359266 0.52227175
vn -0.43518484 0.54552937 0.71624845
vn -0.26420775 0.70294225 0.66035324
vn -0.042381782 0.6166079 0.7861288
vn -0.37381542 0.7451694 0.5522541
vn -0.0265265 0.81652683 0.5766977
vn -0.24898295 0.798577 0.5479801
vn -0.23153076 0.9312779 0.28127405
vn -0.9845202 0.15150003 0.0881344
vn -0.40701294 0.87201875 0.27188918
vn -0.041095022 0.8576478 0.5125929
vn 0.07664555 0.49480554 0.8656171
vn 0.03436287 0.353783 0.9346961
vn -0.008391361 0.4731439 0.8809452
vn -0.30012634 0.44345164 0.844556
vn -0.022209065 0.47563437 0.8793627
vn -0.28650266 0.5248734 0.8015137
vn -0.48515543 0.6404734 0.5953302
vn -0.011338516 0.5756863 0.817592
vn -0.008054801 0.64700955 0.7624393
vn 0.00065169204 0.56885415 0.8224382
vn -0.018424373 0.7303603 0.6828135
vn 0.00079778687 0.7111564 0.7030333
vn -0.3957593 0.67643994 0.6211309
vn -0.031380985 0.80894846 0.5870414
vn 0.140278 0.7396451 0.6582151
vn 0.0028193963 0.65504086 0.75558823
vn 0.13541861 0.7807721 0.60996455
vn 0.30964202 0.44809058 0.83865166
vn 0.0060257837 0.47337607 0.8808398
vn 0.3206139 0.57486814 0.7528169
vn 0.30937436 0.66169727 0.6829672
vn 0.09240884 0.9254063 0.3675375
vn -0.0048480346 0.8785471 0.47763118
vn 0.7228592 0.50823975 0.4681527
vn 0.36800155 0.8887602 0.27327663
vn 0.44968614 0.8055173 0.385907
vn 0.020232666 0.8765719 0.48084548
vn -0.26304117 0.8595531 0.43815276
vn -0.10328067 0.8858705 0.45229036
vn -0.11304335 0.8473423 0.51887596
vn -0.047216307 0.9450347 0.32354304
vn -0.15077986 0.9508237 0.2705543
vn 0.08707318 0.93711454 0.33798608
vn 0.039008986 0.9615653 0.27179125
vn 0.3643497 0.8955728 0.2553404
vn 0.30934182 0.81784683 0.4852156
vn 0.4575533 0.85108775 0.25747737
vn 0.26551124 0.907827 0.32458255
vn 0.4814804 0.8712114 0.095746115
vn 0.67295086 0.71040213 0.20607266
vn 0.64496064 0.76085174 -0.07162697
vn 0.4110862 0.9078998 -0.082012795
vn 0.36820683 0.4584708 0.8088438
vn 0.35776776 0.563301 0.7447779
vn 0.46867695 0.61784637 0.6313539
vn 0.24746457 0.71242905 0.6566629
vn 0.3866689 0.601013 0.69947875
vn 0.34628475 0.7131011 0.6095685
vn 0.5652814 0.63415504 0.5275456
vn 0.5370505 0.7418214 0.40159404
vn 0.69159275 0.640537 0.33378404
vn 0.7375092 0.6006105 0.30878347
vn 0.7107646 0.5617427 0.4233897
vn 0.73513126 0.65060174 0.19052391
vn 0.67871505 0.70455295 0.2072463
vn 0.7391874 0.67071474 0.06118576
vn 0.669044 0.740063 0.068460256
vn 0.7547095 0.6500695 -0.08844939
vn 0.23423254 0.4987596 0.83449024
vn 0.44063175 0.4514064 0.77593553
vn 0.6276568 0.41598582 0.6580294
vn 0.22166564 0.62809145 0.74589914
vn 0.59346014 0.5315637 0.6043551
vn 0.7129781 0.47318986 0.517449
vn 0.74078023 0.5294588 0.41342232
vn 0.7226516 0.49848875 0.47883564
vn 0.64085835 0.63866884 0.4259139
vn 0.6478843 0.6699384 0.3625307
vn 0.89706737 0.3947824 0.19853705
vn 0.931649 0.3627733 -0.020629168
vn 0.82442445 0.5551479 0.11015932
vn 0.60790294 0.79392606 0.011636228
vn 0.64370507 0.7615873 -0.07502326
vn 0.6657978 0.73014665 -0.15361997
vn 0.72299826 0.35472268 0.5928282
vn 0.6864949 0.42259037 0.5917281
vn 0.60400885 0.46404767 0.6479452
vn 0.6061634 0.60943717 0.5110306
vn 0.8711833 0.40977824 0.27040982
vn 0.9413549 0.29120168 0.17044833
vn 0.9202967 0.24383925 0.3059353
vn 0.98262537 -0.1312705 -0.1312076
vn 0.9742347 -0.039521333 -0.22204699
vn 0.9819826 -0.1673199 -0.08783064
vn 0 0 0
vn 0.9733011 -0.16176596 -0.16283944
vn 0.98757184 -0.098779924 -0.12224709
vn 0.98605424 -0.1023762 -0.13121018
vn 0.9989031 -0.046140127 -0.007980582
vn 0.99999535 -0.0015274788 -0.002644805
vn 0.9954835 -0.086522356 0.03907053
vn 0.16723293 0.6245989 0.76282984
vn 0.20705308 0.484683 0.8498302
vn 0.2151608 0.43123046 0.8762112
vn 0.425792 0.3486007 0.83497226
vn 0.4472136 0 -0.8944272
vn 0.15956092 -0.32641658 0.9316612
vn 0.054025292 -0.7492384 0.6600933
vn -0.0009087768 -0.69753414 0.716551
vn 0 0 0
vn 0.014410727 -0.6061838 0.79519403
vn -0.5484884 0.0021961632 0.8361553
vn -0.63073164 -0.076055884 0.77226496
vn -0.7093147 -0.014167701 0.7047495
vn 0 0 0
vn -0.690431 0.09096719 0.7176559
vn -0.70524293 -0.70774645 -0.041561432
vn -0.99924296 0.03872006 -0.0037730655
vn -0.97120154 -0.22096084 -0.08912821
vn -0.54624474 -0.8228881 -0.15643474
vn -0.63463366 -0.6883835 -0.35123813
vn -0.647626 -0.75963527 -0.059454557
vn -0.67274106 -0.72798365 -0.13213369
vn -0.648244 -0.70196486 -0.29500008
vn -0.7443856 -0.6476766 -0.16249639
vn -0.7341669 -0.61854285 -0.28000656
vn -0.7474007 -0.66165096 -0.060084928
vn -0.64180094 -0.7430446 -0.1896741
vn -0.95175374 -0.26811996 -0.1492531
vn -0.7732699 -0.4656627 -0.4303625
vn -0.6176426 -0.5941855 -0.5152293
vn -0.58993655 -0.49494025 -0.63797253
vn -0.6733364 -0.5992737 -0.43300018
vn -0.70798516 -0.47882056 -0.51912224
vn -0.7292854 -0.5615377 -0.39091972
vn -0.7256992 -0.49171162 -0.48122796
vn -0.6269304 -0.6482434 -0.43213275
vn -0.5962037 -0.59176874 -0.5425412
vn -0.64053386 -0.7030914 -0.3088347
vn -0.64181066 -0.76487017 -0.055250697
vn -0.56653976 -0.19473024 -0.80069524
vn -0.9312598 -0.003386565 -0.36434013
vn -0.9120949 -0.00080780167 -0.4099784
vn -0.75852424 -0.35300702 -0.54774725
vn -0.46744198 -0.29196158 -0.8344198
vn -0.7191012 -0.32092497 -0.61636084
vn -0.6052604 -0.34644493 -0.71668386
vn -0.73232234 -0.37304616 -0.5696846
vn -0.75389 -0.28561237 -0.59167176
vn -0.7192013 -0.407892 -0.562471
vn -0.69791603 -0.31818303 -0.6416173
vn -0.569314 -0.5144172 -0.64129287
vn -0.5470219 -0.4073137 -0.731343
vn -0.3443638 -0.6125288 -0.71149284
vn -0.32292303 -0.5142332 -0.79453444
vn -0.41663247 -0.6774142 -0.6062404
vn -0.57643956 0.1278104 -0.80708236
vn -0.9327337 0.0965375 -0.34740224
vn -0.7460126 0.22444864 -0.62696725
vn 0.4079825 0.09678197 -0.90784556
vn -0.72837764 0.15398993 -0.6676474
vn -0.72141707 0.052930307 -0.69047505
vn -0.74487716 0.13016507 -0.65438145
vn -0.72120935 -0.08819531 -0.68707985
vn -0.70638585 0.002149777 -0.70782375
vn -0.6167939 -0.0743366 -0.78360665
vn -0.7003919 -0.113779716 -0.7046314
vn -0.72080773 -0.18392938 -0.668286
vn -0.71661025 -0.19958486 -0.6683081
vn -0.927397 -0.18217 -0.32672453
vn -0.7295905 -0.2987702 -0.61517
vn -0.63297856 -0.23551704 -0.73747534
vn -0.6425516 -0.1066879 -0.75877875
vn -0.518051 -0.28218135 -0.8074632
vn -0.5273647 -0.19010563 -0.82809806
vn -0.29845378 -0.3910531 -0.87063354
vn -0.2756081 -0.2681507 -0.9231118
vn -0.21315983 -0.44015124 -0.87225556
vn -0.23977932 -0.29879287 -0.9237038
vn -0.18234736 -0.5642758 -0.805197
vn -0.49315405 -0.414482 -0.7648554
vn -0.20326859 -0.63521004 -0.7451108
vn -0.62332577 0.40329438 -0.6699393
vn -0.7638134 0.352551 -0.54064494
vn -0.7600401 0.26647046 -0.59273314
vn -0.50291955 0.39618838 -0.76818407
vn -0.7429327 0.17956086 -0.6448325
vn 0.2237396 0.2423114 -0.9440476
vn -0.73595124 0.2030187 -0.6458786
vn -0.6808509 0.31565306 -0.6609124
vn -0.7216399 0.121534124 -0.68151695
vn -0.63310486 0.23429489 -0.73775613
vn -0.6003559 0.015743323 -0.79957795
vn -0.5794751 0.10923643 -0.807636
vn -0.4450023 -0.041627478 -0.8945614
vn -0.70400345 -0.10252432 -0.70275736
vn -0.44111684 0.03658475 -0.89670366
vn -0.32997498 -0.020953147 -0.9437571
vn -0.31753233 -0.0023947656 -0.9482444
vn -0.33244276 -0.15040755 -0.93105286
vn -0.35379085 -0.097360924 -0.93024343
vn -0.15689085 -0.17372175 -0.9722171
vn -0.34533015 -0.21207517 -0.91420525
vn -0.26796487 -0.20882285 -0.9405253
vn -0.17047344 -0.1336094 -0.9762619
vn -0.2557595 -0.23234499 -0.93840444
vn -0.3292453 -0.2730357 -0.90390766
vn -0.36965567 -0.2767555 -0.88699555
vn -0.3884251 -0.3090306 -0.8681164
vn -0.19769102 -0.2075175 -0.95804733
vn -0.35486573 -0.2761894 -0.89319074
vn -0.26342362 -0.4319295 -0.86258036
vn 0.010810345 -0.36487615 -0.9309933
vn -0.3760963 -0.51262295 -0.7718609
vn -0.0041788034 -0.4946621 -0.86907536
vn -0.5152832 -0.48081118 -0.7094391
vn -0.008382522 -0.58877116 -0.80825627
vn -0.65709853 0.41809672 -0.62722933
vn -0.49308917 0.4955035 -0.71507996
vn -0.4927891 0.38316876 -0.78124297
vn -0.4319838 0.27180415 -0.8599491
vn -0.23367374 0.32951725 -0.9147759
vn -0.43781427 0.13213764 -0.88930213
vn -0.2589219 0.24038948 -0.93550646
vn -0.32122338 0.08886366 -0.9428249
vn -0.34317237 0.050177094 -0.93793124
vn -0.31028798 0.032064453 -0.9501017
vn -0.5104028 0.15885326 -0.84513587
vn -0.18029003 -0.12582704 -0.9755322
vn -0.44566724 -0.041031238 -0.89425784
vn -0.41619822 -0.092610985 -0.9045453
vn -0.44719622 -0.11734459 -0.88670504
vn -0.41781992 -0.14644809 -0.896649
vn -0.07003391 -0.2776783 -0.95811796
vn -0.47160667 -0.019479005 -0.8815939
vn 0.0067561124 -0.07005717 -0.9975201
vn -0.014558107 0.18195829 -0.98319846
vn 0.0182915 -0.18781729 -0.98203367
vn 0.21638523 -0.037137877 -0.97560143
vn 0.107233755 -0.2241596 -0.9686348
vn 0.053507358 -0.25191024 -0.96627027
vn 0.3144549 -0.16223314 -0.93530667
vn 0.026956342 -0.22450061 -0.97410107
vn 0.13558601 -0.22815722 -0.9641373
vn 0.2227523 -0.17718062 -0.95863885
vn 0.32147196 -0.18620509 -0.9284306
vn 0.340653 -0.121308714 -0.93233025
vn 0.38648427 -0.20128903 -0.90006256
vn -0.0026592107 -0.19295086 -0.9812048
vn 0.28490818 -0.29018414 -0.91357565
vn 0.3486392 -0.41270095 -0.8415038
vn 0.044373482 -0.43294945 -0.90032536
vn 0.065678105 -0.4942569 -0.8668313
vn 0.032177635 -0.6004768 -0.7989945
vn 0.35975885 -0.52992076 -0.76795673
vn 0.32547402 -0.5928102 -0.7366429
vn -0.3736068 0.55204946 -0.74542564
vn -0.35673165 0.5918628 -0.7228008
vn -0.3522254 0.44614494 -0.8227344
vn -0.31964657 0.46368304 -0.82633173
vn -0.38221925 0.3128985 -0.8694843
vn -0.25153935 0.5673154 -0.7841436
vn -0.24468537 0.45662147 -0.8553513
vn -0.31344554 0.28088638 -0.90711343
vn -0.46016407 0.36556146 -0.8090821
vn -0.5571983 0.17468174 -0.8117982
vn -0.21668956 0.35526386 -0.9093037
vn 0.0048950566 0.49115863 -0.8710564
vn 0.2536442 0.36779866 -0.8946445
vn 0.47832927 0.14706989 -0.865778
vn 0.50358343 0.15488604 -0.8499494
vn 0.74795806 0.17398801 -0.6405364
vn 0.357934 0.33744702 -0.87063926
vn 0.5622696 0.082156904 -0.82286274
vn 0.29689857 0.087712176 -0.9508721
vn 0.42774177 0.12290791 -0.8955058
vn 0.36079833 -0.031945053 -0.9320966
vn 0.10700519 0.06280793 -0.9922727
vn 0.4523554 0.07626968 -0.8885705
vn -0.064512566 -0.04469003 -0.9969157
vn -0.16172792 -0.11231786 -0.98042274
vn 0.008987636 -0.29932046 -0.9541103
vn -0.04099539 -0.42321056 -0.90510345
vn -0.010856267 0.3571518 -0.93398327
vn 0.3890121 0.21446477 -0.895921
vn 0.44626933 0.16218935 -0.88007855
vn 0 0 0
vn -0.25296503 0.860045 -0.4430928
vn -0.21523127 0.91141963 -0.3506989
vn -0.25020838 0.8349648 -0.49013215
vn -0.30953133 0.82009107 -0.48129094
vn -0.26937488 0.7342052 -0.6232014
vn 0.34207 0.81386673 -0.46969038
vn 0.8471945 0.49289492 -0.19828275
vn 0.56368613 0.62226754 -0.54317683
vn 0.43694848 0.6315443 -0.6404903
vn -0.13097276 0.75203866 -0.64597523
vn -0.18554574 0.65309036 -0.7341974
vn -0.23324533 0.6781856 -0.69689375
vn -0.14244138 0.62065244 -0.7710389
vn -0.18527627 0.65040135 -0.7366483
vn 0.31964815 0.60178953 -0.73189783
vn -0.23597512 0.5097573 -0.82732296
vn -0.08820251 0.5102279 -0.8555044
vn 0.23833203 0.5462699 -0.8029863
vn -0.23426184 0.40579087 -0.88343376
vn 0.18541582 0.37725794 -0.9073574
vn -0.026845917 0.952694 -0.30274314
vn 0.49595198 0.86229384 -0.10237651
vn 0.4324464 0.89164954 0.13398205
vn 0.048158847 0.99883795 0.0018614964
vn 0.26128727 0.90675014 -0.3309579
vn 0.16220148 0.94170773 -0.29474935
vn 0.8114131 0.56713 -0.14132349
vn 0.17193879 0.97433436 -0.14529142
vn 0.16306774 0.9640693 -0.2097124
vn 0.7235146 0.5826718 -0.37016234
vn 0.45905498 0.6923964 -0.5566469
vn 0.46028736 0.5282855 -0.7134774
vn 0.373675 0.55022526 -0.74673903
vn 0.38673362 0.67707545 -0.62610376
vn 0.3323601 0.33464718 -0.8817868
vn 0.036837474 0.94134796 -0.3354206
vn 0.20740935 0.96105623 -0.1826262
vn 0.015164379 0.93781346 -0.3468083
vn 0.03225223 0.8742271 -0.48444474
vn 0.03775801 0.79530764 -0.605029
vn -0.050821073 0.9413175 -0.33367428
vn -0.15553765 0.89201814 -0.42439568
vn -0.04363407 0.89151174 -0.45089117
vn -0.30007216 0.9044814 -0.30310076
vn -0.50807047 0.8139286 -0.28175277
vn -0.32727945 0.8297565 -0.45209768
vn 0.014077185 0.68550277 -0.7279339
vn 0.029246567 0.57110846 -0.82035345
vn -0.027829822 0.5937479 -0.8041697
vn -0.08392453 0.7037677 -0.70545566
vn -0.32153916 0.6714371 -0.6676712
vn -0.020344678 0.47972676 -0.877182
vn 0.012547875 0.37266076 -0.9278828
vn 0.024526265 0.40536016 -0.913828
vn -0.34294662 0.67013544 -0.6582599
vn -0.33261934 0.74979794 -0.57198554
vn -0.2609076 0.76384777 -0.59030825
vn -0.26086363 0.8382869 -0.4787748
vn -0.368764 0.8046079 -0.46542364
vn -0.22450745 0.91521585 -0.3346287
vn -0.2546127 0.67600405 -0.6915135
vn 0.038824745 0.5299731 -0.84712523
vn -0.34862345 0.7278922 -0.59045285
vn -0.3625265 0.880359 -0.30584726
vn -0.036097597 0.7931139 -0.6080027
vn -0.34230503 0.912009 -0.22597969
vn -0.6491584 0.7601061 -0.028845303
vn -0.4997409 0.5885408 -0.63551456
vn -0.49140435 0.6851965 -0.53761274
vn -0.3203885 0.9216487 -0.21889468
vn -0.2871958 0.93733823 -0.19727047
vn -0.7257855 0.55827504 0.40195075
vn -0.6352352 0.6313067 0.44489118
vn -0.635165 0.6950141 0.33692855
vn -0.72652626 0.60904676 0.3181535
vn -0.73564965 0.5174398 0.437122
vn -0.6976951 0.62105626 0.35708633
vn -0.72538257 0.65507114 0.21142839
vn -0.6966415 0.6815784 0.22392298
vn -0.6121715 0.66321373 0.4305736
vn -0.6224879 0.7461367 0.23619656
vn -0.9695406 0.19795626 0.14423698
vn -0.91790307 0.3810654 0.11064858
vn -0.98117864 -0.18997373 -0.034618665
vn -0.98996943 -0.14124566 -0.0031929913
vn -0.9585451 -0.23525777 -0.16076405
vn -0.889315 0.31372482 0.3327094
vn -0.96730644 0.2522553 -0.026183544
vn -0.980334 -0.19683738 -0.01415469
vn -0.9778424 -0.20873356 -0.015953286
vn -0.90400565 0.4270384 0.020296318
vn -0.88641006 0.46278432 -0.010387179
vn -0.9773734 -0.20299706 0.059442107
vn -0.9905983 0.13503328 -0.021931771
vn -0.97113836 -0.21949725 0.093334205
vn -0.91213274 0.28506875 -0.29453295
vn -0.94613916 -0.32344714 0.014236985
vn -0.6442376 0.7626165 -0.05808616
vn -0.5269043 0.84692717 -0.071318135
vn -0.97200084 -0.22338122 0.07290508
vn -0.6400286 0.53562516 0.55088025
vn -0.72750723 0.68073916 0.08560034
vn -0.6594378 0.7462314 0.09099754
vn -0.66609704 0.7450439 -0.03499006
vn -0.72843254 0.6839311 -0.040302154
vn -0.7568744 0.6531321 -0.023655873
vn -0.7314055 0.6699527 -0.12731625
vn -0.4733399 0.87958086 -0.04782074
vn -0.4549739 0.88435346 0.10448767
vn -0.50538963 0.84697163 -0.16498576
vn -0.25341678 0.96562624 -0.05784411
vn -0.6782119 0.71720576 -0.16013886
vn -0.6496233 0.7600928 0.015765537
vn -0.6443758 0.7322604 0.2203963
vn -0.98310477 -0.14139463 0.116243646
vn -0.43492052 0.8661582 0.24619935
vn -0.42794457 0.8238978 0.37155876
vn -0.729823 0.6397962 -0.24087179
vn -0.6644398 0.69214565 -0.28187624
vn -0.67421246 0.63633937 -0.3748463
vn -0.73812824 0.5754501 -0.35217014
vn -0.6783345 0.5694403 -0.46432754
vn -0.73448503 0.5231677 -0.43223527
vn -0.68282914 0.4834665 -0.54772663
vn -0.7347632 0.45004126 -0.5075292
vn -0.6860792 0.5915642 -0.423494
vn -0.7693088 0.45755914 -0.44587392
vn -0.71551025 0.6588458 -0.23230866
vn -0.49310392 0.7515517 -0.43819925
vn -0.60583717 0.5247636 -0.59798366
vn -0.5868773 0.58357143 -0.56126595
vn -0.5009818 0.6130538 -0.6108864
vn 0 0 0
vn -0.46865028 0.82979983 -0.3029837
vn -0.7620089 0.6324088 -0.1392895
vn -0.5323783 0.8113866 -0.2412987
vn -0.7099434 0.70061475 0.071549006
vn -0.60114104 0.7973774 -0.05309197
vn -0.9884028 -0.035952937 0.14753745
vn -0.99152535 -0.062246338 0.11403034
vn -0.99475855 -0.027185189 0.098571785
vn -0.9838277 -0.101539716 0.14755566
vn -0.98262376 0.05660994 0.17676507
vn -0.91124564 -0.034142468 0.41044575
vn -0.9818126 0.03174113 0.18718055
vn -0.9383397 -0.0682194 -0.3389169
vn -0.98390204 0.109930016 0.14089784
vn -0.9855821 0.10055823 0.13607308
vn -0.8932477 -0.26223493 0.3651594
vn -0.9211833 0.29672605 -0.25174397
vn -0.8878743 -0.26864508 0.37350902
vn 0 0 0
vn -0.45867884 0.46167228 -0.75925785
vn -0.50291955 0.39618838 -0.76818407
vn 0.2237396 0.2423114 -0.9440476
vn -0.45867884 0.46167228 -0.75925785
vn -0.60583717 0.5247636 -0.59798366
vn -0.62332577 0.40329438 -0.6699393
vn -0.26385102 -0.24704613 -0.93238986
vn -0.32383806 0.00879145 -0.9460717
vn -0.9739814 -0.07845278 -0.2126157
vn -0.2893057 -0.20238696 -0.935597
vn -0.31462497 0.009736972 -0.9491661
vn -0.9453292 0.1572864 -0.28568113
vn -0.92065465 0.29441676 -0.25634706
vn -0.9885799 -0.14353126 0.045918733
vn -0.91871023 -0.1955281 0.34313306
vn 0.9997889 0.016241716 -0.012586612
vn 0.96088195 -0.061584096 0.2700247
vn 0.9997044 0.01764758 -0.016722387
vn 0.6815499 -0.114339285 0.7227837
vn 0.24326809 -0.66648495 -0.70471156
vn 0.16932322 -0.41181403 -0.8953987
vn 0.41162235 -0.209747 -0.88688964
vn 0.31270432 -0.28696233 -0.90546596
vn 0.20528118 -0.2520072 -0.94570184
vn 0.87743 -0.017955879 0.47936845
vn 0.96088195 -0.061584096 0.2700247
vn 0.6815499 -0.114339285 0.7227837
vn 0.9997889 0.016241716 -0.012586612
vn -0.5323783 0.8113866 -0.2412987
vn -0.5269043 0.84692717 -0.071318135
vn -0.60114104 0.7973774 -0.05309197
vn 0.43282908 -0.0017846713 0.90147424
vn 0.18980381 0.11584217 0.97496414
vn 0.18922502 0.03878546 0.98116744
vn 0.18472098 0.0018241788 0.98278934
vn -0.037175644 -0.3512889 -0.93552876
vn -0.6043248 0.35259187 0.7144722
vn -0.08514963 -0.3130646 -0.945907
vn -0.15598781 -0.31988472 -0.93452746
vn 0.0038488244 0.23614834 0.9717094
vn -0.011888189 0.73104733 0.6822232
vn 0.070112124 0.46969977 0.8800377
vn 0.22805284 -0.7031551 0.6734722
vn 0.1986935 -0.8115348 0.54948354
vn 0.5640046 -0.53511226 0.62893057
vn -0.15598781 -0.31988472 -0.93452746
vn -0.08514963 -0.3130646 -0.945907
vn -0.6043248 0.35259187 0.7144722
vn -0.24607389 -0.7620154 -0.59898263
vn -0.25028053 -0.8463037 -0.47024435
vn -0.30542573 -0.803161 -0.51151496
vn 0.04407526 -0.8671412 -0.49610838
vn -0.37142387 -0.87159693 -0.31994236
vn 0.15440226 -0.89788866 -0.41225713
vn -0.5322509 -0.8149236 -0.22936569
vn 0.19375205 -0.91622806 -0.3506941
vn -0.5383217 -0.8049099 -0.24965948
vn -0.6222264 -0.78169805 -0.042219426
vn -0.1155698 -0.9563939 -0.26824304
vn 0.1889115 -0.961283 -0.20061761
vn -0.22014107 -0.9024527 -0.3702932
vn -0.2095792 -0.96587193 -0.15221037
vn 0.11808858 -0.944795 -0.30564266
vn 0.20971939 -0.97655517 0.048557084
vn -0.31697118 -0.94685143 0.054786917
vn -0.24966057 -0.63425523 -0.7317034
vn 0.0018044815 -0.64852124 -0.7611944
vn 0.00072312815 -0.7299889 -0.6834587
vn 0.20082194 -0.6463194 -0.73616695
vn -0.20331612 -0.7338032 -0.6482248
vn 0.0023117918 -0.79484695 -0.6068055
vn -0.24252184 -0.7789964 -0.57822806
vn -0.0029446587 -0.885223 -0.46515763
vn 0.15764795 -0.79355735 -0.58771914
vn 0.17175119 -0.87949383 -0.4438379
vn 0.16114686 -0.9253405 -0.3431861
vn 0.36488235 -0.8366093 -0.40858993
vn -0.017745225 -0.94599384 -0.32369852
vn 0.018152514 -0.96536386 -0.26027516
vn -0.12730646 -0.9264249 -0.35430205
vn -0.09637489 -0.9658847 -0.24037202
vn -0.3389598 -0.93756276 -0.07798901
vn -0.15310419 -0.9852273 -0.07672242
vn -0.4272215 -0.90310806 0.04333125
vn 0.17490925 -0.7227833 -0.66857386
vn 0.36868188 -0.86434406 -0.34202778
vn 0.4093578 -0.89191514 -0.19212918
vn 0.49404427 -0.8679805 0.05030058
vn 0.112529784 -0.9936442 -0.002875538
vn 0.09197002 -0.77447665 -0.6258814
vn 0.114900455 -0.66624856 -0.73682475
vn 0.15664856 -0.65092295 -0.7428059
vn 0.16924326 -0.9496199 -0.26377788
vn 0.116077565 -0.9369535 -0.32961223
vn 0.22243556 -0.96865565 -0.11058303
vn 0.09872004 -0.99450195 0.034932453
vn 0.14566047 -0.79553753 -0.58813524
vn -0.26580104 -0.6713723 -0.6918158
vn 0.1988884 -0.81593883 -0.54285103
vn 0.18933623 -0.86911565 -0.45693517
vn -0.5511812 -0.8254502 -0.12178357
vn 0.23896101 -0.88810784 0.39263478
vn 0.11907373 -0.9892666 0.08469429
vn -0.22481416 -0.9642431 0.14033467
vn -0.90876704 -0.39419398 -0.13694388
vn 0.15725744 -0.9529894 0.2590005
vn -0.3703872 -0.8996356 0.23123394
vn 0 0 0
vn 0.12877941 0.6684327 0.7325391
vn 0.04595352 0.7485467 0.66148776
vn 0.13078889 0.8088763 0.57324815
vn -0.049775183 0.29339302 0.9546952
vn -0.51330984 0.088853896 0.8535912
vn -0.58161414 -0.093951374 0.8080211
vn -0.039557412 0.2719811 0.9614892
vn 0.06858575 0.91833484 0.38981673
vn 0.96497774 0.22074033 0.141745
vn 0.01636493 0.952272 0.30481172
vn -0.06170196 0.91359127 0.40192515
vn 0 0 0
vn -0.05126585 0.9724313 0.22748442
vn -0.9585451 -0.23525777 -0.16076405
vn -0.98996943 -0.14124566 -0.0031929913
vn -0.7328819 0.53848505 0.415834
vn -0.97430265 -0.16158019 -0.15692721
vn -0.9585451 -0.23525777 -0.16076405
vn -0.7328819 0.53848505 0.415834
vn -0.0042222976 -0.44100302 0.8974957
vn 0.0030591935 0.4280816 0.9037349
vn 0.010814931 -0.415535 0.9095129
vn -0.004888133 -0.6200209 0.78457004
vn 0.2984639 0.38121834 0.87498105
vn 0.079425514 -0.5270812 0.84609514
vn 0.18021353 0.58470505 0.79097605
vn 0.25016588 0.5390233 0.80428284
vn 0.1292038 0.36653465 -0.9213896
vn 0.11500075 0.3429103 -0.9323022
vn -0.06617481 -0.77018535 -0.634378
vn -0.06854973 0.3065896 -0.9493702
vn 0.12189675 0.40323383 -0.90694195
vn 0.18021353 0.58470505 0.79097605
vn 0.054438613 0.3919354 0.9183807
vn 0.06910543 0.51912546 0.85189974
vn 0.10195133 0.046341386 -0.99370944
vn -0.04819393 0.080280825 -0.99560654
vn 0.16292174 0.18380941 -0.9693661
vn 0.07197569 -0.9766316 0.20251001
vn -0.17923284 -0.98377454 0.0079521295
vn -0.24671786 -0.9649117 0.0898651
vn -0.121275514 -0.96605986 0.2280803
vn -0.019750684 -0.99717885 0.07241754
vn -0.06982105 -0.9713669 0.22709334
vn -0.00991081 -0.9515936 0.3071993
vn -0.2451189 -0.9677813 -0.057584845
vn -0.0044272216 -0.9968036 -0.07976847
vn 0.0022124606 -0.9981829 -0.060216863
vn 0.005583323 -0.99924594 0.038423676
vn 0.0026620151 -0.9954866 -0.09486447
vn 0.0030781839 -0.99966776 0.025590638
vn -0.0011811771 -0.9845018 0.1753705
vn -0.0030629004 -0.9998149 0.0189931
vn 0.0009271243 -0.9817499 0.19017443
vn 0.0002283304 -0.9440182 0.32989338
vn 0.0021351697 -0.9408178 0.3389061
vn 0.007880096 -0.95214576 0.3055427
vn 0.012222215 -0.99076796 0.13501678
vn 0.0045110956 -0.99986124 0.016036749
vn 0.00045138228 -0.9890847 0.14734744
vn 0.0013276894 -0.9525375 0.30441847
vn 0.0029091055 -0.9346714 0.355501
vn 0.005096327 -0.929466 0.3688726
vn 0.010454054 -0.9437963 0.33036244
vn 0.021709079 -0.9246497 0.3801995
vn -0.002940578 -0.99089205 0.13462628
vn 0.0006026655 -0.9510448 0.30905244
vn 0.005848176 -0.8767802 0.4808558
vn 0.004686485 -0.9005735 0.43467852
vn -0.2390216 -0.9227056 0.3024617
vn 0.053628113 -0.94738173 0.3155819
vn 0.0131611815 -0.82998157 0.5576355
vn 0.0196942 -0.82416064 0.56601363
vn 0.1064008 -0.65361786 0.74930805
vn 0.0536383 -0.5540617 0.8307458
vn 0.009205762 -0.89419806 0.4475769
vn 0.006948665 -0.8400072 0.5425308
vn 0.004806843 -0.8992443 0.4374204
vn 0.0011506024 -0.8442408 0.5359628
vn -0.0012317827 -0.90348023 0.428628
vn 0.005518177 -0.84449774 0.5355307
vn -0.049011175 -0.63388366 0.77187395
vn 0.007436273 -0.79407084 0.60777974
vn 0.0031874876 -0.84537745 0.5341599
vn -0.004281058 -0.80476123 0.5935832
vn 0.0051330477 -0.84962815 0.5273572
vn 0.005307726 -0.812837 0.582467
vn -0.071326956 -0.4542503 0.88801414
vn -0.058801014 -0.54694366 0.83510184
vn 0.005142683 -0.85066086 0.52568966
vn 0.0045152353 -0.8128273 0.5824872
vn 0.005476996 -0.8999473 0.43596432
vn -0.0013216125 -0.99147993 0.13025297
vn 0.00065305363 -0.9567786 0.29081658
vn 0.0010406236 -0.99219334 0.124704815
vn 0.0012139218 -0.9527246 0.30383295
vn 0.008493132 -0.992368 0.123018995
vn 0.004557844 -0.96173733 0.27393523
vn 0.002058491 -0.9999977 -0.0006707827
vn 0.0024655529 -0.99997944 -0.005922379
vn 0.0017765535 -0.93813473 0.34626582
vn 0.0022061302 -0.9389305 0.34409973
vn -0.001898576 -0.96090484 0.2768723
vn 0.0019596254 -0.938527 0.34520036
vn -0.00032327583 -0.96049774 0.27828768
vn 0.0012415356 -0.93774617 0.34731922
vn 0.0052046897 -0.90993387 0.41472068
vn 0.004138794 -0.91714966 0.39852142
vn 0.001123668 -0.9374473 0.34812537
vn 0.0017396718 -0.9074516 0.42015302
vn -0.0044463896 -0.99481833 0.101571016
vn 0.00035159296 -0.99999994 0.00021342734
vn 0.0029960054 -0.85725933 0.5148762
vn 0.002045018 -0.86622274 0.4996539
vn 0.000008651259 -0.96226734 0.27210578
vn 0.001857407 -0.99384403 0.11077288
vn 0.0018064969 -0.9369378 0.34949154
vn -0.025232749 -0.4721653 0.8811488
vn 0.0040836968 -0.90855896 0.41773668
vn -0.0007879079 -0.9999416 0.0107805915
vn -0.0029140078 -0.99684876 -0.07927216
vn -0.0020861481 -0.9375134 0.3479428
vn -0.0031167087 -0.4781797 0.8782565
vn -0.0014971949 -0.48029998 0.87710303
vn 0.007770056 -0.6182315 0.78595763
vn 0.0050107855 -0.9076054 0.41979438
vn 0.0033127398 -0.8530165 0.5218734
vn 0.007103526 -0.8015414 0.5978971
vn 0.007042926 -0.9763594 0.2160387
vn -0.0021564327 -0.9999968 -0.0013421972
vn -0.00046829868 -0.999974 -0.0071982113
vn 0.00055616105 -0.9933651 -0.11500194
vn -0.000050119066 -0.9955075 -0.09468292
vn -0.0045244996 -0.99301636 -0.117889985
vn -0.0014139032 -0.9999949 -0.0028751409
vn 0.0017988483 -0.9910883 -0.13319458
vn 0.0023500118 -0.9999944 -0.0023927293
vn 0.0023313724 -0.9954835 0.09490565
vn -0.0016509915 -0.9943862 0.10579856
vn 0.00035573108 -0.9924893 -0.12233137
vn -0.002294024 -0.9999385 -0.010851513
vn -0.0054488275 -0.9915811 -0.12937275
vn 0.00003425267 -0.999987 -0.0050984877
vn 0.001200514 -0.9971654 0.07523132
vn -0.00078929355 -0.99999917 -0.0010353432
vn 0.000081693564 -0.9948532 0.101326995
vn -0.0010981734 -0.9966827 0.08137834
vn 0.0037433861 -0.9999706 -0.00668711
vn 0.0040688994 -0.99044526 -0.13784648
vn -0.0018976994 -0.9662579 0.25756952
vn 0.0011747323 -0.96573895 0.2595127
vn 0.0001231314 -0.9362058 0.3514522
vn 0.0013276633 -0.9358443 0.35241127
vn 0.0015798277 -0.96308696 0.2691858
vn 0.00008762847 -0.9369237 0.34953395
vn 0.00017976372 -0.9373305 0.34844154
vn -0.0023082518 -0.9675188 0.25278863
vn 0.0016718231 -0.9376015 0.3477077
vn 0.0042722425 -0.9674868 0.25288552
vn 0.00015292237 -0.9970131 0.07723223
vn 0.0003982455 -0.9242048 0.381897
vn 0.001174498 -0.92305917 0.38465622
vn 0.0025535934 -0.8850113 0.46556255
vn -0.0034410513 -0.8794197 0.47603482
vn 0.0041607777 -0.8283268 0.5602298
vn -0.0039063464 -0.8281502 0.56049263
vn -0.000901332 -0.8639778 0.50352913
vn -0.004379056 -0.82653046 0.562875
vn -0.000088017034 -0.87601733 0.48227966
vn 0.00001724006 -0.8349141 0.5503803
vn -0.036336765 -0.7116884 0.7015549
vn 0.12448403 -0.512243 0.8497711
vn -0.0037186993 -0.7784597 0.6276836
vn 0.036655772 -0.4490895 0.8927345
vn -0.019357972 -0.49045527 0.87125134
vn 0.00018488319 -0.82613325 0.5634748
vn 0.007517611 -0.83076054 0.5565792
vn 0.0008008022 -0.7818426 0.6234753
vn 0.0009576174 -0.87367564 0.48650795
vn 0.0015193265 -0.83330965 0.5528044
vn 0.001998299 -0.74089026 0.6716231
vn 0.002908842 -0.874912 0.48427314
vn 0.0022510765 -0.8381789 0.5453908
vn 0.0037628314 -0.8773699 0.47979984
vn 0.0017106214 -0.92530745 0.3792139
vn 0.000084499065 -0.9196478 0.39274412
vn -0.0007826603 -0.8662338 0.49963817
vn -0.00083221484 -0.87888986 0.47702402
vn -0.0027688725 -0.9231434 0.38444588
vn -0.0012445027 -0.9377145 0.3474046
vn -0.00045729204 -0.9365488 0.3505368
vn -0.0017380537 -0.9666407 0.25613037
vn -0.0026132886 -0.9671887 0.25404564
vn 0.00021730333 -0.964864 0.26274958
vn -0.0003122673 -0.9366557 0.3502513
vn -0.00021129036 -0.99751693 0.07042658
vn 0.00033949243 -0.9959102 0.09034799
vn -0.0006254274 -0.99666226 0.081632994
vn -0.000028438093 -0.9948268 0.1015858
vn 0.0012711847 -0.96273524 0.27044263
vn -0.00003472199 -0.935952 0.35212758
vn -0.00052381924 -0.999998 -0.0019444908
vn -0.0043699695 -0.999849 -0.01681919
vn 0.0050068484 -0.9999709 -0.005750994
vn -0.004331749 -0.9930817 -0.117345855
vn -0.008393305 -0.9899572 -0.14111775
vn 0.011357948 -0.98981285 -0.14192082
vn 0.0012471116 -0.8170534 0.5765607
vn -0.00087895844 -0.93955445 0.34239832
vn 0.004956336 -0.85165054 0.5240866
vn 0.054025292 -0.7492384 0.6600933
vn -0.0009087768 -0.69753414 0.716551
vn 0.0013033877 -0.8603759 0.50965834
vn 0.014410727 -0.6061838 0.79519403
vn -0.0016498808 -0.8492122 0.5280491
vn -0.0016103456 -0.9055986 0.42413273
vn -0.0012862526 -0.9094746 0.41575745
vn -0.00076428056 -0.8551427 0.518392
vn -0.003822707 -0.9076744 0.4196578
vn 0.00012142604 -0.9357673 0.3526181
vn -0.0021493386 -0.93630475 0.35118195
vn -0.0010728798 -0.90890455 0.41700283
vn -0.00075854216 -0.9371226 0.34899953
vn -0.0022963383 -0.85611326 0.5167832
vn 0.0027327202 -0.93301696 0.359822
vn 0.0057217637 -0.89160854 0.45277086
vn -0.001999578 -0.95636815 0.2921575
vn -0.0000044713865 -0.9556806 0.29440552
vn 0.0019382926 -0.66628796 0.745692
vn -0.0047689574 -0.9898401 0.1421051
vn -0.003865678 -0.9938442 0.11071933
vn -0.00169611 -0.9999934 -0.0032221102
vn 0.0000010708088 -0.99999964 0.00081144867
vn -0.0026365318 -0.9961615 0.087494224
vn -0.0037396294 -0.9999238 -0.011760437
vn -0.0014220251 -0.94678646 0.3218593
vn -0.0019369274 -0.9271612 0.3746576
vn -0.0039715087 -0.992472 -0.12240731
vn -0.001067723 -0.9934696 -0.11409216
vn 0.20644382 -0.67133003 0.7118265
vn -0.00072979555 -0.7207006 0.693246
vn 0.0012256115 -0.74159515 0.6708465
vn 0.15956092 -0.32641658 0.9316612
vn 0.26734924 -0.5248442 0.8081231
vn 0.0027175536 -0.99487054 -0.101119585
vn -0.0033339425 -0.99359465 0.11295398
vn -0.0007695242 -0.95950735 0.28168246
vn -0.002156588 -0.9310659 0.3648446
vn 0.0035546774 -0.9443386 0.32895583
vn -0.0036599783 -0.8996626 0.43657053
vn -0.060448006 -0.50483245 0.8610983
vn 0.0023903293 -0.9460082 0.32413393
vn 0.00065784453 -0.9200683 0.39175734
vn -0.0043673962 -0.94562775 0.32522157
vn -0.0038106972 -0.9168369 0.39924377
vn -0.004891708 -0.86699253 0.49829715
vn -0.059074577 -0.8054811 0.58966976
vn -0.0059393393 -0.87614536 0.48201042
vn -0.020146761 -0.78850186 0.61470234
vn -0.009433414 -0.8097329 0.58672273
vn -0.009816012 -0.87509876 0.48384482
vn -0.0039969897 -0.92298687 0.3848107
vn -0.008022829 -0.9264033 0.37644726
vn -0.009494575 -0.8707275 0.49167418
vn 0.11848688 -0.8826175 0.45491457
vn 0.16122942 -0.9106385 0.38045043
vn 0.16039918 -0.94502383 0.28495967
vn -0.012686331 -0.9501837 0.31143218
vn -0.0017445284 -0.9858347 0.16771057
vn 0.27275681 -0.9551864 0.11498944
vn 0.35174862 -0.9210613 0.16709
vn 0.38272738 -0.90446347 0.1883232
vn 0.072208844 -0.80165917 0.5934041
vn 0.087958224 -0.8139802 0.5741947
vn -0.013828397 -0.8978729 0.44003755
vn -0.24550517 -0.8020469 0.54447037
vn -0.1945968 -0.925581 0.32470286
vn -0.16880396 -0.9015048 0.39849007
vn -0.16747463 -0.9421651 0.29030532
vn -0.060637496 -0.9333727 0.35374922
vn -0.012557351 -0.85847026 0.51270956
vn -0.3703872 -0.8996356 0.23123394
vn -0.3357843 -0.8954767 0.29218215
vn 0.17686178 -0.9039674 0.38931078
vn 0.14005102 -0.87837327 0.45699686
vn 0.091728404 -0.9581918 0.27102467
vn -0.10598632 -0.95975274 0.26007995
vn 0.33357137 -0.88714844 0.31890082
vn 0.34858513 -0.8138986 0.4648198
vn 0.2777971 -0.9070953 0.31623852
vn 0.2693601 -0.8196909 0.5055215
vn 0.33870646 -0.9162795 0.21379861
vn 0.24570729 -0.89814466 0.3646425
vn 0.2868252 -0.81597435 0.5019135
vn 0.4552136 -0.8270401 0.3298261
vn 0.54203266 -0.70854384 0.45184752
vn 0.26631072 -0.9450986 0.18938655
vn 0.5549883 -0.81383365 0.17222887
vn 0.45030707 -0.6684332 0.59196335
vn 0.24191286 -0.7291171 0.6402081
vn 0.46650037 -0.84734243 0.2537484
vn 0.33223408 -0.70431376 0.6273457
vn 0.40505326 -0.6913285 0.59832823
vn 0.15725744 -0.9529894 0.2590005
vn -0.001646648 -0.871126 0.49105677
vn -0.002148821 -0.99999744 -0.00074881414
vn 0.00039139914 -0.9948382 -0.101473555
vn 0.0011517996 -0.8329781 0.55330473
vn -0.0019019041 -0.9273064 0.37429833
vn 0.0026821818 -0.9882204 0.15301394
vn -0.009424414 -0.9897387 0.142578
vn -0.006907229 -0.97990245 0.19935767
vn -0.0016377879 -0.94418645 0.3294075
vn 0.0015042943 -0.98945653 0.1448224
vn -0.0043563237 -0.99996936 0.006503213
vn -0.002299608 -0.99999255 -0.0030920818
vn 0.0030203585 -0.96778154 0.25177315
vn 0.00020126006 -0.997848 0.06556936
vn 0.09872004 -0.99450195 0.034932453
vn 0.20971939 -0.97655517 0.048557084
vn -0.0028947447 -0.9254019 0.37897614
vn -0.008045477 -0.816373 0.577469
vn -0.0014950233 -0.94701564 0.3211839
vn -0.00090182625 -0.9954397 0.09538859
vn 0.00031374858 -0.93655014 0.35053346
vn -0.0022081428 -0.99978215 0.020755133
vn -0.0013752371 -0.99988914 0.014827755
vn -0.06594678 -0.6699912 0.7394341
vn -0.04462747 -0.5241442 0.85045946
vn 0.0014317416 -0.99763066 0.06878266
vn -0.00040821606 -0.99989396 -0.014557442
vn 0.11907373 -0.9892666 0.08469429
vn -0.000640587 -0.96558183 0.2600987
vn -0.00002693671 -0.99608004 0.08845635
vn -0.001263994 -0.99473304 -0.10249198
vn -0.16869797 -0.8359266 0.52227175
vn 0.016184783 -0.918575 0.39491516
vn 0.006614567 -0.87250954 0.4885523
vn 0.008707992 -0.8567473 0.5156628
vn 0.0014077658 -0.994982 0.10004433
vn 0.0004280268 -0.96386653 0.26638532
vn 0.000497446 -0.9373511 0.3483858
vn 0.0014780901 -0.95716184 0.2895497
vn 0.0021927315 -0.91448987 0.4046029
vn 0.0015522712 -0.93875253 0.3445885
vn 0.0043813665 -0.99232703 -0.12356321
vn -0.0013565327 -0.9908311 -0.13509972
vn 0.0002097109 -0.9238966 0.38264218
vn 0.0005840962 -0.92257357 0.38582078
vn 0.008271847 -0.7162304 0.6978149
vn 0.0014725511 -0.8158905 0.5782046
vn -0.08107042 -0.39133084 0.9166721
vn 0.021350382 -0.58204466 0.8128765
vn 0.024031281 -0.4321671 0.9014733
vn 0.10126406 -0.73764795 0.6675486
vn 0.0009785546 -0.8254572 0.5644638
vn 0.012656981 -0.7513782 0.6597504
vn -0.043669723 -0.7305196 0.681494
vn 0.0023669435 -0.8261814 0.5633992
vn -0.03089169 -0.7823206 0.6221094
vn 0.0006133946 -0.8658352 0.50032896
vn -0.000040433395 -0.8635209 0.504313
vn 0.0020510599 -0.91309863 0.40773353
vn 0.0019107407 -0.92282367 0.38521782
vn 0.0021672745 -0.9374774 0.34803933
vn 0.0020074206 -0.86545324 0.5009857
vn 0.028725859 -0.84966403 0.5265414
vn 0.003207215 -0.9999938 0.0014592536
vn 0.0013897445 -0.9947952 -0.1018851
vn 0.0018381437 -0.98671746 -0.16243546
vn -0.0007734251 -0.9930666 -0.11755028
vn -0.017108863 -0.72355634 0.6900532
vn 0.037300367 -0.67375803 0.73801005
vn -0.0014287025 -0.9717035 0.23619951
vn 0.0020505935 -0.99993026 -0.011628173
vn 0.00070620625 -0.9948608 -0.10124917
vn 0.0008770803 -0.91999125 0.39193785
vn -0.0023019193 -0.996467 -0.083953604
vn -0.0019863958 -0.9957121 -0.09248506
vn -0.00781224 -0.7247137 0.68900585
vn -0.00042419523 -0.99971855 -0.023720818
vn -0.0006539828 -0.92052555 0.39068183
vn -0.27482286 -0.7081075 0.6504277
vn -0.03642992 -0.76585317 0.6419827
vn -0.017722832 -0.66232884 0.7490036
vn -0.34821045 -0.5930571 0.7259702
vn -0.037226584 -0.5565366 0.82998866
vn -0.52969724 -0.4602401 0.71246046
vn 0.0027581493 -0.56469595 0.8252944
vn 0.028390957 -0.65925497 0.75138324
vn 0.30347583 -0.63210833 0.7129807
vn 0.2568029 -0.5198171 0.8147653
vn 0.0059375535 -0.9353083 0.35378402
vn -0.0009822248 -0.99980897 -0.019519879
vn -0.00019059064 -0.99988353 -0.015259575
vn -0.000073923264 -0.99995905 -0.009048284
vn 0.00045296355 -0.992104 -0.12541717
vn -0.0048204805 -0.9916131 -0.12915201
vn -0.0007315551 -0.9966715 0.08151903
vn 0.0060392506 -0.8415776 0.5401025
vn -0.0067375866 -0.569179 0.822186
vn 0.0059194085 -0.5651725 0.8249515
vn -0.00021202343 -0.93919045 0.34339657
vn -0.0010339025 -0.99989355 -0.014554989
vn -0.0020246997 -0.99258816 -0.12150967
vn 0.0053052213 -0.9945189 -0.10442231
vn -0.0030468528 -0.9940307 -0.109058134
vn -0.006693442 -0.9930547 -0.11746324
vn -0.0006301947 -0.9376549 0.34756708
vn 0.0044252654 -0.97938925 0.20193358
vn 0.0019987542 -0.99998677 0.004740245
vn 0.002683924 -0.99385226 -0.110681675
vn -0.0033373248 -0.99999434 -0.00047330395
vn 0.009750552 -0.7719928 0.63555646
vn -0.22883496 -0.80923 0.5410927
vn -0.2232108 -0.71896106 0.658234
vn 0.0006220394 -0.9644145 0.26439425
vn 0.03146367 -0.7790048 0.62622803
vn 0.07510971 -0.4720386 0.87837243
vn 0.0022346491 -0.9180988 0.39634535
vn 0.000496672 -0.9644406 0.26429927
vn 0.0005931924 -0.99342257 0.1145046
vn 0.5149338 -0.8561701 0.042612776
vn 0.29214057 -0.95607877 0.023816597
vn 0.52440006 -0.8454839 -0.10080464
vn 0.27835858 -0.9518623 -0.12835398
vn 0.5296723 -0.8136629 -0.23958288
vn 0.28573316 -0.9174204 -0.27694118
vn 0.3457644 -0.92851925 -0.1352736
vn 0.32978854 -0.89400184 -0.30331546
vn -0.0008724601 -0.9946582 -0.1032199
vn -0.060368087 -0.89867103 0.43444923
vn 0.0013838895 -0.9997929 0.020305673
vn 0.34944916 -0.6088771 0.7121474
vn 0.05985759 -0.762285 0.6444677
vn -0.12553819 -0.8970679 0.42368546
vn 0.36903286 -0.9286455 0.037845545
vn 0.49404427 -0.8679805 0.05030058
vn 0.23699111 -0.6275458 0.74163437
vn 0.23896101 -0.88810784 0.39263478
vn -0.31697118 -0.94685143 0.054786917
vn -0.0055322093 -0.9919438 -0.12655815
vn 0.22243556 -0.96865565 -0.11058303
vn 0.112529784 -0.9936442 -0.002875538
vn -0.15310419 -0.9852273 -0.07672242
vn -0.22481416 -0.9642431 0.14033467
vn -0.4272215 -0.90310806 0.04333125
vn 0.4093578 -0.89191514 -0.19212918
vn -0.01339467 -0.8047879 0.5934114
vn -0.16880396 -0.9015048 0.39849007
vn 0 0 0
vn -0.16869797 -0.8359266 0.52227175
vn -0.16880396 -0.9015048 0.39849007
vn -0.16869797 -0.8359266 0.52227175
vn 0 0 0
vn -0.6426607 0.54674405 0.5367105
vn -0.43793046 0.6508504 0.6201698
vn -0.42740074 0.75394905 0.49888822
vn -0.6352352 0.6313067 0.44489118
vn -0.42794457 0.8238978 0.37155876
vn -0.635165 0.6950141 0.33692855
vn -0.3873372 0.77077943 0.50583494
vn -0.2509898 0.6649921 0.70341283
vn -0.3094066 0.89177126 0.33016902
vn -0.38499466 0.7893261 0.47827134
vn -0.31531122 0.6215649 0.7171024
vn -0.5104999 0.83825815 0.19160675
vn -0.39601263 0.8625661 0.31488678
vn -0.089725986 0.8757505 0.4743526
vn -0.06170196 0.91359127 0.40192515
vn -0.05126585 0.9724313 0.22748442
vn 0.01636493 0.952272 0.30481172
vn 0.06858575 0.91833484 0.38981673
vn 0.0494593 0.970244 0.237024
vn 0.96497774 0.22074033 0.141745
vn -0.03289207 0.91718954 0.39709124
vn 0.024851115 0.88474154 0.46541893
vn 0.049506746 0.9860333 0.15902004
vn -0.31667617 0.93778265 0.14240776
vn 0.012978603 0.8650978 0.5014353
vn 0.059217703 0.8691592 0.49097404
vn 0.07070447 0.9299076 0.36093313
vn 0.33165774 0.8709251 0.362619
vn 0.39456397 0.7660453 0.5074386
vn 0.027612157 0.77425003 0.6322772
vn -0.027411615 0.75290793 0.65755475
vn -0.03333105 0.69481754 0.7184133
vn 0.011736462 0.6903995 0.72333306
vn -0.04725157 0.5955057 0.80196023
vn 0.40628836 0.61251974 0.6780482
vn -0.0016979071 0.7500934 0.66132975
vn -0.34954062 0.6935723 0.6299038
vn -0.3426403 0.5107406 0.788506
vn 0.23480909 0.9284937 0.28768757
vn 0.2127834 0.93872195 0.27115366
vn 0.23664293 0.9707723 0.040014572
vn 0.4324464 0.89164954 0.13398205
vn 0.0940835 0.9782608 -0.18480806
vn 0.20740935 0.96105623 -0.1826262
vn 0.49595198 0.86229384 -0.10237651
vn 0.036837474 0.94134796 -0.3354206
vn -0.2876141 0.5149097 -0.8075556
vn -0.15553765 0.89201814 -0.42439568
vn 0.339752 0.9287572 0.14825208
vn 0.30400702 0.9263337 0.2224536
vn -0.038512632 0.84265053 0.53708184
vn -0.36602536 0.90263224 0.22645189
vn -0.34230503 0.912009 -0.22597969
vn -0.56238353 0.7970151 0.22020847
vn 0.38367692 0.7328028 0.5619538
vn -0.23405331 0.9424131 0.23890711
vn -0.43492052 0.8661582 0.24619935
vn -0.2428537 0.9649237 0.09972169
vn -0.4549739 0.88435346 0.10448767
vn -0.25341678 0.96562624 -0.05784411
vn -0.4733399 0.87958086 -0.04782074
vn -0.36271024 0.9309183 -0.04280694
vn -0.3203885 0.9216487 -0.21889468
vn -0.2871958 0.93733823 -0.19727047
vn -0.50807047 0.8139286 -0.28175277
vn -0.6491584 0.7601061 -0.028845303
vn 0.30642512 0.74776965 0.5890197
vn 0.049376186 0.709768 0.7027029
vn -0.008744554 0.99149185 0.12987448
vn -0.23058791 0.94599926 0.22784774
vn 0.060888927 0.954582 0.29166043
vn 0.3085209 0.9281689 0.20812817
vn -0.27333942 0.9243726 0.2661219
vn -0.17108284 0.9319483 0.31969213
vn 0.0073599983 0.9691369 0.24641325
vn 0.009061254 0.94709694 0.32081962
vn 0.011811678 0.9179892 0.39642948
vn -0.16074574 0.8804308 0.44609687
vn -0.0137424115 0.8450663 0.53448486
vn -0.23652221 0.8132636 0.5316574
vn -0.19925478 0.78018105 0.59297144
vn -0.018770248 0.81124747 0.5844016
vn 0.0130786095 0.91474086 0.40382928
vn 0.0021807833 0.9460276 0.32407877
vn 0.004301069 0.8607701 0.5089758
vn 0.0020979305 0.9219852 0.38721937
vn 0.0035446235 0.9443093 0.32904002
vn 0.00076299306 0.8558362 0.51724637
vn 0.007833431 0.94761956 0.3193052
vn 0.0051077777 0.92745525 0.37389922
vn 0.007951557 0.9752242 0.22107577
vn 0.0021600658 0.9304875 0.3663173
vn 0.0014338735 0.9504256 0.31094858
vn -0.0043522995 0.97409683 0.22608928
vn 0.001414562 0.95093465 0.3093886
vn 0.003532087 0.9346539 0.35554132
vn 0.002254976 0.96915346 0.24644774
vn 0.007092103 0.8871169 0.46149027
vn 0.0010622634 0.8671339 0.4980739
vn 0.0037048082 0.92308503 0.3845781
vn 0.0055082017 0.8678713 0.49675855
vn -0.00037886575 0.92466277 0.3807868
vn 0.0010271153 0.86750036 0.4974355
vn 0.0007645359 0.86605716 0.49994442
vn 0.0035597766 0.92319643 0.38431194
vn 0.0041676583 0.9478743 0.31861717
vn -0.00235515 0.94841605 0.3170197
vn 0.004489235 0.9491145 0.3148993
vn 0.003601734 0.92444944 0.38128763
vn 0.004155992 0.977719 0.20987669
vn 0.010552793 0.9757557 0.21860804
vn -0.001941715 0.968581 0.24869068
vn 0.0039369874 0.94629425 0.3232827
vn 0.000024053648 0.9969141 0.078500055
vn 0.0007635898 0.99839336 0.056658186
vn -0.0025812613 0.99976075 -0.02172145
vn 0.0029270898 0.9993451 -0.036065813
vn -0.0071231574 0.9810984 -0.19337825
vn -0.0060014166 0.98030174 -0.19741446
vn 0.0024820562 0.99842435 -0.056059405
vn 0.005608754 0.97257173 -0.23253542
vn 0.0031889621 0.998859 -0.04765083
vn 0.007019857 0.97580945 -0.21851005
vn 0.0036719337 0.9779831 -0.20865181
vn 0.0035441427 0.99929523 -0.037369125
vn 0.0009535182 0.9984432 0.055770546
vn 0.0010912127 0.9985277 0.054233152
vn 0.003265434 0.99857783 0.053212684
vn 0.000114803035 0.98082566 0.19488728
vn 0.0037434087 0.99838996 -0.056599773
vn 0.0017015863 0.96684116 -0.25537276
vn 0.0012159802 0.99771154 0.06760365
vn -0.00008465754 0.97520465 0.22130504
vn -0.00039082684 0.9978784 0.065104365
vn 0.00080562267 0.96571875 0.25958934
vn -0.0024509167 0.9966878 0.08128601
vn 0.0023119382 0.97026414 0.24203743
vn 0.00095594296 0.94486475 0.32745942
vn -0.002628864 0.94418013 0.32941914
vn 0.009977923 0.9586593 0.2843815
vn 0.0052918983 0.9468608 0.3216001
vn 0.00007616021 0.92956895 0.3686483
vn -0.0017674917 0.90201855 0.43169364
vn -0.0003755131 0.9606884 0.2776285
vn 0.0017463434 0.9463487 0.32314253
vn -0.0009353864 0.9587117 0.28437826
vn -0.0063029537 0.94672024 0.32199535
vn -0.0022457107 0.9081379 0.41866508
vn -0.0065062647 0.9010377 0.433692
vn 0.008407298 0.8231647 0.56774044
vn -0.02909265 0.839351 0.5428108
vn -0.0036342999 0.8571452 0.51506203
vn 0.0034543097 0.9056665 0.42397684
vn -0.04162213 0.76516354 0.6424892
vn -0.004573748 0.7658493 0.6430038
vn 0.0012565454 0.89844567 0.4390829
vn 0.0016578721 0.8565 0.5161443
vn -0.0006129126 0.8557326 0.51741797
vn 0.00084015913 0.9026408 0.43039387
vn -0.0037409535 0.85528904 0.5181377
vn -0.0058695567 0.908793 0.41720608
vn 0.00018038874 0.9422431 0.3349297
vn -0.0038311789 0.9423462 0.33461753
vn 0.0006041941 0.95343 0.30161375
vn -0.0018078526 0.9541237 0.29940736
vn 0.0006702736 0.94452316 0.3284442
vn -0.00007919344 0.9521606 0.30559814
vn -0.00084190967 0.98367566 0.17994845
vn -0.003391655 0.99177814 0.1279242
vn 0.00010149632 0.9999597 0.008974314
vn -0.000751557 0.99996203 0.008680635
vn 0.000995478 0.9999778 0.0065829484
vn -0.0006770981 0.98688316 0.16143472
vn -0.0021677983 0.9999757 0.006625783
vn 0.0039721113 0.99033093 0.13866802
vn -0.0022414734 0.99981356 0.019178722
vn -0.0030154935 0.97784644 0.20930167
vn -0.00046312064 0.9984392 -0.055847365
vn -0.0026046098 0.99701935 -0.07710785
vn 0.0027097971 0.9972446 -0.07413453
vn -0.00019878532 0.95283645 0.3034842
vn -0.0009218166 0.95355684 0.3012117
vn 0.00007106465 0.9538166 0.3003896
vn 0.000044944663 0.9447107 0.32790503
vn -0.0008555602 0.9417629 0.33627638
vn 0.0002461589 0.91729003 0.39821967
vn -0.0008263389 0.90235466 0.43099356
vn -0.003255214 0.8624648 0.50610656
vn -0.003574076 0.8560366 0.5169028
vn -0.00090567395 0.90400714 0.42751646
vn -0.0026411386 0.86241674 0.506192
vn -0.00095984805 0.8604937 0.5094602
vn -0.0033427218 0.91663116 0.39972013
vn -0.0046310993 0.89739937 0.44119483
vn -0.004337025 0.84802634 0.5299363
vn -0.0019154435 0.94384414 0.33038545
vn 0.0020162943 0.9174201 0.39791495
vn -0.0026011227 0.94464153 0.32809392
vn -0.006510372 0.95352644 0.30123907
vn -0.0014270684 0.9573777 0.28883561
vn -0.012466915 0.98729086 0.15843417
vn -0.000079555546 0.98995775 0.14136347
vn -0.004628566 0.98575914 0.16809967
vn 0.006508934 0.9866957 0.16244741
vn -0.0014398048 0.95407134 0.29957598
vn -0.0029951879 0.9995189 0.030871283
vn -0.00012853499 0.9997164 0.023814715
vn -0.0013522025 0.99967366 0.025509378
vn 0.00066027476 0.95046794 0.31082198
vn -0.0066905925 0.99980354 0.018658737
vn -0.000054939468 0.940802 0.33895662
vn 0.0038937635 0.90015316 0.43555614
vn -0.0008539268 0.94434386 0.32895884
vn -0.0065534003 0.6006592 0.7994783
vn 0.06296116 0.7400773 0.66956806
vn -0.03297161 0.599133 0.7999703
vn -0.0040951017 0.7820342 0.62322205
vn -0.0019276395 0.7829434 0.62209
vn 0.0015668158 0.8934525 0.44915488
vn -0.0025093642 0.85239565 0.52289134
vn -0.0017112852 0.94223714 0.33494213
vn -0.0008365679 0.9450478 0.3269311
vn 0.0018796022 0.851727 0.5239824
vn 0.0018444932 0.77341396 0.63389856
vn -0.0007737963 0.7463593 0.6655428
vn -0.0035636488 0.77217203 0.6354035
vn -0.0048787016 0.80473083 0.5936198
vn -0.00232917 0.9341408 0.35689715
vn 0.002131445 0.8801668 0.47465962
vn 0.002296998 0.847379 0.53098357
vn 0.0058785724 0.8303407 0.5572251
vn -0.003406709 0.88426125 0.46698016
vn -0.009230401 0.93161213 0.36333674
vn -0.0025709653 0.9491999 0.31466323
vn -0.034090564 0.5905478 0.8062823
vn -0.015693132 0.67544824 0.73724043
vn -0.0042868895 0.46642447 0.88455063
vn -0.0031259807 0.9303435 0.3666759
vn 0.0027401613 0.86974096 0.49350086
vn -0.0041151694 0.94975156 0.31297764
vn 0.0088811545 0.76469755 0.6443282
vn -0.011888189 0.73104733 0.6822232
vn 0.010443072 0.8568866 0.51539916
vn -0.008169486 0.63158846 0.7752608
vn -0.0047022766 0.85594004 0.51705366
vn -0.00823152 0.8549942 0.5185723
vn 0.05389023 0.5909833 0.80488175
vn -0.005274213 0.9072321 0.42059726
vn -0.0044447496 0.9267398 0.3756774
vn -0.0048730667 0.9487745 0.31591633
vn -0.008891716 0.94766384 0.31914604
vn -0.011145453 0.97695565 0.21315116
vn -0.0032880935 0.9759144 0.21812898
vn -0.0058657373 0.9986443 0.051721733
vn -0.003323102 0.99752796 0.07019239
vn -0.0026280396 0.9994237 -0.033844277
vn -0.0052953204 0.99885136 -0.047623098
vn -0.0044286917 0.9987038 0.050706543
vn -0.006022121 0.999121 -0.04148381
vn -0.001151552 0.9801841 -0.19808541
vn -0.0059186947 0.97348 -0.22869559
vn -0.0057770247 0.9984037 -0.056183938
vn -0.009130876 0.9669483 -0.2548091
vn -0.0039569335 0.9722283 -0.23400107
vn -0.00027985187 0.9981319 -0.061096046
vn -0.004292072 0.9995264 0.030472487
vn -0.005004964 0.9987017 -0.05069351
vn -0.00014110493 0.9726379 -0.2323262
vn -0.004825218 0.9980419 -0.06236171
vn -0.0094677275 0.99857175 0.052581683
vn -0.0014240436 0.9766682 0.21474925
vn -0.0026912447 0.97030324 -0.24187674
vn -0.0015730785 0.9991649 0.04082973
vn -0.008941747 0.97700596 0.2130245
vn -0.0076658996 0.9799542 -0.19907552
vn -0.0046136943 0.96970963 -0.2442169
vn -0.008162918 0.9472785 0.3203073
vn -0.011544613 0.91256154 0.4087764
vn -0.012846229 0.86481273 0.50193024
vn 0.070112124 0.46969977 0.8800377
vn 0.08486967 0.3186247 0.94407386
vn -0.0013969523 0.91352147 0.40678808
vn -0.0107894465 0.99872965 -0.049221117
vn 0.0022439538 0.8522136 0.5231892
vn -0.0022100129 0.8300279 0.55771756
vn 0.007065244 0.9750112 -0.22204319
vn -0.004616957 0.9511577 0.30867088
vn -0.000056861507 0.97872174 0.20519209
vn 0.0011033097 0.9835992 0.1803647
vn 0.0007387553 0.99847037 -0.05528406
vn -0.0004335276 0.99769074 -0.06791924
vn 0.0011459012 0.9707368 -0.24014318
vn -0.0053136065 0.9753399 -0.22064416
vn 0.0022212511 0.99988 0.015329625
vn -0.0024861502 0.948899 0.3155702
vn -0.00016805659 0.9904134 0.13813467
vn 0.0011548757 0.9964676 -0.083970286
vn -0.0010820016 0.9923955 -0.123085
vn -0.0010859916 0.9522141 0.30542943
vn -0.0012714018 0.9557941 0.2940341
vn 0.0006052563 0.78038865 0.62529445
vn 0.0017916141 0.7667973 0.64188683
vn -0.00050339353 0.94218546 0.3350914
vn -0.0023734318 0.8992593 0.4374094
vn -0.004033551 0.9888934 0.14857166
vn 0.0001658264 0.99995923 0.009031338
vn -0.0062403185 0.9874404 0.15786852
vn -0.06079221 0.6563792 0.7519778
vn -0.00039767288 0.8663184 0.499492
vn 0.0020599887 0.9999417 -0.0105996635
vn -0.0015869149 0.99967265 -0.025536312
vn -0.0011296883 0.99990255 -0.013913079
vn 0.0032453088 0.8661839 0.49971485
vn 0.008477112 0.86234546 0.50624937
vn -0.0013194467 0.9630989 -0.26914456
vn -0.002919973 0.96551603 -0.2603273
vn -0.0005986188 0.99768853 -0.06795065
vn -0.0019820922 0.9929218 0.1187532
vn -0.0049755205 0.99222356 0.12436918
vn -0.00010017641 0.94527924 0.32626238
vn 0.000032710315 0.9873009 -0.15886144
vn 0.0023911884 0.98552126 -0.16953495
vn -0.00037284478 0.9518121 -0.30668157
vn -0.000019759013 0.9517112 -0.30699486
vn 0.0025817568 0.9162499 0.40059897
vn -0.00015967674 0.86838686 0.49588734
vn 0.0008440084 0.9561096 -0.29300806
vn -0.0016873883 0.9638854 -0.26631197
vn 0.00159923 0.99439543 -0.1057124
vn 0.00009409417 0.96193045 -0.27329436
vn 0.0039508934 0.99366426 -0.11231984
vn -0.00070709555 0.9594905 -0.28174025
vn 0.004746362 0.99994946 0.008865578
vn -0.0043588276 0.9917687 -0.12796788
vn -0.0035113003 0.96019214 -0.27931827
vn -0.0032376961 0.9902208 -0.13947162
vn 0.00081887323 0.95565015 -0.29450324
vn -0.00024798507 0.9999999 0.0003817029
vn 0.0005661654 0.9218979 0.38743252
vn 0.004470702 0.989389 -0.14522189
vn -0.0019444553 0.9678132 -0.25166208
vn -0.002513273 0.97459924 -0.22394206
vn 0.004687631 0.9673388 -0.2534435
vn 0.00409799 0.9934809 0.11392461
vn -0.0024358765 0.96021724 0.27924353
vn -0.0020585852 0.999911 0.013180002
vn -0.0037483159 0.9975975 -0.069174655
vn -0.00069354905 0.996954 -0.07798829
vn 0.0057573617 0.9693987 -0.2454243
vn 0.002872187 0.9997494 -0.02220117
vn 0.010017328 0.9780077 -0.20832829
vn -0.001348594 0.9456641 0.32514238
vn 0.0037856353 0.9983839 0.056703944
vn -0.00039256306 0.86796397 0.49662706
vn 0.008934181 0.9759826 0.21766531
vn 0.0016452662 0.9495634 0.31357086
vn 0.002388009 0.9986666 -0.05156835
vn 0.0023580133 0.9767816 -0.21422443
vn 0.0029972082 0.99900055 -0.044596814
vn -0.00044719502 0.97052413 -0.24100353
vn 0.000863519 0.9985548 -0.053735442
vn 0.0071287598 0.9682082 -0.25004408
vn 0.003092122 0.9976423 0.068559214
vn 0.009957223 0.999201 -0.038706526
vn 0.0189861 0.9750162 -0.22132105
vn -0.06411985 0.9753172 -0.21129386
vn -0.010128545 0.9998893 -0.010900694
vn -0.26311287 0.96235675 -0.06812575
vn -0.279622 0.94764036 -0.15423784
vn -0.1618031 0.9540505 -0.25220525
vn -0.033674937 0.950116 -0.3100736
vn 0.00020768486 0.9972307 0.074369945
vn 0.0062776734 0.99639887 0.084557004
vn 0.0022968387 0.99801314 0.062964685
vn 0.0023373966 0.88019294 0.47461027
vn -0.0067604543 0.97761 0.21031639
vn -0.009702208 0.949466 0.31371987
vn -0.016772637 0.97974235 0.19955868
vn -0.011215968 0.94837725 0.316946
vn -0.006177875 0.9990171 0.04389382
vn -0.014389675 0.9993275 0.03372776
vn 0.00039419805 0.996423 -0.084505
vn 0.21397975 0.9767216 0.01508796
vn 0.1724092 0.9773751 -0.122527495
vn 0.29151616 0.91911805 -0.26502895
vn 0.0027543905 0.96679986 -0.25551996
vn -0.009780177 0.9230681 0.38451222
vn -0.0069500543 0.92995745 0.36760154
vn 0.012561677 0.9460551 0.32376206
vn -0.014124887 0.8719644 0.48936546
vn -0.0139691625 0.86672175 0.49859634
vn -0.014211018 0.86773014 0.49683243
vn 0.14314361 0.8686795 0.4742423
vn 0.26054606 0.88698643 0.38127518
vn 0.020232666 0.8765719 0.48084548
vn 0.0029510811 0.9402655 0.34042937
vn -0.28744933 0.9179797 0.27328756
vn -0.26304117 0.8595531 0.43815276
vn -0.10328067 0.8858705 0.45229036
vn -0.15077986 0.9508237 0.2705543
vn -0.31791767 0.9235155 0.21458666
vn 0.035748396 0.97941905 0.19864634
vn -0.09815958 0.95856845 0.2674159
vn 0.428475 0.886878 -0.17279045
vn 0.268502 0.9632742 0.0030882247
vn 0.27349776 0.954117 0.12190032
vn 0.23796944 0.95450675 0.17968704
vn -0.189411 0.97051466 -0.14907986
vn -0.5165443 0.85329777 -0.071168
vn -0.30215213 0.92706317 -0.22194132
vn -0.27672014 0.9514898 0.1345107
vn -0.0075889463 0.9797716 0.19997501
vn -0.0013305376 0.99615365 -0.08761321
vn -0.00008751985 0.9590209 -0.28333527
vn -0.0103347115 0.92102027 0.3893775
vn 0.002450159 0.9700582 0.24286021
vn 0.16979542 0.9504838 0.26028842
vn -0.26064205 0.95756817 0.12299958
vn -0.13403869 0.90380573 0.40640965
vn -0.0026970503 0.9816532 0.19065604
vn 0.0019135117 0.92468184 0.3807359
vn 0.0010528248 0.86936796 0.49416414
vn -0.0067125456 0.9986645 0.051226698
vn -0.0011404343 0.99829453 -0.058367535
vn 0.0010724788 0.99970055 0.024448091
vn 0.004242047 0.9908487 0.13491021
vn 0.26444155 0.79904836 0.5399929
vn -0.0025585152 0.9999549 -0.009151441
vn -0.00072098325 0.9717892 -0.23585014
vn -0.6464823 0.76289225 0.0074896696
vn 0.20695525 0.9214381 0.32881805
vn -0.3788711 0.91737217 0.122004144
vn -0.0032604309 0.975593 0.21956253
vn -0.047216307 0.9450347 0.32354304
vn 0.039008986 0.9615653 0.27179125
vn -0.025038838 0.9772246 0.21072526
vn 0.16664524 0.95461273 0.24686822
vn 0.3643497 0.8955728 0.2553404
vn 0.36800155 0.8887602 0.27327663
vn 0.3755464 0.9201771 0.110630214
vn -0.028294379 0.994822 0.097614095
vn 0.3463203 0.9324425 0.103020705
vn 0.26551124 0.907827 0.32458255
vn 0.4575533 0.85108775 0.25747737
vn 0.4814804 0.8712114 0.095746115
vn 0.4110862 0.9078998 -0.082012795
vn 0.3506113 0.9301477 -0.10907297
vn 0.38359252 0.91179293 -0.14659612
vn 0.3681374 0.79989743 0.47396094
vn 0.30934182 0.81784683 0.4852156
vn 0.24746457 0.71242905 0.6566629
vn 0.34628475 0.7131011 0.6095685
vn 0.46867695 0.61784637 0.6313539
vn 0.46085134 0.65268594 0.6013461
vn 0.30937436 0.66169727 0.6829672
vn 0.140278 0.7396451 0.6582151
vn 0.13541861 0.7807721 0.60996455
vn 0.44968614 0.8055173 0.385907
vn 0.4015732 0.876734 0.26471952
vn 0.7228592 0.50823975 0.4681527
vn 0.08707318 0.93711454 0.33798608
vn -0.0048480346 0.8785471 0.47763118
vn 0.0060877614 0.99868333 0.050936718
vn 0.08835463 0.963593 -0.25235283
vn 0.048158847 0.99883795 0.0018614964
vn 0.17193879 0.97433436 -0.14529142
vn -0.11562651 0.98398966 0.13562754
vn -0.43774378 0.8942281 0.093468994
vn 0.06858575 0.91833484 0.38981673
vn 0.0494593 0.970244 0.237024
vn 0.96497774 0.22074033 0.141745
vn 0.2127834 0.93872195 0.27115366
vn 0.16979542 0.9504838 0.26028842
vn -0.99370456 -0.009674175 -0.11161413
vn -0.9680211 0.09916299 -0.23043837
vn -0.996047 -0.051323663 0.072499745
vn -0.9724472 0.013328344 -0.23274183
vn -0.9744221 0.09621727 -0.20308572
vn -0.9993714 -0.0353273 0.0029556493
vn -0.97683007 0.027946727 -0.2121839
vn -0.93628305 -0.09290955 0.3387356
vn -0.9507221 -0.062249307 0.30373102
vn -0.85082567 -0.010725936 0.5253386
vn -0.96701473 -0.023057347 -0.25367472
vn -0.890859 0.17730932 0.41824824
vn -0.97222537 -0.07494327 -0.22172359
vn 0 0 0
vn -0.86549014 0.2644524 0.4254312
vn -0.97331065 -0.11450601 -0.19888379
vn -0.9998596 -0.002721316 -0.016535424
vn -0.99926966 -0.019943122 -0.03259513
vn -0.9999992 -0.00084733503 -0.00094014994
vn -0.9999989 -0.0014091784 -0.00042211183
vn -0.9999998 -0.0005607733 0.00025802475
vn -0.9999992 -0.0012175955 -0.0003415837
vn -0.999999 -0.0013890811 0.0003232139
vn -0.99999976 -0.00012878561 -0.0006950122
vn -0.99999946 0.000024619476 -0.0010485053
vn -0.99999887 -0.0014672469 -0.00026246696
vn -0.99999994 -0.00031280148 -0.00022373801
vn -0.99763304 0.06873564 0.0019207641
vn -0.9996241 0.023133606 -0.014716514
vn -0.9999996 -0.00067021104 -0.00061159773
vn -0.99418503 0.10766164 -0.002244799
vn -0.9999992 0.00006562099 -0.0012248277
vn -0.99558234 0.08699806 0.035315283
vn -0.99999774 0.0002483726 -0.0021206029
vn -0.99999744 -0.0020197171 -0.0010258085
vn -0.9999981 -0.0015587485 -0.0011741633
vn -0.99999976 0.00051126647 0.00045115143
vn -0.99301463 0.10874461 0.045787867
vn -0.99998564 0.00047006164 0.0053400095
vn -0.9999971 -0.0019020624 -0.0014717638
vn -0.99747896 -0.064224094 -0.030181766
vn -0.99338084 -0.11367288 -0.01652297
vn -0.9999995 -0.0007351296 -0.000650841
vn -0.99999905 -0.0011660772 -0.00070424884
vn -0.9691491 0.2464546 0.0031810382
vn -0.96271247 0.2705216 0.0016808183
vn -0.99750245 -0.070242606 -0.007407561
vn -0.997252 -0.074059606 0.0019231273
vn -0.9773734 -0.20299706 0.059442107
vn -0.99924296 0.03872006 -0.0037730655
vn -0.9985189 -0.042915322 0.033441093
vn -0.9731063 0.16653602 0.15915367
vn -0.9712323 -0.12945051 -0.19987583
vn -0.97430265 -0.16158019 -0.15692721
vn -0.889315 0.31372482 0.3327094
vn -0.9585451 -0.23525777 -0.16076405
vn 0 0 0
vn -0.9772047 0.19952957 -0.07251857
vn -0.95000833 -0.24333973 0.19562708
vn -0.70524293 -0.70774645 -0.041561432
vn -0.9998977 0.0017317736 -0.01419737
vn -0.99742347 -0.06939214 0.018197814
vn -0.99999815 -0.001822595 -0.00064847706
vn -0.97113836 -0.21949725 0.093334205
vn -0.96353805 0.22007114 0.15219447
vn -0.97120154 -0.22096084 -0.08912821
vn -0.98117864 -0.18997373 -0.034618665
vn -0.980334 -0.19683738 -0.01415469
vn -0.99821246 -0.028914738 -0.05230551
vn -0.9733963 0.21690811 0.073827565
vn -0.9453292 0.1572864 -0.28568113
vn -0.91871023 -0.1955281 0.34313306
vn -0.9999918 0.0013993995 0.0038108507
vn -0.9778424 -0.20873356 -0.015953286
vn -0.98390204 0.109930016 0.14089784
vn -0.9808838 0.14929537 0.1248113
vn -0.9947829 0.08447955 0.057185017
vn -0.99999905 -0.0003606633 -0.0013295114
vn -0.99873126 -0.014885367 0.04810679
vn -0.99152535 -0.062246338 0.11403034
vn -0.9818126 0.03174113 0.18718055
vn -0.9884028 -0.035952937 0.14753745
vn -0.99999857 -0.0007204375 -0.0015224781
vn -0.97200084 -0.22338122 0.07290508
vn -0.99680483 0.040627412 -0.068771966
vn -0.95698375 0.20433624 -0.20598258
vn -0.92065465 0.29441676 -0.25634706
vn -0.9885799 -0.14353126 0.045918733
vn -0.6268595 -0.77159446 0.10811661
vn -0.632405 -0.6844032 0.36284465
vn -0.9855821 0.10055823 0.13607308
vn -0.98310477 -0.14139463 0.116243646
vn -0.99475855 -0.027185189 0.098571785
vn -0.95175374 -0.26811996 -0.1492531
vn -0.7732699 -0.4656627 -0.4303625
vn -0.75852424 -0.35300702 -0.54774725
vn -0.9952776 -0.083993554 -0.048658572
vn -0.998558 0.035080828 -0.040635735
vn -0.9383397 -0.0682194 -0.3389169
vn -0.46744198 -0.29196158 -0.8344198
vn -0.6052604 -0.34644493 -0.71668386
vn -0.927397 -0.18217 -0.32672453
vn -0.98996943 -0.14124566 -0.0031929913
vn -0.7552107 0.17028998 0.63297564
vn -0.97430265 -0.16158019 -0.15692721
vn -0.7328819 0.53848505 0.415834
vn -0.98996943 -0.14124566 -0.0031929913
vn -0.97430265 -0.16158019 -0.15692721
vn 0 0 0
vn -0.9585451 -0.23525777 -0.16076405
vn -0.97222537 -0.07494327 -0.22172359
vn -0.96701473 -0.023057347 -0.25367472
vn 0 0 0
vn 0.16306774 0.9640693 -0.2097124
vn 0.17193879 0.97433436 -0.14529142
vn -0.279622 0.94764036 -0.15423784
vn -0.1618031 0.9540505 -0.25220525
vn -0.026845917 0.952694 -0.30274314
vn -0.21523127 0.91141963 -0.3506989
vn -0.023227861 0.93148726 -0.36303154
vn -0.033674937 0.950116 -0.3100736
vn 0.0014157972 0.9324149 -0.36138687
vn 0.011630467 0.94906694 -0.31485987
vn -0.06411985 0.9753172 -0.21129386
vn 0.0189861 0.9750162 -0.22132105
vn 0.0071287598 0.9682082 -0.25004408
vn 0.0050822273 0.95485055 -0.29704303
vn 0.0011575643 0.9504763 -0.31079492
vn -0.00044719502 0.97052413 -0.24100353
vn 0.0037315523 0.9351671 -0.35418728
vn 0.0035121308 0.94636744 -0.32307327
vn 0.0023580133 0.9767816 -0.21422443
vn 0.0035960851 0.93953466 -0.3424349
vn 0.0017015863 0.96684116 -0.25537276
vn -0.003300841 0.9504682 -0.31080428
vn -0.002029485 0.949102 -0.31496245
vn 0.0036719337 0.9779831 -0.20865181
vn -0.0021467735 0.9406421 -0.3393933
vn -0.0020935724 0.93939006 -0.3428439
vn -0.00017350157 0.87530077 -0.48357892
vn -0.0022456376 0.876935 -0.48060372
vn 0.0071599768 0.5650943 -0.8249953
vn 0.029639306 0.68435806 -0.72854346
vn -0.0007374689 0.8724177 -0.48876056
vn 0.028820833 0.5923074 -0.80519646
vn 0.0005451392 0.95025545 -0.3114712
vn 0.007019857 0.97580945 -0.21851005
vn -0.06854973 0.3065896 -0.9493702
vn 0.12189675 0.40323383 -0.90694195
vn -0.000025019368 0.87633556 -0.4817011
vn 0.06478807 0.43941453 -0.89594495
vn -0.035240203 0.5789385 -0.81460935
vn 0.23257889 0.7669679 -0.598053
vn 0.049222987 0.8808469 -0.47083518
vn 0.0031119245 0.8054004 -0.592723
vn 0.05090968 0.83721304 -0.5445021
vn 0.022409597 0.81779116 -0.57507867
vn 0.016551452 0.8955958 -0.44456074
vn 0.015381582 0.56827927 -0.822692
vn 0.011116604 0.4781219 -0.8782231
vn -0.010198379 0.24346805 -0.9698553
vn -0.016200826 0.23923431 -0.9708267
vn 0.010334176 0.49756476 -0.86736524
vn -0.009414487 0.25202593 -0.9676747
vn 0.0106809605 0.528338 -0.84896696
vn -0.013020032 0.2553764 -0.966754
vn 0.027035289 0.26377782 -0.9642045
vn -0.0043178983 0.19228795 -0.981329
vn 0.016418435 0.62870735 -0.7774687
vn 0.11500075 0.3429103 -0.9323022
vn -0.017811712 0.260856 -0.9652134
vn -0.052212697 0.6091015 -0.79137176
vn 0.30904353 0.65495867 -0.6895805
vn 0.3447422 0.62679446 -0.6987714
vn 0.0025362251 0.7285208 -0.68501896
vn 0.037600726 0.66897255 -0.74233544
vn 0.0009696052 0.8503074 -0.5262854
vn 0.13502184 0.78977835 -0.5983471
vn 0.0007342164 0.7597602 -0.65020293
vn 0.0036835112 0.66659904 -0.7454074
vn 0.022781571 0.2689353 -0.9628888
vn 0.029925128 0.21569288 -0.9760026
vn 0.008555527 0.41870424 -0.90808237
vn -0.0032824005 0.18572745 -0.9825958
vn -0.0054101585 0.21863492 -0.97579175
vn 0.0017009074 0.39072374 -0.9205064
vn -0.063820414 0.29222396 -0.9542181
vn 0.11526449 0.1741455 -0.97795063
vn 0.11019328 0.13404848 -0.9848291
vn 0.0066885706 0.8427046 -0.53833467
vn 0.19966292 0.7139402 -0.67113644
vn -0.024059609 0.20745914 -0.9779478
vn -0.000036581045 0.2010942 -0.9795719
vn 0.007688273 0.503741 -0.8638205
vn 0.015171594 0.23161963 -0.97268814
vn 0.07345207 0.21413848 -0.9740377
vn 0.0004803927 0.5040785 -0.8636577
vn 0.0048638145 0.6155027 -0.7881198
vn 0.0029416434 0.61737776 -0.7866613
vn 0.004539223 0.51954806 -0.8544292
vn 0.023387626 0.35562485 -0.9343361
vn -0.054421924 0.398229 -0.9156702
vn -0.08820251 0.5102279 -0.8555044
vn -0.23597512 0.5097573 -0.82732296
vn -0.23426184 0.40579087 -0.88343376
vn -0.08355556 0.28944686 -0.95354027
vn -0.20947333 0.3056081 -0.9288297
vn 0.07536939 0.31701612 -0.9454207
vn -0.14244138 0.62065244 -0.7710389
vn 0.0024508652 0.6708942 -0.741549
vn 0.18541582 0.37725794 -0.9073574
vn 0.3890121 0.21446477 -0.895921
vn -0.018831793 0.22497809 -0.97418183
vn -0.117564395 0.27011827 -0.9556227
vn 0.357934 0.33744702 -0.87063926
vn -0.25020838 0.8349648 -0.49013215
vn 0.0018592336 0.8537327 -0.5207082
vn -0.13097276 0.75203866 -0.64597523
vn -0.005236829 0.85811573 -0.5134296
vn 0.09481688 0.219809 -0.9709242
vn 0.005608754 0.97257173 -0.23253542
vn 0.0039848485 0.95584804 -0.2938343
vn 0.0025271012 0.954903 -0.29690725
vn -0.0071231574 0.9810984 -0.19337825
vn -0.004503043 0.9488403 -0.31572416
vn -0.0060014166 0.98030174 -0.19741446
vn -0.0012616938 0.946336 -0.32318208
vn 0.010017328 0.9780077 -0.20832829
vn -0.000019759013 0.9517112 -0.30699486
vn 0.0023911884 0.98552126 -0.16953495
vn 0.00028760725 0.9476111 -0.31942627
vn -0.00037284478 0.9518121 -0.30668157
vn -0.0023079182 0.9480213 -0.31819856
vn -0.000039232113 0.94925576 -0.31450507
vn 0.0008440084 0.9561096 -0.29300806
vn 0.00081887323 0.95565015 -0.29450324
vn -0.00078690774 0.9503264 -0.31125417
vn -0.001138695 0.94922614 -0.31459245
vn -0.0035113003 0.96019214 -0.27931827
vn -0.0026583632 0.9225367 -0.38590032
vn 0.000012787454 0.9313067 -0.36423594
vn -0.00083193474 0.9497837 -0.31290615
vn -0.0005006457 0.8765507 -0.48130932
vn -0.0039865444 0.86340064 -0.50450313
vn -0.00008500519 0.8699584 -0.49312508
vn 0.0042310786 0.82461166 -0.56568336
vn -0.00785606 0.80449486 -0.59390765
vn -0.003402494 0.8197446 -0.57271916
vn -0.0005627805 0.9330105 -0.35984865
vn -0.00040014618 0.94969624 -0.3131723
vn -0.00025522272 0.8781825 -0.47832572
vn 0.00009409417 0.96193045 -0.27329436
vn -0.00081587915 0.9346102 -0.35567284
vn -0.001769241 0.9505922 -0.31043735
vn -0.00140877 0.8790032 -0.4768138
vn 0.00056274753 0.8440386 -0.5362821
vn -0.0018665887 0.84371597 -0.5367866
vn -0.004484998 0.88849235 -0.45886958
vn 0.008023243 0.7110197 -0.7031263
vn -0.0038752905 0.7263428 -0.6873217
vn 0.0035968828 0.83875453 -0.5444978
vn 0.010663177 0.7196124 -0.69429404
vn 0.008546886 0.54531115 -0.83819014
vn 0.0013620337 0.53987545 -0.8417438
vn -0.005488948 0.5592412 -0.8289868
vn -0.004302917 0.7209307 -0.69299376
vn 0.005912138 0.6056028 -0.79574513
vn 0.005659573 0.6267982 -0.77916104
vn -0.0071643973 0.5935655 -0.8047538
vn -0.008901043 0.5471723 -0.83697265
vn 0.03217316 0.56447315 -0.82482415
vn 0.107087485 0.5536471 -0.82583725
vn -0.0014065466 0.5936572 -0.8047168
vn -0.0014097338 0.53973967 -0.84183085
vn -0.010549865 0.73406166 -0.6790009
vn 0.15529568 0.65125144 -0.74280196
vn 0.20755604 0.35756618 -0.9105311
vn 0.2578798 0.3558314 -0.89826614
vn 0.16306639 0.7593977 -0.6298607
vn 0.10943685 0.29775754 -0.94834805
vn 0.0815624 0.66322136 -0.74396574
vn 0.024032198 0.7956348 -0.6052997
vn -0.02416164 0.7515757 -0.6592042
vn 0.017375547 0.37602448 -0.9264468
vn 0.029228399 0.74823713 -0.6627872
vn 0.0014348589 0.874188 -0.48558554
vn -0.0064120432 0.74435776 -0.66775024
vn -0.0011980472 0.8756309 -0.4829794
vn 0.0018588437 0.9414204 -0.33723015
vn -0.00839548 0.9386167 -0.34485972
vn -0.0025128399 0.9377127 -0.34740254
vn -0.005604158 0.95218056 -0.3054845
vn 0.007010216 0.94554096 -0.32542756
vn -0.0026912447 0.97030324 -0.24187674
vn 0.0057573617 0.9693987 -0.2454243
vn 0.0011459012 0.9707368 -0.24014318
vn -0.005346027 0.87544024 -0.48329687
vn -0.004091148 0.9400504 -0.34101087
vn -0.005877771 0.87820137 -0.47825497
vn -0.0073916 0.9439332 -0.33005384
vn -0.005547179 0.8897821 -0.456352
vn -0.004324365 0.9413231 -0.33747908
vn -0.005774749 0.7566132 -0.65383726
vn -0.0058504725 0.88178116 -0.4716225
vn -0.0053864657 0.9525298 -0.3043978
vn -0.004123776 0.7518307 -0.6593433
vn 0.0030423908 0.9526689 -0.3039945
vn -0.0024360018 0.71641415 -0.697671
vn 0.0031397552 0.9493151 -0.3143105
vn 0.008404024 0.6744471 -0.7382753
vn -0.0056045335 0.949822 -0.31274062
vn -0.0019342569 0.8861349 -0.46342328
vn 0.0025169651 0.8984491 -0.43907037
vn 0.017268952 0.83412534 -0.5513046
vn -0.002563677 0.34905687 -0.937098
vn -0.0046994076 0.7869326 -0.617021
vn 0.008982686 0.6234147 -0.7818398
vn 0.0012574818 0.6008351 -0.799372
vn -0.00784459 0.63178366 -0.77510506
vn -0.00028222104 0.8856105 -0.46442857
vn -0.001352875 0.938808 -0.34443825
vn 0.000951113 0.9411209 -0.33806872
vn -0.0008169822 0.95034724 -0.31119037
vn -0.0006776422 0.9488827 -0.31562826
vn -0.0012236276 0.94864255 -0.31634757
vn 0.0015288335 0.94291323 -0.333035
vn -0.0006560152 0.9468702 -0.32161528
vn -0.0013194467 0.9630989 -0.26914456
vn -0.002919973 0.96551603 -0.2603273
vn 0.00035245938 0.9483739 -0.31715417
vn 0.00010904789 0.93847364 -0.34535083
vn -0.002513273 0.97459924 -0.22394206
vn 0.004687631 0.9673388 -0.2534435
vn 0.002479363 0.9419002 -0.33588368
vn -0.0019444553 0.9678132 -0.25166208
vn 0.0034327558 0.9493497 -0.31420267
vn -0.00072098325 0.9717892 -0.23585014
vn 0.00019115888 0.8934374 -0.4491877
vn 0.0038843125 0.8853264 -0.4649539
vn 0.0016813133 0.8486521 -0.5289487
vn -0.0015576812 0.9356652 -0.35288563
vn -0.0016873883 0.9638854 -0.26631197
vn 0.004514306 0.92929035 -0.36932245
vn -0.00070709555 0.9594905 -0.28174025
vn -0.0009008341 0.9174228 -0.3979129
vn 0.00106122 0.9100488 -0.41449982
vn 0.004582249 0.90350306 -0.42855713
vn -0.0044366345 0.8493327 -0.5278393
vn -0.000082097715 0.80772895 -0.589554
vn 0.004044786 0.8117362 -0.58401024
vn 0.0055710888 0.9501708 -0.31167993
vn 0.003490446 0.94808996 -0.31798303
vn 0.0023017891 0.94399637 -0.32994774
vn -0.07147408 0.3316951 -0.9406752
vn -0.14828342 0.245248 -0.95805293
vn -0.018369151 0.2978782 -0.9544271
vn 0.0019072954 0.46084142 -0.88748044
vn -0.01891283 0.3486619 -0.93705773
vn 0.022299271 0.38554224 -0.9224207
vn -0.010076219 0.40734452 -0.913219
vn -0.05721554 0.4702727 -0.8806645
vn -0.012540442 0.8416741 -0.5398403
vn -0.012110419 0.88922477 -0.4573103
vn -0.0010772943 0.85905695 -0.5118789
vn 0.013635489 0.7570111 -0.6532597
vn -0.028314944 0.76415455 -0.64441144
vn -0.0022551336 0.9469128 -0.32148254
vn -0.0053136065 0.9753399 -0.22064416
vn -0.004003167 0.44950238 -0.8932702
vn 0.0034545667 0.45399868 -0.8909957
vn -0.0010938401 0.41365454 -0.9104333
vn -0.008385168 0.20380856 -0.9789749
vn 0.019309822 0.22342716 -0.9745293
vn 0.002375537 0.2839838 -0.9588261
vn -0.010932602 0.25139445 -0.96782297
vn -0.10358123 0.27308717 -0.9563965
vn -0.0036312772 0.21236153 -0.9771844
vn 0.0899636 0.24786635 -0.96460813
vn -0.024210392 -0.011902042 -0.99963605
vn 0.10401251 -0.07199061 -0.9919671
vn 0.008506592 0.06812982 -0.9976402
vn 0.031381983 0.25790986 -0.9656592
vn -0.054659676 0.17713845 -0.9826669
vn -0.010556602 0.39934632 -0.91673934
vn 0.058246728 0.20204154 -0.9776434
vn 0.007562476 0.12798068 -0.99174786
vn -0.064107016 0.0539262 -0.99648494
vn 0.06752586 0.015710797 -0.9975938
vn -0.075478576 -0.01343529 -0.9970569
vn 0.063665025 0.26743332 -0.96147084
vn 0.17871724 0.11310127 -0.97737825
vn -0.04062575 0.123924725 -0.9914596
vn -0.095754325 0.22769572 -0.9690128
vn 0.05344443 0.08016232 -0.99534804
vn -0.044576857 0.062486805 -0.9970498
vn 0.012367495 -0.13186628 -0.9911904
vn -0.0022150346 -0.18143155 -0.98340106
vn -0.027045278 -0.15473999 -0.98758495
vn -0.07075671 -0.035596114 -0.99685824
vn -0.005515765 0.053141057 -0.99857175
vn 0.0004068294 -0.28893778 -0.9573478
vn 0.036342844 0.0069090803 -0.9993155
vn -0.007948398 -0.31075397 -0.95045716
vn -0.036572848 0.05977769 -0.9975415
vn 0.018324327 0.17697947 -0.98404396
vn -0.013539517 0.20236568 -0.97921646
vn 0.03286243 0.20501159 -0.9782077
vn 0.009231581 0.2573411 -0.9662765
vn -0.024696779 0.1185097 -0.99264574
vn 0.04406458 0.15615043 -0.9867499
vn -0.013683281 0.20253311 -0.9791798
vn -0.08531062 0.09003845 -0.9922778
vn -0.026562633 0.2633014 -0.96434784
vn 0.03161631 0.2010609 -0.9790684
vn -0.04116678 0.07312616 -0.9964727
vn 0.033038326 0.059654724 -0.9976722
vn -0.00442423 0.07078777 -0.9974816
vn -0.0019494274 0.047610074 -0.9988641
vn 0.04929782 0.10527288 -0.9932207
vn 0.021559002 0.12565689 -0.99183947
vn 0.09748667 0.11300047 -0.9888009
vn -0.0926496 0.13611671 -0.986351
vn -0.17136322 0.043025404 -0.984268
vn -0.1367494 0.17596583 -0.9748516
vn -0.06700536 0.051107965 -0.9964428
vn -0.0574373 0.246806 -0.9673612
vn -0.0757015 0.1674554 -0.982969
vn -0.108734384 -0.020782018 -0.99385357
vn 0.08457176 -0.039341003 -0.99564046
vn 0.20710732 0.07325457 -0.9755718
vn -0.0036392275 -0.14988798 -0.9886963
vn 0.16853514 -0.1677815 -0.9713111
vn -0.011450377 -0.10314094 -0.99460083
vn 0.15082648 -0.004020686 -0.9885521
vn 0.23106804 0.11930164 -0.9655955
vn 0.09711409 -0.27247766 -0.95724857
vn -0.042932373 0.27672058 -0.9599909
vn 0.01133642 0.35629398 -0.93430513
vn 0.01630939 0.39627722 -0.91798604
vn 0.06026376 0.50329554 -0.86201036
vn -0.006601512 0.34508651 -0.9385477
vn 0.10148219 0.5220766 -0.84683967
vn 0.2613338 0.3726797 -0.8904013
vn 0.14929037 0.47000352 -0.86994773
vn 0.017274236 0.5085737 -0.86084515
vn -0.05748192 0.55615854 -0.82908595
vn -0.17772377 0.6148462 -0.76836085
vn 0.016885908 0.61095405 -0.79148597
vn 0.011026413 0.63142574 -0.77535796
vn -0.18336657 0.53767276 -0.8229731
vn -0.32975549 0.45296574 -0.8283015
vn 0.020136539 0.7130552 -0.70081866
vn 0.020830404 0.74056166 -0.67166543
vn -0.06978333 0.5241101 -0.8487867
vn 0.016938835 0.6143456 -0.7888552
vn -0.14632866 0.7637071 -0.62876016
vn -0.0033044585 0.7501726 -0.6612338
vn 0.029330302 0.65521044 -0.75487685
vn 0.030044131 0.7471379 -0.6639897
vn -0.013349014 0.22426274 -0.9744373
vn 0.12664418 0.18113878 -0.9752692
vn 0.19765933 0.25606102 -0.9462365
vn -0.018268036 0.18392196 -0.9827711
vn 0.08687718 0.46159828 -0.88282466
vn 0.0057264096 0.19916624 -0.979949
vn -0.0066793086 0.20962723 -0.9777586
vn -0.023515275 -0.24469773 -0.9693142
vn 0.0026068988 -0.32734418 -0.9449016
vn -0.00042256643 -0.19911315 -0.9799764
vn -0.051238168 0.11906497 -0.9915635
vn 0.041531663 0.17007443 -0.98455566
vn -0.0015374452 0.22576195 -0.9741813
vn 0.0061731967 0.2749775 -0.96143085
vn -0.015627705 0.2097538 -0.97762936
vn -0.0056237895 0.20440459 -0.97887033
vn -0.03655704 0.13238822 -0.9905236
vn 0.008069807 0.45668852 -0.8895901
vn 0.0059458357 0.51414317 -0.8576838
vn 0.012842905 0.48318312 -0.8754251
vn -0.00430895 0.24636658 -0.9691671
vn -0.034368377 0.57724327 -0.81584865
vn -0.00201392 0.20794632 -0.97813815
vn -0.025798747 0.8392129 -0.5431907
vn -0.07702384 0.8647668 -0.49623156
vn 0.025675993 0.5539278 -0.8321687
vn 0.05177016 0.762752 -0.6446156
vn 0.0036061162 0.20439875 -0.97888106
vn 0.082801424 0.118924156 -0.9894448
vn 0.0033643735 0.05146716 -0.998669
vn -0.022967426 0.087173775 -0.99592835
vn -0.008162556 0.22402292 -0.9745497
vn -0.007626485 0.25375488 -0.9672385
vn 0.00021292183 0.25453526 -0.9670635
vn -0.002947666 0.26193136 -0.965082
vn -0.050324168 0.21356124 -0.97563267
vn -0.0033763887 0.17566921 -0.9844435
vn -0.07987207 0.040793493 -0.9959701
vn -0.011629462 0.1166001 -0.99311084
vn -0.0043536015 0.008843443 -0.9999514
vn 0.0024866464 0.2592612 -0.96580404
vn -0.009584981 0.09095187 -0.99580914
vn -0.009967268 0.04678534 -0.99885523
vn -0.011946412 0.27756077 -0.9606338
vn -0.0015172121 0.010881895 -0.9999396
vn 0.036350917 0.19612516 -0.97990483
vn -0.022783728 0.31995168 -0.9471599
vn -0.09825221 0.20179693 -0.97448677
vn -0.0066024153 0.26667187 -0.9637648
vn -0.07955765 0.06444247 -0.9947451
vn 0.009280254 0.16918483 -0.9855406
vn -0.052168462 0.09256223 -0.99433935
vn 0.073406026 0.03604498 -0.9966506
vn 0.08453055 -0.03909478 -0.9956536
vn -0.02962999 0.048121396 -0.99840194
vn -0.0026909462 0.032754794 -0.9994598
vn 0.0135315005 -0.10859247 -0.99399424
vn 0.007839184 -0.37905508 -0.9253409
vn 0.03799338 -0.44247344 -0.8959764
vn 0.0036132212 0.035694756 -0.9993562
vn -0.052402448 0.12615807 -0.99062514
vn 0.020367589 0.2652906 -0.9639534
vn -0.05210109 0.029873645 -0.9981949
vn 0.0036480168 -0.06139967 -0.9981066
vn 0.029440494 0.21829359 -0.97543895
vn 0.1080859 -0.0037151522 -0.9941346
vn 0.007946404 0.16866171 -0.98564196
vn 0.00018948362 0.1804398 -0.983586
vn -0.03697267 0.038596198 -0.9985707
vn 0.032419614 -0.033643927 -0.9989079
vn -0.00314443 -0.120289385 -0.9927339
vn 0.020633843 -0.1844827 -0.98261917
vn -0.015770031 -0.002705456 -0.99987197
vn -0.019480769 -0.1763412 -0.9841363
vn -0.019685185 -0.0838507 -0.9962839
vn -0.013283307 0.1944489 -0.9808227
vn 0.0023779552 -0.25397694 -0.9672074
vn 0.0021883217 -0.2894679 -0.9571852
vn -0.007954787 -0.058739427 -0.99824166
vn 0.0007381825 -0.28711718 -0.95789516
vn 0.029974591 -0.10573301 -0.9939427
vn -0.08514963 -0.3130646 -0.945907
vn -0.0013381573 -0.16374318 -0.9865021
vn -0.023262547 0.00840438 -0.99969405
vn 0.02908169 -0.28186765 -0.95901245
vn 0.09340356 -0.4066781 -0.9087842
vn -0.003982338 0.19010831 -0.981755
vn 0.0030782325 0.062112663 -0.9980644
vn -0.0026784635 0.37998554 -0.92498857
vn 0.0069482643 0.3530005 -0.9355973
vn 0.0013309378 0.58358276 -0.8120526
vn 0.0069439486 0.54250634 -0.84002304
vn 0.008971827 0.6349687 -0.7724858
vn 0.0029433884 0.6095114 -0.7927719
vn -0.010992736 0.5575337 -0.8300816
vn 0.014112293 0.5597511 -0.8285406
vn 0.013129018 0.6338423 -0.7733509
vn 0.0047264914 0.50981647 -0.8602702
vn -0.015894987 0.19746912 -0.98018026
vn -0.0014940354 0.57236946 -0.8199945
vn -0.12868257 0.7770373 -0.6161606
vn -0.34758085 0.45640364 -0.81907463
vn 0.009339437 0.608764 -0.7932964
vn -0.0031619477 0.46555036 -0.8850157
vn -0.0015312771 0.61663103 -0.7872508
vn -0.011071838 0.41564095 -0.9094614
vn -0.14674364 0.57081205 -0.8078613
vn -0.05404643 0.45416594 -0.88927627
vn -0.23779747 0.5790753 -0.7798232
vn -0.012172499 0.5813741 -0.81354535
vn -0.01601728 0.22857143 -0.97339535
vn 0.012438261 0.23325257 -0.97233665
vn 0.008650784 0.5244136 -0.85141975
vn 0.013596333 0.22456163 -0.97436506
vn 0.01971864 0.20901328 -0.977714
vn 0.021380235 0.27138746 -0.96223265
vn 0.09427153 0.121746965 -0.9880742
vn -0.070945226 0.18273573 -0.98059905
vn 0.037929446 0.00070214254 -0.99928015
vn 0.04877122 0.10677655 -0.99308616
vn -0.04819393 0.080280825 -0.99560654
vn -0.008052638 0.14593862 -0.98926085
vn 0.10195133 0.046341386 -0.99370944
vn 0.104330555 0.29101586 -0.95101255
vn -0.046307873 0.1924586 -0.98021185
vn 0.026597617 0.22557168 -0.9738634
vn -0.01483908 0.07157331 -0.99732494
vn 0.047123544 0.047834575 -0.99774307
vn -0.09052635 0.18751985 -0.9780804
vn -0.09596826 0.042625844 -0.99447125
vn -0.10956445 0.11380524 -0.98744315
vn -0.042007152 0.01684866 -0.9989752
vn -0.0022438685 0.26865134 -0.9632349
vn 0.013185309 0.053340923 -0.9984893
vn 0.046075862 0.14736275 -0.98800874
vn 0.017389618 0.5341429 -0.8452153
vn 0.023700722 0.019214775 -0.9995344
vn -0.011938046 -0.057087816 -0.9982978
vn -0.11695563 0.74680984 -0.65467274
vn -0.2681172 0.66295075 -0.6990061
vn 0.016751323 0.80959284 -0.5867528
vn 0.014317385 -0.23961487 -0.97076243
vn 0.00020461329 -0.1644797 -0.98638046
vn 0.010896884 0.10323941 -0.99459684
vn -0.044025563 0.052101005 -0.9976709
vn 0.0047205794 -0.13285668 -0.99112403
vn -0.0043511903 0.04433799 -0.9990071
vn 0.002943341 0.015992504 -0.9998678
vn -0.04243471 0.100073546 -0.99407476
vn -0.009137224 0.012537221 -0.99987966
vn 0.0466065 0.015535697 -0.9987925
vn 0.032027207 0.07995251 -0.996284
vn -0.034081787 0.0067055747 -0.99939656
vn -0.05653855 0.19626562 -0.9789194
vn 0.0584193 0.034161795 -0.9977074
vn 0.0605538 0.20118827 -0.97767913
vn 0.048267946 0.040797804 -0.99800086
vn -0.078645356 0.017716747 -0.9967452
vn 0.13379659 0.040907245 -0.99016416
vn 0.07311009 -0.04203652 -0.99643755
vn 0.04376712 -0.0808961 -0.99576116
vn 0.013314839 -0.04989574 -0.9986657
vn -0.13348573 -0.13303159 -0.98208153
vn -0.19477603 -0.05002285 -0.97957134
vn -0.16172792 -0.11231786 -0.98042274
vn -0.064512566 -0.04469003 -0.9969157
vn 0.11696935 0.1386834 -0.9834048
vn -0.019711874 -0.086245395 -0.9960789
vn -0.014331049 0.2918408 -0.95635957
vn 0.075623035 0.22353251 -0.97175837
vn 0.004636506 -0.012044715 -0.99991673
vn -0.005485535 0.1723366 -0.98502284
vn -0.051141106 0.31395566 -0.9480593
vn -0.011326768 0.6273443 -0.77865964
vn -0.23610549 0.48645073 -0.8412014
vn -0.0009765423 0.79067296 -0.612238
vn 0.011910391 -0.28088292 -0.95966816
vn 0.024650997 0.8076624 -0.5891296
vn 0.018614711 0.79758877 -0.6029143
vn 0.21264492 0.73168933 -0.647621
vn 0.19279315 0.805032 -0.5610296
vn 0.3811132 0.7275491 -0.5704604
vn 0.017559554 0.754864 -0.65564626
vn -0.25042775 0.86312526 -0.4385211
vn 0.15093514 0.8503999 -0.5040224
vn 0.015674612 0.87528676 -0.4833502
vn 0.0055255387 0.7488814 -0.662681
vn -0.0033491442 0.8878805 -0.46006194
vn 0.0017782544 0.94268197 -0.33368772
vn 0.00017737116 0.94030255 -0.34033966
vn 0.009585672 0.69392765 -0.7199809
vn -0.0062873648 0.8336083 -0.55232024
vn -0.017166609 0.39765516 -0.9173744
vn -0.010516797 0.75954235 -0.6503728
vn -0.004315372 0.87340087 -0.48698285
vn -0.05856117 0.37001175 -0.9271795
vn -0.014050032 0.45708925 -0.8893098
vn -0.0016548882 0.51556736 -0.85684747
vn -0.018862497 0.8016336 -0.597518
vn -0.0035227311 0.8920971 -0.45182997
vn 0.0007625725 0.874077 -0.4857868
vn 0.012452067 0.81965584 -0.5727209
vn -0.0074603953 0.94576705 -0.32476002
vn 0.0010957643 0.94697875 -0.3212943
vn 0.009423747 0.88830394 -0.45915934
vn 0.0053827963 0.94423795 -0.32921982
vn 0.0010941474 0.95004314 -0.3121167
vn 0.0029987884 0.95206547 -0.3058797
vn 0.007065244 0.9750112 -0.22204319
vn -0.0046136943 0.96970963 -0.2442169
vn -0.011988073 0.9533244 -0.30171007
vn -0.0076658996 0.9799542 -0.19907552
vn -0.00008751985 0.9590209 -0.28333527
vn 0.009128015 0.954796 -0.29712155
vn -0.0002232012 0.94680727 -0.3218012
vn 0.0027543905 0.96679986 -0.25551996
vn 0.24667776 0.9116687 -0.32864913
vn 0.29151616 0.91911805 -0.26502895
vn 0.20738114 0.9361568 -0.28390762
vn -0.009341864 0.85852283 -0.51269025
vn -0.018058147 0.8790503 -0.47638685
vn -0.02450732 0.7802911 -0.62493616
vn 0.036326867 0.75116575 -0.65911335
vn -0.029676843 0.78630316 -0.61712766
vn 0.002741365 0.82080716 -0.5711988
vn 0.00145689 0.4301712 -0.90274614
vn -0.052494433 0.33263993 -0.94159174
vn 0.19511248 0.23351747 -0.9525758
vn -0.34378928 0.1562031 -0.9259641
vn -0.38370466 0.30373377 -0.872076
vn -0.00014991694 0.8659987 -0.5000462
vn -0.0033915858 0.62478936 -0.780786
vn -0.37705654 0.24688871 -0.8926782
vn -0.117878936 0.4091444 -0.9048234
vn -0.17628957 0.33342248 -0.9261487
vn 0.017718036 0.4658551 -0.8846836
vn -0.0028022674 0.34850198 -0.93730384
vn 0.21899085 0.4854849 -0.8463731
vn -0.11925193 -0.09388004 -0.98841566
vn 0.31116712 -0.09355877 -0.94573873
vn -0.040459312 -0.22791846 -0.97283924
vn 0.4115376 -0.23903778 -0.8794872
vn -0.3697666 -0.058885515 -0.9272568
vn -0.12925375 -0.23385346 -0.96364206
vn 0.073693655 -0.2431021 -0.9671973
vn 0.32086796 -0.19307224 -0.92723614
vn -0.06640698 -0.1475531 -0.98682225
vn 0.5808504 -0.06556222 -0.8113658
vn 0.060800258 0.5403466 -0.83924305
vn 0.310982 0.51077443 -0.8014984
vn 0.6013175 0.21565518 -0.7693569
vn -0.40993148 0.09088379 -0.90757716
vn -0.21268636 0.56436616 -0.7976562
vn -0.35899144 0.55414975 -0.75102806
vn -0.014838086 0.5279679 -0.8491347
vn 0 0 0
vn -0.0064338073 0.9542913 -0.29880884
vn -0.0027840305 0.9494844 -0.31380185
vn -0.005308011 0.9392143 -0.34329045
vn -0.0039569335 0.9722283 -0.23400107
vn 0.02424249 0.8740841 -0.48516932
vn 0.0022544016 0.60603195 -0.7954371
vn -0.009130876 0.9669483 -0.2548091
vn -0.0059186947 0.97348 -0.22869559
vn 0.19729301 0.6476351 -0.73596483
vn 0.22186723 0.60451305 -0.76507443
vn -0.23925254 0.6419791 -0.7284374
vn -0.00014110493 0.9726379 -0.2323262
vn -0.0023657053 0.32028413 -0.94731855
vn 0.03744598 0.3237034 -0.94541734
vn -0.003867013 0.43358165 -0.901106
vn 0.009869619 0.3846863 -0.9229946
vn 0.06289853 0.29938477 -0.952057
vn 0.060678903 0.36955553 -0.9272253
vn -0.0062902714 0.24657981 -0.9691021
vn -0.0067529473 0.28993636 -0.95702213
vn -0.0047405655 0.95245725 -0.30463544
vn -0.001151552 0.9801841 -0.19808541
vn 0.04188437 0.21462806 -0.97579736
vn 0.023790246 0.36480606 -0.9307796
vn -0.04849757 -0.06260641 -0.99685925
vn -0.002989007 0.83671784 -0.5476261
vn -0.122661054 0.19959508 -0.9721708
vn 0.015207734 0.1590126 -0.98715943
vn -0.014698685 0.79946405 -0.6005341
vn -0.013692722 0.42108232 -0.90691906
vn -0.020314671 0.7521785 -0.65864617
vn -0.0075664823 0.40250587 -0.91538614
vn -0.005788039 0.23528072 -0.97191024
vn -0.019255906 0.20502955 -0.97856635
vn 0.008554064 0.8758263 -0.48255062
vn 0.02390524 0.69591427 -0.7177269
vn 0.000028610462 0.027466359 -0.9996227
vn -0.18554574 0.65309036 -0.7341974
vn 0.0071718907 0.3601491 -0.93286717
vn 0.00041003816 0.8927358 -0.45058036
vn 0.009378503 0.32188252 -0.9467332
vn 0.047416545 0.2859046 -0.95708424
vn 0.018279785 0.6151019 -0.7882357
vn -0.0099329315 0.65235627 -0.75784737
vn -0.004958472 0.5568675 -0.83058655
vn -0.019496148 0.34721497 -0.9375829
vn 0.006724274 0.8415272 -0.5401729
vn 0.028227648 0.6760489 -0.7363159
vn 0.0150506105 -0.2542577 -0.9670194
vn -0.00871514 -0.39950514 -0.9166895
vn 0.047528103 0.70207596 -0.7105142
vn -0.009641624 0.841525 -0.5401321
vn 0.1300601 0.7910413 -0.5977776
vn -0.047650687 0.18771946 -0.98106617
vn 0.009759047 -0.07338576 -0.99725586
vn -0.0018214207 -0.25276104 -0.96752703
vn -0.005299641 -0.32640123 -0.9452165
vn 0.0013775363 -0.23128153 -0.9728859
vn -0.044635944 0.2256022 -0.97319645
vn -0.008867739 0.83895046 -0.5441356
vn -0.14353491 0.0834382 -0.9861216
vn -0.22183412 0.21033864 -0.95212775
vn 0.1292038 0.36653465 -0.9213896
vn -0.009816318 -0.285695 -0.9582703
vn 0.005964659 0.7972525 -0.6036165
vn 0.36995813 -0.14892237 -0.917035
vn 0.29718646 -0.14829636 -0.94323295
vn 0.26874828 -0.24080959 -0.93262273
vn 0.048960797 -0.30954742 -0.9496227
vn 0.3281476 -0.27743837 -0.9029657
vn -0.013857643 -0.3832318 -0.9235482
vn 0.02090796 -0.4731743 -0.8807207
vn -0.25110516 -0.08598715 -0.96413296
vn 0.22296974 -0.29204115 -0.93005186
vn 0.054124735 -0.20704077 -0.976834
vn -0.26100424 0.32512426 -0.9089395
vn -0.016503347 0.22554915 -0.974092
vn 0.3277045 0.0074809557 -0.94475067
vn 0.16292174 0.18380941 -0.9693661
vn -0.004424929 -0.19829644 -0.9801321
vn 0.10316649 0.23612198 -0.9662314
vn -0.0119446 -0.15613669 -0.9876632
vn -0.009768962 -0.16697359 -0.985913
vn 0.2000141 -0.024185766 -0.97949445
vn 0.005143977 0.05603073 -0.99841577
vn -0.008345719 -0.16623122 -0.9860515
vn -0.13911377 0.01811571 -0.9901107
vn 0.10700519 0.06280793 -0.9922727
vn 0.009553697 0.8177009 -0.57556397
vn 0.0025613387 0.46399197 -0.8858357
vn -0.037298772 0.58817077 -0.80787617
vn -0.020297205 -0.3442104 -0.93867314
vn 0.29077715 -0.15650724 -0.9439037
vn 0.31748375 -0.2413759 -0.9170288
vn 0.007624498 0.4857355 -0.87407255
vn 0.019925108 0.81176054 -0.5836504
vn -0.057739682 0.7063254 -0.70552856
vn -0.028015126 -0.33386812 -0.9422034
vn -0.11063677 -0.34339893 -0.9326503
vn -0.014491032 0.81426597 -0.58031106
vn -0.2893057 -0.20238696 -0.935597
vn -0.32383806 0.00879145 -0.9460717
vn -0.466911 0.10443884 -0.8781154
vn 0.03479174 -0.01964748 -0.9992014
vn -0.015011881 -0.15572548 -0.9876863
vn -0.0043002246 0.45546195 -0.89024484
vn -0.016989706 0.4628183 -0.8862904
vn -0.11549866 0.14371851 -0.98285556
vn 0.37568688 0.32893002 -0.86640894
vn 0.27667797 0.4555576 -0.8461185
vn 0.4637397 0.121176705 -0.87764555
vn 0.27140412 0.14890175 -0.95087755
vn 0.32363984 0.27609837 -0.90500104
vn 0.5350155 0.09150174 -0.8398725
vn 0.5122554 0.25712705 -0.81943893
vn 0.18913539 0.4570798 -0.86908334
vn 0.016802141 0.85651135 -0.51585466
vn 0.31687033 0.40940017 -0.855561
vn 0.5768531 0.3630734 -0.7317228
vn -0.0022173836 0.7655229 -0.6434048
vn -0.00032730735 0.8955842 -0.4448919
vn 0.0013068075 0.88331854 -0.46877146
vn 0.010145892 0.21828687 -0.9758319
vn 0.20219548 0.17390601 -0.96378094
vn -0.0027798212 0.41067827 -0.91177607
vn 0.54490435 0.120461226 -0.8298002
vn 0.04000299 0.25827262 -0.9652435
vn 0.01829511 0.22700319 -0.97372216
vn 0.006850267 0.29040244 -0.9568801
vn -0.014757964 0.21765284 -0.97591466
vn -0.006504906 0.12282973 -0.9924064
vn 0.004948479 0.61013454 -0.79228234
vn -0.028856443 0.7593269 -0.65006924
vn -0.0046922327 0.18891984 -0.9819813
vn -0.10647374 0.5750691 -0.8111466
vn 0.00820662 0.9353567 -0.35361072
vn -0.00053365907 0.79320693 -0.608952
vn 0.047944035 0.22909935 -0.9722216
vn 0.0732366 -0.020287784 -0.9971082
vn -0.06407942 0.35953978 -0.9309269
vn -0.08183864 0.37760904 -0.9223415
vn -0.26385102 -0.24704613 -0.93238986
vn -0.31462497 0.009736972 -0.9491661
vn -0.14994279 0.48452932 -0.86182857
vn -0.0042069615 -0.2487142 -0.9685678
vn 0.011677983 0.2264256 -0.97395843
vn -0.07715152 0.22492604 -0.9713166
vn -0.011934315 0.3079321 -0.95133346
vn 0.056813467 0.6537071 -0.754612
vn -0.0064519965 0.24221155 -0.970202
vn 0.009764891 0.28007397 -0.95992875
vn -0.03820996 0.4997941 -0.865301
vn 0.08466629 0.02258662 -0.99615335
vn 0.02388739 -0.09240191 -0.99543524
vn 0.33753335 0.55284667 -0.7618607
vn 0.21773629 0.6185843 -0.75494665
vn 0.0004426782 0.93939567 -0.34283456
vn -0.010293011 0.4804921 -0.87693864
vn 0.011733295 0.3501567 -0.9366177
vn 0.5601146 -0.08039202 -0.82450515
vn 0.3135028 0.75229716 -0.57945234
vn 0.0060392725 0.94131374 -0.33747876
vn 0.010009339 0.8618822 -0.50700974
vn 0.022409597 0.81779116 -0.57507867
vn 0.0066885706 0.8427046 -0.53833467
vn 0.008555527 0.41870424 -0.90808237
vn 0.007688273 0.503741 -0.8638205
vn -0.014698685 0.79946405 -0.6005341
vn 0.008554064 0.8758263 -0.48255062
vn -0.008867739 0.83895046 -0.5441356
vn -0.012110419 0.88922477 -0.4573103
vn -0.020314671 0.7521785 -0.65864617
vn 0.009553697 0.8177009 -0.57556397
vn -0.037298772 0.58817077 -0.80787617
vn -0.21268636 0.56436616 -0.7976562
vn -0.014838086 0.5279679 -0.8491347
vn 0 0 0
vn -0.018831793 0.22497809 -0.97418183
vn 0.5622696 0.082156904 -0.82286274
vn 0.357934 0.33744702 -0.87063926
vn 0.015207734 0.1590126 -0.98715943
vn 0.42774177 0.12290791 -0.8955058
vn 0.10700519 0.06280793 -0.9922727
vn 0.15529568 0.65125144 -0.74280196
vn 0.16306639 0.7593977 -0.6298607
vn 0.3135028 0.75229716 -0.57945234
vn -0.34230503 0.912009 -0.22597969
vn -0.2876141 0.5149097 -0.8075556
vn -0.15553765 0.89201814 -0.42439568
vn 0.0940835 0.9782608 -0.18480806
vn 0.9826782 -0.185126 0.008483895
vn 0.931649 0.3627733 -0.020629168
vn 0.89706737 0.3947824 0.19853705
vn 0.9819826 -0.1673199 -0.08783064
vn 0.82442445 0.5551479 0.11015932
vn 0.95319104 0.12181704 0.2767443
vn 0.9954835 -0.086522356 0.03907053
vn 0.9200356 -0.3840287 -0.07782321
vn 0.64370507 0.7615873 -0.07502326
vn 0.96646994 -0.25236148 0.047429055
vn 0.99780315 -0.066104494 0.0043600737
vn 0.9989031 -0.046140127 -0.007980582
vn 0.9962597 -0.08633459 0.0036066505
vn 0.95581216 -0.27142882 0.11291395
vn 0.99354035 -0.100368425 0.05295084
vn 0.9715659 -0.20335773 0.12126549
vn 0.99999005 -0.0034322217 -0.0028594385
vn 0.99999505 -0.0024110693 -0.0020154046
vn 0.9999969 -0.0022773948 -0.0010234886
vn 0.99488056 0.07659048 -0.06592873
vn 0.9418408 0.29719347 -0.15688191
vn 0.9652609 -0.20316893 0.16429771
vn 0.981911 -0.1251888 0.14205104
vn 0.9906861 -0.10132172 0.09096678
vn 0.99061906 -0.096142165 0.09711075
vn 0.9678008 -0.1575929 0.19628055
vn 0.9935044 -0.049263526 0.10257728
vn 0.9676281 -0.09721161 0.23290707
vn 0.99996585 0.006608932 0.0049668737
vn 0.9999224 0.012446206 0.0005888434
vn 0.9999778 0.0066618524 -0.00013102056
vn 0.9997453 0.021931302 -0.0053202496
vn 0.7307017 0.36862418 -0.57462275
vn 0.7076236 0.53261155 -0.4643207
vn 0.6150189 0.32888907 -0.71664757
vn 0.99116886 -0.043701652 0.12519766
vn 0.96088195 -0.061584096 0.2700247
vn 0.87743 -0.017955879 0.47936845
vn 0.9979826 0.0029912007 0.06341673
vn 0.68609124 0.034494583 -0.72669727
vn 0.9994431 0.00874858 -0.032200836
vn 0.56914014 -0.1031507 -0.8157447
vn 0.64212996 -0.20571063 -0.73847973
vn 0.9974476 -0.046946246 -0.053798582
vn 0.6698131 -0.31854272 -0.6707316
vn 0.9979334 0.0412098 0.049302023
vn 0.68302995 -0.3757826 -0.6263047
vn 0.9978576 -0.035647582 -0.054859158
vn 0.9571946 0.16646126 0.23678923
vn 0.977727 0.13418186 0.16138528
vn 0.9996761 0.014600317 0.020844871
vn 0.9669667 0.1494187 0.2065174
vn 0.9790315 0.15544166 0.13166301
vn 0.9668458 0.1380772 0.21481131
vn 0.9559466 0.2673842 0.12112721
vn 0.998264 -0.008219781 -0.058320988
vn 0.68327445 -0.53450686 -0.49743187
vn 0.68913573 -0.5758872 -0.43982476
vn 0.9990645 0.015226973 0.040475544
vn 0.99841577 0.040972386 0.038563907
vn 0.9920074 0.12616225 -0.0021061008
vn 0.9691096 0.12317908 0.2136667
vn 0.89390045 0.40789813 0.18590602
vn 0.9057498 0.3666279 0.21260585
vn 0.9902711 -0.13858217 0.012576624
vn 0.99152964 0.079859294 -0.10242759
vn 0.7428429 -0.65474623 -0.13961282
vn 0.8525033 -0.5036168 -0.1400296
vn 0.6133066 -0.74142843 -0.27228466
vn 0.62337714 -0.77252877 -0.120831445
vn 0.634287 -0.7724033 0.032758728
vn 0.69702214 -0.7170428 -0.0031288948
vn 0.64177954 -0.7562927 0.1270448
vn 0.61497694 -0.7714484 0.16331181
vn 0.73937994 -0.6668082 -0.09318869
vn 0.73945993 -0.6451585 -0.19227447
vn 0.7408616 -0.67079 0.034129933
vn 0.9791782 -0.2025468 -0.013596195
vn 0.99951625 -0.021400347 0.022567814
vn 0.6250271 -0.71888715 0.30420777
vn 0.73851025 -0.6199323 0.26511607
vn 0.9997354 0.021667683 0.0077202283
vn 0.9990067 0.0042569945 0.044357188
vn 0.9996458 0.024966562 0.009212901
vn 0.7745198 -0.39635694 -0.49297088
vn 0.95878065 0.1109215 0.26160294
vn 0.99799573 0.05911666 0.022576146
vn 0.98757184 -0.098779924 -0.12224709
vn 0.99999875 -0.0002606336 -0.0015710259
vn 0.9999954 -0.00089642534 -0.0029027397
vn 0.99999666 0.0008816278 -0.0024175227
vn 0.9999949 0.00001098768 -0.0032055366
vn 0.9999935 0.0011772942 -0.0034107254
vn 0.9999954 0.0010141783 -0.0028511905
vn 0.99998784 0.0004987155 -0.004909287
vn 0.9999882 0.0017072483 -0.004548904
vn 0.99998295 0.0010757992 -0.005734029
vn 0.98962235 -0.036122322 -0.1390783
vn 0.98710537 -0.01658363 -0.15921062
vn 0.97649664 -0.006939293 -0.21542098
vn 0.98037153 -0.036560595 -0.19373952
vn 0.96848357 0.09929553 0.22842947
vn 0.8394549 -0.014393033 0.54323876
vn 0.91328055 0.17230964 0.36909088
vn 0.9643533 -0.085682996 0.25036192
vn 0.96841174 -0.1609615 -0.19044699
vn 0.988146 -0.10646119 -0.11060511
vn 0.9733011 -0.16176596 -0.16283944
vn 0.9202967 0.24383925 0.3059353
vn 0.98605424 -0.1023762 -0.13121018
vn 0.9694966 0.005170585 -0.2450501
vn 0.9929787 0.018829918 -0.116785206
vn 0.9999745 0.005045332 0.005052787
vn 0.9999977 0.00037687417 -0.002121636
vn 0.9998366 0.0063454164 0.016924685
vn 0.9999241 0.0017342377 0.012196943
vn 0.99986446 -0.005256867 0.015602047
vn 0.9999377 0.00065203354 0.011140722
vn 0.9999737 0.004188914 -0.0059225764
vn 0.9999693 0.0034850203 -0.0070171403
vn 0.9996671 0.009716745 0.023899829
vn 0.99983114 0.0014299876 0.01832112
vn 0.9997743 0.017084094 0.012629022
vn 0.9998115 0.009643297 0.016853143
vn 0.9996523 -0.026360333 0.0005672501
vn 0.99996006 -0.006939 0.0056275986
vn 0.9960799 0.07251102 -0.05066456
vn 0.9912204 0.09534209 -0.091607556
vn 0.97600275 0.13183485 -0.17331526
vn 0.9637311 0.22678258 -0.14068426
vn 0.9710156 0.1450828 -0.18994667
vn 0.97807187 -0.13933307 0.15479556
vn 0.9613647 -0.14917947 0.23135127
vn 0.9999828 -0.00034671644 0.0058603026
vn 0.99973196 -0.021298386 -0.0090765655
vn 0.99999195 0.00038238044 -0.003986217
vn 0.9962083 0.046838224 -0.07331572
vn 0.9999654 0.0026657004 -0.007876018
vn 0.9999678 0.0059042415 0.005437685
vn 0.9962432 0.08564391 -0.012833798
vn 0.99998826 0.0015573603 -0.00459253
vn 0.9999691 0.0025611063 -0.007425009
vn 0.8711833 0.40977824 0.27040982
vn 0.9742347 -0.039521333 -0.22204699
vn 0.99996996 0.0034602527 -0.0069357613
vn 0.96501094 0.09682872 0.24367617
vn 0.9997889 0.016241716 -0.012586612
vn 0.9999638 0.0024743006 0.008138402
vn 0.9997926 0.019877147 -0.0044427565
vn 0.99999535 -0.0015274788 -0.002644805
vn 0.95154375 -0.11412363 0.2855526
vn 0.97364396 0.057908304 -0.2205993
vn 0.9978597 0.023572167 0.060994953
vn 0.9999719 -0.0072849677 -0.0017497777
vn 0.86110574 0.38138422 -0.33621863
vn 0.7387985 -0.60612816 -0.2945937
vn 0.64310753 -0.67073274 -0.36949998
vn 0.6987783 -0.6825584 -0.2140629
vn 0.7052715 -0.64572465 -0.29262918
vn 0.74588877 -0.5408157 -0.38880366
vn 0.5296723 -0.8136629 -0.23958288
vn 0.5387067 -0.7648858 -0.3531923
vn 0.52440006 -0.8454839 -0.10080464
vn 0.70917857 -0.5827547 -0.39681572
vn 0.48863152 -0.71554554 -0.49923322
vn 0.71316075 -0.5102723 -0.4806495
vn 0.7523379 -0.48165905 -0.44943556
vn 0.73706704 -0.43185538 -0.51983947
vn 0.71135885 -0.44779223 -0.5417109
vn 0.7371919 -0.35216725 -0.576651
vn 0.70202637 -0.3618634 -0.6133627
vn 0.5984593 -0.40272233 -0.69257575
vn 0.59772694 -0.30815363 -0.7401107
vn 0.73485386 -0.25578326 -0.6281439
vn 0.71279657 -0.28356522 -0.6414919
vn 0.5826394 -0.18489575 -0.79141957
vn 0.58394015 -0.42475984 -0.6918041
vn 0.5570024 -0.34900936 -0.7536184
vn 0.7098292 -0.16553317 -0.6846468
vn 0.51301146 -0.22901447 -0.8272676
vn 0.5601146 -0.08039202 -0.82450515
vn 0.70003766 -0.034318894 -0.7132808
vn 0.73567766 -0.06433775 -0.67426926
vn 0.74064726 -0.17120454 -0.64971584
vn 0.58686215 -0.074845985 -0.8062202
vn 0.5442265 -0.51755655 -0.6602671
vn 0.63199955 -0.5802963 -0.51364654
vn 0.5649564 -0.60086447 -0.5654964
vn 0.6591572 0.16103825 -0.7345601
vn 0.7116977 -0.6377132 -0.2946325
vn 0.9997044 0.01764758 -0.016722387
vn 0.7469486 -0.6453737 0.15987664
vn 0.7451231 -0.61048895 0.26850486
vn 0.6990475 -0.7106144 -0.07974845
vn 0.6777693 -0.73394316 0.04422942
vn 0.98148197 -0.15507175 0.11245393
vn 0.6392789 -0.6393206 0.4273075
vn 0.96519554 0.2596219 -0.03152903
vn 0.99354166 0.032418657 -0.10873839
vn 0.53343326 -0.5431938 -0.6483745
vn 0.5149338 -0.8561701 0.042612776
vn 0.5549883 -0.81383365 0.17222887
vn 0.99991727 0.01168695 -0.0053737457
vn 0.6877611 -0.66976297 0.28000396
vn 0.74087447 -0.5602479 0.37044212
vn 0.60341436 -0.6610647 0.4459648
vn 0.68840075 -0.60916084 0.3937353
vn 0.6978826 -0.70035404 0.14988011
vn 0.5844743 -0.6452905 -0.49192467
vn 0.96754724 0.25145924 -0.024912218
vn 0.99312115 0.11666637 -0.009964508
vn 0.95811045 0.2863128 0.007023421
vn 0.4552136 -0.8270401 0.3298261
vn -0.00053365907 0.79320693 -0.608952
vn -0.028856443 0.7593269 -0.65006924
vn 0.016751323 0.80959284 -0.5867528
vn 0.019925108 0.81176054 -0.5836504
vn -0.11695563 0.74680984 -0.65467274
vn 0 0 0
vn -0.11695563 0.74680984 -0.65467274
vn 0.016751323 0.80959284 -0.5867528
vn 0 0 0
vn -0.3359163 0.41400963 0.8460238
vn -0.105632596 0.47869384 0.87160426
vn -0.04725157 0.5955057 0.80196023
vn -0.3426403 0.5107406 0.788506
vn 0.0023593735 0.5504472 0.83486664
vn -0.03333105 0.69481754 0.7184133
vn 0.011736462 0.6903995 0.72333306
vn 0.22924961 0.49756107 0.8365869
vn 0.40628836 0.61251974 0.6780482
vn 0.425792 0.3486007 0.83497226
vn -0.0036215505 0.42394212 0.905682
vn -0.21785647 0.3720495 0.90228474
vn 0.030984666 0.4121948 0.9105687
vn 0.19995688 0.2918355 0.9353338
vn 0.14417478 0.4105837 0.90035254
vn 0.31897745 0.20042157 0.92632854
vn 0.39602253 0.119283564 0.9104601
vn 0.35365862 0.18544915 0.9168065
vn 0.28808478 0.33722693 0.89626175
vn 0.3398632 -0.09143391 0.93601966
vn 0.35813925 -0.031988945 0.93312
vn 0.06594565 -0.19532886 0.9785182
vn 0.1663228 0.07794356 0.98298603
vn -0.0880186 0.18743187 0.97832614
vn 0.056307334 -0.042631377 0.9975029
vn 0.014269993 0.54514825 0.8382182
vn 0.049376186 0.709768 0.7027029
vn -0.18832631 0.6602727 0.72703034
vn -0.20570928 0.62818164 0.7503809
vn -0.19925478 0.78018105 0.59297144
vn 0.30642512 0.74776965 0.5890197
vn -0.027206229 0.72950256 0.6834368
vn -0.018770248 0.81124747 0.5844016
vn 0.005771173 0.8093912 0.5872415
vn 0.005291371 0.7207557 0.693169
vn 0.0039490615 0.8081344 0.58898497
vn 0.08022603 0.66186506 0.7453177
vn 0.00076299306 0.8558362 0.51724637
vn -0.003108535 0.82133466 0.5704382
vn 0.08082436 0.4268097 0.90072244
vn 0.0023373966 0.88019294 0.47461027
vn -0.016105587 0.649973 0.75978667
vn 0.004301069 0.8607701 0.5089758
vn -0.0137424115 0.8450663 0.53448486
vn 0.007368984 0.6463025 0.7630457
vn 0.15779886 0.67798287 0.7179406
vn 0.16723293 0.6245989 0.76282984
vn 0.03200057 0.2692471 0.9625393
vn -0.13203269 0.6667657 0.7334786
vn -0.2574312 0.55501026 0.79100746
vn 0.0010622634 0.8671339 0.4980739
vn 0.0013938353 0.83194786 0.55485207
vn 0.006970271 0.8396945 0.54301435
vn 0.007092103 0.8871169 0.46149027
vn 0.0055082017 0.8678713 0.49675855
vn 0.021820022 0.809485 0.58673495
vn 0.03175589 0.5943345 0.8035907
vn -0.002292697 0.47930863 0.8776434
vn -0.009942574 0.57584405 0.8174991
vn 0.031947296 0.5891764 0.8073726
vn -0.008534037 0.7363468 0.6765505
vn -0.036781486 0.7048603 0.70839185
vn 0.040939957 0.46985537 0.88179356
vn 0.012860835 0.7034177 0.71066034
vn -0.020223657 0.7729392 0.6341577
vn 0.022716716 0.75434005 0.65609074
vn 0.0010271153 0.86750036 0.4974355
vn 0.04595352 0.7485467 0.66148776
vn 0.046999313 0.5837272 0.8105884
vn 0.030583644 0.48921722 0.8716256
vn 0.0026957132 0.4583899 0.8887471
vn 0.12877941 0.6684327 0.7325391
vn -0.011855318 0.37869102 0.9254472
vn 0.13078889 0.8088763 0.57324815
vn 0.1178683 0.6109141 0.7828736
vn 0.017367216 0.38894412 0.92109764
vn 0.0051178294 0.5433333 0.8395015
vn 0.009798698 0.44212586 0.8968995
vn 0.050435048 0.2829172 0.9578174
vn 0.051158667 0.24387836 0.96845555
vn 0.023231128 0.3338805 0.9423291
vn 0.0075224834 0.44639984 0.894802
vn 0.08895484 0.22294143 0.97076476
vn 0.027876852 0.26428002 0.964043
vn 0.06381853 0.13869524 0.9882767
vn 0.09629827 0.11122377 0.98911875
vn -0.031656384 0.1170777 0.9926181
vn 0.101306714 0.053933535 0.9933922
vn 0.06408717 0.030592276 0.99747527
vn -0.07389568 0.072446704 0.99463105
vn -0.19728124 0.18861043 0.9620323
vn -0.22803715 0.2703765 0.9353585
vn -0.11734943 0.34987876 0.92941594
vn -0.18900101 0.44808182 0.8737856
vn 0.015336995 0.24278244 0.9699595
vn 0.013260403 0.23265307 0.9724694
vn -0.003078471 0.23262498 0.97256166
vn -0.0064966814 0.2146164 0.9766768
vn 0.050787114 0.24849372 0.9673012
vn 0.031158049 0.30307966 0.9524557
vn -0.015066461 0.24064812 0.97049546
vn -0.16018362 0.14426431 0.9764881
vn -0.027114758 0.275579 0.96089596
vn 0.044847626 0.29874545 0.9532785
vn 0.12586208 0.20577516 0.9704717
vn 0.010263731 0.21429291 0.9767155
vn -0.08941946 0.1412497 0.98592734
vn -0.018912386 0.24543984 0.9692273
vn 0.019553166 0.28029338 0.95971525
vn 0.01935912 0.33431754 0.94226164
vn 0.045252588 0.3187457 0.9467594
vn 0.019878145 0.6801088 0.7328417
vn 0.009790056 0.7486801 0.66285914
vn 0.012537326 0.70804274 0.7060583
vn -0.004508845 0.69770247 0.7163735
vn 0.010855387 0.74025166 0.6722422
vn 0.033198386 0.5220904 0.85224384
vn 0.022425897 0.504079 0.8633663
vn -0.015052074 0.79010403 0.61278796
vn 0.0069065187 0.75120014 0.6600384
vn -0.02887481 0.47692192 0.87847126
vn 0 0 0
vn -0.06684725 0.7944337 0.60366094
vn -0.08273147 0.52232015 0.8487268
vn 0.030977052 0.7454071 0.6658894
vn -0.04580594 0.6923743 0.7200831
vn -0.15745285 0.749197 0.6433603
vn -0.010747068 0.5888196 0.808193
vn -0.0017085659 0.6485312 0.7611861
vn 0.0045061857 0.60939085 0.79285717
vn -0.08631971 0.63531834 0.76741093
vn 0.0045179673 0.6413598 0.76722693
vn 0.001409929 0.5793477 0.8150793
vn 0.002737613 0.4160093 0.90935624
vn 0.0010305414 0.41348532 0.9105102
vn -0.00122567 0.6264964 0.7794234
vn -0.00020262555 0.41455644 0.91002357
vn -0.027403893 0.39668694 0.91754484
vn -0.057104878 0.2529478 0.9657932
vn 0.000805395 0.16923451 0.9855755
vn -0.043399625 0.22342092 0.9737554
vn 0.0055796625 0.34800428 0.93747634
vn 0.024241239 0.20379713 0.978713
vn -0.00036498954 0.1965915 0.98048544
vn 0.016583284 0.14408927 0.9894257
vn -0.064750895 0.21383809 0.9747208
vn -0.088884845 0.19913949 0.9759318
vn 0.09125466 0.2509721 0.96368337
vn -0.08279156 0.1259241 0.9885791
vn 0.09041367 0.05038244 0.9946291
vn 0.03269174 0.29201835 0.9558538
vn -0.053984545 -0.0025996573 0.9985384
vn 0.028229885 0.014188868 0.99950075
vn -0.001491673 0.036734622 0.99932396
vn 0.019332012 -0.073581375 0.99710184
vn 0.015821967 -0.032808024 0.9993364
vn -0.008804256 -0.057885267 0.9982844
vn 0.023840139 0.003145812 0.99971086
vn 0.004704497 0.055367403 0.998455
vn 0.07987632 0.0407682 0.9959707
vn -0.049594857 0.034586336 0.9981704
vn -0.05130017 0.2633083 0.9633468
vn -0.016669111 0.25396183 0.9670706
vn -0.008259367 0.25536555 0.9668093
vn 0.0041072536 0.25302383 0.96745133
vn 0.003940041 0.14853789 0.9888989
vn -0.0020299766 0.4320769 0.9018345
vn 0.0012952475 0.64060307 0.76787114
vn 0.001891545 0.6075822 0.79425454
vn 0.0048626056 0.64986455 0.76003444
vn 0.005377213 0.5866669 0.8098105
vn -0.0015671129 0.6176219 0.78647363
vn -0.00037324367 0.61203575 0.79083
vn -0.0007857414 0.6346426 0.7728054
vn -0.0035636488 0.77217203 0.6354035
vn 0.0006052563 0.78038865 0.62529445
vn 0.000030862877 0.6139201 0.78936815
vn 0.0028044726 0.6159435 0.78778535
vn -0.0032979078 0.6311342 0.77566665
vn 0.002120238 0.6514266 0.75870866
vn -0.0036244667 0.57692343 0.81679016
vn -0.008762874 0.4443104 0.89583004
vn 0.00026202353 0.45531985 0.89032793
vn -0.0057021244 0.23373939 0.9722826
vn -0.012440177 0.2606525 0.96535254
vn 0.013668656 0.43350506 0.90104747
vn 0.059257284 0.2117015 0.9755363
vn 0.016925907 0.22818616 0.9734704
vn 0.0006360416 0.39075443 0.92049474
vn -0.0057088416 0.4209288 0.9070757
vn -0.011020732 0.17954506 0.983688
vn -0.018247025 0.31739733 0.9481171
vn 0.007547594 0.46614546 0.8846759
vn 0.07225549 0.6625852 0.7454932
vn 0.000393094 0.65787673 0.7531255
vn 0.014673215 0.7660012 0.6426716
vn 0.18395755 0.6926285 0.69744205
vn 0.009526585 0.61117965 0.7914345
vn -0.004409158 0.63598865 0.77168584
vn -0.009776668 0.59850657 0.80105823
vn -0.0049648327 0.63202554 0.77493167
vn -0.0019276395 0.7829434 0.62209
vn -0.0040951017 0.7820342 0.62322205
vn -0.0028035236 0.61051613 0.79199886
vn -0.00034229518 0.64007735 0.76831037
vn -0.0048787016 0.80473083 0.5936198
vn 0.026778532 0.6161623 0.78716385
vn 0.06296116 0.7400773 0.66956806
vn 0.10519086 0.7409159 0.6633088
vn -0.010689974 0.032592565 0.9994115
vn 0.061344374 0.27627334 0.9591193
vn -0.011934852 0.24101351 0.9704484
vn -0.02846565 0.50340414 0.8635821
vn 0.08965159 0.19973153 0.9757407
vn -0.014720085 0.27905855 0.96016127
vn -0.010027942 0.25357753 0.9672631
vn -0.09987244 0.1829711 0.97803223
vn 0.03564662 0.08074903 0.99609685
vn -0.033368025 0.28504887 0.957932
vn 0.04353148 0.188962 0.981019
vn 0.06274806 0.26900068 0.96109384
vn 0.017934456 0.046741884 0.998746
vn -0.009896146 0.16583408 0.986104
vn -0.06600628 0.20945379 0.97558814
vn -0.024631863 0.15556563 0.9875184
vn -0.05508324 0.27156177 0.9608434
vn -0.07118158 0.13102403 0.98882043
vn 0.052472446 0.03425319 0.9980348
vn 0.06555469 0.23762682 0.9691419
vn 0.03202351 -0.049438175 0.99826366
vn 0.059207726 -0.010207606 0.9981935
vn 0.010620511 -0.11002445 0.99387217
vn 0.0051209903 -0.21315545 0.9770049
vn -0.046013203 0.026795167 0.9985814
vn 0.003409364 -0.17857182 0.983921
vn 0.024235722 -0.01847888 0.9995355
vn -0.01298019 -0.14804949 0.98889476
vn -0.01636148 0.032214865 0.99934703
vn 0.0155017115 -0.20021388 0.9796296
vn 0.002310838 0.0270306 0.99963194
vn 0.006493573 -0.17523664 0.98450494
vn -0.033612356 0.0003553278 0.9994349
vn 0.016840793 0.07985399 0.9966643
vn 0.03308066 -0.01166405 0.99938464
vn -0.03084196 -0.11957788 0.99234563
vn -0.0039269775 0.08144463 0.9966701
vn -0.0051869005 -0.12890585 0.99164325
vn -0.019191897 -0.07190236 0.997227
vn -0.078870155 0.09501914 0.99234617
vn 0.05497472 0.054047313 0.9970239
vn -0.055299304 0.0005025328 0.9984697
vn -0.007668432 -0.11060217 0.99383515
vn -0.13844357 0.14948983 0.97902304
vn -0.020852257 0.119230814 0.9926476
vn -0.01041868 0.002776787 0.9999419
vn 0.012999611 0.24314813 0.96990204
vn -0.13229364 0.19085115 0.97266346
vn -0.035285726 0.2970479 0.9542104
vn 0.025382167 0.33424795 0.9421433
vn -0.058787696 0.26740706 0.9617887
vn -0.022407485 0.40371555 0.9146101
vn 0.04508755 0.43891376 0.8973972
vn 0.0002548917 0.44017875 0.8979101
vn -0.0043289308 0.08858848 0.9960589
vn -0.039557412 0.2719811 0.9614892
vn 0.06849057 0.17095044 0.9828962
vn -0.042360585 0.27955392 0.9591951
vn -0.049775183 0.29339302 0.9546952
vn 0.030680774 0.15048395 0.98813623
vn -0.05374808 0.060517803 0.996719
vn 0.04006517 0.34955832 0.93605757
vn -0.045710083 0.24083541 0.969489
vn 0.0144397095 0.1802188 0.98352057
vn 0.21300201 0.14313652 0.96651024
vn 0.31762308 0.0036136052 0.9482102
vn 0.22674355 0.2528684 0.94055563
vn -0.062902585 0.14339341 0.9876647
vn -0.009249548 0.20016135 0.9797193
vn 0.019817308 0.1942048 0.9807608
vn -0.010525997 0.20701833 0.9782804
vn 0.011085333 0.26865608 0.9631724
vn -0.00076323125 0.07034434 0.9975225
vn 0.038411103 0.24675131 0.9683173
vn -0.05174022 0.011613654 0.99859303
vn -0.011175997 0.047136713 0.9988259
vn -0.0053593116 -0.0800407 0.9967772
vn 0.053992108 0.043038584 0.99761343
vn -0.015413649 0.1763066 0.9842146
vn -0.03723315 0.25213712 0.966975
vn -0.057919282 0.23934223 0.9692062
vn -0.001521987 0.57413137 0.81876177
vn 0.0011170768 0.4399168 0.89803785
vn -0.016145432 0.15208775 0.9882351
vn 0.000038258444 0.43526396 0.9003029
vn 0.0018444932 0.77341396 0.63389856
vn -0.0003611528 0.632154 0.77484274
vn 0.0012233269 0.5957166 0.80319375
vn -0.02033372 0.7425842 0.66944396
vn 0.0026188851 0.69172704 0.7221543
vn 0.00025011395 0.6654097 0.7464783
vn 0.0039060828 0.5276819 0.84943306
vn -0.043888766 0.5516108 0.8329461
vn -0.220838 0.56313497 0.79631
vn 0.013154609 0.723413 0.6902902
vn 0.019016588 0.30341485 0.9526688
vn 0.022873772 0.3251799 0.9453755
vn -0.045183554 0.0104674 0.99892384
vn 0.11205023 0.0899929 0.98961914
vn 0.0032453088 0.8661839 0.49971485
vn -0.00015967674 0.86838686 0.49588734
vn -0.013670313 0.30963498 0.9507572
vn -0.027212093 0.06868707 0.99726707
vn -0.017073553 0.15458468 0.987832
vn 0.08634481 0.069593154 0.99383163
vn -0.026054488 0.25446776 0.96673024
vn -0.01922001 0.46497202 0.8851167
vn 0.055421952 0.556336 0.82910717
vn -0.014001974 0.51495206 0.8571046
vn -0.0030507199 0.5665976 0.823989
vn 0.016939815 0.7986456 0.60156316
vn -0.053348463 0.7832482 0.61941606
vn -0.012676455 0.81871796 0.5740559
vn -0.0018261852 0.77711236 0.62935925
vn -0.0026940973 0.80395746 0.5946807
vn 0.047359753 0.8064662 0.58938044
vn 0.010468841 0.8512109 0.52471936
vn 0.026984425 0.828468 0.55938584
vn -0.008524235 0.8665651 0.49899122
vn 0.018977508 0.73735917 0.6752343
vn 0.0091225 0.84664685 0.532077
vn 0.029532295 0.65218145 0.7574874
vn 0.0027835318 0.36704874 0.93019754
vn 0.0315993 0.35335737 0.9349546
vn 0.019231007 0.20380335 0.97882295
vn -0.012363813 0.16381718 0.98641324
vn 0.018474074 0.19586316 0.9804572
vn 0.0040353965 0.30211776 0.9532621
vn -0.027954534 0.23370999 0.9719044
vn -0.028819794 0.69195545 0.72136474
vn 0.02386392 0.38912672 0.9208751
vn 0.0038488244 0.23614834 0.9717094
vn 0.08486967 0.3186247 0.94407386
vn 0.070112124 0.46969977 0.8800377
vn -0.0042868895 0.46642447 0.88455063
vn 0.023929833 0.62286747 0.7819613
vn -0.1262521 0.7592658 0.6384167
vn 0.0048944387 0.3263677 0.9452302
vn 0.012413734 0.4388673 0.8984661
vn 0.00059316494 0.45755446 0.8891814
vn -0.010234843 0.67486495 0.7378703
vn -0.015401982 0.1914646 0.9813787
vn -0.018380994 0.40571845 0.91381323
vn -0.007571306 0.7252204 0.6884752
vn -0.014001702 0.68095046 0.7321956
vn 0.0010528248 0.86936796 0.49416414
vn 0.0054403595 -0.099718615 0.9950008
vn 0.1786746 -0.09884901 0.9789302
vn -0.011821961 0.23084393 0.972919
vn 0.015285154 0.15078472 0.98844844
vn -0.04607945 0.11069419 0.9927857
vn -0.004176316 0.253121 0.96742564
vn 0.005688611 0.24384741 0.96979696
vn -0.04162213 0.76516354 0.6424892
vn -0.004573748 0.7658493 0.6430038
vn 0.0017916141 0.7667973 0.64188683
vn -0.0007737963 0.7463593 0.6655428
vn 0.00088528945 0.6199425 0.78464675
vn -0.00039256306 0.86796397 0.49662706
vn 0.02432883 -0.058739685 0.99797684
vn 0.002420254 0.2349021 0.97201604
vn -0.0013467845 0.20278835 0.97922164
vn -0.00040385532 0.43400893 0.90090847
vn 0.036665108 0.013328472 0.9992387
vn -0.0011124053 -0.06256593 0.9980402
vn -0.045418706 0.18497825 0.9816925
vn -0.008965874 0.27873176 0.96032715
vn -0.09678184 0.36997026 0.92398876
vn 0.011272636 0.7840563 0.62058735
vn 0.104970045 0.23974974 0.9651432
vn -0.08195247 0.26173872 0.96165305
vn 0.018909642 -0.03385063 0.99924797
vn 0.015332823 0.052369993 0.99851006
vn 0.003445571 0.15797812 0.9874366
vn 0.006132848 0.10099524 0.994868
vn -0.05610908 0.057938423 0.9967421
vn 0.0091000805 0.010290761 0.99990565
vn -0.0073734038 -0.10755331 0.994172
vn 0.021157335 -0.19429322 0.98071533
vn 0.00350492 -0.17227271 0.98504305
vn -0.039031748 0.0523449 0.997866
vn 0.008042945 -0.038149416 0.9992397
vn 0.00057718466 -0.0823087 0.9966067
vn -0.0054946938 0.09800585 0.99517065
vn -0.012132403 0.54694855 0.8370783
vn 0.060394507 0.55070776 0.83251035
vn -0.021626798 0.5545181 0.8318906
vn -0.169255 0.648214 0.74240917
vn -0.11095733 0.6604252 0.74264866
vn -0.009441454 0.6337501 0.77348024
vn -0.2687152 0.7226183 0.6368791
vn 0.16889855 0.2930989 0.94104534
vn 0.010224042 0.16773349 0.98577935
vn 0.0857911 0.620259 0.7796914
vn -0.011539378 0.70951647 0.7045944
vn -0.16683145 0.71717465 0.6766297
vn -0.060018912 0.77505076 0.62904215
vn -0.013511941 0.81749666 0.57577485
vn -0.014211018 0.86773014 0.49683243
vn -0.014124887 0.8719644 0.48936546
vn -0.012846229 0.86481273 0.50193024
vn 0.010827908 0.69164056 0.7221607
vn -0.00823152 0.8549942 0.5185723
vn 0.05389023 0.5909833 0.80488175
vn -0.00858054 0.82163996 0.5699423
vn -0.0139691625 0.86672175 0.49859634
vn 0.19761643 0.8091367 0.55339456
vn 0.14314361 0.8686795 0.4742423
vn 0.020232666 0.8765719 0.48084548
vn -0.0265265 0.81652683 0.5766977
vn -0.26420775 0.70294225 0.66035324
vn 0.1947097 0.6826834 0.70429504
vn -0.042381782 0.6166079 0.7861288
vn 0.16344374 0.5856342 0.7939262
vn -0.004267407 0.7417674 0.6706437
vn -0.5111477 0.17613621 0.8412515
vn -0.01406286 -0.14272287 0.98966277
vn 0.019869454 -0.14337088 0.9894695
vn 0.0032957317 0.72390604 0.6898907
vn -0.17615303 0.57371813 0.799886
vn 0.024252133 0.004079126 0.99969757
vn 0.008638793 -0.1484399 0.9888837
vn 0.02664784 -0.05941495 0.9978776
vn 0.037503537 -0.009725453 0.99924916
vn -0.003914596 -0.024873586 0.99968296
vn 0.015812373 -0.13982505 0.99004996
vn -0.017056128 -0.084079154 0.9963131
vn 0.00222311 0.58072 0.8141003
vn 0.2806049 0.5871202 0.7593094
vn -0.034679916 -0.13967396 0.98959005
vn 0.007924755 -0.1867014 0.98238474
vn -0.049253326 0.54050696 0.8398966
vn -0.04389357 0.2895925 0.9561431
vn 0.0035067226 0.6546095 0.7559591
vn 0.0007645359 0.86605716 0.49994442
vn 0.2984639 0.38121834 0.87498105
vn 0.18021353 0.58470505 0.79097605
vn 0.06910543 0.51912546 0.85189974
vn -0.0065534003 0.6006592 0.7994783
vn 0.0056003584 0.36700898 0.9302005
vn -0.03297161 0.599133 0.7999703
vn -0.07473655 -0.0074749724 0.9971753
vn -0.034090564 0.5905478 0.8062823
vn -0.031518355 0.4226649 0.9057378
vn -0.0053348383 -0.028314808 0.9995848
vn -0.006779785 -0.118707165 0.99290615
vn 0.007515744 -0.009356972 0.999928
vn -0.0036217943 -0.150031 0.98867464
vn -0.0075043505 -0.09455067 0.99549174
vn -0.03989291 0.0046944693 0.99919295
vn -0.023110416 0.15161403 0.98816955
vn 0.024934458 0.08538005 0.9960364
vn 0.04867348 0.062148113 0.9968794
vn 0.08547202 0.26215678 0.9612327
vn -0.015191551 0.23797096 0.97115344
vn -0.0073515265 0.35358 0.9353754
vn 0.036140826 -0.020291697 0.9991407
vn -0.004038287 -0.14690945 0.9891417
vn -0.0017797227 0.024580816 0.99969625
vn -0.106020726 0.4472645 0.88809574
vn -0.03223461 0.14239757 0.9892845
vn -0.017482052 0.7006959 0.71324587
vn -0.016929498 -0.004990319 0.99984425
vn -0.0094991205 0.13531683 0.99075687
vn 0.015319123 -0.09631804 0.9952327
vn -0.18161625 0.061448105 0.98144776
vn -0.19707483 -0.08477524 0.9767163
vn 0.25016588 0.5390233 0.80428284
vn 0.018137153 0.20480387 0.97863495
vn -0.035926305 0.20957176 0.97713304
vn -0.008169486 0.63158846 0.7752608
vn -0.011888189 0.73104733 0.6822232
vn 0.037802573 0.30729336 0.9508637
vn 0.043729678 0.14999449 0.9877193
vn -0.06079221 0.6563792 0.7519778
vn -0.28185433 0.10793707 0.9533665
vn -0.30012634 0.44345164 0.844556
vn -0.48515543 0.6404734 0.5953302
vn -0.013165998 0.5466446 0.8372612
vn 0.026214885 0.002057784 0.99965423
vn -0.0074586766 -0.09039806 0.9958778
vn 0.006187243 -0.12740897 0.99183095
vn -0.0013388876 -0.15999363 0.9871171
vn -0.011195277 -0.16049732 0.9869728
vn -0.023379833 0.005158346 0.99971336
vn 0.045119952 0.44970495 0.8920368
vn 0.047733918 0.25953445 0.9645534
vn 0.024399178 0.15632305 0.9874046
vn 0.007921458 0.772363 0.635132
vn -0.07099947 0.19756673 0.9777149
vn -0.01403336 0.2602627 0.96543586
vn 0.03957757 0.6285817 0.7767359
vn 0.014198826 0.78151995 0.6237187
vn -0.012964389 0.39919978 0.9167723
vn 0.016045589 0.24991138 0.9681358
vn -0.0016184911 0.33835623 0.94101673
vn 0.024180634 0.091283605 0.9955313
vn -0.056009106 0.018996386 0.99824953
vn -0.059040394 0.006135623 0.9982367
vn 0.035251826 0.002985702 0.999374
vn -0.1129015 -0.123556964 0.98589396
vn -0.015693132 0.67544824 0.73724043
vn 0.20705308 0.484683 0.8498302
vn 0.03154095 0.21750195 0.9755501
vn -0.0005821789 0.09554916 0.99542457
vn 0.013956947 0.5278008 0.84925354
vn 0.040345658 0.041633096 0.998318
vn 0.0049236272 -0.10755377 0.99418706
vn 0.06807308 -0.05445516 0.9961931
vn -0.079813056 0.11334189 0.9903451
vn 0.03243523 0.30347434 0.9522874
vn 0.054438613 0.3919354 0.9183807
vn -0.047825534 0.116430424 0.9920467
vn -0.018107457 0.49304518 0.86981523
vn -0.012402284 -0.08280164 0.99648887
vn 0.0020055468 0.68747395 0.72620624
vn 0.008407298 0.8231647 0.56774044
vn 0.001170321 0.8460816 0.53305215
vn 0.008477112 0.86234546 0.50624937
vn -0.00039767288 0.8663184 0.499492
vn -0.028957551 0.30883446 0.9506749
vn -0.0023227553 0.3104938 0.95057255
vn 0.0032942456 0.5699606 0.8216654
vn 0.02884386 0.2749012 0.9610397
vn -0.1411084 0.7227535 0.67654693
vn 0.1911125 0.5943398 0.78117615
vn 0.2151608 0.43123046 0.8762112
vn 0.045252588 0.3187457 0.9467594
vn -0.028957551 0.30883446 0.9506749
vn -0.008259367 0.25536555 0.9668093
vn -0.043399625 0.22342092 0.9737554
vn 0.024241239 0.20379713 0.978713
vn 0.019016588 0.30341485 0.9526688
vn 0.022425897 0.504079 0.8633663
vn -0.02887481 0.47692192 0.87847126
vn 0.0020055468 0.68747395 0.72620624
vn 0 0 0
vn 0.00025011395 0.6654097 0.7464783
vn 0.0032453088 0.8661839 0.49971485
vn 0.008477112 0.86234546 0.50624937
vn -0.0073515265 0.35358 0.9353754
vn 0.02884386 0.2749012 0.9610397
vn 0.010224042 0.16773349 0.98577935
vn -0.0005821789 0.09554916 0.99542457
vn -0.0013467845 0.20278835 0.97922164
vn -0.004176316 0.253121 0.96742564
vn 0.000038258444 0.43526396 0.9003029
vn -0.00040385532 0.43400893 0.90090847
vn 0.0011170768 0.4399168 0.89803785
vn 0.005377213 0.5866669 0.8098105
vn -0.0003611528 0.632154 0.77484274
vn 0.25016588 0.5390233 0.80428284
vn 0.054438613 0.3919354 0.9183807
vn 0.18021353 0.58470505 0.79097605
vn -0.05374808 0.060517803 0.996719
vn -0.058787696 0.26740706 0.9617887
vn -0.008965874 0.27873176 0.96032715
vn -0.51330984 0.088853896 0.8535912
vn -0.0023227553 0.3104938 0.95057255
vn -0.05374808 0.060517803 0.996719
vn -0.049775183 0.29339302 0.9546952
vn -0.58161414 -0.093951374 0.8080211
vn -0.51330984 0.088853896 0.8535912
vn 0.12877941 0.6684327 0.7325391
vn 0.13078889 0.8088763 0.57324815
vn 0.1178683 0.6109141 0.7828736
vn 0.2806049 0.5871202 0.7593094
vn -0.14471214 -0.3219623 0.9356274
vn -0.004352098 -0.35716835 0.9340299
vn -0.007444304 -0.22685482 0.97390014
vn -0.2209764 -0.17786394 0.9589233
vn 0.25110722 -0.23992477 0.9377533
vn -0.026606597 -0.17598456 0.9840333
vn 0.0032221589 -0.22372134 0.9746478
vn 0.0016188509 -0.37623757 0.92652184
vn 0.03517275 -0.2540499 0.96655136
vn 0.06986901 -0.36127165 0.9298393
vn 0.039486818 -0.2839675 0.9580205
vn 0.017470691 -0.33806065 0.94096214
vn -0.19707483 -0.08477524 0.9767163
vn 0.056307334 -0.042631377 0.9975029
vn -0.0015530111 -0.3127441 0.94983613
vn 0.0012249298 -0.32763517 0.94480354
vn 0.03211423 -0.3302962 0.9433309
vn 0.010696212 -0.30855188 0.9511474
vn 0.015812373 -0.13982505 0.99004996
vn 0.02664784 -0.05941495 0.9978776
vn 0.008638793 -0.1484399 0.9888837
vn -0.041750826 -0.3187675 0.94691294
vn -0.012123612 -0.31342512 0.94953555
vn -0.017056128 -0.084079154 0.9963131
vn 0.02432883 -0.058739685 0.99797684
vn 0.036665108 0.013328472 0.9992387
vn -0.029731782 -0.53611517 0.8436211
vn 0.04702418 -0.5839597 0.8104195
vn -0.0021830986 -0.32604912 0.9453503
vn 0.019185914 -0.3484494 0.9371312
vn -0.012402284 -0.08280164 0.99648887
vn -0.011889531 -0.57042116 0.8212663
vn 0.004154786 -0.51848626 0.8550759
vn 0.007928484 -0.33540756 0.9420398
vn 0.011366339 -0.3340331 0.9424928
vn -0.0037238726 -0.3273364 0.9449005
vn -0.0046334737 -0.3026109 0.9531029
vn -0.0013388876 -0.15999363 0.9871171
vn -0.011195277 -0.16049732 0.9869728
vn -0.013876294 -0.36027986 0.93274105
vn 0.026589358 -0.36441985 0.9308551
vn -0.006056352 -0.4215237 0.9067972
vn 0.0038380607 -0.503928 0.86373717
vn -0.019358108 -0.3267094 0.94492656
vn -0.0023277889 -0.5252227 0.8509616
vn -0.048652552 -0.36433852 0.9299948
vn -0.004554491 -0.4943653 0.8692423
vn -0.038575098 -0.35298523 0.93483335
vn -0.00669398 -0.66878164 0.74342877
vn 0.04019841 -0.27618775 0.96026266
vn -0.029670782 -0.7373904 0.6748148
vn 0.110639594 -0.21131305 0.9711363
vn 0.08900889 -0.32262805 0.94233143
vn 0.010220975 -0.1970608 0.980338
vn 0.01813375 -0.20619999 0.9783418
vn -0.007393481 -0.40014789 0.91642076
vn -0.037257586 -0.3955927 0.91767
vn 0.0035753117 -0.29142907 0.95658576
vn 0.026069757 -0.32558203 0.9451543
vn -0.0050268453 -0.40398073 0.9147537
vn 0.019332012 -0.073581375 0.99710184
vn -0.008804256 -0.057885267 0.9982844
vn 0.0055657304 -0.24426216 0.96969324
vn 0.015821967 -0.032808024 0.9993364
vn -0.013112677 -0.35610822 0.9343527
vn 0.004927029 -0.14707825 0.9891126
vn 0.006173155 -0.530543 0.84763557
vn 0.006187243 -0.12740897 0.99183095
vn -0.006779785 -0.118707165 0.99290615
vn -0.035974443 -0.6712458 0.74036133
vn 0.002729213 -0.63961804 0.7686881
vn -0.034561228 -0.34156308 0.9392232
vn 0.021686029 -0.32620764 0.94504935
vn -0.008028423 -0.3994937 0.9167008
vn -0.06684071 -0.3270679 0.94263405
vn 0.020695304 -0.40591237 0.91367763
vn 0.025618333 -0.72749805 0.68563133
vn -0.011780874 -0.4637972 0.88586307
vn -0.030239996 -0.39891067 0.91649103
vn -0.002322121 -0.76837647 0.6399939
vn -0.0011124053 -0.06256593 0.9980402
vn -0.03676539 -0.31692857 0.94773656
vn -0.003276558 -0.2585238 0.96599936
vn -0.004038287 -0.14690945 0.9891417
vn -0.0075043505 -0.09455067 0.99549174
vn 0.0017975284 -0.37710166 0.9261701
vn 0.0032501516 -0.25601777 0.96666664
vn 0.0045668413 -0.36573544 0.93070763
vn -0.0014942755 -0.25448242 0.96707624
vn 0.013682439 -0.2601207 0.96547914
vn 0.055704713 -0.34998912 0.935096
vn -0.009050532 -0.4426007 0.89667314
vn -0.036652476 -0.42355853 0.9051269
vn 0.015319123 -0.09631804 0.9952327
vn 0.08864642 -0.35137388 0.93202907
vn 0.084935576 -0.26693958 0.95996314
vn 0.015440718 -0.39366135 0.91912585
vn -0.0076736845 -0.15104617 0.9884969
vn 0.008124094 -0.27606574 0.9611044
vn -0.009489605 -0.39253378 0.91968864
vn -0.022574868 -0.39807802 0.9170737
vn -0.018029371 -0.33972535 0.94035184
vn 0.02823878 -0.24956617 0.96794593
vn 0.040496614 -0.35096258 0.9355134
vn -0.037330672 -0.20563689 0.9779161
vn 0.010423166 -0.17891331 0.98380965
vn -0.04006173 -0.038330395 0.9984617
vn 0.0051670503 -0.4496632 0.89318323
vn 0.031016009 -0.24079429 0.9700805
vn 0.018916573 -0.2637848 0.96439606
vn 0.004567792 -0.46423516 0.8857002
vn -0.024053037 -0.5511452 0.8340626
vn 0.017208409 -0.5995699 0.80013734
vn 0.023278845 -0.584923 0.81075466
vn -0.008075572 -0.63766414 0.7702722
vn 0.011651136 -0.60312504 0.7975616
vn -0.0030329258 -0.59547544 0.8033678
vn 0.20265172 -0.66383135 0.71990293
vn -0.013034526 -0.6202848 0.7842684
vn -0.006902005 -0.6023661 0.7981901
vn -0.014051533 -0.6129496 0.78999704
vn -0.00904202 -0.6232353 0.7819821
vn -0.0011384235 -0.63336635 0.7738513
vn -0.0037186993 -0.7784597 0.6276836
vn -0.036336765 -0.7116884 0.7015549
vn -0.22298211 -0.65741956 0.7197767
vn -0.15345033 -0.44227496 0.88365483
vn 0.12448403 -0.512243 0.8497711
vn -0.060448006 -0.50483245 0.8610983
vn -0.059613667 -0.50734216 0.85968024
vn -0.21010952 -0.73972243 0.63926893
vn -0.034987148 -0.6193117 0.7843653
vn 0.0012256115 -0.74159515 0.6708465
vn -0.00072979555 -0.7207006 0.693246
vn -0.0040504546 -0.61977047 0.7847727
vn 0.13092887 -0.7766501 0.61617553
vn 0.24202123 -0.77154964 0.588334
vn 0.06183458 -0.86424154 0.49926245
vn -0.020016745 -0.6819144 0.731158
vn 0.012492346 -0.64999187 0.75983846
vn -0.0070756534 -0.8513815 0.5244993
vn 0.00077099365 -0.7660563 0.64277303
vn -0.02862482 -0.4510906 0.892019
vn -0.002350398 -0.42790565 0.90382034
vn 0.0006071581 -0.4160455 0.9093436
vn 0 0 0
vn 0.0019382926 -0.66628796 0.745692
vn 0.014410727 -0.6061838 0.79519403
vn -0.011151988 -0.7154468 0.6985782
vn -0.038243994 -0.85446864 0.51809335
vn -0.0032548357 -0.8637885 0.503844
vn -0.004122627 -0.698522 0.7155767
vn 0.009380237 -0.7443003 0.66777915
vn 0.03308043 -0.8562026 0.51558006
vn 0.023793397 -0.7264216 0.6868373
vn -0.004888133 -0.6200209 0.78457004
vn 0.010814931 -0.415535 0.9095129
vn 0.0346909 -0.42875707 0.90275353
vn 0.0059194085 -0.5651725 0.8249515
vn -0.0067375866 -0.569179 0.822186
vn 0.024031281 -0.4321671 0.9014733
vn -0.05695318 -0.38726482 0.92020774
vn -0.08107042 -0.39133084 0.9166721
vn -0.005778636 -0.7290584 0.68442714
vn 0.021350382 -0.58204466 0.8128765
vn 0.017321428 -0.8804934 0.47374186
vn -0.010886414 -0.7119302 0.70216584
vn -0.009733755 -0.15953578 0.9871442
vn -0.0016892273 -0.14718518 0.9891075
vn 0.00937756 -0.2961022 0.95511025
vn -0.0013825586 -0.7532969 0.65767914
vn -0.030940283 -0.22685471 0.973437
vn -0.06550906 -0.25715262 0.96414787
vn 0.0166134 -0.33342236 0.9426312
vn -0.056092706 -0.32759723 0.94315094
vn 0.0119334115 -0.4192547 0.90779024
vn -0.049300108 -0.62179327 0.7816282
vn -0.012661929 -0.39464134 0.918748
vn -0.045735665 -0.34613279 0.9370701
vn 0.0155017115 -0.20021388 0.9796296
vn -0.03084196 -0.11957788 0.99234563
vn 0.003247555 -0.5390688 0.8422555
vn -0.016316311 -0.46572906 0.88477695
vn -0.00981641 -0.6181517 0.7859975
vn -0.18355614 -0.649084 0.7382392
vn -0.20394622 -0.79082966 0.5770567
vn -0.26625395 -0.6415941 0.719351
vn -0.13510479 -0.49108195 0.8605726
vn -0.06594678 -0.6699912 0.7394341
vn -0.020146761 -0.78850186 0.61470234
vn -0.04462747 -0.5241442 0.85045946
vn -0.038165122 -0.69906265 0.71404123
vn -0.009433414 -0.8097329 0.58672273
vn -0.051230963 -0.27662218 0.9596122
vn -0.0051869005 -0.12890585 0.99164325
vn -0.005805063 -0.39535943 0.9185082
vn -0.01298019 -0.14804949 0.98889476
vn -0.005742681 -0.7602362 0.64962137
vn -0.007347178 -0.56336296 0.8261768
vn -0.0059371353 -0.4421822 0.8969056
vn -0.0022371195 -0.61427534 0.7890886
vn -0.028973272 -0.22251433 0.9744988
vn -0.03264401 -0.2295216 0.97275597
vn 0.003409364 -0.17857182 0.983921
vn -0.010336504 -0.71234596 0.70175236
vn -0.044690512 -0.465798 0.8837618
vn 0.26734924 -0.5248442 0.8081231
vn 0.032618623 -0.5678522 0.822484
vn 0.013768537 -0.44549283 0.8951796
vn 0.03833481 -0.61553645 0.78717554
vn -0.0010520559 -0.13007626 0.9915034
vn -0.013237957 -0.3316085 0.9433242
vn -0.005790041 -0.4661211 0.88470197
vn 0.16109025 -0.41708058 0.8944796
vn 0.16066858 -0.5571269 0.8147363
vn 0.047151655 -0.32764855 0.94362235
vn -0.0024668977 -0.34021822 0.94034326
vn 0.20214073 -0.3168435 0.9266873
vn 0.037134618 -0.24568869 0.9686372
vn 0.28721824 -0.23384205 0.92888296
vn -0.22518696 -0.3310208 0.9163602
vn -0.19036008 -0.17007366 0.9668702
vn 0.046050288 -0.11867106 0.9918652
vn 0.1786746 -0.09884901 0.9789302
vn 0.0054403595 -0.099718615 0.9950008
vn -0.1407641 -0.4077916 0.90215933
vn -0.3007663 -0.53499895 0.7895035
vn 0.13139583 -0.6258756 0.7687749
vn 0.06275208 -0.68067604 0.72989196
vn 0.16986741 -0.7076098 0.6858815
vn 0.072208844 -0.80165917 0.5934041
vn 0.087958224 -0.8139802 0.5741947
vn -0.24550517 -0.8020469 0.54447037
vn -0.2800634 -0.55179393 0.78554946
vn -0.0042222976 -0.44100302 0.8974957
vn 0.007924755 -0.1867014 0.98238474
vn 0.00350492 -0.17227271 0.98504305
vn -0.034679916 -0.13967396 0.98959005
vn 0.012287785 -0.24602178 0.9691864
vn -0.016314637 -0.2696051 0.96283275
vn -0.0073734038 -0.10755331 0.994172
vn 0.007147072 -0.33798707 0.9411236
vn -0.019191897 -0.07190236 0.997227
vn -0.013277758 -0.23262249 0.9724765
vn -0.007668432 -0.11060217 0.99383515
vn 0.006493573 -0.17523664 0.98450494
vn -0.01406286 -0.14272287 0.98966277
vn 0.019869454 -0.14337088 0.9894695
vn 0.027948868 -0.5019536 0.8644428
vn 0.0051209903 -0.21315545 0.9770049
vn 0.04236953 -0.019401547 0.9989136
vn 0.0011043998 -0.4505865 0.8927321
vn 0.00057718466 -0.0823087 0.9966067
vn -0.012620525 -0.7291475 0.6842402
vn -0.017359355 -0.6364569 0.77111685
vn 0.021157335 -0.19429322 0.98071533
vn -0.014310385 -0.40690562 0.9133581
vn 0.0076809665 -0.46373686 0.88593966
vn -0.023379833 0.005158346 0.99971336
vn 0.0049236272 -0.10755377 0.99418706
vn 0.00048173536 -0.1511538 0.98851013
vn 0.20644382 -0.67133003 0.7118265
vn -0.0036217943 -0.150031 0.98867464
vn 0.05976278 -0.6679433 0.7418087
vn -0.021512818 -0.3637547 0.93124634
vn -0.31260177 -0.614309 0.724503
vn -0.008246096 -0.61121255 0.7914235
vn 0.0025345325 -0.22854282 0.97353053
vn -0.0033137347 -0.4410753 0.897464
vn 0.010620511 -0.11002445 0.99387217
vn 0.15956092 -0.32641658 0.9316612
vn -0.0026457435 -0.7117638 0.7024139
vn -0.008045477 -0.816373 0.577469
vn 0.0030591935 0.4280816 0.9037349
vn 0.023840139 0.003145812 0.99971086
vn -0.06453617 -0.72974706 0.6806646
vn 0.016475076 -0.13008447 0.991366
vn -0.015493715 -0.8797091 0.47525975
vn -0.0032935112 -0.31353745 0.9495701
vn -0.002350398 -0.42790565 0.90382034
vn 0.0006071581 -0.4160455 0.9093436
vn 0.0019382926 -0.66628796 0.745692
vn 0 0 0
vn -0.00781224 -0.7247137 0.68900585
vn -0.0067375866 -0.569179 0.822186
vn 0.010814931 -0.415535 0.9095129
vn 0.0030591935 0.4280816 0.9037349
vn -0.6408081 -0.22733504 0.7332692
vn -0.9507221 -0.062249307 0.30373102
vn -0.93628305 -0.09290955 0.3387356
vn -0.64683604 -0.28410983 0.7077321
vn -0.85082567 -0.010725936 0.5253386
vn -0.63073164 -0.076055884 0.77226496
vn -0.5484884 0.0021961632 0.8361553
vn -0.7552107 0.17028998 0.63297564
vn -0.6968231 0.18137051 0.6939325
vn -0.690431 0.09096719 0.7176559
vn -0.6989566 -0.33537918 0.631649
vn -0.72012013 -0.23693277 0.6521425
vn -0.73033315 -0.3289385 0.598676
vn -0.721504 -0.24116424 0.6490546
vn -0.69893175 -0.12151815 0.70478916
vn -0.5578094 -0.1651617 0.8133697
vn -0.6132695 -0.3001103 0.73063964
vn -0.40658754 -0.37633097 0.8325032
vn -0.35820702 -0.23240554 0.9042541
vn -0.20345925 -0.30108413 0.9316398
vn -0.20402502 -0.43387303 0.8775694
vn -0.2871907 -0.43807614 0.8518279
vn -0.4567236 -0.26811454 0.84824413
vn -0.29624954 -0.22448316 0.9283553
vn -0.22402546 -0.16828644 0.9599439
vn -0.19885081 -0.20296414 0.9587825
vn -0.30499467 -0.25934115 0.9163626
vn -0.28344026 -0.25156853 0.92540526
vn -0.33458486 -0.09699938 0.93736017
vn -0.55473894 -0.0041860193 0.83201396
vn -0.3482884 -0.11023826 0.93088275
vn 0.06594565 -0.19532886 0.9785182
vn 0.007804313 -0.27308807 0.9619574
vn -0.5111477 0.17613621 0.8412515
vn -0.45869264 0.14075169 0.8773768
vn -0.3369504 -0.46283045 0.81991
vn -0.5618726 -0.020095574 0.82697964
vn -0.68392366 -0.035754636 0.7286769
vn -0.21785647 0.3720495 0.90228474
vn 0 0 0
vn -0.272786 0.04536297 0.9610047
vn -0.25284103 0.14186767 0.95705014
vn -0.66568494 0.08873181 0.7409387
vn -0.44280878 0.114129394 0.8893227
vn -0.91871023 -0.1955281 0.34313306
vn -0.66706824 -0.3882339 0.6358415
vn 0.03200057 0.2692471 0.9625393
vn -0.3735771 0.04584846 0.9264654
vn -0.7320897 -0.4293163 0.5288971
vn -0.62565655 -0.4153642 0.660323
vn -0.617174 -0.53260857 0.5791583
vn -0.32383534 -0.103877574 0.94039357
vn -0.40185764 0.27075925 0.87475705
vn -0.44376814 0.35289833 0.8237309
vn -0.105632596 0.47869384 0.87160426
vn -0.64881516 -0.46661043 0.60109365
vn -0.29063156 0.13917236 0.94665956
vn -0.28234643 0.256811 0.924299
vn -0.7299817 0.29265872 0.61763865
vn -0.6866325 0.33837458 0.6434582
vn -0.68092024 0.3860552 0.6223415
vn -0.7522683 0.3760102 0.54102564
vn -0.7295046 0.38845217 0.56296355
vn -0.724271 0.30241922 0.61965644
vn -0.64210206 0.43908262 0.62841976
vn -0.6560949 0.33245236 0.6775064
vn -0.890859 0.17730932 0.41824824
vn -0.9993714 -0.0353273 0.0029556493
vn -0.86549014 0.2644524 0.4254312
vn -0.7299481 0.4813079 0.48530248
vn -0.72489583 0.21150033 0.6555865
vn -0.6677484 0.21559353 0.71248263
vn -0.44134307 0.5225161 0.72951573
vn -0.43793046 0.6508504 0.6201698
vn -0.77633876 0.42676675 0.46386233
vn -0.6426607 0.54674405 0.5367105
vn -0.2509898 0.6649921 0.70341283
vn -0.2051208 0.57352424 0.7930923
vn -0.7292393 -0.0060201804 0.6842323
vn -0.72354054 -0.101730935 0.6827444
vn -0.31531122 0.6215649 0.7171024
vn -0.40610096 0.53598034 0.7401399
vn -0.22740714 0.43112028 0.8731674
vn -0.23502122 0.45585787 0.8584629
vn -0.34954062 0.6935723 0.6299038
vn -0.3426403 0.5107406 0.788506
vn -0.38499466 0.7893261 0.47827134
vn -0.089725986 0.8757505 0.4743526
vn -0.48478502 0.25506407 0.8366157
vn -0.3359163 0.41400963 0.8460238
vn -0.46810445 0.40415004 0.78583777
vn -0.6296007 0.49301326 0.6004505
vn -0.9731063 0.16653602 0.15915367
vn -0.7238082 0.104541026 0.6820358
vn -0.6352352 0.6313067 0.44489118
vn -0.7257855 0.55827504 0.40195075
vn -0.889315 0.31372482 0.3327094
vn -0.6400286 0.53562516 0.55088025
vn -0.73564965 0.5174398 0.437122
vn -0.2378511 -0.08337392 0.9677167
vn -0.268003 0.057930987 0.9616748
vn -0.7093147 -0.014167701 0.7047495
vn -0.24264376 0.28746164 0.9265472
vn -0.21785647 0.3720495 0.90228474
vn 0 0 0
vn -0.5111477 0.17613621 0.8412515
vn -0.5868773 0.58357143 -0.56126595
vn 0 0 0
vn -0.60583717 0.5247636 -0.59798366
vn 0.06478807 0.43941453 -0.89594495
vn -0.12868257 0.7770373 -0.6161606
vn -0.34758085 0.45640364 -0.81907463
vn 0 0 0
vn 0.06478807 0.43941453 -0.89594495
vn -0.34758085 0.45640364 -0.81907463
vn 0.028820833 0.5923074 -0.80519646
vn 0.3277045 0.0074809557 -0.94475067
vn 0.5601146 -0.08039202 -0.82450515
vn 0.29077715 -0.15650724 -0.9439037
vn 0 0 0
vn 0.3277045 0.0074809557 -0.94475067
vn 0 0 0
vn 0.29077715 -0.15650724 -0.9439037
vn -0.026845917 0.952694 -0.30274314
vn 0 0 0
vn -0.25296503 0.860045 -0.4430928
vn -0.0033487726 -0.9483456 -0.31722146
vn -0.009699162 -0.9478263 -0.31863964
vn -0.001847237 -0.9724454 -0.2331234
vn 0 0 0
vn -0.0033487726 -0.9483456 -0.31722146
vn -0.009699162 -0.9478263 -0.31863964
vn 0 0 0
vn -0.032675114 -0.97829264 -0.20463598
vn -0.2451189 -0.9677813 -0.057584845
vn 0.14940809 -0.98865396 -0.015508708
vn -0.21099837 -0.93946886 -0.26995918
vn 0.0039554685 -0.97764206 -0.21023893
vn -0.0044272216 -0.9968036 -0.07976847
vn -0.17923284 -0.98377454 0.0079521295
vn -0.24671786 -0.9649117 0.0898651
vn -0.045992803 -0.9397828 -0.33866343
vn 0.0012791704 -0.97785884 -0.20926169
vn 0.0022124606 -0.9981829 -0.060216863
vn -0.2785515 -0.8938689 -0.35129383
vn -0.036522143 -0.949073 -0.31293213
vn -0.0073583866 -0.9491697 -0.3146788
vn 0.0026620151 -0.9954866 -0.09486447
vn 0.007829751 -0.9757124 -0.21891546
vn 0.0048286812 -0.9732333 -0.2297688
vn -0.0029140078 -0.99684876 -0.07927216
vn -0.0008724601 -0.9946582 -0.1032199
vn 0.00014425235 -0.9690751 -0.246766
vn -0.0007734251 -0.9930666 -0.11755028
vn 0.005180432 -0.9668264 -0.25538185
vn 0.0024483358 -0.9464754 -0.3227667
vn 0.0024403336 -0.94792175 -0.31849396
vn 0.0022439912 -0.89973336 -0.43643427
vn 0.001615105 -0.8885401 -0.45879617
vn -0.0013370418 -0.900829 -0.434172
vn 0.0011013387 -0.9502753 -0.31140918
vn 0.0011193755 -0.84250075 -0.538694
vn 0.0003861623 -0.8431644 -0.5376557
vn 0.0041239965 -0.5746239 -0.81840724
vn 0.015289327 -0.6557372 -0.75483435
vn -0.007992497 -0.2815272 -0.95952
vn -0.012379805 -0.31094974 -0.95034575
vn 0.019065656 -0.5658075 -0.8243169
vn 0.012750968 -0.71823657 -0.69568217
vn -0.010273306 -0.25392935 -0.9671682
vn -0.023029244 -0.79904366 -0.6008318
vn -0.0026723307 -0.83904207 -0.54406
vn 0.08072966 -0.87095165 -0.48469156
vn -0.002500572 -0.6726679 -0.7399403
vn -0.01760689 -0.6464998 -0.762711
vn 0.0034026068 -0.71134925 -0.7028305
vn 0.015351128 -0.37745428 -0.92590094
vn -0.003385331 -0.7570634 -0.65333265
vn 0.042962797 -0.38820314 -0.92057186
vn 0.09056131 -0.8336923 -0.54475296
vn 0.031095376 -0.17791969 -0.9835536
vn 0.011506305 -0.114120066 -0.99340034
vn 0.007126755 -0.22894736 -0.9734127
vn 0.031796724 -0.09134066 -0.9953119
vn -0.017729314 -0.12900461 -0.9914855
vn -0.027047921 -0.4621251 -0.8864022
vn -0.0041672615 -0.46920308 -0.8830805
vn -0.016606912 -0.27698553 -0.96073055
vn -0.009399691 -0.80750537 -0.58978534
vn -0.009816318 -0.285695 -0.9582703
vn 0.011910391 -0.28088292 -0.95966816
vn -0.010520839 -0.2111268 -0.97740203
vn 0.018892115 -0.25919205 -0.965641
vn 0.010153462 -0.44529614 -0.8953258
vn 0.0034934375 -0.18242407 -0.9832137
vn -0.0018214207 -0.25276104 -0.96752703
vn 0.002669937 -0.42971522 -0.90296054
vn -0.0056180274 -0.67598677 -0.73689234
vn 0.00034329412 -0.8455364 -0.53391767
vn -0.027150016 -0.51880544 -0.8544611
vn -0.00027923594 -0.90472394 -0.4259982
vn 0.00043895264 -0.80900973 -0.58779514
vn 0.013409588 -0.82422894 -0.5660979
vn -0.005431887 -0.89918506 -0.43753478
vn -0.0045434153 -0.8407268 -0.54144055
vn -0.03452654 -0.5629552 -0.8257659
vn 0.0064922716 -0.5584661 -0.8295019
vn 0.0052188663 -0.9476879 -0.3191557
vn 0.0018964871 -0.8951896 -0.44568148
vn -0.015089597 -0.82929784 -0.55860305
vn 0.089396305 -0.8140875 -0.5738204
vn 0.2624521 -0.7374382 -0.62233734
vn 0.21657577 -0.5576122 -0.80135113
vn 0.001168778 -0.9040044 -0.4275215
vn -0.003416316 -0.947111 -0.32088792
vn 0.21001248 -0.68689376 -0.6957526
vn 0.099971786 -0.6704709 -0.73516965
vn 0.0011526666 -0.6816224 -0.7317032
vn 0.00031026566 -0.62106436 -0.7837595
vn 0.0104025835 -0.5396337 -0.8418356
vn 0.0052583064 -0.5334524 -0.84581375
vn 0.02801328 -0.4076397 -0.91271305
vn 0.0047432454 -0.42689583 -0.90428835
vn -0.008913226 -0.53241074 -0.84643924
vn 0.00036886256 -0.4100683 -0.9120547
vn -0.15594715 -0.49051017 -0.85736823
vn -0.18340854 -0.39163077 -0.9016577
vn 0.05328585 -0.5127555 -0.8568794
vn -0.04099539 -0.42321056 -0.90510345
vn -0.020205928 -0.61720836 -0.78654027
vn 0.056663036 -0.7046194 -0.70731944
vn 0.0021239212 -0.787349 -0.6165039
vn 0.0045805564 -0.7332258 -0.6799698
vn 0.00057601824 -0.85001653 -0.52675563
vn -0.13601513 -0.35575294 -0.9246295
vn -0.0030209736 -0.34965515 -0.9368736
vn 0.008987636 -0.29932046 -0.9541103
vn -0.011837236 -0.38112858 -0.9244463
vn 0.044924058 -0.28142712 -0.9585304
vn 0.093174405 -0.37373328 -0.92284447
vn 0.09806646 -0.42231807 -0.9011273
vn 0.05202087 -0.3171096 -0.9469611
vn 0.0043111304 -0.40078592 -0.9161616
vn -0.00871514 -0.39950514 -0.9166895
vn -0.013857643 -0.3832318 -0.9235482
vn 0.0005400478 -0.3426774 -0.939453
vn 0.039211564 -0.3329793 -0.94211847
vn 0.031337004 -0.6079893 -0.79332656
vn -0.0019426004 -0.85241777 -0.5228577
vn 0.088591605 -0.3451967 -0.93433976
vn 0.14525689 -0.61385584 -0.77593905
vn -0.029870596 -0.21295577 -0.9766051
vn 0.02090796 -0.4731743 -0.8807207
vn -0.06261508 -0.30615622 -0.9499199
vn 0.000099998906 -0.96711093 -0.254355
vn 0.0013897445 -0.9947952 -0.1018851
vn 0.0009350077 -0.9672739 -0.25373277
vn 0.0150506105 -0.2542577 -0.9670194
vn -0.019711874 -0.086245395 -0.9960789
vn 0.0023409035 -0.9527078 -0.30387872
vn -0.0020567484 -0.9128625 -0.40826198
vn -0.041394398 -0.9048854 -0.42363775
vn -0.00023951613 -0.8499731 -0.5268261
vn -0.007407482 -0.8418899 -0.53959846
vn -0.17833456 -0.85688734 -0.4836743
vn -0.0025821598 -0.9480222 -0.3181937
vn 0.0018381437 -0.98671746 -0.16243546
vn 0.00039983945 -0.9048477 -0.42573524
vn -0.0068688723 -0.951971 -0.30611125
vn -0.015375244 -0.6639762 -0.74759567
vn 0.02111907 -0.5651467 -0.8247201
vn 0.0023631754 -0.5990511 -0.80070734
vn 0.021215852 -0.36676845 -0.93007034
vn 0.0003707009 -0.6661065 -0.7458565
vn -0.037718557 -0.82875526 -0.5583386
vn -0.005654098 -0.88255477 -0.4701756
vn -0.0174999 -0.82527375 -0.56446165
vn 0.008600942 -0.73607755 -0.6768426
vn -0.0034333167 -0.21882801 -0.9757574
vn 0.0011401043 -0.7064655 -0.70774657
vn -0.035965614 -0.118818276 -0.99226445
vn -0.0028515712 -0.16571204 -0.98617005
vn -0.0018734144 -0.2779269 -0.9606004
vn -0.018222235 -0.24567768 -0.9691803
vn -0.016734665 -0.23725629 -0.9713029
vn 0.013312017 -0.74163705 -0.6706693
vn -0.022650387 -0.45396718 -0.89073044
vn -0.0029720357 -0.8307695 -0.5566087
vn -0.00096032367 -0.6796632 -0.7335237
vn -0.00545407 -0.85492307 -0.5187261
vn -0.0019590128 -0.9018992 -0.43194208
vn -0.0014862505 -0.91022867 -0.41410327
vn 0.00045529802 -0.94800407 -0.31825784
vn 0.0040472923 -0.9523496 -0.30498168
vn 0.00041290457 -0.9719811 -0.23505864
vn 0.00036792416 -0.9706843 -0.2403577
vn 0.00055616105 -0.9933651 -0.11500194
vn -0.000050119066 -0.9955075 -0.09468292
vn -0.0013565327 -0.9908311 -0.13509972
vn -0.0045244996 -0.99301636 -0.117889985
vn -0.0028444629 -0.9698662 -0.24362142
vn 0.0017988483 -0.9910883 -0.13319458
vn -0.00020915802 -0.9650365 -0.26211542
vn 0.0038129438 -0.9698754 -0.24357164
vn 0.00035573108 -0.9924893 -0.12233137
vn -0.0011800628 -0.9660753 -0.25825793
vn -0.0054488275 -0.9915811 -0.12937275
vn -0.00089857884 -0.96515644 -0.26167208
vn -0.001263994 -0.99473304 -0.10249198
vn 0.0006210063 -0.9491256 -0.31489715
vn -0.00031920083 -0.94845396 -0.31691474
vn -0.0026198179 -0.912621 -0.4087983
vn 0.0038403645 -0.9167292 -0.39949074
vn 0.0003650025 -0.86283934 -0.50547814
vn -0.0028090004 -0.8532521 -0.52149105
vn 0.07618664 -0.721095 -0.6886346
vn 0.012666587 -0.7914539 -0.61109763
vn 0.0077931853 -0.5730934 -0.819453
vn 0.1650421 -0.47471824 -0.86452514
vn -0.06545668 -0.3497277 -0.9345619
vn -0.032753635 -0.6376369 -0.76964045
vn -0.025340995 -0.7301597 -0.6828065
vn 0.2283162 -0.70404685 -0.67245054
vn -0.1653774 -0.62707525 -0.761201
vn -0.02019338 -0.7917937 -0.61045474
vn 0.12203977 -0.79493904 -0.594288
vn 0.101420864 -0.69649065 -0.7103623
vn 0.18393984 -0.56826967 -0.8020198
vn -0.009688675 -0.60398656 -0.7969356
vn 0.004452281 -0.6785988 -0.73449564
vn -0.109632194 -0.5680899 -0.81563145
vn -0.02019177 -0.6557148 -0.7547386
vn 0.013116664 -0.46044493 -0.88759136
vn -0.006290802 -0.39776975 -0.9174637
vn 0.012978877 -0.5285526 -0.8488013
vn 0.019122861 -0.55293864 -0.8330025
vn -0.03698135 -0.5425437 -0.83921313
vn 0.00029840437 -0.3947768 -0.918777
vn -0.002304374 -0.38580412 -0.92257786
vn -0.0075126067 -0.3772833 -0.9260674
vn -0.012777723 -0.45760003 -0.88906634
vn -0.0695134 -0.6961827 -0.71449107
vn 0.0043566963 -0.41936722 -0.9078062
vn 0.11089432 -0.3838357 -0.91671836
vn -0.009357753 -0.6854824 -0.7280291
vn 0.0021883217 -0.2894679 -0.9571852
vn 0.0007381825 -0.28711718 -0.95789516
vn 0.0023779552 -0.25397694 -0.9672074
vn -0.111965515 -0.7971183 -0.59335166
vn 0.002131937 -0.85312146 -0.521708
vn 0.003870037 -0.79757285 -0.6032103
vn 0.018511761 -0.60430664 -0.79653674
vn -0.018730983 -0.62489325 -0.7804855
vn -0.0009889507 -0.8162167 -0.577745
vn -0.0015662861 -0.86491835 -0.50191015
vn -0.00064199837 -0.91676426 -0.39942822
vn -0.0017456606 -0.92127097 -0.38891736
vn 0.0040688994 -0.99044526 -0.13784648
vn -0.003680515 -0.9628837 -0.2698914
vn 0.0024285454 -0.967471 -0.2529702
vn 0.0053052213 -0.9945189 -0.10442231
vn -0.00096831756 -0.9713774 -0.23753956
vn -0.0020246997 -0.99258816 -0.12150967
vn 0.00045296355 -0.992104 -0.12541717
vn 0.0013917928 -0.96406806 -0.26565176
vn -0.0026612869 -0.96729 -0.25365925
vn -0.0048204805 -0.9916131 -0.12915201
vn -0.0027403056 -0.94794565 -0.3184204
vn 0.0032526352 -0.94866824 -0.31625614
vn 0.001258052 -0.94699556 -0.32124415
vn 0.0015361009 -0.9634904 -0.26773834
vn -0.00063859735 -0.91439104 -0.40483162
vn 0.00026970406 -0.90937346 -0.4159806
vn 0.00208607 -0.8578713 -0.51386034
vn -0.00028677747 -0.86116546 -0.5083246
vn 0.0012725246 -0.792772 -0.609517
vn -0.00095530186 -0.7792756 -0.6266806
vn -0.015993848 -0.58948624 -0.80762005
vn -0.046372905 -0.5470441 -0.83581835
vn -0.1376155 -0.51918435 -0.84351027
vn -0.0746558 -0.5674841 -0.8199929
vn -0.023708647 -0.57849616 -0.8153405
vn -0.0048608915 -0.6140099 -0.78928334
vn -0.005165565 -0.7625252 -0.6469379
vn 0.087578356 -0.5756085 -0.8130221
vn 0.06379118 -0.74421126 -0.6648912
vn 0.24326809 -0.66648495 -0.70471156
vn 0.068945 -0.5282957 -0.8462566
vn 0.03741718 -0.6056169 -0.79487616
vn 0.12901811 -0.7055013 -0.696866
vn -0.019576572 -0.7152252 -0.6986198
vn -0.0014895869 -0.8539493 -0.5203541
vn 0.0024978786 -0.8518712 -0.52374536
vn 0.047003083 -0.5177212 -0.8542573
vn 0.008150552 -0.84225327 -0.5390204
vn -0.046370205 -0.5137484 -0.85668683
vn 0.0034665586 -0.80446255 -0.59399325
vn -0.0460994 -0.39227796 -0.9186908
vn 0.16932322 -0.41181403 -0.8953987
vn -0.017044917 -0.415461 -0.9094513
vn 0.00085875444 -0.8244143 -0.56598616
vn -0.024281673 -0.43368506 -0.9007373
vn 0.14743923 -0.15605691 -0.97668207
vn 0.014287898 -0.63862276 -0.7693873
vn 0.08009871 -0.66519046 -0.74236506
vn 0.00011984402 -0.9086318 -0.41759813
vn -0.0023545627 -0.914279 -0.40507832
vn 0.002271382 -0.94860804 -0.31644523
vn 0.0023696674 -0.94574887 -0.32489002
vn -0.001067456 -0.9612479 -0.27568325
vn -0.0015965422 -0.9676924 -0.25212887
vn -0.00078004674 -0.94423044 -0.32928446
vn -0.0009051419 -0.9624898 -0.27131647
vn -0.004331749 -0.9930817 -0.117345855
vn 0.011357948 -0.98981285 -0.14192082
vn 0.0022954354 -0.9701037 -0.24268001
vn 0.0027175536 -0.99487054 -0.101119585
vn -0.002209562 -0.94539624 -0.32591566
vn -0.0039715087 -0.992472 -0.12240731
vn 0.004176064 -0.964941 -0.26243365
vn -0.0010439638 -0.94606155 -0.3239853
vn 0.007179855 -0.99159354 -0.12919264
vn 0.03801168 -0.32955834 -0.9433697
vn 0.0302713 -0.26055664 -0.9649839
vn 0.0010492712 -0.6278881 -0.77830297
vn -0.019525144 -0.23937592 -0.9707306
vn -0.0009398108 -0.16452816 -0.98637193
vn -0.0064634597 -0.2898884 -0.95703864
vn 0.004518983 -0.43758035 -0.89916795
vn -0.019129116 -0.41473657 -0.90974045
vn 0.09340356 -0.4066781 -0.9087842
vn 0.020633843 -0.1844827 -0.98261917
vn -0.021859013 -0.21502192 -0.97636455
vn -0.019480769 -0.1763412 -0.9841363
vn -0.015011881 -0.15572548 -0.9876863
vn 0.042105105 -0.48344612 -0.8743609
vn 0.02387846 -0.42912766 -0.9029282
vn 0.31270432 -0.28696233 -0.90546596
vn 0.0074042594 -0.16609575 -0.98608184
vn -0.0050095352 -0.4182203 -0.9083318
vn -0.009768962 -0.16697359 -0.985913
vn -0.0119446 -0.15613669 -0.9876632
vn 0.017919535 -0.4582253 -0.8886554
vn -0.011942581 -0.4279986 -0.9037005
vn -0.0022150346 -0.18143155 -0.98340106
vn 0.003970298 -0.42013848 -0.90745133
vn 0.012367495 -0.13186628 -0.9911904
vn 0.021887064 -0.34704292 -0.9375938
vn 0.004665713 -0.43218204 -0.9017743
vn -0.027045278 -0.15473999 -0.98758495
vn 0.0056816884 -0.22490893 -0.9743632
vn -0.016755477 -0.20000999 -0.97965056
vn -0.015696293 -0.4141309 -0.910082
vn -0.011874638 -0.19169413 -0.9813829
vn -0.0038106286 -0.29326427 -0.9560238
vn 0.012050607 -0.35326475 -0.9354458
vn 0.00018473371 -0.27470812 -0.96152765
vn -0.01807821 -0.39229873 -0.9196602
vn 0.016808229 -0.23593137 -0.9716244
vn -0.007948398 -0.31075397 -0.95045716
vn 0.0118667595 -0.27665275 -0.9608967
vn 0.007638967 -0.83812296 -0.54542786
vn -0.01807774 -0.24678527 -0.9689016
vn -0.02098252 -0.21529606 -0.97632337
vn 0.0004068294 -0.28893778 -0.9573478
vn 0.0057134423 -0.43286338 -0.90144145
vn 0.021976529 -0.25923225 -0.96556497
vn -0.0042069615 -0.2487142 -0.9685678
vn -0.030009812 -0.42086583 -0.90662634
vn -0.05437849 -0.3051329 -0.95075595
vn 0.026694024 -0.3136019 -0.9491793
vn -0.031059599 -0.34596848 -0.9377319
vn -0.08161023 -0.3580148 -0.9301426
vn -0.018243263 -0.39758897 -0.91738224
vn -0.053733207 -0.37912765 -0.92378294
vn -0.032986693 -0.3249012 -0.9451725
vn -0.03560235 -0.5531827 -0.8322988
vn -0.0061140493 -0.53696275 -0.8435838
vn -0.015396031 -0.6534527 -0.7568108
vn -0.3005148 -0.69490165 -0.6533013
vn -0.17523478 -0.69342464 -0.6988956
vn 0.000674394 -0.70303506 -0.7111549
vn 0.002283358 -0.767007 -0.6416347
vn -0.06043577 -0.7018698 -0.70973676
vn 0.00847682 -0.8347561 -0.5505547
vn -0.000071246475 -0.84066784 -0.54155105
vn -0.0007970997 -0.82935816 -0.5587168
vn 0.00033459527 -0.7710328 -0.63679534
vn 0.0019930094 -0.9047326 -0.4259753
vn 0.00081085187 -0.89908504 -0.43777326
vn 0.18933623 -0.86911565 -0.45693517
vn 0.1988884 -0.81593883 -0.54285103
vn 0.116077565 -0.9369535 -0.32961223
vn 0.0074642063 -0.94392246 -0.33008274
vn -0.000940183 -0.9448018 -0.32764113
vn 0.09197002 -0.77447665 -0.6258814
vn 0.015543465 -0.83842516 -0.54479504
vn 0.021414084 -0.5342952 -0.8450267
vn 0.0014410646 -0.90649956 -0.42220432
vn -0.013269704 -0.8175192 -0.5757485
vn 0.011533302 -0.42762107 -0.90388453
vn -0.020940175 -0.7873074 -0.616205
vn -0.047633126 -0.33214664 -0.94202423
vn 0.0038458644 -0.90368015 -0.4281908
vn 0.000048739006 -0.89652556 -0.44299206
vn 0.044012535 -0.7607625 -0.64753634
vn 0.005095031 -0.82786584 -0.560903
vn 0.0020326562 -0.8855716 -0.46449843
vn 0.041669756 -0.43767795 -0.8981657
vn 0.0013314657 -0.9468446 -0.32168862
vn -0.0048337085 -0.9492109 -0.31460342
vn -0.0033487726 -0.9483456 -0.31722146
vn 0.002660205 -0.9715264 -0.23691656
vn -0.00027933123 -0.97532034 -0.22079444
vn 0.002683924 -0.99385226 -0.110681675
vn -0.0019863958 -0.9957121 -0.09248506
vn 0.00039139914 -0.9948382 -0.101473555
vn 0.020458275 -0.39775893 -0.91726184
vn -0.01418678 -0.38419515 -0.9231429
vn -0.011986669 -0.8652765 -0.50115156
vn -0.00460241 -0.8319808 -0.5547853
vn 0.015464533 -0.79604375 -0.60504144
vn 0.05771473 -0.47846797 -0.8762063
vn -0.0011904484 -0.878116 -0.4784463
vn 0.0044104853 -0.85053754 -0.5258959
vn -0.0007404957 -0.33835807 -0.94101715
vn -0.001847237 -0.9724454 -0.2331234
vn -0.0023019193 -0.996467 -0.083953604
vn -0.00491945 -0.96777153 -0.25178173
vn -0.00091299135 -0.94553655 -0.32551467
vn 0.043687582 -0.43134305 -0.9011296
vn 0.0004202185 -0.9004126 -0.43503672
vn -0.21415542 -0.46007448 -0.8616664
vn -0.2616888 -0.80088586 -0.5386101
vn -0.002653511 -0.64944017 -0.76040804
vn -0.0049956352 -0.5379277 -0.8429762
vn 0.080418214 -0.560752 -0.82406926
vn 0.1148509 -0.6474002 -0.7534469
vn 0.18201028 -0.6180553 -0.76477444
vn 0.2871343 -0.5686114 -0.7708664
vn 0.24837619 -0.4315543 -0.8672198
vn 0.0010157571 -0.41537878 -0.909648
vn -0.095302604 -0.45559663 -0.88507015
vn 0.114900455 -0.66624856 -0.73682475
vn 0.15664856 -0.65092295 -0.7428059
vn -0.26580104 -0.6713723 -0.6918158
vn -0.4157549 -0.57648724 -0.70342755
vn -0.24966057 -0.63425523 -0.7317034
vn -0.20331612 -0.7338032 -0.6482248
vn -0.31327885 -0.54045 -0.7808778
vn -0.010465096 -0.5560025 -0.8311147
vn 0.0018044815 -0.64852124 -0.7611944
vn 0.11706161 -0.56349206 -0.81778556
vn 0.20082194 -0.6463194 -0.73616695
vn 0.08614967 -0.45607683 -0.8857608
vn 0.31398073 -0.5737217 -0.75647837
vn 0.3409795 -0.6193839 -0.7071751
vn 0.364463 -0.4421974 -0.81952924
vn -0.035049833 -0.45918876 -0.887647
vn -0.2829541 -0.48207325 -0.82918173
vn -0.24252184 -0.7789964 -0.57822806
vn -0.24607389 -0.7620154 -0.59898263
vn 0.27787593 -0.34437963 -0.8967651
vn -0.003350502 -0.3783687 -0.9256489
vn -0.20998214 -0.4012242 -0.8915866
vn -0.00433435 -0.3777139 -0.9259122
vn -0.009046323 -0.3154447 -0.9489008
vn -0.08606879 -0.38438004 -0.91915405
vn -0.0008742954 -0.7043795 -0.7098231
vn 0.0005595085 -0.97260815 -0.23245025
vn -0.0030468528 -0.9940307 -0.109058134
vn -0.002755733 -0.96812 -0.2504717
vn -0.006693442 -0.9930547 -0.11746324
vn 0.003974901 -0.94960433 -0.31342593
vn -0.009699162 -0.9478263 -0.31863964
vn 0.0026068988 -0.32734418 -0.9449016
vn -0.0022837797 -0.9635056 -0.26767835
vn 0.16924326 -0.9496199 -0.26377788
vn -0.011450377 -0.10314094 -0.99460083
vn -0.00042256643 -0.19911315 -0.9799764
vn -0.0021310952 -0.27756506 -0.96070445
vn -0.0036392275 -0.14988798 -0.9886963
vn 0.16853514 -0.1677815 -0.9713111
vn -0.001752055 -0.901962 -0.43181193
vn 0.0042787064 -0.947036 -0.32109886
vn 0.0053827153 -0.9853442 -0.17049325
vn -0.018892532 -0.69856924 -0.71529305
vn 0.0020505935 -0.99993026 -0.011628173
vn -0.00042419523 -0.99971855 -0.023720818
vn -0.0009891565 -0.9028876 -0.4298756
vn -0.008393305 -0.9899572 -0.14111775
vn -0.0043699695 -0.999849 -0.01681919
vn 0.121998586 -0.81026727 -0.57322186
vn -0.014980655 -0.88571274 -0.46399197
vn -0.004892466 -0.8162598 -0.5776642
vn -0.00018362123 -0.8689843 -0.4948396
vn -0.0018953196 -0.8490915 -0.5282424
vn 0.00028380557 -0.94724464 -0.32051125
vn -0.006317186 -0.99310446 -0.11706233
vn -0.000073923264 -0.99995905 -0.009048284
vn 0.0006235915 -0.9489643 -0.31538293
vn -0.16585417 -0.3590247 -0.91847354
vn -0.0028114482 -0.86059 -0.50929064
vn 0.0014100139 -0.9526295 -0.30413002
vn 0.00035417042 -0.94917744 -0.3147413
vn -0.0025728988 -0.95011055 -0.31190273
vn 0.00014376201 -0.9528751 -0.3033629
vn -0.0049064653 -0.96982104 -0.24376854
vn -0.0026050806 -0.94965976 -0.31327224
vn -0.00077158265 -0.9705901 -0.2407368
vn 0.0043813665 -0.99232703 -0.12356321
vn -0.0047483644 -0.8572492 -0.5148799
vn -0.0030917146 -0.9592715 -0.28246877
vn -0.037175644 -0.3512889 -0.93552876
vn -0.08514963 -0.3130646 -0.945907
vn -0.0039808555 -0.90339684 -0.428787
vn -0.00094741816 -0.8565273 -0.5161008
vn 0.0011568149 -0.9130577 -0.40782887
vn 0.0019604845 -0.90881485 -0.41719508
vn 0.00081476383 -0.9202876 -0.39124164
vn 0.0018057094 -0.962083 -0.272751
vn 0.0011331559 -0.9171755 -0.398482
vn 0.0042167944 -0.95554835 -0.29480422
vn -0.10214476 -0.6101385 -0.7856828
vn -0.05051853 -0.71419936 -0.69811684
vn -0.0011820721 -0.89930624 -0.43731785
vn 0.0032331494 -0.9157522 -0.40173072
vn 0.000018719664 -0.9666729 -0.25601456
vn 0.00070620625 -0.9948608 -0.10124917
vn -0.001067723 -0.9934696 -0.11409216
vn -0.005299641 -0.32640123 -0.9452165
vn -0.017367389 -0.4448035 -0.8954598
vn -0.0036868383 -0.25652003 -0.9665319
vn 0.013314839 -0.04989574 -0.9986657
vn -0.0022779964 -0.22524066 -0.9743005
vn 0.04376712 -0.0808961 -0.99576116
vn -0.13348573 -0.13303159 -0.98208153
vn 0.069888555 -0.5667333 -0.82093173
vn -0.0018374233 -0.22778404 -0.97370994
vn 0.029502608 -0.19849546 -0.97965765
vn -0.14790045 -0.63618934 -0.75722426
vn -0.11063677 -0.34339893 -0.9326503
vn -0.024393171 -0.30349973 -0.95251924
vn -0.028015126 -0.33386812 -0.9422034
vn 0.007839184 -0.37905508 -0.9253409
vn 0.016561441 -0.34274948 -0.93928087
vn 0.03799338 -0.44247344 -0.8959764
vn 0.02002298 -0.44760978 -0.89400476
vn 0.0135315005 -0.10859247 -0.99399424
vn -0.008345719 -0.16623122 -0.9860515
vn -0.152367 -0.7750201 -0.6132929
vn -0.22232527 -0.55387026 -0.80237097
vn 0.016629577 -0.16173282 -0.98669446
vn 0.02908169 -0.28186765 -0.95901245
vn 0.10291125 -0.28999525 -0.95147884
vn -0.0014052725 -0.86729777 -0.4977877
vn -0.25379333 -0.5864277 -0.76921487
vn 0.00045696108 -0.9184966 -0.39542854
vn -0.053807687 -0.15690422 -0.9861469
vn 0.00073225406 -0.38095242 -0.92459434
vn 0.0033776476 -0.8041501 -0.59441674
vn -0.0049483445 -0.8025339 -0.596586
vn -0.15386342 -0.25382072 -0.95493513
vn 0.001450286 -0.87359554 -0.4866505
vn -0.0026592107 -0.19295086 -0.9812048
vn -0.16172792 -0.11231786 -0.98042274
vn 0.011138199 -0.7181731 -0.6957754
vn -0.020297205 -0.3442104 -0.93867314
vn 0.048960797 -0.30954742 -0.9496227
vn 0.011353783 -0.30553022 -0.9521147
vn -0.0099972645 -0.8411876 -0.54065096
vn 0.02388739 -0.09240191 -0.99543524
vn 0.008161213 -0.54827225 -0.8362601
vn 0.0075292187 -0.85663223 -0.5158726
vn -0.12638888 -0.61167973 -0.78094417
vn -0.21035771 -0.3433726 -0.9153387
vn -0.012314654 -0.6139762 -0.78922844
vn -0.023515275 -0.24469773 -0.9693142
vn -0.03619375 -0.63992494 -0.76758456
vn -0.0005446278 -0.965845 -0.25912005
vn 0.33966574 -0.6657491 -0.6643835
vn 0.17490925 -0.7227833 -0.66857386
vn 0.28610447 -0.68808174 -0.66684914
vn 0.25293502 -0.6268829 -0.7369136
vn 0.28649107 -0.6293783 -0.72236127
vn 0.30618185 -0.71237123 -0.63149023
vn 0.29777136 -0.79923445 -0.52206945
vn 0.30089277 -0.7881095 -0.53697956
vn 0.2719325 -0.86371076 -0.4243305
vn 0.32064044 -0.8622827 -0.39199272
vn 0.32978854 -0.89400184 -0.30331546
vn 0.28573316 -0.9174204 -0.27694118
vn 0.36868188 -0.86434406 -0.34202778
vn 0.4093578 -0.89191514 -0.19212918
vn 0.3457644 -0.92851925 -0.1352736
vn 0.5387067 -0.7648858 -0.3531923
vn 0.5296723 -0.8136629 -0.23958288
vn 0.36488235 -0.8366093 -0.40858993
vn 0.33899584 -0.7533358 -0.56353086
vn 0.5649564 -0.60086447 -0.5654964
vn 0.5442265 -0.51755655 -0.6602671
vn 0.33313987 -0.51358074 -0.79072917
vn 0.58394015 -0.42475984 -0.6918041
vn 0.5570024 -0.34900936 -0.7536184
vn 0.28205255 -0.39191863 -0.8756975
vn 0.51301146 -0.22901447 -0.8272676
vn 0.31748375 -0.2413759 -0.9170288
vn 0.5601146 -0.08039202 -0.82450515
vn 0.29077715 -0.15650724 -0.9439037
vn 0.48863152 -0.71554554 -0.49923322
vn 0.3281476 -0.27743837 -0.9029657
vn 0.34083703 -0.4028446 -0.84943885
vn -0.0055322093 -0.9919438 -0.12655815
vn 0.22243556 -0.96865565 -0.11058303
vn 0.29509544 -0.54372936 -0.7856698
vn 0.26874828 -0.24080959 -0.93262273
vn -0.011428195 -0.7682769 -0.64001566
vn 0.00307134 -0.83995676 -0.5426446
vn 0.035782 -0.5026747 -0.8637348
vn 0.014317385 -0.23961487 -0.97076243
vn -0.027968371 -0.10954974 -0.99358773
vn -0.0012430652 -0.54624116 -0.83762705
vn 0.0067214333 -0.8972193 -0.44153407
vn -0.0033153896 -0.7994841 -0.60067815
vn -0.008702717 -0.42192715 -0.90658796
vn -0.021847717 -0.44499025 -0.89526886
vn 0 0 0
vn -0.004424929 -0.19829644 -0.9801321
vn 0.009241877 -0.85467404 -0.51908267
vn -0.015042086 -0.8218381 -0.56952256
vn 0.15764795 -0.79355735 -0.58771914
vn 0.17175119 -0.87949383 -0.4438379
vn -0.019659823 -0.29223546 -0.9561443
vn 0.340653 -0.121308714 -0.93233025
vn 0.32147196 -0.18620509 -0.9284306
vn -0.0042784344 -0.90943986 -0.41581345
vn 0.015523764 -0.15859413 -0.98722184
vn -0.32328078 -0.42103004 -0.84748054
vn 0.054124735 -0.20704077 -0.976834
vn -0.21787652 -0.6556982 -0.72290367
vn 0.2624013 -0.6628656 -0.7012523
vn 0.008931061 -0.4661722 -0.8846489
vn 0.012492846 -0.22272621 -0.974801
vn -0.028961986 -0.20783022 -0.97773606
vn -0.02133684 -0.7574353 -0.6525614
vn 0.22296974 -0.29204115 -0.93005186
vn -0.0031297365 -0.4153848 -0.90964043
vn 0.41162235 -0.209747 -0.88688964
vn 0.10282582 -0.72201985 -0.6841887
vn -0.03605945 -0.530275 -0.84705853
vn -0.22183259 -0.913336 -0.3414787
vn 0.06577729 -0.9244629 -0.37555513
vn 0.17375633 -0.83633596 -0.51995283
vn 0.20528118 -0.2520072 -0.94570184
vn -0.0009822248 -0.99980897 -0.019519879
vn -0.2893057 -0.20238696 -0.935597
vn -0.007825716 -0.86576384 -0.5003916
vn -0.05983427 -0.62674165 -0.77692646
vn -0.20074823 -0.7486548 -0.6318356
vn -0.089979045 -0.7547338 -0.6498313
vn -0.035629377 -0.74184436 -0.6696249
vn 0.034596127 -0.29854885 -0.9537671
vn 0.25109056 -0.62803495 -0.7365634
vn -0.19840088 -0.43536854 -0.87811804
vn -0.014160808 -0.2641717 -0.9643717
vn -0.06988483 -0.83660334 -0.5433332
vn -0.15598781 -0.31988472 -0.93452746
vn 0.0013775363 -0.23128153 -0.9728859
vn 0.00020461329 -0.1644797 -0.98638046
vn -0.022650387 -0.45396718 -0.89073044
vn -0.021847717 -0.44499025 -0.89526886
vn 0 0 0
vn -0.4450023 -0.041627478 -0.8945614
vn -0.5273647 -0.19010563 -0.82809806
vn 0 0 0
vn -0.058787696 0.26740706 0.9617887
vn 0 0 0
vn -0.039557412 0.2719811 0.9614892
vn -0.058787696 0.26740706 0.9617887
vn -0.51330984 0.088853896 0.8535912
vn -0.039557412 0.2719811 0.9614892
vn 0 0 0
vn -0.5868773 0.58357143 -0.56126595
vn 0 0 0
vn 0 0 0
vn -0.5868773 0.58357143 -0.56126595
vn 0 0 0
vn 0 0 0
vn -0.058787696 0.26740706 0.9617887
vn 0 0 0
vn 0 0 0
vn -0.058787696 0.26740706 0.9617887
vn 0 0 0
vn 0 0 0
usemtl material_0
f 1/1/1 2/2/2 3/3/3
f 4/4/4 5/5/5 6/6/6 7/7/7
f 4/4/4 7/7/7 6/6/6
f 8/8/8 9/9/9 10/10/10
f 11/11/11 12/12/12 13/13/13
f 14/14/14 15/15/15 16/16/16
f 17/17/17 18/18/18 19/19/19
f 20/20/20 21/21/21 22/22/22
f 23/23/23 24/24/24 25/25/25
f 26/26/26 27/27/27 28/28/28
f 29/29/29 32/32/32 30/30/30 31/31/31
f 33/33/33 34/34/34 35/35/35
f 36/36/36 37/37/37 38/38/38
f 39/39/39 40/40/40 41/41/41
f 42/42/42 45/45/45 43/43/43 44/44/44
f 42/42/42 44/44/44 43/43/43 45/45/45
f 46/46/46 47/47/47 48/48/48
f 49/49/49 50/50/50 51/51/51
f 52/52/52 53/53/53 54/54/54 56/56/56
f 55/55/55 52/52/52 56/56/56 57/57/57
f 58/58/58 57/57/57 56/56/56 80/80/80
f 59/59/59 55/55/55 57/57/57 60/60/60
f 60/60/60 57/57/57 58/58/58 84/84/84
f 61/61/61 59/59/59 60/60/60 63/63/63
f 61/61/61 68/68/68 62/62/62 59/59/59
f 64/64/64 63/63/63 60/60/60 84/84/84
f 61/61/61 63/63/63 65/65/65 66/66/66
f 65/65/65 63/63/63 64/64/64 89/89/89
f 67/67/67 71/71/71 66/66/66 65/65/65
f 69/69/69 70/70/70 71/71/71 67/67/67
f 72/72/72 73/73/73 74/74/74 76/76/76
f 75/75/75 74/74/74 73/73/73 98/98/98
f 77/77/77 76/76/76 74/74/74 111/111/111
f 53/53/53 72/72/72 76/76/76 54/54/54
f 54/54/54 76/76/76 77/77/77 78/78/78
f 79/79/79 78/78/78 77/77/77 113/113/113
f 56/56/56 54/54/54 78/78/78 80/80/80
f 80/80/80 78/78/78 79/79/79 81/81/81
f 58/58/58 80/80/80 81/81/81 82/82/82
f 83/83/83 82/82/82 81/81/81 118/118/118
f 84/84/84 58/58/58 82/82/82 85/85/85
f 86/86/86 85/85/85 82/82/82 83/83/83
f 64/64/64 84/84/84 85/85/85 87/87/87
f 86/86/86 90/90/90 87/87/87 85/85/85
f 88/88/88 89/89/89 64/64/64 87/87/87
f 88/88/88 87/87/87 90/90/90 91/91/91
f 92/92/92 127/127/127 91/91/91 90/90/90
f 93/93/93 88/88/88 91/91/91 94/94/94
f 93/93/93 89/89/89 88/88/88
f 95/95/95 94/94/94 91/91/91 127/127/127
f 93/93/93 96/96/96 97/97/97 89/89/89
f 67/67/67 65/65/65 89/89/89 97/97/97
f 75/75/75 98/98/98 99/99/99 100/100/100
f 100/100/100 99/99/99 101/101/101 104/104/104
f 102/102/102 103/103/103 75/75/75 100/100/100
f 102/102/102 100/100/100 104/104/104 105/105/105
f 102/102/102 105/105/105 106/106/106 107/107/107
f 107/107/107 106/106/106 108/108/108 130/130/130
f 102/102/102 107/107/107 109/109/109 103/103/103
f 107/107/107 130/130/130 110/110/110 109/109/109
f 111/111/111 103/103/103 109/109/109 112/112/112
f 75/75/75 103/103/103 111/111/111 74/74/74
f 112/112/112 109/109/109 110/110/110 114/114/114
f 77/77/77 111/111/111 112/112/112 113/113/113
f 113/113/113 112/112/112 114/114/114 115/115/115
f 79/79/79 113/113/113 115/115/115 116/116/116
f 116/116/116 115/115/115 117/117/117 119/119/119
f 118/118/118 81/81/81 79/79/79 116/116/116
f 118/118/118 116/116/116 119/119/119 120/120/120
f 83/83/83 118/118/118 120/120/120 121/121/121
f 122/122/122 121/121/121 120/120/120 145/145/145
f 86/86/86 83/83/83 121/121/121 123/123/123
f 123/123/123 121/121/121 122/122/122 124/124/124
f 92/92/92 90/90/90 86/86/86 123/123/123
f 92/92/92 123/123/123 124/124/124 125/125/125
f 126/126/126 127/127/127 92/92/92 125/125/125
f 126/126/126 128/128/128 129/129/129 95/95/95
f 126/126/126 95/95/95 127/127/127
f 130/130/130 108/108/108 131/131/131 132/132/132
f 132/132/132 131/131/131 133/133/133 135/135/135
f 110/110/110 130/130/130 132/132/132 134/134/134
f 134/134/134 132/132/132 135/135/135 137/137/137
f 136/136/136 114/114/114 110/110/110 134/134/134
f 136/136/136 134/134/134 137/137/137 138/138/138
f 138/138/138 137/137/137 139/139/139 141/141/141
f 140/140/140 117/117/117 136/136/136 138/138/138
f 140/140/140 138/138/138 141/141/141 142/142/142
f 143/143/143 142/142/142 141/141/141 156/156/156
f 119/119/119 117/117/117 140/140/140 144/144/144
f 146/146/146 135/135/135 133/133/133 147/147/147
f 148/148/148 146/146/146 147/147/147 149/149/149
f 150/150/150 148/148/148 149/149/149 151/151/151
f 152/152/152 153/153/153 148/148/148 150/150/150
f 154/154/154 155/155/155 143/143/143 156/156/156
f 154/154/154 156/156/156 153/153/153 152/152/152
f 156/156/156 141/141/141 139/139/139 153/153/153
f 148/148/148 153/153/153 139/139/139 146/146/146
f 137/137/137 135/135/135 146/146/146 139/139/139
f 136/136/136 117/117/117 115/115/115 114/114/114
f 93/93/93 157/157/157 158/158/158 96/96/96
f 159/159/159 129/129/129 128/128/128 160/160/160
f 159/159/159 160/160/160 161/161/161
f 159/159/159 164/164/164 162/162/162 163/163/163
f 159/159/159 161/161/161 165/165/165 164/164/164
f 69/69/69 67/67/67 97/97/97 166/166/166
f 96/96/96 158/158/158 166/166/166 97/97/97
f 167/167/167 172/172/172 168/168/168 169/169/169
f 170/170/170 167/167/167 169/169/169 171/171/171
f 172/172/172 150/150/150 151/151/151 168/168/168
f 173/173/173 174/174/174 175/175/175 176/176/176
f 176/176/176 175/175/175 177/177/177 178/178/178
f 157/157/157 177/177/177 175/175/175 158/158/158
f 174/174/174 158/158/158 175/175/175
f 179/179/179 173/173/173 176/176/176
f 178/178/178 177/177/177 180/180/180 181/181/181
f 182/182/182 183/183/183 178/178/178 181/181/181
f 184/184/184 183/183/183 182/182/182 185/185/185
f 186/186/186 185/185/185 182/182/182 187/187/187
f 186/186/186 189/189/189 188/188/188 185/185/185
f 182/182/182 181/181/181 190/190/190 187/187/187
f 191/191/191 178/178/178 183/183/183
f 192/192/192 188/188/188 189/189/189
f 193/193/193 196/196/196 194/194/194 195/195/195
f 194/194/194 198/198/198 197/197/197 195/195/195
f 199/199/199 205/205/205 200/200/200 201/201/201
f 199/199/199 202/202/202 203/203/203 205/205/205
f 203/203/203 202/202/202 204/204/204 224/224/224
f 206/206/206 205/205/205 203/203/203 208/208/208
f 200/200/200 205/205/205 206/206/206 196/196/196
f 194/194/194 196/196/196 206/206/206 207/207/207
f 207/207/207 206/206/206 208/208/208 210/210/210
f 194/194/194 207/207/207 209/209/209 198/198/198
f 209/209/209 207/207/207 210/210/210 212/212/212
f 198/198/198 209/209/209 211/211/211 213/213/213
f 211/211/211 209/209/209 212/212/212 237/237/237
f 214/214/214 197/197/197 198/198/198 213/213/213
f 215/215/215 216/216/216 217/217/217 219/219/219
f 218/218/218 215/215/215 219/219/219 220/220/220
f 220/220/220 219/219/219 221/221/221 223/223/223
f 204/204/204 218/218/218 220/220/220 222/222/222
f 222/222/222 220/220/220 223/223/223 226/226/226
f 224/224/224 204/204/204 222/222/222 225/225/225
f 225/225/225 222/222/222 226/226/226 229/229/229
f 227/227/227 224/224/224 225/225/225 228/228/228
f 208/208/208 203/203/203 224/224/224 227/227/227
f 228/228/228 225/225/225 229/229/229 232/232/232
f 230/230/230 227/227/227 228/228/228 231/231/231
f 210/210/210 208/208/208 227/227/227 230/230/230
f 231/231/231 228/228/228 232/232/232 235/235/235
f 233/233/233 230/230/230 231/231/231 234/234/234
f 212/212/212 210/210/210 230/230/230 233/233/233
f 234/234/234 231/231/231 235/235/235 239/239/239
f 236/236/236 233/233/233 234/234/234 238/238/238
f 237/237/237 212/212/212 233/233/233 236/236/236
f 238/238/238 234/234/234 239/239/239 266/266/266
f 240/240/240 236/236/236 238/238/238 241/241/241
f 238/238/238 266/266/266 242/242/242 241/241/241
f 240/240/240 241/241/241 243/243/243 244/244/244
f 243/243/243 241/241/241 242/242/242 268/268/268
f 245/245/245 246/246/246 247/247/247 270/270/270
f 216/216/216 248/248/248 246/246/246 217/217/217
f 217/217/217 246/246/246 245/245/245 249/249/249
f 245/245/245 272/272/272 250/250/250 249/249/249
f 219/219/219 217/217/217 249/249/249 221/221/221
f 221/221/221 249/249/249 250/250/250 251/251/251
f 223/223/223 221/221/221 251/251/251 252/252/252
f 226/226/226 223/223/223 252/252/252 253/253/253
f 226/226/226 253/253/253 254/254/254 229/229/229
f 255/255/255 232/232/232 229/229/229 254/254/254
f 256/256/256 258/258/258 255/255/255 257/257/257
f 259/259/259 261/261/261 258/258/258 256/256/256
f 260/260/260 265/265/265 261/261/261 259/259/259
f 260/260/260 262/262/262 263/263/263 265/265/265
f 264/264/264 267/267/267 263/263/263 262/262/262
f 266/266/266 265/265/265 263/263/263 242/242/242
f 266/266/266 239/239/239 261/261/261 265/265/265
f 239/239/239 235/235/235 258/258/258 261/261/261
f 255/255/255 258/258/258 235/235/235 232/232/232
f 242/242/242 263/263/263 267/267/267 268/268/268
f 269/269/269 270/270/270 271/271/271 273/273/273
f 269/269/269 272/272/272 245/245/245 270/270/270
f 274/274/274 251/251/251 250/250/250 279/279/279
f 275/275/275 252/252/252 251/251/251 274/274/274
f 275/275/275 280/280/280 253/253/253 252/252/252
f 276/276/276 254/254/254 253/253/253 280/280/280
f 277/277/277 278/278/278 272/272/272 269/269/269
f 250/250/250 272/272/272 278/278/278 279/279/279
f 281/281/281 282/282/282 283/283/283 273/273/273
f 277/277/277 269/269/269 273/273/273 283/283/283
f 278/278/278 301/301/301 284/284/284 279/279/279
f 274/274/274 279/279/279 284/284/284 285/285/285
f 285/285/285 284/284/284 286/286/286 307/307/307
f 275/275/275 274/274/274 285/285/285 287/287/287
f 285/285/285 307/307/307 288/288/288 287/287/287
f 275/275/275 287/287/287 289/289/289 280/280/280
f 287/287/287 288/288/288 290/290/290 289/289/289
f 276/276/276 280/280/280 289/289/289 291/291/291
f 291/291/291 289/289/289 290/290/290 292/292/292
f 292/292/292 290/290/290 293/293/293 296/296/296
f 294/294/294 291/291/291 292/292/292 295/295/295
f 295/295/295 292/292/292 296/296/296 297/297/297
f 277/277/277 283/283/283 298/298/298 299/299/299
f 299/299/299 298/298/298 300/300/300 302/302/302
f 277/277/277 299/299/299 301/301/301 278/278/278
f 301/301/301 299/299/299 302/302/302 303/303/303
f 284/284/284 301/301/301 303/303/303 286/286/286
f 286/286/286 303/303/303 304/304/304 305/305/305
f 302/302/302 318/318/318 304/304/304 303/303/303
f 304/304/304 320/320/320 306/306/306 305/305/305
f 307/307/307 286/286/286 305/305/305 308/308/308
f 308/308/308 305/305/305 306/306/306 310/310/310
f 307/307/307 308/308/308 309/309/309 288/288/288
f 309/309/309 308/308/308 310/310/310 312/312/312
f 290/290/290 288/288/288 309/309/309 293/293/293
f 309/309/309 312/312/312 311/311/311 293/293/293
f 296/296/296 293/293/293 311/311/311 313/313/313
f 297/297/297 296/296/296 313/313/313 314/314/314
f 315/315/315 316/316/316 317/317/317 323/323/323
f 302/302/302 300/300/300 316/316/316 318/318/318
f 315/315/315 319/319/319 318/318/318 316/316/316
f 304/304/304 318/318/318 319/319/319 320/320/320
f 321/321/321 322/322/322 323/323/323 317/317/317
f 255/255/255 254/254/254 276/276/276 257/257/257
f 257/257/257 276/276/276 291/291/291 324/324/324
f 256/256/256 257/257/257 324/324/324 325/325/325
f 325/325/325 324/324/324 326/326/326 337/337/337
f 259/259/259 256/256/256 325/325/325 327/327/327
f 325/325/325 337/337/337 328/328/328 327/327/327
f 260/260/260 259/259/259 327/327/327 329/329/329
f 330/330/330 329/329/329 327/327/327 328/328/328
f 260/260/260 329/329/329 331/331/331 262/262/262
f 330/330/330 345/345/345 331/331/331 329/329/329
f 264/264/264 262/262/262 331/331/331 348/348/348
f 332/332/332 361/361/361 333/333/333 334/334/334
f 294/294/294 326/326/326 324/324/324 291/291/291
f 294/294/294 295/295/295 297/297/297 335/335/335
f 294/294/294 335/335/335 336/336/336 326/326/326
f 336/336/336 338/338/338 337/337/337 326/326/326
f 337/337/337 338/338/338 339/339/339 328/328/328
f 340/340/340 328/328/328 339/339/339 341/341/341
f 341/341/341 339/339/339 342/342/342 344/344/344
f 330/330/330 340/340/340 341/341/341 343/343/343
f 343/343/343 341/341/341 344/344/344 352/352/352
f 330/330/330 343/343/343 345/345/345
f 346/346/346 347/347/347 345/345/345 343/343/343
f 347/347/347 348/348/348 331/331/331 345/345/345
f 349/349/349 350/350/350 347/347/347 346/346/346
f 349/349/349 346/346/346 351/351/351 353/353/353
f 346/346/346 343/343/343 352/352/352 351/351/351
f 353/353/353 351/351/351 354/354/354 375/375/375
f 349/349/349 353/353/353 355/355/355 357/357/357
f 353/353/353 375/375/375 356/356/356 355/355/355
f 358/358/358 357/357/357 355/355/355 380/380/380
f 349/349/349 357/357/357 359/359/359 350/350/350
f 360/360/360 359/359/359 357/357/357 358/358/358
f 361/361/361 362/362/362 350/350/350 359/359/359
f 361/361/361 359/359/359 360/360/360 333/333/333
f 363/363/363 333/333/333 360/360/360 365/365/365
f 332/332/332 364/364/364 362/362/362 361/361/361
f 264/264/264 348/348/348 362/362/362 364/364/364
f 362/362/362 348/348/348 347/347/347 350/350/350
f 360/360/360 358/358/358 366/366/366 365/365/365
f 336/336/336 367/367/367 368/368/368 338/338/338
f 338/338/338 368/368/368 342/342/342 339/339/339
f 344/344/344 342/342/342 369/369/369 370/370/370
f 352/352/352 344/344/344 370/370/370 371/371/371
f 371/371/371 370/370/370 372/372/372 374/374/374
f 351/351/351 352/352/352 371/371/371 354/354/354
f 371/371/371 374/374/374 373/373/373 354/354/354
f 375/375/375 354/354/354 373/373/373 376/376/376
f 376/376/376 373/373/373 377/377/377 386/386/386
f 375/375/375 376/376/376 378/378/378 356/356/356
f 376/376/376 386/386/386 379/379/379 378/378/378
f 358/358/358 380/380/380 381/381/381 366/366/366
f 372/372/372 382/382/382 383/383/383 374/374/374
f 382/382/382 390/390/390 384/384/384 383/383/383
f 373/373/373 374/374/374 383/383/383 377/377/377
f 383/383/383 384/384/384 385/385/385 377/377/377
f 386/386/386 377/377/377 385/385/385 387/387/387
f 379/379/379 386/386/386 387/387/387 388/388/388
f 388/388/388 387/387/387 389/389/389 391/391/391
f 392/392/392 335/335/335 297/297/297 314/314/314
f 336/336/336 335/335/335 392/392/392 367/367/367
f 387/387/387 385/385/385 393/393/393 389/389/389
f 394/394/394 396/396/396 384/384/384 395/395/395
f 397/397/397 394/394/394 395/395/395 399/399/399
f 397/397/397 401/401/401 398/398/398 394/394/394
f 400/400/400 397/397/397 399/399/399 402/402/402
f 400/400/400 406/406/406 401/401/401 397/397/397
f 403/403/403 405/405/405 404/404/404 400/400/400
f 406/406/406 400/400/400 404/404/404 407/407/407
f 407/407/407 404/404/404 408/408/408 417/417/417
f 406/406/406 407/407/407 409/409/409 411/411/411
f 407/407/407 417/417/417 410/410/410 409/409/409
f 412/412/412 401/401/401 406/406/406 411/411/411
f 389/389/389 393/393/393 398/398/398 413/413/413
f 412/412/412 413/413/413 398/398/398 401/401/401
f 396/396/396 394/394/394 398/398/398 393/393/393
f 396/396/396 393/393/393 385/385/385 384/384/384
f 405/405/405 414/414/414 408/408/408 404/404/404
f 414/414/414 416/416/416 415/415/415 408/408/408
f 417/417/417 408/408/408 415/415/415 418/418/418
f 418/418/418 415/415/415 419/419/419 426/426/426
f 410/410/410 417/417/417 418/418/418 420/420/420
f 418/418/418 426/426/426 421/421/421 420/420/420
f 422/422/422 430/430/430 423/423/423 424/424/424
f 416/416/416 424/424/424 419/419/419 415/415/415
f 424/424/424 423/423/423 425/425/425 419/419/419
f 426/426/426 419/419/419 425/425/425 427/427/427
f 425/425/425 433/433/433 428/428/428 427/427/427
f 426/426/426 427/427/427 429/429/429 421/421/421
f 429/429/429 427/427/427 428/428/428 439/439/439
f 430/430/430 431/431/431 432/432/432 423/423/423
f 425/425/425 423/423/423 432/432/432 433/433/433
f 433/433/433 432/432/432 434/434/434 436/436/436
f 433/433/433 436/436/436 435/435/435 428/428/428
f 428/428/428 435/435/435 437/437/437 439/439/439
f 438/438/438 437/437/437 435/435/435
f 440/440/440 441/441/441 442/442/442
f 442/442/442 441/441/441 443/443/443 445/445/445
f 440/440/440 442/442/442 444/444/444
f 442/442/442 445/445/445 444/444/444
f 444/444/444 445/445/445 436/436/436 434/434/434
f 438/438/438 435/435/435 436/436/436 445/445/445
f 438/438/438 445/445/445 443/443/443 446/446/446
f 443/443/443 454/454/454 447/447/447 446/446/446
f 448/448/448 446/446/446 449/449/449 450/450/450
f 438/438/438 448/448/448 450/450/450 437/437/437
f 451/451/451 454/454/454 452/452/452 453/453/453
f 451/451/451 453/453/453 455/455/455 456/456/456
f 455/455/455 463/463/463 457/457/457 456/456/456
f 451/451/451 456/456/456 458/458/458
f 458/458/458 456/456/456 459/459/459 460/460/460
f 451/451/451 458/458/458 460/460/460 447/447/447
f 447/447/447 460/460/460 461/461/461 462/462/462
f 451/451/451 447/447/447 454/454/454
f 443/443/443 441/441/441 452/452/452 454/454/454
f 461/461/461 460/460/460 459/459/459 472/472/472
f 449/449/449 446/446/446 447/447/447 462/462/462
f 463/463/463 465/465/465 464/464/464 457/457/457
f 466/466/466 457/457/457 464/464/464 467/467/467
f 456/456/456 457/457/457 466/466/466 459/459/459
f 464/464/464 473/473/473 468/468/468 467/467/467
f 466/466/466 467/467/467 469/469/469 471/471/471
f 470/470/470 469/469/469 467/467/467 468/468/468
f 472/472/472 459/459/459 466/466/466 471/471/471
f 431/431/431 474/474/474 434/434/434 432/432/432
f 440/440/440 444/444/444 434/434/434 474/474/474
f 475/475/475 464/464/464 465/465/465 476/476/476
f 477/477/477 497/497/497 478/478/478 479/479/479
f 480/480/480 479/479/479 478/478/478 512/512/512
f 481/481/481 484/484/484 482/482/482 483/483/483
f 485/485/485 486/486/486 487/487/487 489/489/489
f 486/486/486 516/516/516 488/488/488 487/487/487
f 487/487/487 502/502/502 490/490/490 489/489/489
f 485/485/485 489/489/489 491/491/491 493/493/493
f 489/489/489 490/490/490 492/492/492 491/491/491
f 493/493/493 491/491/491 494/494/494 496/496/496
f 495/495/495 497/497/497 494/494/494 491/491/491
f 477/477/477 496/496/496 494/494/494 497/497/497
f 498/498/498 499/499/499 478/478/478 497/497/497
f 498/498/498 497/497/497 495/495/495
f 500/500/500 501/501/501 492/492/492 490/490/490
f 500/500/500 490/490/490 502/502/502 503/503/503
f 504/504/504 522/522/522 503/503/503 502/502/502
f 500/500/500 503/503/503 505/505/505 507/507/507
f 503/503/503 522/522/522 506/506/506 505/505/505
f 505/505/505 528/528/528 508/508/508 507/507/507
f 500/500/500 507/507/507 509/509/509
f 510/510/510 509/509/509 507/507/507 533/533/533
f 511/511/511 499/499/499 509/509/509 510/510/510
f 478/478/478 499/499/499 511/511/511 512/512/512
f 482/482/482 484/484/484 513/513/513 514/514/514
f 514/514/514 513/513/513 515/515/515 516/516/516
f 516/516/516 515/515/515 517/517/517 488/488/488
f 488/488/488 517/517/517 518/518/518 504/504/504
f 519/519/519 521/521/521 518/518/518 517/517/517
f 504/504/504 518/518/518 520/520/520 522/522/522
f 487/487/487 488/488/488 504/504/504 502/502/502
f 521/521/521 537/537/537 520/520/520 518/518/518
f 522/522/522 520/520/520 523/523/523 506/506/506
f 506/506/506 523/523/523 524/524/524 526/526/526
f 523/523/523 539/539/539 525/525/525 524/524/524
f 526/526/526 524/524/524 527/527/527 548/548/548
f 505/505/505 506/506/506 526/526/526 528/528/528
f 526/526/526 548/548/548 529/529/529 528/528/528
f 508/508/508 528/528/528 529/529/529 530/530/530
f 529/529/529 550/550/550 531/531/531 530/530/530
f 532/532/532 508/508/508 530/530/530 534/534/534
f 533/533/533 507/507/507 508/508/508 532/532/532
f 534/534/534 530/530/530 531/531/531 554/554/554
f 535/535/535 519/519/519 517/517/517 515/515/515
f 536/536/536 538/538/538 537/537/537 521/521/521
f 537/537/537 539/539/539 523/523/523 520/520/520
f 537/537/537 538/538/538 540/540/540 539/539/539
f 540/540/540 541/541/541 525/525/525 539/539/539
f 540/540/540 558/558/558 542/542/542 541/541/541
f 541/541/541 544/544/544 543/543/543 525/525/525
f 524/524/524 525/525/525 543/543/543 527/527/527
f 527/527/527 543/543/543 545/545/545 546/546/546
f 544/544/544 562/562/562 545/545/545 543/543/543
f 547/547/547 546/546/546 545/545/545 564/564/564
f 548/548/548 527/527/527 546/546/546 549/549/549
f 549/549/549 546/546/546 547/547/547 566/566/566
f 548/548/548 549/549/549 550/550/550 529/529/529
f 549/549/549 566/566/566 551/551/551 550/550/550
f 531/531/531 550/550/550 551/551/551 552/552/552
f 531/531/531 552/552/552 553/553/553 554/554/554
f 555/555/555 556/556/556 557/557/557 558/558/558
f 555/555/555 558/558/558 540/540/540 538/538/538
f 559/559/559 567/567/567 560/560/560 561/561/561
f 542/542/542 561/561/561 544/544/544 541/541/541
f 561/561/561 560/560/560 562/562/562 544/544/544
f 563/563/563 564/564/564 545/545/545 562/562/562
f 560/560/560 565/565/565 563/563/563 562/562/562
f 495/495/495 491/491/491 492/492/492 501/501/501
f 568/568/568 575/575/575 569/569/569 570/570/570
f 571/571/571 570/570/570 569/569/569 572/572/572
f 573/573/573 582/582/582 572/572/572 569/569/569
f 574/574/574 576/576/576 575/575/575 568/568/568
f 573/573/573 569/569/569 575/575/575 577/577/577
f 577/577/577 575/575/575 576/576/576 588/588/588
f 573/573/573 577/577/577 578/578/578 580/580/580
f 577/577/577 588/588/588 579/579/579 578/578/578
f 573/573/573 580/580/580 581/581/581 582/582/582
f 583/583/583 584/584/584 585/585/585 587/587/587
f 574/574/574 586/586/586 583/583/583 576/576/576
f 576/576/576 583/583/583 587/587/587 588/588/588
f 588/588/588 587/587/587 589/589/589 579/579/579
f 589/589/589 591/591/591 590/590/590 579/579/579
f 578/578/578 579/579/579 590/590/590 592/592/592
f 592/592/592 590/590/590 496/496/496 477/477/477
f 483/483/483 482/482/482 593/593/593 595/595/595
f 482/482/482 514/514/514 594/594/594 593/593/593
f 595/595/595 593/593/593 596/596/596 585/585/585
f 593/593/593 594/594/594 597/597/597 596/596/596
f 585/585/585 596/596/596 589/589/589 587/587/587
f 589/589/589 596/596/596 597/597/597 591/591/591
f 485/485/485 493/493/493 591/591/591 597/597/597
f 594/594/594 486/486/486 485/485/485 597/597/597
f 514/514/514 516/516/516 486/486/486 594/594/594
f 493/493/493 496/496/496 590/590/590 591/591/591
f 483/483/483 595/595/595 598/598/598 599/599/599
f 595/595/595 585/585/585 584/584/584 598/598/598
f 600/600/600 606/606/606 601/601/601 602/602/602
f 601/601/601 604/604/604 603/603/603 602/602/602
f 603/603/603 604/604/604 481/481/481 605/605/605
f 481/481/481 483/483/483 599/599/599 605/605/605
f 607/607/607 629/629/629 608/608/608 609/609/609
f 610/610/610 613/613/613 611/611/611 608/608/608
f 612/612/612 611/611/611 613/613/613
f 612/612/612 613/613/613 614/614/614 615/615/615
f 610/610/610 615/615/615 614/614/614 613/613/613
f 610/610/610 616/616/616 615/615/615
f 578/578/578 592/592/592 617/617/617 580/580/580
f 580/580/580 617/617/617 618/618/618 581/581/581
f 582/582/582 581/581/581 619/619/619 621/621/621
f 582/582/582 621/621/621 620/620/620 572/572/572
f 620/620/620 621/621/621 622/622/622 623/623/623
f 622/622/622 621/621/621 619/619/619 624/624/624
f 607/607/607 609/609/609 623/623/623 622/622/622
f 607/607/607 622/622/622 624/624/624 625/625/625
f 625/625/625 624/624/624 626/626/626 632/632/632
f 607/607/607 625/625/625 627/627/627 629/629/629
f 625/625/625 632/632/632 628/628/628 627/627/627
f 610/610/610 629/629/629 627/627/627 616/616/616
f 610/610/610 608/608/608 629/629/629
f 630/630/630 616/616/616 627/627/627 628/628/628
f 630/630/630 628/628/628 631/631/631 633/633/633
f 632/632/632 637/637/637 631/631/631 628/628/628
f 617/617/617 592/592/592 477/477/477 479/479/479
f 618/618/618 617/617/617 479/479/479 480/480/480
f 618/618/618 480/480/480 634/634/634 635/635/635
f 626/626/626 635/635/635 634/634/634 636/636/636
f 619/619/619 581/581/581 618/618/618 635/635/635
f 619/619/619 635/635/635 626/626/626 624/624/624
f 632/632/632 626/626/626 636/636/636 637/637/637
f 630/630/630 633/633/633 638/638/638 639/639/639
f 640/640/640 639/639/639 638/638/638
f 638/638/638 641/641/641 640/640/640
f 638/638/638 633/633/633 642/642/642 641/641/641
f 612/612/612 644/644/644 643/643/643 611/611/611
f 612/612/612 615/615/615 616/616/616 645/645/645
f 630/630/630 646/646/646 645/645/645 616/616/616
f 612/612/612 645/645/645 644/644/644
f 630/630/630 639/639/639 646/646/646
f 639/639/639 649/649/649 647/647/647 646/646/646
f 645/645/645 646/646/646 647/647/647 648/648/648
f 649/649/649 651/651/651 650/650/650 647/647/647
f 652/652/652 666/666/666 653/653/653 654/654/654
f 655/655/655 653/653/653 656/656/656 673/673/673
f 655/655/655 673/673/673 657/657/657 658/658/658
f 480/480/480 512/512/512 659/659/659 634/634/634
f 634/634/634 659/659/659 660/660/660 636/636/636
f 636/636/636 660/660/660 661/661/661 637/637/637
f 660/660/660 678/678/678 662/662/662 661/661/661
f 662/662/662 678/678/678 663/663/663 664/664/664
f 652/652/652 664/664/664 665/665/665 666/666/666
f 663/663/663 679/679/679 665/665/665 664/664/664
f 665/665/665 669/669/669 667/667/667 666/666/666
f 653/653/653 666/666/666 667/667/667 656/656/656
f 656/656/656 667/667/667 668/668/668 670/670/670
f 669/669/669 681/681/681 668/668/668 667/667/667
f 668/668/668 684/684/684 671/671/671 670/670/670
f 656/656/656 670/670/670 672/672/672 673/673/673
f 672/672/672 670/670/670 671/671/671 688/688/688
f 673/673/673 672/672/672 674/674/674 657/657/657
f 675/675/675 511/511/511 510/510/510 676/676/676
f 675/675/675 659/659/659 512/512/512 511/511/511
f 676/676/676 510/510/510 533/533/533 677/677/677
f 675/675/675 676/676/676 663/663/663 678/678/678
f 663/663/663 676/676/676 677/677/677 679/679/679
f 660/660/660 659/659/659 675/675/675 678/678/678
f 677/677/677 691/691/691 680/680/680 679/679/679
f 665/665/665 679/679/679 680/680/680 669/669/669
f 680/680/680 682/682/682 681/681/681 669/669/669
f 668/668/668 681/681/681 683/683/683 684/684/684
f 682/682/682 694/694/694 683/683/683 681/681/681
f 685/685/685 684/684/684 683/683/683 696/696/696
f 671/671/671 684/684/684 685/685/685 686/686/686
f 671/671/671 686/686/686 687/687/687 688/688/688
f 688/688/688 687/687/687 689/689/689 690/690/690
f 672/672/672 688/688/688 690/690/690 674/674/674
f 691/691/691 532/532/532 534/534/534 692/692/692
f 677/677/677 533/533/533 532/532/532 691/691/691
f 534/534/534 554/554/554 693/693/693 692/692/692
f 680/680/680 691/691/691 692/692/692 682/682/682
f 692/692/692 693/693/693 694/694/694 682/682/682
f 695/695/695 696/696/696 683/683/683 694/694/694
f 695/695/695 694/694/694 693/693/693 697/697/697
f 553/553/553 697/697/697 693/693/693 554/554/554
f 698/698/698 696/696/696 695/695/695 699/699/699
f 698/698/698 685/685/685 696/696/696
f 500/500/500 509/509/509 499/499/499 498/498/498
f 698/698/698 701/701/701 700/700/700 685/685/685
f 702/702/702 704/704/704 703/703/703 699/699/699
f 698/698/698 699/699/699 703/703/703 705/705/705
f 703/703/703 704/704/704 706/706/706
f 698/698/698 705/705/705 707/707/707 700/700/700
f 698/698/698 700/700/700 701/701/701
f 708/708/708 709/709/709 710/710/710
f 709/709/709 712/712/712 708/708/708 711/711/711
f 713/713/713 714/714/714 715/715/715
f 713/713/713 716/716/716 715/715/715 717/717/717
f 718/718/718 719/719/719 720/720/720
f 718/718/718 721/721/721 720/720/720 722/722/722
f 723/723/723 724/724/724 725/725/725 726/726/726
f 725/725/725 735/735/735 727/727/727 726/726/726
f 728/728/728 723/723/723 726/726/726 729/729/729
f 726/726/726 727/727/727 730/730/730 729/729/729
f 728/728/728 729/729/729 731/731/731 733/733/733
f 729/729/729 730/730/730 732/732/732 731/731/731
f 733/733/733 731/731/731 734/734/734 746/746/746
f 735/735/735 736/736/736 737/737/737 727/727/727
f 736/736/736 750/750/750 738/738/738 737/737/737
f 727/727/727 737/737/737 739/739/739 730/730/730
f 737/737/737 738/738/738 740/740/740 739/739/739
f 730/730/730 739/739/739 741/741/741 732/732/732
f 739/739/739 740/740/740 742/742/742 741/741/741
f 732/732/732 741/741/741 743/743/743 745/745/745
f 741/741/741 742/742/742 744/744/744 743/743/743
f 731/731/731 732/732/732 745/745/745 734/734/734
f 747/747/747 748/748/748 749/749/749 772/772/772
f 738/738/738 750/750/750 751/751/751 752/752/752
f 753/753/753 755/755/755 752/752/752 751/751/751
f 738/738/738 752/752/752 754/754/754 740/740/740
f 754/754/754 752/752/752 755/755/755 777/777/777
f 740/740/740 754/754/754 756/756/756 742/742/742
f 754/754/754 777/777/777 757/757/757 756/756/756
f 742/742/742 756/756/756 758/758/758 744/744/744
f 756/756/756 757/757/757 759/759/759 758/758/758
f 744/744/744 758/758/758 760/760/760 762/762/762
f 758/758/758 759/759/759 761/761/761 760/760/760
f 763/763/763 772/772/772 749/749/749 764/764/764
f 765/765/765 766/766/766 767/767/767 769/769/769
f 763/763/763 765/765/765 768/768/768 770/770/770
f 765/765/765 769/769/769 768/768/768
f 770/770/770 768/768/768 771/771/771 802/802/802
f 763/763/763 770/770/770 772/772/772
f 773/773/773 772/772/772 770/770/770 774/774/774
f 747/747/747 772/772/772 773/773/773
f 747/747/747 773/773/773 774/774/774 755/755/755
f 755/755/755 774/774/774 775/775/775 777/777/777
f 747/747/747 755/755/755 753/753/753
f 747/747/747 753/753/753 776/776/776 748/748/748
f 770/770/770 802/802/802 775/775/775 774/774/774
f 757/757/757 777/777/777 775/775/775 778/778/778
f 775/775/775 802/802/802 779/779/779 778/778/778
f 757/757/757 778/778/778 780/780/780 759/759/759
f 781/781/781 809/809/809 780/780/780 778/778/778
f 759/759/759 780/780/780 782/782/782 761/761/761
f 780/780/780 809/809/809 783/783/783 782/782/782
f 761/761/761 782/782/782 784/784/784 786/786/786
f 782/782/782 783/783/783 785/785/785 784/784/784
f 786/786/786 784/784/784 787/787/787 822/822/822
f 760/760/760 761/761/761 786/786/786 788/788/788
f 789/789/789 790/790/790 791/791/791 792/792/792
f 793/793/793 792/792/792 791/791/791 795/795/795
f 792/792/792 793/793/793 794/794/794
f 795/795/795 791/791/791 796/796/796 798/798/798
f 793/793/793 795/795/795 797/797/797 769/769/769
f 797/797/797 795/795/795 798/798/798 800/800/800
f 769/769/769 797/797/797 771/771/771 768/768/768
f 793/793/793 769/769/769 767/767/767
f 797/797/797 800/800/800 799/799/799 771/771/771
f 771/771/771 799/799/799 779/779/779 802/802/802
f 801/801/801 779/779/779 799/799/799 803/803/803
f 803/803/803 799/799/799 800/800/800 829/829/829
f 801/801/801 803/803/803 804/804/804 806/806/806
f 803/803/803 805/805/805 804/804/804
f 804/804/804 805/805/805 807/807/807 806/806/806
f 801/801/801 806/806/806 808/808/808 809/809/809
f 801/801/801 809/809/809 781/781/781
f 806/806/806 810/810/810 783/783/783 809/809/809
f 806/806/806 807/807/807 811/811/811 810/810/810
f 783/783/783 810/810/810 812/812/812 785/785/785
f 812/812/812 810/810/810 811/811/811 837/837/837
f 785/785/785 812/812/812 813/813/813 815/815/815
f 812/812/812 837/837/837 814/814/814 813/813/813
f 815/815/815 813/813/813 816/816/816 817/817/817
f 784/784/784 785/785/785 815/815/815 787/787/787
f 787/787/787 815/815/815 817/817/817 818/818/818
f 818/818/818 817/817/817 819/819/819 821/821/821
f 820/820/820 818/818/818 821/821/821 823/823/823
f 824/824/824 825/825/825 826/826/826 796/796/796
f 790/790/790 824/824/824 796/796/796 791/791/791
f 798/798/798 796/796/796 826/826/826 827/827/827
f 826/826/826 869/869/869 828/828/828 827/827/827
f 798/798/798 827/827/827 829/829/829 800/800/800
f 827/827/827 828/828/828 830/830/830 829/829/829
f 829/829/829 830/830/830 831/831/831 832/832/832
f 803/803/803 832/832/832 831/831/831 833/833/833
f 834/834/834 836/836/836 833/833/833 831/831/831
f 803/803/803 833/833/833 835/835/835 805/805/805
f 835/835/835 833/833/833 836/836/836 838/838/838
f 805/805/805 835/835/835 811/811/811 807/807/807
f 835/835/835 838/838/838 837/837/837 811/811/811
f 839/839/839 814/814/814 837/837/837 838/838/838
f 839/839/839 844/844/844 840/840/840 814/814/814
f 836/836/836 841/841/841 839/839/839 838/838/838
f 834/834/834 872/872/872 841/841/841 836/836/836
f 839/839/839 841/841/841 842/842/842 844/844/844
f 841/841/841 872/872/872 843/843/843 842/842/842
f 845/845/845 846/846/846 844/844/844 842/842/842
f 840/840/840 844/844/844 846/846/846 847/847/847
f 847/847/847 846/846/846 848/848/848 851/851/851
f 849/849/849 816/816/816 840/840/840 847/847/847
f 850/850/850 849/849/849 847/847/847 851/851/851
f 850/850/850 858/858/858 819/819/819 849/849/849
f 850/850/850 851/851/851 852/852/852 854/854/854
f 851/851/851 848/848/848 853/853/853 852/852/852
f 854/854/854 852/852/852 855/855/855 888/888/888
f 850/850/850 854/854/854 856/856/856 858/858/858
f 857/857/857 856/856/856 854/854/854 888/888/888
f 857/857/857 858/858/858 856/856/856
f 821/821/821 819/819/819 858/858/858 859/859/859
f 857/857/857 861/861/861 859/859/859 858/858/858
f 823/823/823 821/821/821 859/859/859 860/860/860
f 860/860/860 859/859/859 861/861/861 862/862/862
f 863/863/863 864/864/864 865/865/865 866/866/866
f 867/867/867 866/866/866 865/865/865 873/873/873
f 868/868/868 863/863/863 866/866/866 869/869/869
f 869/869/869 866/866/866 867/867/867 828/828/828
f 825/825/825 868/868/868 869/869/869 826/826/826
f 828/828/828 867/867/867 870/870/870 830/830/830
f 867/867/867 873/873/873 871/871/871 870/870/870
f 830/830/830 870/870/870 834/834/834 831/831/831
f 834/834/834 870/870/870 871/871/871 872/872/872
f 873/873/873 890/890/890 874/874/874 871/871/871
f 845/845/845 842/842/842 843/843/843 875/875/875
f 876/876/876 878/878/878 875/875/875 877/877/877
f 876/876/876 877/877/877 879/879/879 880/880/880
f 881/881/881 876/876/876 880/880/880 882/882/882
f 845/845/845 878/878/878 876/876/876 881/881/881
f 881/881/881 882/882/882 883/883/883 885/885/885
f 883/883/883 882/882/882 884/884/884 886/886/886
f 848/848/848 885/885/885 883/883/883 853/853/853
f 845/845/845 881/881/881 885/885/885
f 845/845/845 885/885/885 848/848/848 846/846/846
f 853/853/853 883/883/883 886/886/886 887/887/887
f 857/857/857 888/888/888 889/889/889
f 819/819/819 817/817/817 816/816/816 849/849/849
f 813/813/813 814/814/814 840/840/840 816/816/816
f 781/781/781 778/778/778 779/779/779
f 891/891/891 879/879/879 877/877/877 892/892/892
f 801/801/801 893/893/893 781/781/781 779/779/779
f 763/763/763 794/794/794 766/766/766 765/765/765
f 767/767/767 766/766/766 794/794/794
f 793/793/793 767/767/767 794/794/794
f 894/894/894 895/895/895 896/896/896 897/897/897
f 898/898/898 897/897/897 896/896/896 903/903/903
f 899/899/899 900/900/900 894/894/894 897/897/897
f 899/899/899 897/897/897 898/898/898 901/901/901
f 902/902/902 901/901/901 898/898/898 905/905/905
f 898/898/898 903/903/903 904/904/904 905/905/905
f 905/905/905 904/904/904 906/906/906 907/907/907
f 902/902/902 905/905/905 907/907/907 908/908/908
f 908/908/908 907/907/907 909/909/909 911/911/911
f 909/909/909 907/907/907 906/906/906 910/910/910
f 911/911/911 909/909/909 912/912/912 913/913/913
f 914/914/914 895/895/895 894/894/894
f 914/914/914 894/894/894 900/900/900
f 915/915/915 916/916/916 917/917/917 921/921/921
f 918/918/918 919/919/919 920/920/920 900/900/900
f 915/915/915 921/921/921 922/922/922 920/920/920
f 914/914/914 900/900/900 920/920/920 922/922/922
f 923/923/923 899/899/899 901/901/901 924/924/924
f 923/923/923 918/918/918 900/900/900 899/899/899
f 902/902/902 927/927/927 924/924/924 901/901/901
f 902/902/902 908/908/908 925/925/925 927/927/927
f 908/908/908 911/911/911 926/926/926 925/925/925
f 928/928/928 926/926/926 911/911/911 913/913/913
f 928/928/928 913/913/913 891/891/891 892/892/892
f 929/929/929 930/930/930 919/919/919
f 929/929/929 919/919/919 918/918/918 931/931/931
f 932/932/932 931/931/931 918/918/918 923/923/923
f 932/932/932 923/923/923 924/924/924 933/933/933
f 929/929/929 931/931/931 934/934/934 935/935/935
f 932/932/932 936/936/936 934/934/934 931/931/931
f 935/935/935 934/934/934 937/937/937 938/938/938
f 937/937/937 934/934/934 936/936/936 939/939/939
f 915/915/915 920/920/920 919/919/919 930/930/930
f 933/933/933 924/924/924 927/927/927 940/940/940
f 940/940/940 927/927/927 925/925/925 941/941/941
f 942/942/942 943/943/943 940/940/940 941/941/941
f 944/944/944 943/943/943 942/942/942 864/864/864
f 942/942/942 945/945/945 865/865/865 864/864/864
f 873/873/873 865/865/865 945/945/945 890/890/890
f 945/945/945 955/955/955 946/946/946 890/890/890
f 890/890/890 946/946/946 947/947/947 874/874/874
f 928/928/928 892/892/892 947/947/947 946/946/946
f 875/875/875 843/843/843 874/874/874 947/947/947
f 875/875/875 947/947/947 892/892/892 877/877/877
f 948/948/948 944/944/944 864/864/864 863/863/863
f 949/949/949 956/956/956 944/944/944 948/948/948
f 950/950/950 949/949/949 948/948/948 954/954/954
f 951/951/951 952/952/952 949/949/949 950/950/950
f 953/953/953 957/957/957 952/952/952 951/951/951
f 954/954/954 948/948/948 863/863/863 868/868/868
f 942/942/942 941/941/941 955/955/955 945/945/945
f 928/928/928 946/946/946 955/955/955 926/926/926
f 956/956/956 958/958/958 943/943/943 944/944/944
f 952/952/952 939/939/939 956/956/956 949/949/949
f 941/941/941 925/925/925 926/926/926 955/955/955
f 957/957/957 937/937/937 939/939/939 952/952/952
f 932/932/932 933/933/933 958/958/958 936/936/936
f 939/939/939 936/936/936 958/958/958 956/956/956
f 958/958/958 933/933/933 940/940/940 943/943/943
f 959/959/959 935/935/935 938/938/938 960/960/960
f 961/961/961 954/954/954 868/868/868 825/825/825
f 962/962/962 950/950/950 954/954/954 961/961/961
f 871/871/871 874/874/874 843/843/843 872/872/872
f 963/963/963 938/938/938 937/937/937 957/957/957
f 963/963/963 957/957/957 953/953/953 964/964/964
f 965/965/965 966/966/966 967/967/967 968/968/968
f 969/969/969 965/965/965 968/968/968 970/970/970
f 970/970/970 968/968/968 971/971/971 972/972/972
f 973/973/973 970/970/970 972/972/972 974/974/974
f 975/975/975 973/973/973 974/974/974 976/976/976
f 975/975/975 976/976/976 977/977/977 978/978/978
f 979/979/979 980/980/980 975/975/975 978/978/978
f 980/980/980 994/994/994 973/973/973 975/975/975
f 977/977/977 976/976/976 981/981/981 982/982/982
f 981/981/981 984/984/984 983/983/983 982/982/982
f 983/983/983 984/984/984 985/985/985 986/986/986
f 986/986/986 985/985/985 987/987/987 988/988/988
f 988/988/988 987/987/987 989/989/989 990/990/990
f 991/991/991 984/984/984 981/981/981 1006/1006/1006
f 991/991/991 992/992/992 985/985/985 984/984/984
f 993/993/993 988/988/988 990/990/990
f 994/994/994 969/969/969 970/970/970 973/973/973
f 972/972/972 971/971/971 995/995/995 1030/1030/1030
f 971/971/971 1007/1007/1007 996/996/996 995/995/995
f 995/995/995 996/996/996 997/997/997 998/998/998
f 999/999/999 1030/1030/1030 995/995/995 998/998/998
f 999/999/999 998/998/998 1000/1000/1000 1028/1028/1028
f 996/996/996 1002/1002/1002 1001/1001/1001 997/997/997
f 997/997/997 1001/1001/1001 1003/1003/1003 1005/1005/1005
f 1001/1001/1001 1004/1004/1004 964/964/964 1003/1003/1003
f 998/998/998 997/997/997 1005/1005/1005 1000/1000/1000
f 976/976/976 974/974/974 1006/1006/1006 981/981/981
f 968/968/968 967/967/967 1007/1007/1007 971/971/971
f 1007/1007/1007 1009/1009/1009 1002/1002/1002 996/996/996
f 1008/1008/1008 993/993/993 990/990/990
f 967/967/967 1010/1010/1010 1009/1009/1009 1007/1007/1007
f 1011/1011/1011 1000/1000/1000 1005/1005/1005 1012/1012/1012
f 1011/1011/1011 1012/1012/1012 1013/1013/1013 1014/1014/1014
f 1014/1014/1014 1013/1013/1013 1015/1015/1015 1016/1016/1016
f 1016/1016/1016 1015/1015/1015 1017/1017/1017 1018/1018/1018
f 790/790/790 1018/1018/1018 1017/1017/1017 824/824/824
f 1017/1017/1017 961/961/961 825/825/825 824/824/824
f 1019/1019/1019 1014/1014/1014 1016/1016/1016 1020/1020/1020
f 1015/1015/1015 962/962/962 961/961/961 1017/1017/1017
f 1020/1020/1020 1016/1016/1016 1018/1018/1018 790/790/790
f 1013/1013/1013 1022/1022/1022 962/962/962 1015/1015/1015
f 1021/1021/1021 1011/1011/1011 1014/1014/1014 1019/1019/1019
f 1012/1012/1012 1027/1027/1027 1022/1022/1022 1013/1013/1013
f 1023/1023/1023 1020/1020/1020 790/790/790 789/789/789
f 1024/1024/1024 1025/1025/1025 1019/1019/1019 1020/1020/1020
f 1024/1024/1024 1020/1020/1020 1023/1023/1023 1026/1026/1026
f 1027/1027/1027 1003/1003/1003 964/964/964 953/953/953
f 1005/1005/1005 1003/1003/1003 1027/1027/1027 1012/1012/1012
f 1022/1022/1022 951/951/951 950/950/950 962/962/962
f 991/991/991 999/999/999 1028/1028/1028 992/992/992
f 1028/1028/1028 1000/1000/1000 1011/1011/1011 1021/1021/1021
f 1029/1029/1029 987/987/987 985/985/985 992/992/992
f 1029/1029/1029 1025/1025/1025 989/989/989 987/987/987
f 1029/1029/1029 1031/1031/1031 1021/1021/1021 1019/1019/1019
f 1029/1029/1029 1019/1019/1019 1025/1025/1025
f 1027/1027/1027 953/953/953 951/951/951 1022/1022/1022
f 974/974/974 972/972/972 1030/1030/1030 1006/1006/1006
f 991/991/991 1006/1006/1006 1030/1030/1030 999/999/999
f 1031/1031/1031 992/992/992 1028/1028/1028 1021/1021/1021
f 1024/1024/1024 989/989/989 1025/1025/1025
f 1032/1032/1032 1033/1033/1033 1034/1034/1034
f 1032/1032/1032 1034/1034/1034 749/749/749 748/748/748
f 1035/1035/1035 764/764/764 749/749/749 1034/1034/1034
f 1032/1032/1032 748/748/748 1036/1036/1036
f 1036/1036/1036 748/748/748 776/776/776 1037/1037/1037
f 1032/1032/1032 1036/1036/1036 1037/1037/1037 1038/1038/1038
f 1038/1038/1038 1037/1037/1037 776/776/776 1039/1039/1039
f 1040/1040/1040 1038/1038/1038 1039/1039/1039 1041/1041/1041
f 1042/1042/1042 1035/1035/1035 1043/1043/1043
f 1042/1042/1042 1044/1044/1044 764/764/764 1035/1035/1035
f 1043/1043/1043 1044/1044/1044 1042/1042/1042
f 1043/1043/1043 764/764/764 1044/1044/1044
f 1008/1008/1008 990/990/990 989/989/989 1043/1043/1043
f 1008/1008/1008 1043/1043/1043 1035/1035/1035
f 1008/1008/1008 1045/1045/1045 1035/1035/1035 1034/1034/1034
f 1024/1024/1024 1023/1023/1023 1043/1043/1043 989/989/989
f 1043/1043/1043 1046/1046/1046 764/764/764
f 1043/1043/1043 1023/1023/1023 1046/1046/1046
f 763/763/763 764/764/764 1046/1046/1046 794/794/794
f 1047/1047/1047 1048/1048/1048 1049/1049/1049
f 1050/1050/1050 1051/1051/1051 1049/1049/1049
f 1051/1051/1051 1047/1047/1047 1049/1049/1049
f 1052/1052/1052 1053/1053/1053 1054/1054/1054 1056/1056/1056
f 1055/1055/1055 1056/1056/1056 1054/1054/1054 1053/1053/1053
f 1057/1057/1057 1058/1058/1058 1059/1059/1059 1060/1060/1060
f 1061/1061/1061 1064/1064/1064 1062/1062/1062 1063/1063/1063
f 1065/1065/1065 1066/1066/1066 1067/1067/1067 1068/1068/1068
f 1068/1068/1068 1067/1067/1067 1069/1069/1069
f 1070/1070/1070 1071/1071/1071 1072/1072/1072 1073/1073/1073
f 1074/1074/1074 1075/1075/1075 1076/1076/1076
f 1077/1077/1077 1078/1078/1078 1079/1079/1079 1080/1080/1080
f 1081/1081/1081 1084/1084/1084 1082/1082/1082 1083/1083/1083
f 1085/1085/1085 1086/1086/1086 1087/1087/1087
f 1088/1088/1088 1089/1089/1089 1090/1090/1090
f 1091/1091/1091 1092/1092/1092 1093/1093/1093
f 1094/1094/1094 1117/1117/1117 1095/1095/1095 1096/1096/1096
f 1097/1097/1097 1096/1096/1096 1098/1098/1098 1099/1099/1099
f 1098/1098/1098 1096/1096/1096 1095/1095/1095 1125/1125/1125
f 1100/1100/1100 1099/1099/1099 1098/1098/1098 1102/1102/1102
f 1101/1101/1101 1099/1099/1099 1100/1100/1100
f 1101/1101/1101 1100/1100/1100 1102/1102/1102 1103/1103/1103
f 1103/1103/1103 1102/1102/1102 1104/1104/1104 1127/1127/1127
f 1101/1101/1101 1103/1103/1103 1105/1105/1105
f 1105/1105/1105 1103/1103/1103 1106/1106/1106 1108/1108/1108
f 1107/1107/1107 1106/1106/1106 1103/1103/1103 1127/1127/1127
f 1109/1109/1109 1108/1108/1108 1106/1106/1106 1110/1110/1110
f 1110/1110/1110 1106/1106/1106 1107/1107/1107
f 1111/1111/1111 1112/1112/1112 1113/1113/1113 1115/1115/1115
f 1113/1113/1113 1112/1112/1112 1114/1114/1114 1130/1130/1130
f 1115/1115/1115 1113/1113/1113 1116/1116/1116 1117/1117/1117
f 1118/1118/1118 1095/1095/1095 1117/1117/1117 1116/1116/1116
f 1118/1118/1118 1116/1116/1116 1119/1119/1119 1120/1120/1120
f 1113/1113/1113 1130/1130/1130 1119/1119/1119 1116/1116/1116
f 1118/1118/1118 1120/1120/1120 1121/1121/1121 1123/1123/1123
f 1121/1121/1121 1120/1120/1120 1122/1122/1122 1131/1131/1131
f 1123/1123/1123 1121/1121/1121 1124/1124/1124 1126/1126/1126
f 1125/1125/1125 1095/1095/1095 1118/1118/1118 1123/1123/1123
f 1104/1104/1104 1125/1125/1125 1123/1123/1123 1126/1126/1126
f 1098/1098/1098 1125/1125/1125 1104/1104/1104 1102/1102/1102
f 1107/1107/1107 1127/1127/1127 1104/1104/1104 1126/1126/1126
f 1107/1107/1107 1126/1126/1126 1128/1128/1128 1129/1129/1129
f 1124/1124/1124 1134/1134/1134 1128/1128/1128 1126/1126/1126
f 1110/1110/1110 1107/1107/1107 1129/1129/1129
f 1132/1132/1132 1124/1124/1124 1121/1121/1121 1131/1131/1131
f 1132/1132/1132 1133/1133/1133 1134/1134/1134 1124/1124/1124
f 1135/1135/1135 1136/1136/1136 1137/1137/1137 1142/1142/1142
f 1101/1101/1101 1105/1105/1105 1138/1138/1138 1139/1139/1139
f 1105/1105/1105 1108/1108/1108 1140/1140/1140 1138/1138/1138
f 1109/1109/1109 1141/1141/1141 1140/1140/1140 1108/1108/1108
f 1142/1142/1142 1137/1137/1137 1143/1143/1143 1094/1094/1094
f 1097/1097/1097 1142/1142/1142 1094/1094/1094 1096/1096/1096
f 1135/1135/1135 1142/1142/1142 1097/1097/1097 1144/1144/1144
f 1144/1144/1144 1097/1097/1097 1099/1099/1099 1145/1145/1145
f 1101/1101/1101 1139/1139/1139 1145/1145/1145 1099/1099/1099
f 1146/1146/1146 1148/1148/1148 1147/1147/1147 1110/1110/1110
f 1146/1146/1146 1129/1129/1129 1149/1149/1149 1148/1148/1148
f 1129/1129/1129 1150/1150/1150 1110/1110/1110
f 1146/1146/1146 1150/1150/1150 1129/1129/1129
f 1150/1150/1150 1146/1146/1146 1110/1110/1110
f 1151/1151/1151 1149/1149/1149 1152/1152/1152
f 1152/1152/1152 1149/1149/1149 1129/1129/1129
f 1151/1151/1151 1152/1152/1152 1153/1153/1153
f 1151/1151/1151 1153/1153/1153 1152/1152/1152
f 1154/1154/1154 1155/1155/1155 1156/1156/1156
f 1157/1157/1157 1160/1160/1160 1158/1158/1158 1159/1159/1159
f 1161/1161/1161 1162/1162/1162 1163/1163/1163
f 1164/1164/1164 1165/1165/1165 1166/1166/1166
f 1167/1167/1167 1168/1168/1168 1169/1169/1169
f 1170/1170/1170 1171/1171/1171 1172/1172/1172
f 1173/1173/1173 1174/1174/1174 1175/1175/1175 1176/1176/1176
f 1177/1177/1177 1180/1180/1180 1178/1178/1178 1179/1179/1179
f 1181/1181/1181 1182/1182/1182 1183/1183/1183 1185/1185/1185
f 1184/1184/1184 1185/1185/1185 1183/1183/1183 1182/1182/1182
f 1186/1186/1186 1187/1187/1187 1188/1188/1188
f 1189/1189/1189 1190/1190/1190 1191/1191/1191
f 1192/1192/1192 1193/1193/1193 1194/1194/1194 1195/1195/1195
f 1195/1195/1195 1194/1194/1194 1196/1196/1196 1197/1197/1197
f 1195/1195/1195 1197/1197/1197 1198/1198/1198 1223/1223/1223
f 1199/1199/1199 1200/1200/1200 1196/1196/1196 1194/1194/1194
f 1196/1196/1196 1200/1200/1200 1201/1201/1201 1202/1202/1202
f 1202/1202/1202 1201/1201/1201 1203/1203/1203 1204/1204/1204
f 1202/1202/1202 1204/1204/1204 1205/1205/1205 1282/1282/1282
f 1205/1205/1205 1204/1204/1204 1206/1206/1206 1207/1207/1207
f 1208/1208/1208 1205/1205/1205 1207/1207/1207 1209/1209/1209
f 1207/1207/1207 1211/1211/1211 1210/1210/1210 1209/1209/1209
f 1207/1207/1207 1206/1206/1206 1212/1212/1212 1211/1211/1211
f 1210/1210/1210 1211/1211/1211 1213/1213/1213 1214/1214/1214
f 1208/1208/1208 1209/1209/1209 1215/1215/1215 1216/1216/1216
f 1217/1217/1217 1282/1282/1282 1205/1205/1205 1208/1208/1208
f 1217/1217/1217 1208/1208/1208 1216/1216/1216 1218/1218/1218
f 1214/1214/1214 1213/1213/1213 1219/1219/1219 1220/1220/1220
f 1221/1221/1221 1216/1216/1216 1215/1215/1215 1222/1222/1222
f 1192/1192/1192 1195/1195/1195 1223/1223/1223 1224/1224/1224
f 1221/1221/1221 1222/1222/1222 1225/1225/1225 1226/1226/1226
f 1227/1227/1227 1226/1226/1226 1225/1225/1225 1228/1228/1228
f 1225/1225/1225 1222/1222/1222 1229/1229/1229 1230/1230/1230
f 1230/1230/1230 1229/1229/1229 1231/1231/1231 1232/1232/1232
f 1232/1232/1232 1231/1231/1231 1233/1233/1233 1234/1234/1234
f 1235/1235/1235 1232/1232/1232 1234/1234/1234 1236/1236/1236
f 1236/1236/1236 1234/1234/1234 1237/1237/1237 1238/1238/1238
f 1238/1238/1238 1237/1237/1237 1239/1239/1239 1240/1240/1240
f 1235/1235/1235 1236/1236/1236 1241/1241/1241 1242/1242/1242
f 1241/1241/1241 1236/1236/1236 1238/1238/1238 1271/1271/1271
f 1240/1240/1240 1239/1239/1239 1243/1243/1243 1244/1244/1244
f 1234/1234/1234 1233/1233/1233 1245/1245/1245 1237/1237/1237
f 1245/1245/1245 1279/1279/1279 1239/1239/1239 1237/1237/1237
f 1220/1220/1220 1219/1219/1219 1246/1246/1246 1247/1247/1247
f 1247/1247/1247 1246/1246/1246 1248/1248/1248 1249/1249/1249
f 1249/1249/1249 1248/1248/1248 1250/1250/1250 1251/1251/1251
f 1246/1246/1246 1265/1265/1265 1252/1252/1252 1248/1248/1248
f 1248/1248/1248 1252/1252/1252 1253/1253/1253 1250/1250/1250
f 1249/1249/1249 1251/1251/1251 1254/1254/1254 1255/1255/1255
f 1254/1254/1254 1251/1251/1251 1256/1256/1256 1257/1257/1257
f 1257/1257/1257 1256/1256/1256 1258/1258/1258 1259/1259/1259
f 1260/1260/1260 1257/1257/1257 1259/1259/1259 1261/1261/1261
f 1261/1261/1261 1259/1259/1259 1262/1262/1262 1263/1263/1263
f 1256/1256/1256 1269/1269/1269 1264/1264/1264 1258/1258/1258
f 1219/1219/1219 1273/1273/1273 1265/1265/1265 1246/1246/1246
f 1260/1260/1260 1261/1261/1261 1266/1266/1266 1280/1280/1280
f 1266/1266/1266 1261/1261/1261 1263/1263/1263 1267/1267/1267
f 1259/1259/1259 1258/1258/1258 1268/1268/1268 1262/1262/1262
f 1251/1251/1251 1250/1250/1250 1269/1269/1269 1256/1256/1256
f 1270/1270/1270 1215/1215/1215 1209/1209/1209 1210/1210/1210
f 1270/1270/1270 1210/1210/1210 1214/1214/1214 1546/1546/1546
f 1222/1222/1222 1215/1215/1215 1270/1270/1270 1229/1229/1229
f 1271/1271/1271 1238/1238/1238 1240/1240/1240 1276/1276/1276
f 1272/1272/1272 1254/1254/1254 1257/1257/1257 1260/1260/1260
f 1213/1213/1213 1586/1586/1586 1273/1273/1273 1219/1219/1219
f 1204/1204/1204 1203/1203/1203 1274/1274/1274 1206/1206/1206
f 1231/1231/1231 1546/1546/1546 1275/1275/1275 1233/1233/1233
f 1276/1276/1276 1240/1240/1240 1244/1244/1244 1277/1277/1277
f 1225/1225/1225 1230/1230/1230 1278/1278/1278 1228/1228/1228
f 1278/1278/1278 1230/1230/1230 1232/1232/1232 1235/1235/1235
f 1279/1279/1279 1272/1272/1272 1243/1243/1243 1239/1239/1239
f 1279/1279/1279 1255/1255/1255 1254/1254/1254 1272/1272/1272
f 1244/1244/1244 1243/1243/1243 1280/1280/1280 1571/1571/1571
f 1272/1272/1272 1260/1260/1260 1280/1280/1280 1243/1243/1243
f 1281/1281/1281 1491/1491/1491 1221/1221/1221 1226/1226/1226
f 1196/1196/1196 1202/1202/1202 1282/1282/1282 1197/1197/1197
f 1198/1198/1198 1197/1197/1197 1282/1282/1282 1217/1217/1217
f 1269/1269/1269 1521/1521/1521 1283/1283/1283 1264/1264/1264
f 1264/1264/1264 1283/1283/1283 1284/1284/1284 1493/1493/1493
f 1283/1283/1283 1286/1286/1286 1285/1285/1285 1284/1284/1284
f 1284/1284/1284 1285/1285/1285 1287/1287/1287 1288/1288/1288
f 1288/1288/1288 1287/1287/1287 1289/1289/1289 1290/1290/1290
f 1291/1291/1291 1288/1288/1288 1290/1290/1290 1292/1292/1292
f 1290/1290/1290 1289/1289/1289 1293/1293/1293 1294/1294/1294
f 1294/1294/1294 1293/1293/1293 1295/1295/1295 1296/1296/1296
f 1294/1294/1294 1296/1296/1296 1297/1297/1297 1487/1487/1487
f 1297/1297/1297 1296/1296/1296 1298/1298/1298 1299/1299/1299
f 1298/1298/1298 1301/1301/1301 1300/1300/1300 1299/1299/1299
f 1298/1298/1298 1488/1488/1488 1302/1302/1302 1301/1301/1301
f 1303/1303/1303 1299/1299/1299 1300/1300/1300 1304/1304/1304
f 1305/1305/1305 1303/1303/1303 1304/1304/1304 1306/1306/1306
f 1306/1306/1306 1304/1304/1304 1307/1307/1307 1308/1308/1308
f 1307/1307/1307 1310/1310/1310 1309/1309/1309 1308/1308/1308
f 1310/1310/1310 1312/1312/1312 1311/1311/1311 1309/1309/1309
f 1310/1310/1310 1477/1477/1477 1313/1313/1313 1312/1312/1312
f 1309/1309/1309 1311/1311/1311 1314/1314/1314 1315/1315/1315
f 1316/1316/1316 1315/1315/1315 1314/1314/1314 1317/1317/1317
f 1318/1318/1318 1316/1316/1316 1317/1317/1317 1319/1319/1319
f 1320/1320/1320 1316/1316/1316 1318/1318/1318 1321/1321/1321
f 1319/1319/1319 1317/1317/1317 1322/1322/1322 1323/1323/1323
f 1319/1319/1319 1323/1323/1323 1324/1324/1324 1325/1325/1325
f 1326/1326/1326 1324/1324/1324 1323/1323/1323 1336/1336/1336
f 1327/1327/1327 1321/1321/1321 1318/1318/1318 1404/1404/1404
f 1328/1328/1328 1329/1329/1329 1321/1321/1321 1327/1327/1327
f 1328/1328/1328 1331/1331/1331 1330/1330/1330 1329/1329/1329
f 1332/1332/1332 1458/1458/1458 1329/1329/1329 1330/1330/1330
f 1333/1333/1333 1330/1330/1330 1331/1331/1331 1334/1334/1334
f 1333/1333/1333 1335/1335/1335 1332/1332/1332 1330/1330/1330
f 1322/1322/1322 1337/1337/1337 1336/1336/1336 1323/1323/1323
f 1322/1322/1322 1462/1462/1462 1338/1338/1338 1337/1337/1337
f 1337/1337/1337 1338/1338/1338 1339/1339/1339 1340/1340/1340
f 1339/1339/1339 1342/1342/1342 1341/1341/1341 1340/1340/1340
f 1343/1343/1343 1344/1344/1344 1342/1342/1342 1339/1339/1339
f 1343/1343/1343 1346/1346/1346 1345/1345/1345 1344/1344/1344
f 1344/1344/1344 1345/1345/1345 1347/1347/1347 1348/1348/1348
f 1345/1345/1345 1351/1351/1351 1349/1349/1349 1347/1347/1347
f 1347/1347/1347 1349/1349/1349 1350/1350/1350 1353/1353/1353
f 1346/1346/1346 1352/1352/1352 1351/1351/1351 1345/1345/1345
f 1348/1348/1348 1347/1347/1347 1353/1353/1353 1354/1354/1354
f 1349/1349/1349 1356/1356/1356 1355/1355/1355 1350/1350/1350
f 1350/1350/1350 1355/1355/1355 1357/1357/1357 1575/1575/1575
f 1356/1356/1356 1359/1359/1359 1358/1358/1358 1355/1355/1355
f 1358/1358/1358 1360/1360/1360 1357/1357/1357 1355/1355/1355
f 1340/1340/1340 1341/1341/1341 1361/1361/1361 1461/1461/1461
f 1362/1362/1362 1343/1343/1343 1339/1339/1339 1338/1338/1338
f 1362/1362/1362 1527/1527/1527 1346/1346/1346 1343/1343/1343
f 1361/1361/1361 1341/1341/1341 1363/1363/1363 1364/1364/1364
f 1363/1363/1363 1366/1366/1366 1365/1365/1365 1364/1364/1364
f 1366/1366/1366 1368/1368/1368 1367/1367/1367 1365/1365/1365
f 1366/1366/1366 1370/1370/1370 1369/1369/1369 1368/1368/1368
f 1369/1369/1369 1372/1372/1372 1371/1371/1371 1368/1368/1368
f 1373/1373/1373 1374/1374/1374 1372/1372/1372 1369/1369/1369
f 1374/1374/1374 1376/1376/1376 1375/1375/1375 1372/1372/1372
f 1372/1372/1372 1375/1375/1375 1377/1377/1377 1371/1371/1371
f 1375/1375/1375 1376/1376/1376 1378/1378/1378 1379/1379/1379
f 1380/1380/1380 1381/1381/1381 1378/1378/1378 1376/1376/1376
f 1368/1368/1368 1371/1371/1371 1382/1382/1382 1367/1367/1367
f 1380/1380/1380 1384/1384/1384 1383/1383/1383 1381/1381/1381
f 1384/1384/1384 1386/1386/1386 1385/1385/1385 1383/1383/1383
f 1387/1387/1387 1388/1388/1388 1386/1386/1386 1384/1384/1384
f 1378/1378/1378 1381/1381/1381 1389/1389/1389 1390/1390/1390
f 1391/1391/1391 1392/1392/1392 1385/1385/1385 1386/1386/1386
f 1388/1388/1388 1398/1398/1398 1391/1391/1391 1386/1386/1386
f 1361/1361/1361 1364/1364/1364 1393/1393/1393 1394/1394/1394
f 1395/1395/1395 1461/1461/1461 1361/1361/1361 1394/1394/1394
f 1396/1396/1396 1397/1397/1397 1393/1393/1393 1364/1364/1364
f 1357/1357/1357 1360/1360/1360 1398/1398/1398 1388/1388/1388
f 1381/1381/1381 1383/1383/1383 1399/1399/1399 1389/1389/1389
f 1385/1385/1385 1459/1459/1459 1399/1399/1399 1383/1383/1383
f 1373/1373/1373 1496/1496/1496 1400/1400/1400 1374/1374/1374
f 1400/1400/1400 1380/1380/1380 1376/1376/1376 1374/1374/1374
f 1400/1400/1400 1387/1387/1387 1384/1384/1384 1380/1380/1380
f 1389/1389/1389 1402/1402/1402 1401/1401/1401 1390/1390/1390
f 1378/1378/1378 1390/1390/1390 1403/1403/1403 1379/1379/1379
f 1404/1404/1404 1318/1318/1318 1319/1319/1319 1325/1325/1325
f 1401/1401/1401 1402/1402/1402 1405/1405/1405 1406/1406/1406
f 1406/1406/1406 1405/1405/1405 1407/1407/1407 1408/1408/1408
f 1406/1406/1406 1408/1408/1408 1409/1409/1409 1410/1410/1410
f 1408/1408/1408 1474/1474/1474 1411/1411/1411 1409/1409/1409
f 1409/1409/1409 1411/1411/1411 1412/1412/1412 1481/1481/1481
f 1411/1411/1411 1414/1414/1414 1413/1413/1413 1412/1412/1412
f 1411/1411/1411 1474/1474/1474 1415/1415/1415 1414/1414/1414
f 1414/1414/1414 1415/1415/1415 1416/1416/1416 1417/1417/1417
f 1416/1416/1416 1419/1419/1419 1418/1418/1418 1417/1417/1417
f 1416/1416/1416 1421/1421/1421 1420/1420/1420 1419/1419/1419
f 1422/1422/1422 1423/1423/1423 1420/1420/1420 1421/1421/1421
f 1424/1424/1424 1420/1420/1420 1423/1423/1423 1425/1425/1425
f 1417/1417/1417 1418/1418/1418 1426/1426/1426 1475/1475/1475
f 1418/1418/1418 1428/1428/1428 1427/1427/1427 1426/1426/1426
f 1429/1429/1429 1427/1427/1427 1428/1428/1428 1430/1430/1430
f 1431/1431/1431 1429/1429/1429 1430/1430/1430 1432/1432/1432
f 1431/1431/1431 1432/1432/1432 1433/1433/1433 1434/1434/1434
f 1435/1435/1435 1436/1436/1436 1432/1432/1432 1430/1430/1430
f 1434/1434/1434 1433/1433/1433 1437/1437/1437 1438/1438/1438
f 1433/1433/1433 1440/1440/1440 1439/1439/1439 1437/1437/1437
f 1432/1432/1432 1436/1436/1436 1440/1440/1440 1433/1433/1433
f 1438/1438/1438 1437/1437/1437 1441/1441/1441 1442/1442/1442
f 1442/1442/1442 1441/1441/1441 1443/1443/1443 1444/1444/1444
f 1441/1441/1441 1454/1454/1454 1445/1445/1445 1443/1443/1443
f 1444/1444/1444 1443/1443/1443 1446/1446/1446 1447/1447/1447
f 1447/1447/1447 1446/1446/1446 1448/1448/1448 1449/1449/1449
f 1443/1443/1443 1445/1445/1445 1450/1450/1450 1446/1446/1446
f 1450/1450/1450 1451/1451/1451 1448/1448/1448 1446/1446/1446
f 1447/1447/1447 1449/1449/1449 1452/1452/1452 1453/1453/1453
f 1444/1444/1444 1447/1447/1447 1453/1453/1453 1455/1455/1455
f 1437/1437/1437 1439/1439/1439 1454/1454/1454 1441/1441/1441
f 1442/1442/1442 1444/1444/1444 1455/1455/1455 1456/1456/1456
f 1457/1457/1457 1428/1428/1428 1418/1418/1418 1419/1419/1419
f 1457/1457/1457 1419/1419/1419 1420/1420/1420 1424/1424/1424
f 1457/1457/1457 1430/1430/1430 1428/1428/1428
f 1457/1457/1457 1435/1435/1435 1430/1430/1430
f 1458/1458/1458 1320/1320/1320 1321/1321/1321 1329/1329/1329
f 1392/1392/1392 1460/1460/1460 1459/1459/1459 1385/1385/1385
f 1326/1326/1326 1336/1336/1336 1461/1461/1461 1395/1395/1395
f 1337/1337/1337 1340/1340/1340 1461/1461/1461 1336/1336/1336
f 1311/1311/1311 1556/1556/1556 1462/1462/1462 1314/1314/1314
f 1317/1317/1317 1314/1314/1314 1462/1462/1462 1322/1322/1322
f 1463/1463/1463 1464/1464/1464 1407/1407/1407 1405/1405/1405
f 1407/1407/1407 1464/1464/1464 1465/1465/1465 1466/1466/1466
f 1466/1466/1466 1465/1465/1465 1467/1467/1467 1476/1476/1476
f 1464/1464/1464 1479/1479/1479 1468/1468/1468 1465/1465/1465
f 1468/1468/1468 1469/1469/1469 1467/1467/1467 1465/1465/1465
f 1311/1311/1311 1312/1312/1312 1470/1470/1470 1556/1556/1556
f 1313/1313/1313 1471/1471/1471 1470/1470/1470 1312/1312/1312
f 1422/1422/1422 1566/1566/1566 1472/1472/1472 1423/1423/1423
f 1425/1425/1425 1423/1423/1423 1472/1472/1472 1473/1473/1473
f 1407/1407/1407 1466/1466/1466 1474/1474/1474 1408/1408/1408
f 1414/1414/1414 1417/1417/1417 1475/1475/1475 1413/1413/1413
f 1476/1476/1476 1421/1421/1421 1416/1416/1416 1415/1415/1415
f 1476/1476/1476 1467/1467/1467 1422/1422/1422 1421/1421/1421
f 1307/1307/1307 1483/1483/1483 1477/1477/1477 1310/1310/1310
f 1478/1478/1478 1486/1486/1486 1303/1303/1303 1305/1305/1305
f 1463/1463/1463 1480/1480/1480 1479/1479/1479 1464/1464/1464
f 1410/1410/1410 1409/1409/1409 1481/1481/1481 1482/1482/1482
f 1301/1301/1301 1484/1484/1484 1483/1483/1483 1300/1300/1300
f 1304/1304/1304 1300/1300/1300 1483/1483/1483 1307/1307/1307
f 1424/1424/1424 1425/1425/1425 1485/1485/1485 1599/1599/1599
f 1486/1486/1486 1297/1297/1297 1299/1299/1299 1303/1303/1303
f 1290/1290/1290 1294/1294/1294 1487/1487/1487 1292/1292/1292
f 1296/1296/1296 1295/1295/1295 1488/1488/1488 1298/1298/1298
f 1431/1431/1431 1489/1489/1489 1429/1429/1429
f 1431/1431/1431 1434/1434/1434 1489/1489/1489
f 1490/1490/1490 1198/1198/1198 1217/1217/1217 1218/1218/1218
f 1491/1491/1491 1218/1218/1218 1216/1216/1216 1221/1221/1221
f 1490/1490/1490 1218/1218/1218 1491/1491/1491 1492/1492/1492
f 1258/1258/1258 1264/1264/1264 1493/1493/1493 1268/1268/1268
f 1493/1493/1493 1284/1284/1284 1288/1288/1288 1291/1291/1291
f 1262/1262/1262 1268/1268/1268 1494/1494/1494 1495/1495/1495
f 1494/1494/1494 1291/1291/1291 1292/1292/1292 1574/1574/1574
f 1354/1354/1354 1353/1353/1353 1496/1496/1496 1373/1373/1373
f 1341/1341/1341 1342/1342/1342 1497/1497/1497 1363/1363/1363
f 1344/1344/1344 1348/1348/1348 1497/1497/1497 1342/1342/1342
f 1497/1497/1497 1348/1348/1348 1354/1354/1354 1370/1370/1370
f 1497/1497/1497 1370/1370/1370 1366/1366/1366 1363/1363/1363
f 1233/1233/1233 1275/1275/1275 1498/1498/1498 1245/1245/1245
f 1220/1220/1220 1247/1247/1247 1498/1498/1498 1275/1275/1275
f 1498/1498/1498 1247/1247/1247 1249/1249/1249 1255/1255/1255
f 1252/1252/1252 1529/1529/1529 1499/1499/1499 1253/1253/1253
f 1253/1253/1253 1499/1499/1499 1500/1500/1500 1521/1521/1521
f 1305/1305/1305 1306/1306/1306 1501/1501/1501 1502/1502/1502
f 1501/1501/1501 1306/1306/1306 1308/1308/1308 1535/1535/1535
f 1332/1332/1332 1502/1502/1502 1501/1501/1501 1458/1458/1458
f 1503/1503/1503 1410/1410/1410 1482/1482/1482
f 1379/1379/1379 1403/1403/1403 1504/1504/1504 1553/1553/1553
f 1505/1505/1505 1503/1503/1503 1482/1482/1482 1506/1506/1506
f 1507/1507/1507 1508/1508/1508 1503/1503/1503 1505/1505/1505
f 1509/1509/1509 1333/1333/1333 1334/1334/1334 1510/1510/1510
f 1511/1511/1511 1512/1512/1512 1509/1509/1509 1510/1510/1510
f 1511/1511/1511 1513/1513/1513 1512/1512/1512
f 1513/1513/1513 1515/1515/1515 1514/1514/1514 1512/1512/1512
f 1515/1515/1515 1573/1573/1573 1516/1516/1516 1514/1514/1514
f 1514/1514/1514 1516/1516/1516 1517/1517/1517 1519/1519/1519
f 1518/1518/1518 1562/1562/1562 1517/1517/1517 1516/1516/1516
f 1519/1519/1519 1335/1335/1335 1333/1333/1333 1509/1509/1509
f 1512/1512/1512 1514/1514/1514 1519/1519/1519 1509/1509/1509
f 1390/1390/1390 1401/1401/1401 1520/1520/1520 1403/1403/1403
f 1520/1520/1520 1401/1401/1401 1406/1406/1406 1410/1410/1410
f 1503/1503/1503 1508/1508/1508 1520/1520/1520 1410/1410/1410
f 1504/1504/1504 1403/1403/1403 1520/1520/1520 1508/1508/1508
f 1250/1250/1250 1253/1253/1253 1521/1521/1521 1269/1269/1269
f 1521/1521/1521 1500/1500/1500 1286/1286/1286 1283/1283/1283
f 1522/1522/1522 1523/1523/1523 1265/1265/1265 1273/1273/1273
f 1524/1524/1524 1522/1522/1522 1273/1273/1273 1586/1586/1586
f 1266/1266/1266 1267/1267/1267 1525/1525/1525 1526/1526/1526
f 1525/1525/1525 1267/1267/1267 1515/1515/1515 1513/1513/1513
f 1527/1527/1527 1552/1552/1552 1352/1352/1352 1346/1346/1346
f 1528/1528/1528 1534/1534/1534 1351/1351/1351 1352/1352/1352
f 1265/1265/1265 1523/1523/1523 1529/1529/1529 1252/1252/1252
f 1530/1530/1530 1502/1502/1502 1332/1332/1332 1335/1335/1335
f 1530/1530/1530 1478/1478/1478 1305/1305/1305 1502/1502/1502
f 1519/1519/1519 1517/1517/1517 1530/1530/1530 1335/1335/1335
f 1531/1531/1531 1560/1560/1560 1468/1468/1468 1479/1479/1479
f 1480/1480/1480 1532/1532/1532 1531/1531/1531 1479/1479/1479
f 1371/1371/1371 1377/1377/1377 1533/1533/1533 1382/1382/1382
f 1534/1534/1534 1356/1356/1356 1349/1349/1349 1351/1351/1351
f 1535/1535/1535 1308/1308/1308 1309/1309/1309 1315/1315/1315
f 1535/1535/1535 1315/1315/1315 1316/1316/1316 1320/1320/1320
f 1458/1458/1458 1501/1501/1501 1535/1535/1535 1320/1320/1320
f 1536/1536/1536 1489/1489/1489 1434/1434/1434 1537/1537/1537
f 1536/1536/1536 1537/1537/1537 1538/1538/1538 1539/1539/1539
f 1539/1539/1539 1538/1538/1538 1540/1540/1540 1541/1541/1541
f 1538/1538/1538 1543/1543/1543 1542/1542/1542 1540/1540/1540
f 1544/1544/1544 1545/1545/1545 1542/1542/1542 1543/1543/1543
f 1546/1546/1546 1214/1214/1214 1220/1220/1220 1275/1275/1275
f 1229/1229/1229 1270/1270/1270 1546/1546/1546 1231/1231/1231
f 1313/1313/1313 1548/1548/1548 1547/1547/1547 1471/1471/1471
f 1471/1471/1471 1547/1547/1547 1549/1549/1549 1552/1552/1552
f 1550/1550/1550 1551/1551/1551 1547/1547/1547 1548/1548/1548
f 1470/1470/1470 1471/1471/1471 1552/1552/1552 1527/1527/1527
f 1552/1552/1552 1549/1549/1549 1528/1528/1528 1352/1352/1352
f 1375/1375/1375 1379/1379/1379 1553/1553/1553 1377/1377/1377
f 1533/1533/1533 1377/1377/1377 1553/1553/1553 1554/1554/1554
f 1553/1553/1553 1504/1504/1504 1555/1555/1555 1554/1554/1554
f 1556/1556/1556 1362/1362/1362 1338/1338/1338 1462/1462/1462
f 1557/1557/1557 1548/1548/1548 1313/1313/1313 1477/1477/1477
f 1483/1483/1483 1484/1484/1484 1557/1557/1557 1477/1477/1477
f 1557/1557/1557 1558/1558/1558 1550/1550/1550 1548/1548/1548
f 1301/1301/1301 1302/1302/1302 1559/1559/1559 1484/1484/1484
f 1559/1559/1559 1558/1558/1558 1557/1557/1557 1484/1484/1484
f 1560/1560/1560 1561/1561/1561 1469/1469/1469 1468/1468/1468
f 1562/1562/1562 1570/1570/1570 1486/1486/1486 1478/1478/1478
f 1389/1389/1389 1399/1399/1399 1563/1563/1563 1402/1402/1402
f 1563/1563/1563 1463/1463/1463 1405/1405/1405 1402/1402/1402
f 1399/1399/1399 1459/1459/1459 1564/1564/1564 1563/1563/1563
f 1460/1460/1460 1565/1565/1565 1564/1564/1564 1459/1459/1459
f 1564/1564/1564 1480/1480/1480 1463/1463/1463 1563/1563/1563
f 1564/1564/1564 1565/1565/1565 1532/1532/1532 1480/1480/1480
f 1467/1467/1467 1469/1469/1469 1566/1566/1566 1422/1422/1422
f 1561/1561/1561 1595/1595/1595 1566/1566/1566 1469/1469/1469
f 1567/1567/1567 1492/1492/1492 1491/1491/1491 1281/1281/1281
f 1567/1567/1567 1569/1569/1569 1568/1568/1568 1492/1492/1492
f 1570/1570/1570 1487/1487/1487 1297/1297/1297 1486/1486/1486
f 1518/1518/1518 1574/1574/1574 1570/1570/1570 1562/1562/1562
f 1277/1277/1277 1244/1244/1244 1571/1571/1571 1572/1572/1572
f 1571/1571/1571 1280/1280/1280 1266/1266/1266 1526/1526/1526
f 1262/1262/1262 1495/1495/1495 1573/1573/1573 1263/1263/1263
f 1267/1267/1267 1263/1263/1263 1573/1573/1573 1515/1515/1515
f 1573/1573/1573 1495/1495/1495 1518/1518/1518 1516/1516/1516
f 1574/1574/1574 1292/1292/1292 1487/1487/1487 1570/1570/1570
f 1495/1495/1495 1494/1494/1494 1574/1574/1574 1518/1518/1518
f 1353/1353/1353 1350/1350/1350 1575/1575/1575 1496/1496/1496
f 1575/1575/1575 1357/1357/1357 1388/1388/1388 1387/1387/1387
f 1575/1575/1575 1387/1387/1387 1400/1400/1400 1496/1496/1496
f 1450/1450/1450 1577/1577/1577 1576/1576/1576 1451/1451/1451
f 1577/1577/1577 1579/1579/1579 1578/1578/1578 1576/1576/1576
f 1579/1579/1579 1581/1581/1581 1580/1580/1580 1578/1578/1578
f 1582/1582/1582 1583/1583/1583 1581/1581/1581 1579/1579/1579
f 1206/1206/1206 1274/1274/1274 1584/1584/1584 1212/1212/1212
f 1585/1585/1585 1224/1224/1224 1223/1223/1223 1589/1589/1589
f 1211/1211/1211 1212/1212/1212 1586/1586/1586 1213/1213/1213
f 1456/1456/1456 1455/1455/1455 1587/1587/1587 1544/1544/1544
f 1434/1434/1434 1438/1438/1438 1588/1588/1588 1537/1537/1537
f 1588/1588/1588 1438/1438/1438 1442/1442/1442 1456/1456/1456
f 1588/1588/1588 1543/1543/1543 1538/1538/1538 1537/1537/1537
f 1588/1588/1588 1456/1456/1456 1544/1544/1544 1543/1543/1543
f 1589/1589/1589 1223/1223/1223 1198/1198/1198 1490/1490/1490
f 1589/1589/1589 1490/1490/1490 1492/1492/1492 1568/1568/1568
f 1590/1590/1590 1577/1577/1577 1450/1450/1450 1445/1445/1445
f 1454/1454/1454 1591/1591/1591 1590/1590/1590 1445/1445/1445
f 1590/1590/1590 1582/1582/1582 1579/1579/1579 1577/1577/1577
f 1439/1439/1439 1597/1597/1597 1591/1591/1591 1454/1454/1454
f 1455/1455/1455 1453/1453/1453 1592/1592/1592 1587/1587/1587
f 1425/1425/1425 1473/1473/1473 1593/1593/1593 1485/1485/1485
f 1473/1473/1473 1594/1594/1594 1593/1593/1593
f 1595/1595/1595 1596/1596/1596 1472/1472/1472 1566/1566/1566
f 1440/1440/1440 1598/1598/1598 1597/1597/1597 1439/1439/1439
f 1457/1457/1457 1424/1424/1424 1599/1599/1599
f 1435/1435/1435 1600/1600/1600 1436/1436/1436
f 1600/1600/1600 1598/1598/1598 1440/1440/1440 1436/1436/1436
f 1601/1601/1601 1582/1582/1582 1590/1590/1590 1591/1591/1591
f 1212/1212/1212 1584/1584/1584 1524/1524/1524 1586/1586/1586
f 1470/1470/1470 1527/1527/1527 1362/1362/1362 1556/1556/1556
f 1268/1268/1268 1493/1493/1493 1291/1291/1291 1494/1494/1494
f 1585/1585/1585 1589/1589/1589 1568/1568/1568 1602/1602/1602
f 1245/1245/1245 1498/1498/1498 1255/1255/1255 1279/1279/1279
f 1517/1517/1517 1562/1562/1562 1478/1478/1478 1530/1530/1530
f 1507/1507/1507 1555/1555/1555 1504/1504/1504 1508/1508/1508
f 1466/1466/1466 1476/1476/1476 1415/1415/1415 1474/1474/1474
f 1354/1354/1354 1373/1373/1373 1369/1369/1369 1370/1370/1370
f 1603/1603/1603 1604/1604/1604 1605/1605/1605
f 1606/1606/1606 1607/1607/1607 1608/1608/1608
f 1609/1609/1609 1610/1610/1610 1611/1611/1611 1612/1612/1612
f 1612/1612/1612 1611/1611/1611 1613/1613/1613 1614/1614/1614
f 1610/1610/1610 1616/1616/1616 1615/1615/1615 1611/1611/1611
f 1611/1611/1611 1615/1615/1615 1617/1617/1617 1613/1613/1613
f 1618/1618/1618 1615/1615/1615 1616/1616/1616 1619/1619/1619
f 1618/1618/1618 1620/1620/1620 1617/1617/1617 1615/1615/1615
f 1618/1618/1618 1622/1622/1622 1621/1621/1621 1620/1620/1620
f 1623/1623/1623 1624/1624/1624 1621/1621/1621 1622/1622/1622
f 1623/1623/1623 1626/1626/1626 1625/1625/1625 1624/1624/1624
f 1627/1627/1627 1624/1624/1624 1625/1625/1625 1628/1628/1628
f 1627/1627/1627 1630/1630/1630 1629/1629/1629 1624/1624/1624
f 1629/1629/1629 1630/1630/1630 1631/1631/1631 1632/1632/1632
f 1623/1623/1623 1659/1659/1659 1633/1633/1633 1626/1626/1626
f 1626/1626/1626 1633/1633/1633 1634/1634/1634 1635/1635/1635
f 1636/1636/1636 1635/1635/1635 1634/1634/1634 1637/1637/1637
f 1633/1633/1633 1639/1639/1639 1638/1638/1638 1634/1634/1634
f 1640/1640/1640 1641/1641/1641 1638/1638/1638 1639/1639/1639
f 1642/1642/1642 1640/1640/1640 1639/1639/1639 1644/1644/1644
f 1643/1643/1643 1663/1663/1663 1638/1638/1638 1641/1641/1641
f 1644/1644/1644 1639/1639/1639 1633/1633/1633 1659/1659/1659
f 1645/1645/1645 1646/1646/1646 1642/1642/1642 1644/1644/1644
f 1627/1627/1627 1648/1648/1648 1647/1647/1647 1630/1630/1630
f 1647/1647/1647 1649/1649/1649 1631/1631/1631 1630/1630/1630
f 1647/1647/1647 1657/1657/1657 1650/1650/1650 1649/1649/1649
f 1651/1651/1651 1631/1631/1631 1649/1649/1649 1652/1652/1652
f 1653/1653/1653 1652/1652/1652 1649/1649/1649 1650/1650/1650
f 1654/1654/1654 1655/1655/1655 1651/1651/1651 1652/1652/1652
f 1654/1654/1654 1656/1656/1656 1655/1655/1655
f 1648/1648/1648 1658/1658/1658 1657/1657/1657 1647/1647/1647
f 1623/1623/1623 1622/1622/1622 1659/1659/1659
f 1645/1645/1645 1644/1644/1644 1659/1659/1659 1622/1622/1622
f 1617/1617/1617 1620/1620/1620 1660/1660/1660 1664/1664/1664
f 1661/1661/1661 1632/1632/1632 1631/1631/1631 1651/1651/1651
f 1662/1662/1662 1660/1660/1660 1620/1620/1620 1621/1621/1621
f 1662/1662/1662 1621/1621/1621 1624/1624/1624 1629/1629/1629
f 1662/1662/1662 1629/1629/1629 1632/1632/1632 2038/2038/2038
f 1663/1663/1663 1637/1637/1637 1634/1634/1634 1638/1638/1638
f 1613/1613/1613 1617/1617/1617 1664/1664/1664 1665/1665/1665
f 1665/1665/1665 1664/1664/1664 1666/1666/1666 1667/1667/1667
f 1667/1667/1667 1666/1666/1666 1668/1668/1668 1669/1669/1669
f 1666/1666/1666 2076/2076/2076 1670/1670/1670 1668/1668/1668
f 1668/1668/1668 1670/1670/1670 1671/1671/1671 1672/1672/1672
f 1670/1670/1670 1674/1674/1674 1673/1673/1673 1671/1671/1671
f 1643/1643/1643 1676/1676/1676 1675/1675/1675 1663/1663/1663
f 1658/1658/1658 1678/1678/1678 1677/1677/1677 1657/1657/1657
f 1679/1679/1679 1678/1678/1678 1658/1658/1658 1680/1680/1680
f 1679/1679/1679 1682/1682/1682 1681/1681/1681 1678/1678/1678
f 1682/1682/1682 1684/1684/1684 1683/1683/1683 1681/1681/1681
f 1682/1682/1682 1686/1686/1686 1685/1685/1685 1684/1684/1684
f 1687/1687/1687 1685/1685/1685 1686/1686/1686 1688/1688/1688
f 1689/1689/1689 1690/1690/1690 1687/1687/1687 1688/1688/1688
f 1684/1684/1684 1685/1685/1685 1691/1691/1691 1692/1692/1692
f 1687/1687/1687 1693/1693/1693 1691/1691/1691 1685/1685/1685
f 1692/1692/1692 1691/1691/1691 1694/1694/1694 1695/1695/1695
f 1693/1693/1693 1696/1696/1696 1694/1694/1694 1691/1691/1691
f 1694/1694/1694 1698/1698/1698 1697/1697/1697 1695/1695/1695
f 1695/1695/1695 1697/1697/1697 1699/1699/1699 1702/1702/1702
f 1697/1697/1697 1698/1698/1698 1700/1700/1700 1701/1701/1701
f 1692/1692/1692 1695/1695/1695 1702/1702/1702 2024/2024/2024
f 1700/1700/1700 1704/1704/1704 1703/1703/1703 1701/1701/1701
f 1701/1701/1701 1703/1703/1703 1705/1705/1705 1963/1963/1963
f 1700/1700/1700 1707/1707/1707 1706/1706/1706 1704/1704/1704
f 1706/1706/1706 1709/1709/1709 1708/1708/1708 1704/1704/1704
f 1709/1709/1709 1711/1711/1711 1710/1710/1710 1708/1708/1708
f 1710/1710/1710 1711/1711/1711 1712/1712/1712 1713/1713/1713
f 1710/1710/1710 1713/1713/1713 1714/1714/1714 1715/1715/1715
f 1713/1713/1713 1717/1717/1717 1716/1716/1716 1714/1714/1714
f 1714/1714/1714 1716/1716/1716 1718/1718/1718 1719/1719/1719
f 1716/1716/1716 1721/1721/1721 1720/1720/1720 1718/1718/1718
f 1718/1718/1718 1720/1720/1720 1722/1722/1722 1723/1723/1723
f 1724/1724/1724 1725/1725/1725 1723/1723/1723 1722/1722/1722
f 1726/1726/1726 1725/1725/1725 1724/1724/1724 1727/1727/1727
f 1728/1728/1728 1725/1725/1725 1726/1726/1726 1729/1729/1729
f 1730/1730/1730 1728/1728/1728 1729/1729/1729 1731/1731/1731
f 1732/1732/1732 1733/1733/1733 1730/1730/1730 1731/1731/1731
f 1734/1734/1734 1735/1735/1735 1730/1730/1730 1733/1733/1733
f 1736/1736/1736 1734/1734/1734 1733/1733/1733 1738/1738/1738
f 1736/1736/1736 1705/1705/1705 1737/1737/1737 1734/1734/1734
f 1738/1738/1738 1733/1733/1733 1732/1732/1732 1739/1739/1739
f 1720/1720/1720 1741/1741/1741 1740/1740/1740 1722/1722/1722
f 1724/1724/1724 1722/1722/1722 1740/1740/1740 1958/1958/1958
f 1741/1741/1741 1743/1743/1743 1742/1742/1742 1740/1740/1740
f 1743/1743/1743 1745/1745/1745 1744/1744/1744 1742/1742/1742
f 1743/1743/1743 1747/1747/1747 1746/1746/1746 1745/1745/1745
f 1746/1746/1746 1749/1749/1749 1748/1748/1748 1745/1745/1745
f 1746/1746/1746 1747/1747/1747 1750/1750/1750 1751/1751/1751
f 1749/1749/1749 1753/1753/1753 1752/1752/1752 1748/1748/1748
f 1753/1753/1753 1755/1755/1755 1754/1754/1754 1752/1752/1752
f 1756/1756/1756 1757/1757/1757 1755/1755/1755 1753/1753/1753
f 1758/1758/1758 1759/1759/1759 1757/1757/1757 1756/1756/1756
f 1757/1757/1757 1759/1759/1759 1760/1760/1760 1761/1761/1761
f 1762/1762/1762 1763/1763/1763 1760/1760/1760 1759/1759/1759
f 1760/1760/1760 1765/1765/1765 1764/1764/1764 1761/1761/1761
f 1764/1764/1764 1765/1765/1765 1766/1766/1766 1767/1767/1767
f 1767/1767/1767 1766/1766/1766 1768/1768/1768 1769/1769/1769
f 1770/1770/1770 1767/1767/1767 1769/1769/1769 1771/1771/1771
f 1772/1772/1772 1770/1770/1770 1771/1771/1771 1773/1773/1773
f 1773/1773/1773 1771/1771/1771 1774/1774/1774 1775/1775/1775
f 1773/1773/1773 1775/1775/1775 1776/1776/1776 1777/1777/1777
f 1777/1777/1777 1776/1776/1776 1778/1778/1778 1779/1779/1779
f 1776/1776/1776 1781/1781/1781 1780/1780/1780 1778/1778/1778
f 1781/1781/1781 1783/1783/1783 1782/1782/1782 1780/1780/1780
f 1783/1783/1783 1785/1785/1785 1784/1784/1784 1782/1782/1782
f 1780/1780/1780 1782/1782/1782 1786/1786/1786 1788/1788/1788
f 1782/1782/1782 1784/1784/1784 1787/1787/1787 1786/1786/1786
f 1778/1778/1778 1780/1780/1780 1788/1788/1788 1905/1905/1905
f 1781/1781/1781 1907/1907/1907 1789/1789/1789 1783/1783/1783
f 1789/1789/1789 1790/1790/1790 1785/1785/1785 1783/1783/1783
f 1785/1785/1785 1790/1790/1790 1791/1791/1791 1904/1904/1904
f 1789/1789/1789 1793/1793/1793 1792/1792/1792 1790/1790/1790
f 1793/1793/1793 1795/1795/1795 1794/1794/1794 1792/1792/1792
f 1796/1796/1796 1794/1794/1794 1795/1795/1795 1797/1797/1797
f 1796/1796/1796 1799/1799/1799 1798/1798/1798 1794/1794/1794
f 1798/1798/1798 1799/1799/1799 1800/1800/1800 1801/1801/1801
f 1800/1800/1800 1803/1803/1803 1802/1802/1802 1801/1801/1801
f 1801/1801/1801 1802/1802/1802 1804/1804/1804 1821/1821/1821
f 1804/1804/1804 1802/1802/1802 1805/1805/1805 1806/1806/1806
f 1804/1804/1804 1806/1806/1806 1807/1807/1807 1808/1808/1808
f 1808/1808/1808 1807/1807/1807 1809/1809/1809 1810/1810/1810
f 1807/1807/1807 1817/1817/1817 1811/1811/1811 1809/1809/1809
f 1812/1812/1812 1813/1813/1813 1808/1808/1808 1810/1810/1810
f 1810/1810/1810 1809/1809/1809 1814/1814/1814 1815/1815/1815
f 1812/1812/1812 1810/1810/1810 1815/1815/1815 1816/1816/1816
f 1806/1806/1806 1819/1819/1819 1817/1817/1817 1807/1807/1807
f 1809/1809/1809 1811/1811/1811 1818/1818/1818 1814/1814/1814
f 1805/1805/1805 1820/1820/1820 1819/1819/1819 1806/1806/1806
f 1798/1798/1798 1801/1801/1801 1821/1821/1821 1830/1830/1830
f 1821/1821/1821 1804/1804/1804 1808/1808/1808 1813/1813/1813
f 1800/1800/1800 1823/1823/1823 1822/1822/1822 1803/1803/1803
f 1824/1824/1824 1892/1892/1892 1803/1803/1803 1822/1822/1822
f 1825/1825/1825 1826/1826/1826 1799/1799/1799 1796/1796/1796
f 1826/1826/1826 1823/1823/1823 1800/1800/1800 1799/1799/1799
f 1827/1827/1827 1828/1828/1828 1797/1797/1797 1795/1795/1795
f 1829/1829/1829 1793/1793/1793 1789/1789/1789 1907/1907/1907
f 1829/1829/1829 1827/1827/1827 1795/1795/1795 1793/1793/1793
f 1790/1790/1790 1792/1792/1792 1830/1830/1830 1791/1791/1791
f 1794/1794/1794 1798/1798/1798 1830/1830/1830 1792/1792/1792
f 1830/1830/1830 1821/1821/1821 1813/1813/1813 1791/1791/1791
f 1831/1831/1831 1828/1828/1828 1827/1827/1827 1912/1912/1912
f 1832/1832/1832 1833/1833/1833 1828/1828/1828 1831/1831/1831
f 1834/1834/1834 1832/1832/1832 1831/1831/1831 1768/1768/1768
f 1835/1835/1835 1825/1825/1825 1796/1796/1796 1797/1797/1797
f 1835/1835/1835 1797/1797/1797 1828/1828/1828 1833/1833/1833
f 1820/1820/1820 1837/1837/1837 1836/1836/1836 1819/1819/1819
f 1838/1838/1838 1839/1839/1839 1837/1837/1837 1820/1820/1820
f 1836/1836/1836 1837/1837/1837 1840/1840/1840 1841/1841/1841
f 1836/1836/1836 1841/1841/1841 1842/1842/1842 1895/1895/1895
f 1843/1843/1843 1844/1844/1844 1839/1839/1839 1838/1838/1838
f 1845/1845/1845 1893/1893/1893 1839/1839/1839 1844/1844/1844
f 1840/1840/1840 1847/1847/1847 1846/1846/1846 1841/1841/1841
f 1842/1842/1842 1841/1841/1841 1846/1846/1846 1848/1848/1848
f 1840/1840/1840 1893/1893/1893 1849/1849/1849 1847/1847/1847
f 1847/1847/1847 1849/1849/1849 1850/1850/1850 1851/1851/1851
f 1852/1852/1852 1853/1853/1853 1851/1851/1851 1850/1850/1850
f 1852/1852/1852 1855/1855/1855 1854/1854/1854 1853/1853/1853
f 1856/1856/1856 1853/1853/1853 1854/1854/1854 1857/1857/1857
f 1858/1858/1858 1856/1856/1856 1857/1857/1857 1859/1859/1859
f 1858/1858/1858 1859/1859/1859 1860/1860/1860 1861/1861/1861
f 1861/1861/1861 1860/1860/1860 1862/1862/1862 1863/1863/1863
f 1864/1864/1864 1863/1863/1863 1862/1862/1862 1865/1865/1865
f 1866/1866/1866 1863/1863/1863 1864/1864/1864 1867/1867/1867
f 1867/1867/1867 1864/1864/1864 1868/1868/1868 1869/1869/1869
f 1870/1870/1870 1867/1867/1867 1869/1869/1869 1871/1871/1871
f 1872/1872/1872 1873/1873/1873 1870/1870/1870 1871/1871/1871
f 1874/1874/1874 1881/1881/1881 1870/1870/1870 1873/1873/1873
f 1862/1862/1862 1878/1878/1878 1875/1875/1875 1865/1865/1865
f 1876/1876/1876 1877/1877/1877 1873/1873/1873 1872/1872/1872
f 1860/1860/1860 1882/1882/1882 1878/1878/1878 1862/1862/1862
f 1879/1879/1879 1861/1861/1861 1863/1863/1863 1866/1866/1866
f 1880/1880/1880 2032/2032/2032 1877/1877/1877 1876/1876/1876
f 1881/1881/1881 1866/1866/1866 1867/1867/1867 1870/1870/1870
f 1859/1859/1859 1885/1885/1885 1882/1882/1882 1860/1860/1860
f 1864/1864/1864 1865/1865/1865 1883/1883/1883 1868/1868/1868
f 1883/1883/1883 1865/1865/1865 1875/1875/1875 1884/1884/1884
f 1857/1857/1857 1886/1886/1886 1885/1885/1885 1859/1859/1859
f 1854/1854/1854 1887/1887/1887 1886/1886/1886 1857/1857/1857
f 1888/1888/1888 1850/1850/1850 1849/1849/1849 1889/1889/1889
f 1847/1847/1847 1851/1851/1851 1890/1890/1890 1846/1846/1846
f 1890/1890/1890 1851/1851/1851 1853/1853/1853 1856/1856/1856
f 1890/1890/1890 1856/1856/1856 1858/1858/1858 1903/1903/1903
f 1878/1878/1878 2031/2031/2031 1891/1891/1891 1875/1875/1875
f 1802/1802/1802 1803/1803/1803 1892/1892/1892 1805/1805/1805
f 1892/1892/1892 1838/1838/1838 1820/1820/1820 1805/1805/1805
f 1892/1892/1892 1824/1824/1824 1843/1843/1843 1838/1838/1838
f 1837/1837/1837 1839/1839/1839 1893/1893/1893 1840/1840/1840
f 1875/1875/1875 1891/1891/1891 1894/1894/1894 1884/1884/1884
f 1819/1819/1819 1836/1836/1836 1895/1895/1895 1817/1817/1817
f 1842/1842/1842 1848/1848/1848 1896/1896/1896 2028/2028/2028
f 1896/1896/1896 1879/1879/1879 1866/1866/1866 1881/1881/1881
f 1817/1817/1817 1895/1895/1895 1897/1897/1897 1811/1811/1811
f 1898/1898/1898 1816/1816/1816 1815/1815/1815 1899/1899/1899
f 1898/1898/1898 1899/1899/1899 1900/1900/1900 1901/1901/1901
f 1902/1902/1902 1904/1904/1904 1812/1812/1812 1816/1816/1816
f 1902/1902/1902 1816/1816/1816 1898/1898/1898 1955/1955/1955
f 1846/1846/1846 1890/1890/1890 1903/1903/1903 1848/1848/1848
f 1903/1903/1903 1858/1858/1858 1861/1861/1861 1879/1879/1879
f 1784/1784/1784 1785/1785/1785 1904/1904/1904 1902/1902/1902
f 1779/1779/1779 1778/1778/1778 1905/1905/1905 1906/1906/1906
f 1774/1774/1774 1829/1829/1829 1907/1907/1907 1775/1775/1775
f 1776/1776/1776 1775/1775/1775 1907/1907/1907 1781/1781/1781
f 1908/1908/1908 1911/1911/1911 1770/1770/1770 1772/1772/1772
f 1765/1765/1765 1910/1910/1910 1909/1909/1909 1766/1766/1766
f 1909/1909/1909 1834/1834/1834 1768/1768/1768 1766/1766/1766
f 1760/1760/1760 1763/1763/1763 1910/1910/1910 1765/1765/1765
f 1911/1911/1911 1764/1764/1764 1767/1767/1767 1770/1770/1770
f 1768/1768/1768 1831/1831/1831 1912/1912/1912 1769/1769/1769
f 1771/1771/1771 1769/1769/1769 1912/1912/1912 1774/1774/1774
f 1913/1913/1913 1772/1772/1772 1773/1773/1773 1777/1777/1777
f 1913/1913/1913 1777/1777/1777 1779/1779/1779 1914/1914/1914
f 1908/1908/1908 1772/1772/1772 1913/1913/1913 1915/1915/1915
f 1916/1916/1916 1762/1762/1762 1759/1759/1759 1758/1758/1758
f 1917/1917/1917 1758/1758/1758 1756/1756/1756 1947/1947/1947
f 1742/1742/1742 1744/1744/1744 1918/1918/1918 1919/1919/1919
f 1744/1744/1744 1926/1926/1926 1920/1920/1920 1918/1918/1918
f 1921/1921/1921 1922/1922/1922 1751/1751/1751 1750/1750/1750
f 1906/1906/1906 1905/1905/1905 1923/1923/1923 1924/1924/1924
f 1925/1925/1925 1914/1914/1914 1779/1779/1779 1906/1906/1906
f 1745/1745/1745 1748/1748/1748 1926/1926/1926 1744/1744/1744
f 1926/1926/1926 1748/1748/1748 1752/1752/1752 1927/1927/1927
f 1757/1757/1757 1761/1761/1761 1928/1928/1928 1755/1755/1755
f 1928/1928/1928 1761/1761/1761 1764/1764/1764 1911/1911/1911
f 1928/1928/1928 1911/1911/1911 1908/1908/1908 1953/1953/1953
f 1919/1919/1919 1918/1918/1918 1929/1929/1929 1930/1930/1930
f 1930/1930/1930 1929/1929/1929 1931/1931/1931 1932/1932/1932
f 1933/1933/1933 1934/1934/1934 1921/1921/1921 1750/1750/1750
f 1929/1929/1929 1948/1948/1948 1935/1935/1935 1931/1931/1931
f 1936/1936/1936 1925/1925/1925 1906/1906/1906 1924/1924/1924
f 1937/1937/1937 1925/1925/1925 1936/1936/1936 1938/1938/1938
f 1939/1939/1939 1937/1937/1937 1938/1938/1938 1940/1940/1940
f 1941/1941/1941 1954/1954/1954 1937/1937/1937 1939/1939/1939
f 1942/1942/1942 1939/1939/1939 1940/1940/1940 1943/1943/1943
f 1944/1944/1944 1942/1942/1942 1943/1943/1943 1945/1945/1945
f 1946/1946/1946 1941/1941/1941 1939/1939/1939 1942/1942/1942
f 1746/1746/1746 1751/1751/1751 1947/1947/1947 1749/1749/1749
f 1947/1947/1947 1756/1756/1756 1753/1753/1753 1749/1749/1749
f 1918/1918/1918 1920/1920/1920 1948/1948/1948 1929/1929/1929
f 1948/1948/1948 1944/1944/1944 1945/1945/1945 1935/1935/1935
f 1905/1905/1905 1788/1788/1788 1949/1949/1949 1923/1923/1923
f 1950/1950/1950 1786/1786/1786 1787/1787/1787 1951/1951/1951
f 1788/1788/1788 1786/1786/1786 1950/1950/1950 1949/1949/1949
f 1752/1752/1752 1754/1754/1754 1952/1952/1952 1927/1927/1927
f 1952/1952/1952 2034/2034/2034 1941/1941/1941 1946/1946/1946
f 1755/1755/1755 1928/1928/1928 1953/1953/1953 1754/1754/1754
f 1953/1953/1953 1908/1908/1908 1915/1915/1915 2034/2034/2034
f 1954/1954/1954 1915/1915/1915 1913/1913/1913 1914/1914/1914
f 1954/1954/1954 1914/1914/1914 1925/1925/1925 1937/1937/1937
f 1784/1784/1784 1902/1902/1902 1955/1955/1955 1787/1787/1787
f 1955/1955/1955 1898/1898/1898 1901/1901/1901 2037/2037/2037
f 1815/1815/1815 1814/1814/1814 1956/1956/1956 1899/1899/1899
f 1900/1900/1900 1899/1899/1899 1956/1956/1956 1957/1957/1957
f 1727/1727/1727 1724/1724/1724 1958/1958/1958 1959/1959/1959
f 1958/1958/1958 1740/1740/1740 1742/1742/1742 1919/1919/1919
f 1958/1958/1958 1919/1919/1919 1930/1930/1930 1959/1959/1959
f 1720/1720/1720 1721/1721/1721 1960/1960/1960 1741/1741/1741
f 1960/1960/1960 1747/1747/1747 1743/1743/1743 1741/1741/1741
f 1960/1960/1960 1933/1933/1933 1750/1750/1750 1747/1747/1747
f 1961/1961/1961 1719/1719/1719 1718/1718/1718 1723/1723/1723
f 1961/1961/1961 1723/1723/1723 1725/1725/1725 1728/1728/1728
f 1730/1730/1730 1735/1735/1735 1961/1961/1961 1728/1728/1728
f 1713/1713/1713 1712/1712/1712 1962/1962/1962 1717/1717/1717
f 1697/1697/1697 1701/1701/1701 1963/1963/1963 1699/1699/1699
f 1704/1704/1704 1708/1708/1708 1964/1964/1964 1703/1703/1703
f 1964/1964/1964 1737/1737/1737 1705/1705/1705 1703/1703/1703
f 1964/1964/1964 1708/1708/1708 1710/1710/1710 1715/1715/1715
f 1965/1965/1965 2071/2071/2071 1736/1736/1736 1738/1738/1738
f 1965/1965/1965 1738/1738/1738 1739/1739/1739 1966/1966/1966
f 1967/1967/1967 1965/1965/1965 1966/1966/1966 1968/1968/1968
f 1969/1969/1969 1967/1967/1967 1968/1968/1968 1970/1970/1970
f 1971/1971/1971 1982/1982/1982 1967/1967/1967 1969/1969/1969
f 1972/1972/1972 1969/1969/1969 1970/1970/1970 1973/1973/1973
f 1972/1972/1972 1973/1973/1973 1974/1974/1974 1975/1975/1975
f 1974/1974/1974 1977/1977/1977 1976/1976/1976 1975/1975/1975
f 1978/1978/1978 1977/1977/1977 1974/1974/1974 1979/1979/1979
f 1980/1980/1980 1981/1981/1981 1972/1972/1972 1975/1975/1975
f 1981/1981/1981 1971/1971/1971 1969/1969/1969 1972/1972/1972
f 1702/1702/1702 1699/1699/1699 1982/1982/1982 1971/1971/1971
f 1694/1694/1694 1696/1696/1696 1983/1983/1983 1698/1698/1698
f 1983/1983/1983 1707/1707/1707 1700/1700/1700 1698/1698/1698
f 1885/1885/1885 1985/1985/1985 1984/1984/1984 1882/1882/1882
f 1985/1985/1985 1987/1987/1987 1986/1986/1986 1984/1984/1984
f 1984/1984/1984 1986/1986/1986 1988/1988/1988 2031/2031/2031
f 1986/1986/1986 2020/2020/2020 1989/1989/1989 1988/1988/1988
f 1988/1988/1988 1989/1989/1989 1990/1990/1990 2021/2021/2021
f 1990/1990/1990 1989/1989/1989 1991/1991/1991 1992/1992/1992
f 1990/1990/1990 1992/1992/1992 1993/1993/1993 1994/1994/1994
f 1985/1985/1985 2023/2023/2023 1995/1995/1995 1987/1987/1987
f 1987/1987/1987 1995/1995/1995 1996/1996/1996 1997/1997/1997
f 1998/1998/1998 1999/1999/1999 1996/1996/1996 1995/1995/1995
f 2000/2000/2000 1998/1998/1998 1995/1995/1995 2023/2023/2023
f 1996/1996/1996 1999/1999/1999 2001/2001/2001 2002/2002/2002
f 2003/2003/2003 2004/2004/2004 2002/2002/2002 2001/2001/2001
f 2003/2003/2003 2006/2006/2006 2005/2005/2005 2004/2004/2004
f 2007/2007/2007 2008/2008/2008 2005/2005/2005 2006/2006/2006
f 2004/2004/2004 2005/2005/2005 2009/2009/2009 2010/2010/2010
f 2009/2009/2009 2005/2005/2005 2008/2008/2008 2011/2011/2011
f 1991/1991/1991 2013/2013/2013 2012/2012/2012 1992/1992/1992
f 1991/1991/1991 2015/2015/2015 2014/2014/2014 2013/2013/2013
f 2013/2013/2013 2017/2017/2017 2016/2016/2016 2012/2012/2012
f 2018/2018/2018 2016/2016/2016 2017/2017/2017 2019/2019/2019
f 1987/1987/1987 1997/1997/1997 2020/2020/2020 1986/1986/1986
f 2020/2020/2020 2015/2015/2015 1991/1991/1991 1989/1989/1989
f 2021/2021/2021 2022/2022/2022 1894/1894/1894 1891/1891/1891
f 2021/2021/2021 1990/1990/1990 1994/1994/1994 2022/2022/2022
f 1885/1885/1885 1886/1886/1886 2023/2023/2023 1985/1985/1985
f 1887/1887/1887 2000/2000/2000 2023/2023/2023 1886/1886/1886
f 1684/1684/1684 1692/1692/1692 2024/2024/2024 1683/1683/1683
f 2024/2024/2024 1702/1702/1702 1971/1971/1971 1981/1981/1981
f 1626/1626/1626 1635/1635/1635 2025/2025/2025
f 1636/1636/1636 1680/1680/1680 2025/2025/2025 1635/1635/1635
f 2025/2025/2025 1680/1680/1680 1658/1658/1658 1648/1648/1648
f 1678/1678/1678 1681/1681/1681 2026/2026/2026 1677/1677/1677
f 2026/2026/2026 1681/1681/1681 1683/1683/1683 1980/1980/1980
f 2026/2026/2026 1980/1980/1980 1975/1975/1975 1976/1976/1976
f 2027/2027/2027 1686/1686/1686 1682/1682/1682 1679/1679/1679
f 2027/2027/2027 2035/2035/2035 1688/1688/1688 1686/1686/1686
f 2028/2028/2028 1896/1896/1896 1881/1881/1881 1874/1874/1874
f 1895/1895/1895 1842/1842/1842 2028/2028/2028 1897/1897/1897
f 1716/1716/1716 1717/1717/1717 2029/2029/2029 1721/1721/1721
f 2029/2029/2029 2030/2030/2030 1934/1934/1934 1933/1933/1933
f 2029/2029/2029 1933/1933/1933 1960/1960/1960 1721/1721/1721
f 1962/1962/1962 2030/2030/2030 2029/2029/2029 1717/1717/1717
f 1882/1882/1882 1984/1984/1984 2031/2031/2031 1878/1878/1878
f 2031/2031/2031 1988/1988/1988 2021/2021/2021 1891/1891/1891
f 1814/1814/1814 1818/1818/1818 2032/2032/2032 1956/1956/1956
f 1811/1811/1811 1897/1897/1897 2033/2033/2033 1818/1818/1818
f 2033/2033/2033 1874/1874/1874 1873/1873/1873 1877/1877/1877
f 1754/1754/1754 1953/1953/1953 2034/2034/2034 1952/1952/1952
f 2034/2034/2034 1915/1915/1915 1954/1954/1954 1941/1941/1941
f 1636/1636/1636 1637/1637/1637 2035/2035/2035 2027/2027/2027
f 1663/1663/1663 1675/1675/1675 2035/2035/2035 1637/1637/1637
f 1689/1689/1689 1688/1688/1688 2035/2035/2035 1675/1675/1675
f 1926/1926/1926 1927/1927/1927 2036/2036/2036 1920/1920/1920
f 2036/2036/2036 1946/1946/1946 1942/1942/1942 1944/1944/1944
f 2036/2036/2036 1927/1927/1927 1952/1952/1952 1946/1946/1946
f 1787/1787/1787 1955/1955/1955 2037/2037/2037 1951/1951/1951
f 1661/1661/1661 1674/1674/1674 2038/2038/2038 1632/1632/1632
f 1996/1996/1996 2002/2002/2002 2039/2039/2039 1997/1997/1997
f 2004/2004/2004 2010/2010/2010 2039/2039/2039 2002/2002/2002
f 2010/2010/2010 2009/2009/2009 2040/2040/2040 2014/2014/2014
f 2013/2013/2013 2014/2014/2014 2040/2040/2040 2017/2017/2017
f 2019/2019/2019 2017/2017/2017 2040/2040/2040 2075/2075/2075
f 2041/2041/2041 1715/1715/1715 1714/1714/1714 1719/1719/1719
f 1734/1734/1734 1737/1737/1737 2041/2041/2041 1735/1735/1735
f 2041/2041/2041 1719/1719/1719 1961/1961/1961 1735/1735/1735
f 1964/1964/1964 1715/1715/1715 2041/2041/2041 1737/1737/1737
f 2011/2011/2011 2008/2008/2008 2042/2042/2042 2043/2043/2043
f 2044/2044/2044 2011/2011/2011 2043/2043/2043
f 2045/2045/2045 2044/2044/2044 2043/2043/2043 2046/2046/2046
f 2047/2047/2047 2045/2045/2045 2046/2046/2046
f 2045/2045/2045 2047/2047/2047 2048/2048/2048 2049/2049/2049
f 2050/2050/2050 2048/2048/2048 2047/2047/2047 2051/2051/2051
f 2050/2050/2050 2051/2051/2051 2052/2052/2052 2053/2053/2053
f 2050/2050/2050 2053/2053/2053 2054/2054/2054 2055/2055/2055
f 2056/2056/2056 2048/2048/2048 2050/2050/2050 2055/2055/2055
f 2057/2057/2057 2058/2058/2058 2051/2051/2051 2047/2047/2047
f 2059/2059/2059 2060/2060/2060 2058/2058/2058 2057/2057/2057
f 2061/2061/2061 2059/2059/2059 2057/2057/2057 2062/2062/2062
f 2063/2063/2063 2061/2061/2061 2062/2062/2062 2064/2064/2064
f 2065/2065/2065 2064/2064/2064 2062/2062/2062 2066/2066/2066
f 2066/2066/2066 2062/2062/2062 2057/2057/2057 2047/2047/2047
f 2047/2047/2047 2046/2046/2046 2067/2067/2067
f 2047/2047/2047 2067/2067/2067 2068/2068/2068
f 2046/2046/2046 2069/2069/2069 2067/2067/2067
f 2070/2070/2070 2068/2068/2068 2067/2067/2067 2069/2069/2069
f 1699/1699/1699 1963/1963/1963 2071/2071/2071 1982/1982/1982
f 1967/1967/1967 1982/1982/1982 2071/2071/2071 1965/1965/1965
f 2072/2072/2072 2049/2049/2049 2048/2048/2048 2056/2056/2056
f 1657/1657/1657 1677/1677/1677 2073/2073/2073 1650/1650/1650
f 2073/2073/2073 1976/1976/1976 1977/1977/1977 2074/2074/2074
f 2026/2026/2026 1976/1976/1976 2073/2073/2073 1677/1677/1677
f 2075/2075/2075 2040/2040/2040 2009/2009/2009 2011/2011/2011
f 2044/2044/2044 2045/2045/2045 2075/2075/2075 2011/2011/2011
f 1662/1662/1662 2038/2038/2038 2076/2076/2076 1660/1660/1660
f 1664/1664/1664 1660/1660/1660 2076/2076/2076 1666/1666/1666
f 2076/2076/2076 2038/2038/2038 1674/1674/1674 1670/1670/1670
f 2015/2015/2015 2039/2039/2039 2010/2010/2010 2014/2014/2014
f 1997/1997/1997 2039/2039/2039 2015/2015/2015 2020/2020/2020
f 1683/1683/1683 2024/2024/2024 1981/1981/1981 1980/1980/1980
f 2045/2045/2045 2049/2049/2049 2019/2019/2019 2075/2075/2075
f 1636/1636/1636 2027/2027/2027 1679/1679/1679 1680/1680/1680
f 1736/1736/1736 2071/2071/2071 1963/1963/1963 1705/1705/1705
f 1956/1956/1956 2032/2032/2032 1880/1880/1880 1957/1957/1957
f 1897/1897/1897 2028/2028/2028 1874/1874/1874 2033/2033/2033
f 1848/1848/1848 1903/1903/1903 1879/1879/1879 1896/1896/1896
f 1920/1920/1920 2036/2036/2036 1944/1944/1944 1948/1948/1948
f 1751/1751/1751 1922/1922/1922 1917/1917/1917 1947/1947/1947
f 1845/1845/1845 1889/1889/1889 1849/1849/1849 1893/1893/1893
f 1791/1791/1791 1813/1813/1813 1812/1812/1812 1904/1904/1904
f 1774/1774/1774 1912/1912/1912 1827/1827/1827 1829/1829/1829
f 1818/1818/1818 2033/2033/2033 1877/1877/1877 2032/2032/2032
f 2077/2077/2077 2080/2080/2080 2078/2078/2078 2079/2079/2079
f 2077/2077/2077 2081/2081/2081 2080/2080/2080
f 2082/2082/2082 2083/2083/2083 2084/2084/2084 2085/2085/2085
f 2086/2086/2086 2084/2084/2084 2083/2083/2083
f 2087/2087/2087 2088/2088/2088 2085/2085/2085 2084/2084/2084
f 2086/2086/2086 2083/2083/2083 2089/2089/2089 2090/2090/2090
f 2086/2086/2086 2090/2090/2090 2091/2091/2091 2084/2084/2084
f 2087/2087/2087 2093/2093/2093 2092/2092/2092 2088/2088/2088
f 2094/2094/2094 2095/2095/2095 2092/2092/2092 2093/2093/2093
f 2094/2094/2094 2093/2093/2093 2096/2096/2096 2097/2097/2097
f 2098/2098/2098 2088/2088/2088 2092/2092/2092 2099/2099/2099
f 2098/2098/2098 2099/2099/2099 2100/2100/2100 2101/2101/2101
f 2101/2101/2101 2100/2100/2100 2102/2102/2102 2104/2104/2104
f 2100/2100/2100 2121/2121/2121 2103/2103/2103 2102/2102/2102
f 2101/2101/2101 2104/2104/2104 2105/2105/2105 2106/2106/2106
f 2105/2105/2105 2104/2104/2104 2107/2107/2107 2108/2108/2108
f 2105/2105/2105 2108/2108/2108 2109/2109/2109 2110/2110/2110
f 2104/2104/2104 2102/2102/2102 2111/2111/2111 2107/2107/2107
f 2108/2108/2108 2113/2113/2113 2112/2112/2112 2109/2109/2109
f 2113/2113/2113 2115/2115/2115 2114/2114/2114 2112/2112/2112
f 2113/2113/2113 2117/2117/2117 2116/2116/2116 2115/2115/2115
f 2108/2108/2108 2107/2107/2107 2117/2117/2117 2113/2113/2113
f 2118/2118/2118 2119/2119/2119 2114/2114/2114 2115/2115/2115
f 2118/2118/2118 2115/2115/2115 2116/2116/2116 2120/2120/2120
f 2099/2099/2099 2150/2150/2150 2121/2121/2121 2100/2100/2100
f 2103/2103/2103 2121/2121/2121 2122/2122/2122 2123/2123/2123
f 2102/2102/2102 2103/2103/2103 2124/2124/2124 2111/2111/2111
f 2111/2111/2111 2124/2124/2124 2125/2125/2125 2164/2164/2164
f 2112/2112/2112 2127/2127/2127 2126/2126/2126 2109/2109/2109
f 2103/2103/2103 2123/2123/2123 2128/2128/2128 2124/2124/2124
f 2125/2125/2125 2124/2124/2124 2128/2128/2128 2129/2129/2129
f 2128/2128/2128 2155/2155/2155 2130/2130/2130 2129/2129/2129
f 2126/2126/2126 2127/2127/2127 2131/2131/2131 2132/2132/2132
f 2097/2097/2097 2096/2096/2096 2133/2133/2133 2134/2134/2134
f 2135/2135/2135 2134/2134/2134 2133/2133/2133 2136/2136/2136
f 2135/2135/2135 2136/2136/2136 2137/2137/2137 2138/2138/2138
f 2139/2139/2139 2110/2110/2110 2109/2109/2109 2126/2126/2126
f 2139/2139/2139 2126/2126/2126 2132/2132/2132 2140/2140/2140
f 2132/2132/2132 2131/2131/2131 2141/2141/2141 2170/2170/2170
f 2085/2085/2085 2142/2142/2142 2082/2082/2082
f 2142/2142/2142 2085/2085/2085 2088/2088/2088 2098/2098/2098
f 2142/2142/2142 2098/2098/2098 2101/2101/2101 2106/2106/2106
f 2125/2125/2125 2129/2129/2129 2143/2143/2143 2144/2144/2144
f 2130/2130/2130 2145/2145/2145 2143/2143/2143 2129/2129/2129
f 2114/2114/2114 2119/2119/2119 2146/2146/2146 2151/2151/2151
f 2127/2127/2127 2151/2151/2151 2147/2147/2147 2131/2131/2131
f 2123/2123/2123 2122/2122/2122 2148/2148/2148 2149/2149/2149
f 2094/2094/2094 2097/2097/2097 2150/2150/2150 2099/2099/2099
f 2150/2150/2150 2178/2178/2178 2122/2122/2122 2121/2121/2121
f 2112/2112/2112 2114/2114/2114 2151/2151/2151 2127/2127/2127
f 2152/2152/2152 2153/2153/2153 2089/2089/2089 2083/2083/2083
f 2116/2116/2116 2159/2159/2159 2154/2154/2154 2120/2120/2120
f 2123/2123/2123 2149/2149/2149 2155/2155/2155 2128/2128/2128
f 2120/2120/2120 2154/2154/2154 2156/2156/2156 2157/2157/2157
f 2118/2118/2118 2120/2120/2120 2157/2157/2157 2119/2119/2119
f 2157/2157/2157 2158/2158/2158 2146/2146/2146 2119/2119/2119
f 2117/2117/2117 2164/2164/2164 2159/2159/2159 2116/2116/2116
f 2160/2160/2160 2144/2144/2144 2143/2143/2143 2161/2161/2161
f 2160/2160/2160 2162/2162/2162 2156/2156/2156 2154/2154/2154
f 2159/2159/2159 2144/2144/2144 2160/2160/2160 2154/2154/2154
f 2163/2163/2163 2162/2162/2162 2160/2160/2160 2161/2161/2161
f 2107/2107/2107 2111/2111/2111 2164/2164/2164 2117/2117/2117
f 2164/2164/2164 2125/2125/2125 2144/2144/2144 2159/2159/2159
f 2165/2165/2165 2161/2161/2161 2143/2143/2143 2145/2145/2145
f 2166/2166/2166 2167/2167/2167 2139/2139/2139 2140/2140/2140
f 2166/2166/2166 2169/2169/2169 2168/2168/2168 2167/2167/2167
f 2140/2140/2140 2132/2132/2132 2170/2170/2170 2171/2171/2171
f 2157/2157/2157 2156/2156/2156 2172/2172/2172 2158/2158/2158
f 2173/2173/2173 2174/2174/2174 2161/2161/2161 2165/2165/2165
f 2151/2151/2151 2146/2146/2146 2175/2175/2175 2147/2147/2147
f 2175/2175/2175 2146/2146/2146 2158/2158/2158 2176/2176/2176
f 2158/2158/2158 2172/2172/2172 2177/2177/2177 2176/2176/2176
f 2097/2097/2097 2134/2134/2134 2178/2178/2178 2150/2150/2150
f 2135/2135/2135 2178/2178/2178 2134/2134/2134
f 2178/2178/2178 2184/2184/2184 2148/2148/2148 2122/2122/2122
f 2179/2179/2179 2152/2152/2152 2083/2083/2083 2082/2082/2082
f 2179/2179/2179 2106/2106/2106 2105/2105/2105 2110/2110/2110
f 2139/2139/2139 2167/2167/2167 2179/2179/2179 2110/2110/2110
f 2142/2142/2142 2106/2106/2106 2179/2179/2179 2082/2082/2082
f 2180/2180/2180 2181/2181/2181 2177/2177/2177 2172/2172/2172
f 2182/2182/2182 2181/2181/2181 2180/2180/2180 2183/2183/2183
f 2135/2135/2135 2184/2184/2184 2178/2178/2178
f 2185/2185/2185 2087/2087/2087 2084/2084/2084 2091/2091/2091
f 2094/2094/2094 2099/2099/2099 2092/2092/2092
f 2152/2152/2152 2179/2179/2179 2167/2167/2167 2168/2168/2168
f 2186/2186/2186 2187/2187/2187 2188/2188/2188
f 2189/2189/2189 2190/2190/2190 2191/2191/2191
f 2192/2192/2192 2193/2193/2193 2194/2194/2194
f 2195/2195/2195 2196/2196/2196 2197/2197/2197 2198/2198/2198
f 2199/2199/2199 2195/2195/2195 2198/2198/2198 2200/2200/2200
f 2198/2198/2198 2202/2202/2202 2201/2201/2201 2200/2200/2200
f 2202/2202/2202 2204/2204/2204 2203/2203/2203 2201/2201/2201
f 2205/2205/2205 2206/2206/2206 2204/2204/2204 2202/2202/2202
f 2207/2207/2207 2208/2208/2208 2204/2204/2204 2206/2206/2206
f 2207/2207/2207 2210/2210/2210 2209/2209/2209 2208/2208/2208
f 2208/2208/2208 2209/2209/2209 2211/2211/2211 2932/2932/2932
f 2210/2210/2210 2213/2213/2213 2212/2212/2212 2209/2209/2209
f 2209/2209/2209 2212/2212/2212 2214/2214/2214 2211/2211/2211
f 2212/2212/2212 2213/2213/2213 2215/2215/2215 2216/2216/2216
f 2215/2215/2215 2218/2218/2218 2217/2217/2217 2216/2216/2216
f 2216/2216/2216 2217/2217/2217 2219/2219/2219 2729/2729/2729
f 2217/2217/2217 2227/2227/2227 2220/2220/2220 2219/2219/2219
f 2219/2219/2219 2220/2220/2220 2221/2221/2221 2222/2222/2222
f 2222/2222/2222 2221/2221/2221 2223/2223/2223 2224/2224/2224
f 2225/2225/2225 2222/2222/2222 2224/2224/2224 2226/2226/2226
f 2218/2218/2218 2228/2228/2228 2227/2227/2227 2217/2217/2217
f 2229/2229/2229 2226/2226/2226 2224/2224/2224 2230/2230/2230
f 2220/2220/2220 2730/2730/2730 2231/2231/2231 2221/2221/2221
f 2232/2232/2232 2226/2226/2226 2229/2229/2229 2233/2233/2233
f 2234/2234/2234 2232/2232/2232 2233/2233/2233 2235/2235/2235
f 2234/2234/2234 2235/2235/2235 2236/2236/2236 2237/2237/2237
f 2235/2235/2235 2239/2239/2239 2238/2238/2238 2236/2236/2236
f 2240/2240/2240 2237/2237/2237 2236/2236/2236 2241/2241/2241
f 2240/2240/2240 2241/2241/2241 2242/2242/2242 2243/2243/2243
f 2244/2244/2244 2240/2240/2240 2243/2243/2243 2245/2245/2245
f 2246/2246/2246 2244/2244/2244 2245/2245/2245 2247/2247/2247
f 2241/2241/2241 2275/2275/2275 2248/2248/2248 2242/2242/2242
f 2242/2242/2242 2248/2248/2248 2249/2249/2249 2276/2276/2276
f 2229/2229/2229 2251/2251/2251 2250/2250/2250 2233/2233/2233
f 2235/2235/2235 2233/2233/2233 2250/2250/2250 2239/2239/2239
f 2245/2245/2245 2243/2243/2243 2252/2252/2252 2273/2273/2273
f 2221/2221/2221 2231/2231/2231 2253/2253/2253 2223/2223/2223
f 2234/2234/2234 2255/2255/2255 2254/2254/2254 2232/2232/2232
f 2256/2256/2256 2254/2254/2254 2255/2255/2255 2257/2257/2257
f 2258/2258/2258 2259/2259/2259 2254/2254/2254 2256/2256/2256
f 2232/2232/2232 2254/2254/2254 2259/2259/2259 2641/2641/2641
f 2260/2260/2260 2256/2256/2256 2257/2257/2257 2261/2261/2261
f 2260/2260/2260 2300/2300/2300 2258/2258/2258 2256/2256/2256
f 2248/2248/2248 2263/2263/2263 2262/2262/2262 2249/2249/2249
f 2248/2248/2248 2275/2275/2275 2264/2264/2264 2263/2263/2263
f 2263/2263/2263 2266/2266/2266 2265/2265/2265 2262/2262/2262
f 2264/2264/2264 2267/2267/2267 2266/2266/2266 2263/2263/2263
f 2268/2268/2268 2249/2249/2249 2262/2262/2262 2269/2269/2269
f 2262/2262/2262 2265/2265/2265 2270/2270/2270 2269/2269/2269
f 2239/2239/2239 2831/2831/2831 2271/2271/2271 2238/2238/2238
f 2272/2272/2272 2255/2255/2255 2234/2234/2234 2237/2237/2237
f 2272/2272/2272 2237/2237/2237 2240/2240/2240 2244/2244/2244
f 2272/2272/2272 2244/2244/2244 2246/2246/2246 2839/2839/2839
f 2272/2272/2272 2839/2839/2839 2257/2257/2257 2255/2255/2255
f 2247/2247/2247 2245/2245/2245 2273/2273/2273 2274/2274/2274
f 2236/2236/2236 2238/2238/2238 2275/2275/2275 2241/2241/2241
f 2243/2243/2243 2242/2242/2242 2276/2276/2276 2252/2252/2252
f 2268/2268/2268 2277/2277/2277 2276/2276/2276 2249/2249/2249
f 2278/2278/2278 2246/2246/2246 2247/2247/2247 2815/2815/2815
f 2279/2279/2279 2839/2839/2839 2246/2246/2246 2278/2278/2278
f 2280/2280/2280 2279/2279/2279 2278/2278/2278 2281/2281/2281
f 2282/2282/2282 2281/2281/2281 2278/2278/2278 2815/2815/2815
f 2283/2283/2283 2284/2284/2284 2281/2281/2281 2282/2282/2282
f 2285/2285/2285 2284/2284/2284 2283/2283/2283 2286/2286/2286
f 2286/2286/2286 2283/2283/2283 2287/2287/2287 2288/2288/2288
f 2283/2283/2283 2282/2282/2282 2289/2289/2289 2287/2287/2287
f 2290/2290/2290 2280/2280/2280 2281/2281/2281 2284/2284/2284
f 2291/2291/2291 2261/2261/2261 2279/2279/2279 2280/2280/2280
f 2292/2292/2292 2286/2286/2286 2288/2288/2288 2293/2293/2293
f 2294/2294/2294 2288/2288/2288 2287/2287/2287 2295/2295/2295
f 2294/2294/2294 2296/2296/2296 2293/2293/2293 2288/2288/2288
f 2201/2201/2201 2298/2298/2298 2297/2297/2297 2200/2200/2200
f 2299/2299/2299 2297/2297/2297 2298/2298/2298 2916/2916/2916
f 2201/2201/2201 2203/2203/2203 2300/2300/2300 2298/2298/2298
f 2282/2282/2282 2815/2815/2815 2301/2301/2301 2289/2289/2289
f 2227/2227/2227 2228/2228/2228 2302/2302/2302 2303/2303/2303
f 2302/2302/2302 2305/2305/2305 2304/2304/2304 2303/2303/2303
f 2305/2305/2305 2307/2307/2307 2306/2306/2306 2304/2304/2304
f 2307/2307/2307 2309/2309/2309 2308/2308/2308 2306/2306/2306
f 2309/2309/2309 2311/2311/2311 2310/2310/2310 2308/2308/2308
f 2308/2308/2308 2310/2310/2310 2312/2312/2312 2432/2432/2432
f 2312/2312/2312 2310/2310/2310 2313/2313/2313 2314/2314/2314
f 2313/2313/2313 2316/2316/2316 2315/2315/2315 2314/2314/2314
f 2315/2315/2315 2316/2316/2316 2317/2317/2317 2318/2318/2318
f 2317/2317/2317 2320/2320/2320 2319/2319/2319 2318/2318/2318
f 2318/2318/2318 2319/2319/2319 2321/2321/2321 2424/2424/2424
f 2319/2319/2319 2323/2323/2323 2322/2322/2322 2321/2321/2321
f 2321/2321/2321 2322/2322/2322 2324/2324/2324 2325/2325/2325
f 2322/2322/2322 2330/2330/2330 2326/2326/2326 2324/2324/2324
f 2325/2325/2325 2324/2324/2324 2327/2327/2327 2328/2328/2328
f 2327/2327/2327 2324/2324/2324 2326/2326/2326 2329/2329/2329
f 2323/2323/2323 2331/2331/2331 2330/2330/2330 2322/2322/2322
f 2330/2330/2330 2334/2334/2334 2332/2332/2332 2326/2326/2326
f 2323/2323/2323 2425/2425/2425 2333/2333/2333 2331/2331/2331
f 2331/2331/2331 2335/2335/2335 2334/2334/2334 2330/2330/2330
f 2334/2334/2334 2422/2422/2422 2336/2336/2336 2332/2332/2332
f 2332/2332/2332 2336/2336/2336 2337/2337/2337 2732/2732/2732
f 2336/2336/2336 2339/2339/2339 2338/2338/2338 2337/2337/2337
f 2337/2337/2337 2338/2338/2338 2340/2340/2340 2341/2341/2341
f 2340/2340/2340 2338/2338/2338 2342/2342/2342 2343/2343/2343
f 2340/2340/2340 2343/2343/2343 2344/2344/2344 2345/2345/2345
f 2343/2343/2343 2347/2347/2347 2346/2346/2346 2344/2344/2344
f 2344/2344/2344 2346/2346/2346 2348/2348/2348 2349/2349/2349
f 2346/2346/2346 2351/2351/2351 2350/2350/2350 2348/2348/2348
f 2351/2351/2351 2353/2353/2353 2352/2352/2352 2350/2350/2350
f 2348/2348/2348 2350/2350/2350 2354/2354/2354 2398/2398/2398
f 2355/2355/2355 2341/2341/2341 2340/2340/2340 2345/2345/2345
f 2346/2346/2346 2347/2347/2347 2356/2356/2356 2351/2351/2351
f 2357/2357/2357 2352/2352/2352 2353/2353/2353 2358/2358/2358
f 2357/2357/2357 2358/2358/2358 2359/2359/2359 2360/2360/2360
f 2358/2358/2358 2362/2362/2362 2361/2361/2361 2359/2359/2359
f 2363/2363/2363 2364/2364/2364 2361/2361/2361 2362/2362/2362
f 2364/2364/2364 2366/2366/2366 2365/2365/2365 2361/2361/2361
f 2364/2364/2364 2393/2393/2393 2367/2367/2367 2366/2366/2366
f 2367/2367/2367 2369/2369/2369 2368/2368/2368 2366/2366/2366
f 2370/2370/2370 2371/2371/2371 2369/2369/2369 2367/2367/2367
f 2372/2372/2372 2370/2370/2370 2367/2367/2367 2393/2393/2393
f 2370/2370/2370 2374/2374/2374 2373/2373/2373 2371/2371/2371
f 2374/2374/2374 2376/2376/2376 2375/2375/2375 2373/2373/2373
f 2377/2377/2377 2376/2376/2376 2374/2374/2374 2390/2390/2390
f 2371/2371/2371 2379/2379/2379 2378/2378/2378 2369/2369/2369
f 2379/2379/2379 2381/2381/2381 2380/2380/2380 2378/2378/2378
f 2381/2381/2381 2383/2383/2383 2382/2382/2382 2380/2380/2380
f 2380/2380/2380 2382/2382/2382 2384/2384/2384 2389/2389/2389
f 2383/2383/2383 2386/2386/2386 2385/2385/2385 2382/2382/2382
f 2384/2384/2384 2382/2382/2382 2385/2385/2385 2387/2387/2387
f 2379/2379/2379 2392/2392/2392 2388/2388/2388 2381/2381/2381
f 2378/2378/2378 2380/2380/2380 2389/2389/2389 2391/2391/2391
f 2390/2390/2390 2374/2374/2374 2370/2370/2370 2372/2372/2372
f 2369/2369/2369 2378/2378/2378 2391/2391/2391 2368/2368/2368
f 2371/2371/2371 2373/2373/2373 2392/2392/2392 2379/2379/2379
f 2375/2375/2375 2808/2808/2808 2392/2392/2392 2373/2373/2373
f 2363/2363/2363 2394/2394/2394 2393/2393/2393 2364/2364/2364
f 2395/2395/2395 2363/2363/2363 2362/2362/2362 2847/2847/2847
f 2396/2396/2396 2397/2397/2397 2360/2360/2360 2359/2359/2359
f 2396/2396/2396 2359/2359/2359 2361/2361/2361 2365/2365/2365
f 2349/2349/2349 2348/2348/2348 2398/2398/2398 2399/2399/2399
f 2350/2350/2350 2352/2352/2352 2400/2400/2400 2354/2354/2354
f 2357/2357/2357 2400/2400/2400 2352/2352/2352
f 2338/2338/2338 2339/2339/2339 2401/2401/2401 2342/2342/2342
f 2402/2402/2402 2403/2403/2403 2401/2401/2401 2339/2339/2339
f 2404/2404/2404 2405/2405/2405 2403/2403/2403 2402/2402/2402
f 2406/2406/2406 2404/2404/2404 2402/2402/2402 2422/2422/2422
f 2405/2405/2405 2408/2408/2408 2407/2407/2407 2403/2403/2403
f 2409/2409/2409 2416/2416/2416 2405/2405/2405 2404/2404/2404
f 2406/2406/2406 2410/2410/2410 2409/2409/2409 2404/2404/2404
f 2407/2407/2407 2408/2408/2408 2411/2411/2411 2412/2412/2412
f 2413/2413/2413 2414/2414/2414 2411/2411/2411 2408/2408/2408
f 2411/2411/2411 2417/2417/2417 2415/2415/2415 2412/2412/2412
f 2416/2416/2416 2413/2413/2413 2408/2408/2408 2405/2405/2405
f 2414/2414/2414 2418/2418/2418 2417/2417/2417 2411/2411/2411
f 2407/2407/2407 2412/2412/2412 2419/2419/2419 2420/2420/2420
f 2342/2342/2342 2401/2401/2401 2420/2420/2420 2822/2822/2822
f 2403/2403/2403 2407/2407/2407 2420/2420/2420 2401/2401/2401
f 2420/2420/2420 2419/2419/2419 2421/2421/2421 2822/2822/2822
f 2335/2335/2335 2406/2406/2406 2422/2422/2422 2334/2334/2334
f 2422/2422/2422 2402/2402/2402 2339/2339/2339 2336/2336/2336
f 2331/2331/2331 2333/2333/2333 2423/2423/2423 2335/2335/2335
f 2423/2423/2423 2410/2410/2410 2406/2406/2406 2335/2335/2335
f 2315/2315/2315 2318/2318/2318 2424/2424/2424 2426/2426/2426
f 2319/2319/2319 2320/2320/2320 2425/2425/2425 2323/2323/2323
f 2314/2314/2314 2315/2315/2315 2426/2426/2426 2427/2427/2427
f 2312/2312/2312 2314/2314/2314 2427/2427/2427 2428/2428/2428
f 2427/2427/2427 2426/2426/2426 2429/2429/2429 2430/2430/2430
f 2428/2428/2428 2427/2427/2427 2430/2430/2430 2431/2431/2431
f 2306/2306/2306 2308/2308/2308 2432/2432/2432 2433/2433/2433
f 2432/2432/2432 2312/2312/2312 2428/2428/2428 2917/2917/2917
f 2304/2304/2304 2306/2306/2306 2433/2433/2433 2434/2434/2434
f 2303/2303/2303 2304/2304/2304 2434/2434/2434 2730/2730/2730
f 2435/2435/2435 2223/2223/2223 2253/2253/2253 2436/2436/2436
f 2253/2253/2253 2727/2727/2727 2437/2437/2437 2436/2436/2436
f 2436/2436/2436 2437/2437/2437 2438/2438/2438 2887/2887/2887
f 2437/2437/2437 2440/2440/2440 2439/2439/2439 2438/2438/2438
f 2440/2440/2440 2442/2442/2442 2441/2441/2441 2439/2439/2439
f 2438/2438/2438 2439/2439/2439 2443/2443/2443 2444/2444/2444
f 2441/2441/2441 2445/2445/2445 2443/2443/2443 2439/2439/2439
f 2446/2446/2446 2447/2447/2447 2442/2442/2442 2440/2440/2440
f 2448/2448/2448 2390/2390/2390 2372/2372/2372 2953/2953/2953
f 2448/2448/2448 2449/2449/2449 2377/2377/2377 2390/2390/2390
f 2418/2418/2418 2449/2449/2449 2448/2448/2448 2417/2417/2417
f 2450/2450/2450 2398/2398/2398 2354/2354/2354 2451/2451/2451
f 2399/2399/2399 2398/2398/2398 2450/2450/2450 2452/2452/2452
f 2450/2450/2450 2451/2451/2451 2453/2453/2453 2639/2639/2639
f 2451/2451/2451 2902/2902/2902 2454/2454/2454 2453/2453/2453
f 2453/2453/2453 2454/2454/2454 2455/2455/2455 2456/2456/2456
f 2456/2456/2456 2455/2455/2455 2457/2457/2457 2458/2458/2458
f 2459/2459/2459 2457/2457/2457 2455/2455/2455 2572/2572/2572
f 2459/2459/2459 2461/2461/2461 2460/2460/2460 2457/2457/2457
f 2459/2459/2459 2463/2463/2463 2462/2462/2462 2461/2461/2461
f 2464/2464/2464 2462/2462/2462 2463/2463/2463 2465/2465/2465
f 2459/2459/2459 2572/2572/2572 2466/2466/2466 2463/2463/2463
f 2463/2463/2463 2466/2466/2466 2467/2467/2467 2465/2465/2465
f 2468/2468/2468 2469/2469/2469 2461/2461/2461 2462/2462/2462
f 2468/2468/2468 2462/2462/2462 2464/2464/2464 2470/2470/2470
f 2464/2464/2464 2465/2465/2465 2471/2471/2471 2472/2472/2472
f 2471/2471/2471 2474/2474/2474 2473/2473/2473 2472/2472/2472
f 2475/2475/2475 2880/2880/2880 2472/2472/2472 2473/2473/2473
f 2475/2475/2475 2473/2473/2473 2476/2476/2476
f 2475/2475/2475 2476/2476/2476 2477/2477/2477 2478/2478/2478
f 2476/2476/2476 2480/2480/2480 2479/2479/2479 2477/2477/2477
f 2479/2479/2479 2480/2480/2480 2481/2481/2481 2482/2482/2482
f 2482/2482/2482 2481/2481/2481 2483/2483/2483 2484/2484/2484
f 2481/2481/2481 2486/2486/2486 2485/2485/2485 2483/2483/2483
f 2487/2487/2487 2488/2488/2488 2485/2485/2485 2486/2486/2486
f 2487/2487/2487 2490/2490/2490 2489/2489/2489 2488/2488/2488
f 2489/2489/2489 2492/2492/2492 2491/2491/2491 2488/2488/2488
f 2492/2492/2492 2494/2494/2494 2493/2493/2493 2491/2491/2491
f 2495/2495/2495 2546/2546/2546 2492/2492/2492 2489/2489/2489
f 2491/2491/2491 2493/2493/2493 2496/2496/2496 2569/2569/2569
f 2493/2493/2493 2552/2552/2552 2497/2497/2497 2496/2496/2496
f 2498/2498/2498 2496/2496/2496 2497/2497/2497 2499/2499/2499
f 2497/2497/2497 2501/2501/2501 2500/2500/2500 2499/2499/2499
f 2497/2497/2497 2552/2552/2552 2502/2502/2502 2501/2501/2501
f 2501/2501/2501 2502/2502/2502 2503/2503/2503 2504/2504/2504
f 2504/2504/2504 2503/2503/2503 2505/2505/2505 2506/2506/2506
f 2507/2507/2507 2505/2505/2505 2503/2503/2503 2508/2508/2508
f 2504/2504/2504 2506/2506/2506 2509/2509/2509 2551/2551/2551
f 2506/2506/2506 2511/2511/2511 2510/2510/2510 2509/2509/2509
f 2512/2512/2512 2509/2509/2509 2510/2510/2510 2513/2513/2513
f 2514/2514/2514 2551/2551/2551 2509/2509/2509 2512/2512/2512
f 2511/2511/2511 2516/2516/2516 2515/2515/2515 2510/2510/2510
f 2513/2513/2513 2510/2510/2510 2515/2515/2515 2517/2517/2517
f 2518/2518/2518 2519/2519/2519 2507/2507/2507 2508/2508/2508
f 2520/2520/2520 2521/2521/2521 2519/2519/2519 2518/2518/2518
f 2522/2522/2522 2520/2520/2520 2518/2518/2518 2541/2541/2541
f 2519/2519/2519 2521/2521/2521 2523/2523/2523 2524/2524/2524
f 2525/2525/2525 2523/2523/2523 2521/2521/2521 2545/2545/2545
f 2522/2522/2522 2527/2527/2527 2526/2526/2526 2520/2520/2520
f 2528/2528/2528 2529/2529/2529 2526/2526/2526 2527/2527/2527
f 2528/2528/2528 2531/2531/2531 2530/2530/2530 2529/2529/2529
f 2532/2532/2532 2531/2531/2531 2528/2528/2528 2537/2537/2537
f 2533/2533/2533 2534/2534/2534 2530/2530/2530 2531/2531/2531
f 2535/2535/2535 2533/2533/2533 2531/2531/2531 2532/2532/2532
f 2530/2530/2530 2539/2539/2539 2536/2536/2536 2529/2529/2529
f 2537/2537/2537 2528/2528/2528 2527/2527/2527 2538/2538/2538
f 2534/2534/2534 2540/2540/2540 2539/2539/2539 2530/2530/2530
f 2541/2541/2541 2518/2518/2518 2508/2508/2508 2544/2544/2544
f 2506/2506/2506 2505/2505/2505 2542/2542/2542 2511/2511/2511
f 2507/2507/2507 2543/2543/2543 2542/2542/2542 2505/2505/2505
f 2519/2519/2519 2524/2524/2524 2543/2543/2543 2507/2507/2507
f 2544/2544/2544 2508/2508/2508 2503/2503/2503 2502/2502/2502
f 2520/2520/2520 2526/2526/2526 2545/2545/2545 2521/2521/2521
f 2529/2529/2529 2536/2536/2536 2545/2545/2545 2526/2526/2526
f 2546/2546/2546 2547/2547/2547 2494/2494/2494 2492/2492/2492
f 2498/2498/2498 2499/2499/2499 2548/2548/2548 2549/2549/2549
f 2548/2548/2548 2499/2499/2499 2500/2500/2500 2550/2550/2550
f 2501/2501/2501 2504/2504/2504 2551/2551/2551 2500/2500/2500
f 2494/2494/2494 2923/2923/2923 2552/2552/2552 2493/2493/2493
f 2487/2487/2487 2554/2554/2554 2553/2553/2553 2490/2490/2490
f 2555/2555/2555 2568/2568/2568 2490/2490/2490 2553/2553/2553
f 2556/2556/2556 2555/2555/2555 2553/2553/2553 2557/2557/2557
f 2556/2556/2556 2559/2559/2559 2558/2558/2558 2555/2555/2555
f 2560/2560/2560 2559/2559/2559 2556/2556/2556 2561/2561/2561
f 2562/2562/2562 2560/2560/2560 2561/2561/2561 2563/2563/2563
f 2562/2562/2562 2565/2565/2565 2564/2564/2564 2560/2560/2560
f 2566/2566/2566 2562/2562/2562 2563/2563/2563 2930/2930/2930
f 2560/2560/2560 2564/2564/2564 2567/2567/2567 2559/2559/2559
f 2568/2568/2568 2495/2495/2495 2489/2489/2489 2490/2490/2490
f 2483/2483/2483 2485/2485/2485 2569/2569/2569 2570/2570/2570
f 2488/2488/2488 2491/2491/2491 2569/2569/2569 2485/2485/2485
f 2498/2498/2498 2570/2570/2570 2569/2569/2569 2496/2496/2496
f 2484/2484/2484 2483/2483/2483 2570/2570/2570 2941/2941/2941
f 2474/2474/2474 2554/2554/2554 2571/2571/2571 2473/2473/2473
f 2476/2476/2476 2473/2473/2473 2571/2571/2571 2480/2480/2480
f 2481/2481/2481 2480/2480/2480 2571/2571/2571 2486/2486/2486
f 2487/2487/2487 2486/2486/2486 2571/2571/2571 2554/2554/2554
f 2454/2454/2454 2573/2573/2573 2572/2572/2572 2455/2455/2455
f 2456/2456/2456 2458/2458/2458 2574/2574/2574 2575/2575/2575
f 2576/2576/2576 2575/2575/2575 2574/2574/2574 2577/2577/2577
f 2577/2577/2577 2574/2574/2574 2578/2578/2578 2579/2579/2579
f 2580/2580/2580 2581/2581/2581 2577/2577/2577 2579/2579/2579
f 2582/2582/2582 2581/2581/2581 2580/2580/2580 2583/2583/2583
f 2584/2584/2584 2838/2838/2838 2581/2581/2581 2582/2582/2582
f 2585/2585/2585 2583/2583/2583 2580/2580/2580 2624/2624/2624
f 2584/2584/2584 2582/2582/2582 2586/2586/2586 2587/2587/2587
f 2588/2588/2588 2589/2589/2589 2587/2587/2587 2586/2586/2586
f 2590/2590/2590 2588/2588/2588 2586/2586/2586 2606/2606/2606
f 2591/2591/2591 2607/2607/2607 2587/2587/2587 2589/2589/2589
f 2592/2592/2592 2593/2593/2593 2588/2588/2588 2590/2590/2590
f 2594/2594/2594 2595/2595/2595 2593/2593/2593 2592/2592/2592
f 2596/2596/2596 2594/2594/2594 2592/2592/2592 2603/2603/2603
f 2597/2597/2597 2600/2600/2600 2594/2594/2594 2596/2596/2596
f 2597/2597/2597 2596/2596/2596 2598/2598/2598 2599/2599/2599
f 2600/2600/2600 2601/2601/2601 2595/2595/2595 2594/2594/2594
f 2602/2602/2602 2605/2605/2605 2593/2593/2593 2595/2595/2595
f 2603/2603/2603 2592/2592/2592 2590/2590/2590 2604/2604/2604
f 2598/2598/2598 2596/2596/2596 2603/2603/2603 2894/2894/2894
f 2588/2588/2588 2593/2593/2593 2605/2605/2605 2589/2589/2589
f 2591/2591/2591 2589/2589/2589 2605/2605/2605 2919/2919/2919
f 2582/2582/2582 2583/2583/2583 2606/2606/2606 2586/2586/2586
f 2585/2585/2585 2935/2935/2935 2606/2606/2606 2583/2583/2583
f 2607/2607/2607 2608/2608/2608 2584/2584/2584 2587/2587/2587
f 2609/2609/2609 2579/2579/2579 2578/2578/2578 2610/2610/2610
f 2611/2611/2611 2609/2609/2609 2610/2610/2610 2612/2612/2612
f 2612/2612/2612 2610/2610/2610 2613/2613/2613 2614/2614/2614
f 2615/2615/2615 2624/2624/2624 2609/2609/2609 2611/2611/2611
f 2616/2616/2616 2639/2639/2639 2575/2575/2575 2576/2576/2576
f 2617/2617/2617 2615/2615/2615 2611/2611/2611 2625/2625/2625
f 2618/2618/2618 2619/2619/2619 2615/2615/2615 2617/2617/2617
f 2620/2620/2620 2621/2621/2621 2619/2619/2619 2618/2618/2618
f 2622/2622/2622 2623/2623/2623 2621/2621/2621 2620/2620/2620
f 2624/2624/2624 2580/2580/2580 2579/2579/2579 2609/2609/2609
f 2625/2625/2625 2611/2611/2611 2612/2612/2612 2626/2626/2626
f 2627/2627/2627 2616/2616/2616 2576/2576/2576 2838/2838/2838
f 2628/2628/2628 2458/2458/2458 2457/2457/2457 2460/2460/2460
f 2574/2574/2574 2458/2458/2458 2628/2628/2628 2578/2578/2578
f 2610/2610/2610 2578/2578/2578 2628/2628/2628 2613/2613/2613
f 2629/2629/2629 2452/2452/2452 2616/2616/2616 2627/2627/2627
f 2630/2630/2630 2629/2629/2629 2627/2627/2627 2608/2608/2608
f 2631/2631/2631 2640/2640/2640 2629/2629/2629 2630/2630/2630
f 2632/2632/2632 2631/2631/2631 2630/2630/2630 2837/2837/2837
f 2633/2633/2633 2634/2634/2634 2631/2631/2631 2632/2632/2632
f 2635/2635/2635 2355/2355/2355 2634/2634/2634 2633/2633/2633
f 2636/2636/2636 2635/2635/2635 2633/2633/2633 2637/2637/2637
f 2637/2637/2637 2633/2633/2633 2632/2632/2632 2638/2638/2638
f 2452/2452/2452 2450/2450/2450 2639/2639/2639 2616/2616/2616
f 2639/2639/2639 2453/2453/2453 2456/2456/2456 2575/2575/2575
f 2640/2640/2640 2399/2399/2399 2452/2452/2452 2629/2629/2629
f 2211/2211/2211 2214/2214/2214 2641/2641/2641 2259/2259/2259
f 2641/2641/2641 2225/2225/2225 2226/2226/2226 2642/2642/2642
f 2643/2643/2643 2637/2637/2637 2638/2638/2638 2644/2644/2644
f 2645/2645/2645 2643/2643/2643 2644/2644/2644 2646/2646/2646
f 2647/2647/2647 2645/2645/2645 2646/2646/2646 2648/2648/2648
f 2649/2649/2649 2650/2650/2650 2645/2645/2645 2647/2647/2647
f 2648/2648/2648 2646/2646/2646 2651/2651/2651 2652/2652/2652
f 2653/2653/2653 2648/2648/2648 2652/2652/2652 2654/2654/2654
f 2654/2654/2654 2652/2652/2652 2655/2655/2655 2656/2656/2656
f 2657/2657/2657 2656/2656/2656 2655/2655/2655 2850/2850/2850
f 2658/2658/2658 2673/2673/2673 2656/2656/2656 2657/2657/2657
f 2659/2659/2659 2658/2658/2658 2657/2657/2657 2660/2660/2660
f 2661/2661/2661 2662/2662/2662 2658/2658/2658 2659/2659/2659
f 2663/2663/2663 2664/2664/2664 2662/2662/2662 2661/2661/2661
f 2665/2665/2665 2673/2673/2673 2658/2658/2658 2662/2662/2662
f 2666/2666/2666 2665/2665/2665 2662/2662/2662 2664/2664/2664
f 2667/2667/2667 2659/2659/2659 2660/2660/2660 2881/2881/2881
f 2661/2661/2661 2659/2659/2659 2667/2667/2667 2668/2668/2668
f 2663/2663/2663 2670/2670/2670 2669/2669/2669 2664/2664/2664
f 2671/2671/2671 2904/2904/2904 2669/2669/2669 2670/2670/2670
f 2672/2672/2672 2671/2671/2671 2670/2670/2670 2678/2678/2678
f 2654/2654/2654 2656/2656/2656 2673/2673/2673 2942/2942/2942
f 2674/2674/2674 2675/2675/2675 2671/2671/2671 2672/2672/2672
f 2676/2676/2676 2653/2653/2653 2654/2654/2654 2942/2942/2942
f 2677/2677/2677 2949/2949/2949 2675/2675/2675 2674/2674/2674
f 2663/2663/2663 2678/2678/2678 2670/2670/2670
f 2679/2679/2679 2647/2647/2647 2648/2648/2648 2653/2653/2653
f 2679/2679/2679 2680/2680/2680 2649/2649/2649 2647/2647/2647
f 2679/2679/2679 2653/2653/2653 2676/2676/2676 2681/2681/2681
f 2682/2682/2682 2677/2677/2677 2674/2674/2674 2717/2717/2717
f 2683/2683/2683 2684/2684/2684 2677/2677/2677 2682/2682/2682
f 2683/2683/2683 2686/2686/2686 2685/2685/2685 2684/2684/2684
f 2687/2687/2687 2688/2688/2688 2684/2684/2684 2685/2685/2685
f 2689/2689/2689 2690/2690/2690 2687/2687/2687 2685/2685/2685
f 2691/2691/2691 2692/2692/2692 2690/2690/2690 2689/2689/2689
f 2693/2693/2693 2694/2694/2694 2692/2692/2692 2691/2691/2691
f 2695/2695/2695 2696/2696/2696 2694/2694/2694 2693/2693/2693
f 2697/2697/2697 2695/2695/2695 2693/2693/2693 2698/2698/2698
f 2697/2697/2697 2700/2700/2700 2699/2699/2699 2695/2695/2695
f 2697/2697/2697 2702/2702/2702 2701/2701/2701 2700/2700/2700
f 2703/2703/2703 2704/2704/2704 2700/2700/2700 2701/2701/2701
f 2705/2705/2705 2706/2706/2706 2704/2704/2704 2703/2703/2703
f 2695/2695/2695 2699/2699/2699 2707/2707/2707 2696/2696/2696
f 2697/2697/2697 2698/2698/2698 2708/2708/2708 2702/2702/2702
f 2696/2696/2696 2710/2710/2710 2709/2709/2709 2694/2694/2694
f 2711/2711/2711 2689/2689/2689 2685/2685/2685 2686/2686/2686
f 2691/2691/2691 2689/2689/2689 2711/2711/2711 2833/2833/2833
f 2712/2712/2712 2652/2652/2652 2651/2651/2651
f 2712/2712/2712 2713/2713/2713 2655/2655/2655 2652/2652/2652
f 2649/2649/2649 2715/2715/2715 2714/2714/2714 2650/2650/2650
f 2716/2716/2716 2328/2328/2328 2714/2714/2714 2715/2715/2715
f 2717/2717/2717 2674/2674/2674 2672/2672/2672 2860/2860/2860
f 2718/2718/2718 2719/2719/2719 2540/2540/2540 2534/2534/2534
f 2719/2719/2719 2721/2721/2721 2720/2720/2720 2540/2540/2540
f 2722/2722/2722 2723/2723/2723 2720/2720/2720 2721/2721/2721
f 2724/2724/2724 2722/2722/2722 2721/2721/2721 2725/2725/2725
f 2719/2719/2719 2726/2726/2726 2725/2725/2725 2721/2721/2721
f 2231/2231/2231 2918/2918/2918 2727/2727/2727 2253/2253/2253
f 2727/2727/2727 2446/2446/2446 2440/2440/2440 2437/2437/2437
f 2434/2434/2434 2433/2433/2433 2728/2728/2728 2918/2918/2918
f 2728/2728/2728 2917/2917/2917 2447/2447/2447 2446/2446/2446
f 2212/2212/2212 2216/2216/2216 2729/2729/2729 2214/2214/2214
f 2729/2729/2729 2219/2219/2219 2222/2222/2222 2225/2225/2225
f 2227/2227/2227 2303/2303/2303 2730/2730/2730 2220/2220/2220
f 2327/2327/2327 2329/2329/2329 2731/2731/2731 2772/2772/2772
f 2326/2326/2326 2332/2332/2332 2732/2732/2732 2329/2329/2329
f 2732/2732/2732 2337/2337/2337 2341/2341/2341 2840/2840/2840
f 2384/2384/2384 2387/2387/2387 2733/2733/2733 2842/2842/2842
f 2385/2385/2385 2735/2735/2735 2734/2734/2734 2387/2387/2387
f 2733/2733/2733 2387/2387/2387 2734/2734/2734 2736/2736/2736
f 2733/2733/2733 2736/2736/2736 2737/2737/2737 2738/2738/2738
f 2735/2735/2735 2740/2740/2740 2739/2739/2739 2734/2734/2734
f 2736/2736/2736 2734/2734/2734 2739/2739/2739
f 2739/2739/2739 2740/2740/2740 2741/2741/2741 2742/2742/2742
f 2743/2743/2743 2744/2744/2744 2741/2741/2741 2740/2740/2740
f 2744/2744/2744 2746/2746/2746 2745/2745/2745 2741/2741/2741
f 2747/2747/2747 2748/2748/2748 2746/2746/2746 2744/2744/2744
f 2747/2747/2747 2750/2750/2750 2749/2749/2749 2748/2748/2748
f 2751/2751/2751 2747/2747/2747 2744/2744/2744 2743/2743/2743
f 2751/2751/2751 2752/2752/2752 2750/2750/2750 2747/2747/2747
f 2748/2748/2748 2749/2749/2749 2753/2753/2753 2754/2754/2754
f 2753/2753/2753 2756/2756/2756 2755/2755/2755 2754/2754/2754
f 2756/2756/2756 2758/2758/2758 2757/2757/2757 2755/2755/2755
f 2755/2755/2755 2757/2757/2757 2759/2759/2759
f 2738/2738/2738 2737/2737/2737 2760/2760/2760 2761/2761/2761
f 2762/2762/2762 2761/2761/2761 2760/2760/2760 2763/2763/2763
f 2764/2764/2764 2765/2765/2765 2761/2761/2761 2762/2762/2762
f 2738/2738/2738 2761/2761/2761 2765/2765/2765 2766/2766/2766
f 2543/2543/2543 2524/2524/2524 2767/2767/2767 2768/2768/2768
f 2767/2767/2767 2770/2770/2770 2769/2769/2769 2768/2768/2768
f 2771/2771/2771 2424/2424/2424 2321/2321/2321 2325/2325/2325
f 2771/2771/2771 2325/2325/2325 2328/2328/2328 2716/2716/2716
f 2426/2426/2426 2424/2424/2424 2771/2771/2771 2429/2429/2429
f 2328/2328/2328 2327/2327/2327 2772/2772/2772 2714/2714/2714
f 2772/2772/2772 2802/2802/2802 2650/2650/2650 2714/2714/2714
f 2770/2770/2770 2774/2774/2774 2773/2773/2773 2769/2769/2769
f 2775/2775/2775 2773/2773/2773 2774/2774/2774 2776/2776/2776
f 2777/2777/2777 2775/2775/2775 2776/2776/2776 2778/2778/2778
f 2777/2777/2777 2779/2779/2779 2775/2775/2775
f 2777/2777/2777 2791/2791/2791 2780/2780/2780 2779/2779/2779
f 2780/2780/2780 2782/2782/2782 2781/2781/2781 2779/2779/2779
f 2783/2783/2783 2792/2792/2792 2779/2779/2779 2781/2781/2781
f 2783/2783/2783 2781/2781/2781 2784/2784/2784
f 2785/2785/2785 2781/2781/2781 2782/2782/2782 2786/2786/2786
f 2784/2784/2784 2781/2781/2781 2785/2785/2785 2787/2787/2787
f 2788/2788/2788 2862/2862/2862 2782/2782/2782 2780/2780/2780
f 2789/2789/2789 2790/2790/2790 2778/2778/2778 2776/2776/2776
f 2777/2777/2777 2778/2778/2778 2791/2791/2791
f 2791/2791/2791 2788/2788/2788 2780/2780/2780
f 2775/2775/2775 2779/2779/2779 2792/2792/2792 2773/2773/2773
f 2793/2793/2793 2774/2774/2774 2770/2770/2770 2794/2794/2794
f 2795/2795/2795 2789/2789/2789 2776/2776/2776 2774/2774/2774
f 2793/2793/2793 2796/2796/2796 2795/2795/2795 2774/2774/2774
f 2381/2381/2381 2388/2388/2388 2797/2797/2797 2383/2383/2383
f 2797/2797/2797 2798/2798/2798 2386/2386/2386 2383/2383/2383
f 2385/2385/2385 2386/2386/2386 2799/2799/2799 2735/2735/2735
f 2799/2799/2799 2743/2743/2743 2740/2740/2740 2735/2735/2735
f 2800/2800/2800 2803/2803/2803 2797/2797/2797 2388/2388/2388
f 2564/2564/2564 2848/2848/2848 2801/2801/2801 2567/2567/2567
f 2802/2802/2802 2636/2636/2636 2637/2637/2637 2643/2643/2643
f 2802/2802/2802 2643/2643/2643 2645/2645/2645 2650/2650/2650
f 2803/2803/2803 2804/2804/2804 2798/2798/2798 2797/2797/2797
f 2536/2536/2536 2539/2539/2539 2805/2805/2805 2806/2806/2806
f 2540/2540/2540 2720/2720/2720 2805/2805/2805 2539/2539/2539
f 2805/2805/2805 2720/2720/2720 2723/2723/2723 2807/2807/2807
f 2808/2808/2808 2800/2800/2800 2388/2388/2388 2392/2392/2392
f 2391/2391/2391 2389/2389/2389 2809/2809/2809 2810/2810/2810
f 2811/2811/2811 2810/2810/2810 2809/2809/2809 2841/2841/2841
f 2812/2812/2812 2431/2431/2431 2430/2430/2430 2813/2813/2813
f 2812/2812/2812 2814/2814/2814 2441/2441/2441 2442/2442/2442
f 2812/2812/2812 2442/2442/2442 2447/2447/2447 2431/2431/2431
f 2815/2815/2815 2247/2247/2247 2274/2274/2274 2301/2301/2301
f 2274/2274/2274 2273/2273/2273 2816/2816/2816 2709/2709/2709
f 2816/2816/2816 2943/2943/2943 2690/2690/2690 2692/2692/2692
f 2694/2694/2694 2709/2709/2709 2816/2816/2816 2692/2692/2692
f 2817/2817/2817 2751/2751/2751 2743/2743/2743 2799/2799/2799
f 2817/2817/2817 2818/2818/2818 2752/2752/2752 2751/2751/2751
f 2817/2817/2817 2799/2799/2799 2386/2386/2386 2798/2798/2798
f 2804/2804/2804 2818/2818/2818 2817/2817/2817 2798/2798/2798
f 2819/2819/2819 2943/2943/2943 2252/2252/2252 2276/2276/2276
f 2819/2819/2819 2276/2276/2276 2277/2277/2277
f 2819/2819/2819 2277/2277/2277 2687/2687/2687 2690/2690/2690
f 2546/2546/2546 2835/2835/2835 2820/2820/2820 2547/2547/2547
f 2821/2821/2821 2268/2268/2268 2269/2269/2269 2949/2949/2949
f 2821/2821/2821 2277/2277/2277 2268/2268/2268
f 2821/2821/2821 2688/2688/2688 2687/2687/2687 2277/2277/2277
f 2343/2343/2343 2342/2342/2342 2822/2822/2822 2347/2347/2347
f 2822/2822/2822 2421/2421/2421 2356/2356/2356 2347/2347/2347
f 2294/2294/2294 2295/2295/2295 2823/2823/2823 2824/2824/2824
f 2264/2264/2264 2825/2825/2825 2267/2267/2267
f 2825/2825/2825 2827/2827/2827 2826/2826/2826 2267/2267/2267
f 2827/2827/2827 2885/2885/2885 2828/2828/2828 2826/2826/2826
f 2267/2267/2267 2826/2826/2826 2829/2829/2829 2266/2266/2266
f 2829/2829/2829 2826/2826/2826 2828/2828/2828 2830/2830/2830
f 2250/2250/2250 2832/2832/2832 2831/2831/2831 2239/2239/2239
f 2693/2693/2693 2691/2691/2691 2833/2833/2833 2698/2698/2698
f 2708/2708/2708 2698/2698/2698 2833/2833/2833 2845/2845/2845
f 2834/2834/2834 2291/2291/2291 2280/2280/2280 2290/2290/2290
f 2495/2495/2495 2921/2921/2921 2835/2835/2835 2546/2546/2546
f 2762/2762/2762 2763/2763/2763 2835/2835/2835 2921/2921/2921
f 2836/2836/2836 2394/2394/2394 2363/2363/2363 2395/2395/2395
f 2412/2412/2412 2415/2415/2415 2836/2836/2836 2419/2419/2419
f 2837/2837/2837 2630/2630/2630 2608/2608/2608 2607/2607/2607
f 2638/2638/2638 2632/2632/2632 2837/2837/2837 2947/2947/2947
f 2838/2838/2838 2576/2576/2576 2577/2577/2577 2581/2581/2581
f 2608/2608/2608 2627/2627/2627 2838/2838/2838 2584/2584/2584
f 2261/2261/2261 2257/2257/2257 2839/2839/2839 2279/2279/2279
f 2840/2840/2840 2341/2341/2341 2355/2355/2355 2635/2635/2635
f 2636/2636/2636 2731/2731/2731 2840/2840/2840 2635/2635/2635
f 2329/2329/2329 2732/2732/2732 2840/2840/2840 2731/2731/2731
f 2841/2841/2841 2766/2766/2766 2765/2765/2765 2896/2896/2896
f 2389/2389/2389 2384/2384/2384 2842/2842/2842 2809/2809/2809
f 2842/2842/2842 2733/2733/2733 2738/2738/2738 2766/2766/2766
f 2843/2843/2843 2537/2537/2537 2538/2538/2538 2844/2844/2844
f 2737/2737/2737 2936/2936/2936 2843/2843/2843 2760/2760/2760
f 2763/2763/2763 2760/2760/2760 2843/2843/2843 2844/2844/2844
f 2711/2711/2711 2846/2846/2846 2845/2845/2845 2833/2833/2833
f 2351/2351/2351 2356/2356/2356 2847/2847/2847 2353/2353/2353
f 2847/2847/2847 2362/2362/2362 2358/2358/2358 2353/2353/2353
f 2396/2396/2396 2948/2948/2948 2848/2848/2848 2397/2397/2397
f 2565/2565/2565 2397/2397/2397 2848/2848/2848 2564/2564/2564
f 2849/2849/2849 2360/2360/2360 2397/2397/2397 2565/2565/2565
f 2849/2849/2849 2565/2565/2565 2562/2562/2562 2566/2566/2566
f 2850/2850/2850 2602/2602/2602 2595/2595/2595 2601/2601/2601
f 2850/2850/2850 2655/2655/2655 2713/2713/2713 2602/2602/2602
f 2663/2663/2663 2875/2875/2875 2851/2851/2851 2678/2678/2678
f 2852/2852/2852 2678/2678/2678 2851/2851/2851 2853/2853/2853
f 2851/2851/2851 2668/2668/2668 2854/2854/2854 2853/2853/2853
f 2266/2266/2266 2829/2829/2829 2855/2855/2855 2265/2265/2265
f 2832/2832/2832 2887/2887/2887 2856/2856/2856 2831/2831/2831
f 2857/2857/2857 2858/2858/2858 2515/2515/2515 2516/2516/2516
f 2859/2859/2859 2230/2230/2230 2224/2224/2224 2223/2223/2223
f 2859/2859/2859 2250/2250/2250 2251/2251/2251
f 2859/2859/2859 2223/2223/2223 2435/2435/2435
f 2859/2859/2859 2435/2435/2435 2832/2832/2832 2250/2250/2250
f 2860/2860/2860 2672/2672/2672 2678/2678/2678 2852/2852/2852
f 2861/2861/2861 2558/2558/2558 2559/2559/2559 2567/2567/2567
f 2861/2861/2861 2896/2896/2896 2765/2765/2765 2764/2764/2764
f 2861/2861/2861 2567/2567/2567 2801/2801/2801 2896/2896/2896
f 2786/2786/2786 2782/2782/2782 2862/2862/2862 2863/2863/2863
f 2785/2785/2785 2786/2786/2786 2864/2864/2864 2865/2865/2865
f 2864/2864/2864 2786/2786/2786 2863/2863/2863 2866/2866/2866
f 2867/2867/2867 2686/2686/2686 2683/2683/2683 2868/2868/2868
f 2711/2711/2711 2686/2686/2686 2867/2867/2867 2846/2846/2846
f 2515/2515/2515 2858/2858/2858 2869/2869/2869 2517/2517/2517
f 2783/2783/2783 2784/2784/2784 2869/2869/2869 2858/2858/2858
f 2870/2870/2870 2513/2513/2513 2517/2517/2517 2871/2871/2871
f 2872/2872/2872 2715/2715/2715 2649/2649/2649 2680/2680/2680
f 2646/2646/2646 2644/2644/2644 2873/2873/2873 2651/2651/2651
f 2712/2712/2712 2651/2651/2651 2873/2873/2873 2919/2919/2919
f 2874/2874/2874 2863/2863/2863 2862/2862/2862 2788/2788/2788
f 2875/2875/2875 2661/2661/2661 2668/2668/2668 2851/2851/2851
f 2668/2668/2668 2667/2667/2667 2876/2876/2876 2854/2854/2854
f 2287/2287/2287 2289/2289/2289 2877/2877/2877 2295/2295/2295
f 2877/2877/2877 2289/2289/2289 2301/2301/2301 2710/2710/2710
f 2877/2877/2877 2710/2710/2710 2696/2696/2696 2707/2707/2707
f 2823/2823/2823 2295/2295/2295 2877/2877/2877 2707/2707/2707
f 2468/2468/2468 2470/2470/2470 2878/2878/2878 2879/2879/2879
f 2475/2475/2475 2478/2478/2478 2878/2878/2878 2470/2470/2470
f 2464/2464/2464 2472/2472/2472 2880/2880/2880 2470/2470/2470
f 2881/2881/2881 2600/2600/2600 2597/2597/2597 2882/2882/2882
f 2881/2881/2881 2660/2660/2660 2601/2601/2601 2600/2600/2600
f 2876/2876/2876 2667/2667/2667 2881/2881/2881 2882/2882/2882
f 2883/2883/2883 2699/2699/2699 2700/2700/2700 2704/2704/2704
f 2706/2706/2706 2884/2884/2884 2883/2883/2883 2704/2704/2704
f 2883/2883/2883 2823/2823/2823 2707/2707/2707 2699/2699/2699
f 2824/2824/2824 2823/2823/2823 2883/2883/2883 2884/2884/2884
f 2444/2444/2444 2443/2443/2443 2885/2885/2885
f 2885/2885/2885 2913/2913/2913 2886/2886/2886 2828/2828/2828
f 2435/2435/2435 2436/2436/2436 2887/2887/2887 2832/2832/2832
f 2887/2887/2887 2438/2438/2438 2444/2444/2444
f 2888/2888/2888 2787/2787/2787 2785/2785/2785 2865/2865/2865
f 2866/2866/2866 2863/2863/2863 2889/2889/2889 2890/2890/2890
f 2874/2874/2874 2889/2889/2889 2863/2863/2863
f 2891/2891/2891 2892/2892/2892 2681/2681/2681 2676/2676/2676
f 2805/2805/2805 2807/2807/2807 2893/2893/2893 2806/2806/2806
f 2894/2894/2894 2603/2603/2603 2604/2604/2604 2623/2623/2623
f 2894/2894/2894 2623/2623/2623 2622/2622/2622 2895/2895/2895
f 2811/2811/2811 2841/2841/2841 2896/2896/2896 2801/2801/2801
f 2897/2897/2897 2898/2898/2898 2787/2787/2787 2888/2888/2888
f 2899/2899/2899 2769/2769/2769 2773/2773/2773 2792/2792/2792
f 2783/2783/2783 2899/2899/2899 2792/2792/2792
f 2900/2900/2900 2460/2460/2460 2461/2461/2461 2469/2469/2469
f 2614/2614/2614 2613/2613/2613 2900/2900/2900 2901/2901/2901
f 2354/2354/2354 2400/2400/2400 2902/2902/2902 2451/2451/2451
f 2902/2902/2902 2903/2903/2903 2573/2573/2573 2454/2454/2454
f 2400/2400/2400 2945/2945/2945 2903/2903/2903 2902/2902/2902
f 2265/2265/2265 2855/2855/2855 2904/2904/2904 2270/2270/2270
f 2790/2790/2790 2906/2906/2906 2905/2905/2905 2778/2778/2778
f 2791/2791/2791 2778/2778/2778 2905/2905/2905 2907/2907/2907
f 2905/2905/2905 2909/2909/2909 2908/2908/2908 2907/2907/2907
f 2909/2909/2909 2911/2911/2911 2910/2910/2910 2908/2908/2908
f 2525/2525/2525 2545/2545/2545 2912/2912/2912
f 2536/2536/2536 2806/2806/2806 2912/2912/2912 2545/2545/2545
f 2443/2443/2443 2445/2445/2445 2913/2913/2913 2885/2885/2885
f 2905/2905/2905 2906/2906/2906 2914/2914/2914 2909/2909/2909
f 2914/2914/2914 2915/2915/2915 2911/2911/2911 2909/2909/2909
f 2916/2916/2916 2260/2260/2260 2261/2261/2261 2291/2291/2291
f 2916/2916/2916 2298/2298/2298 2300/2300/2300 2260/2260/2260
f 2917/2917/2917 2428/2428/2428 2431/2431/2431 2447/2447/2447
f 2433/2433/2433 2432/2432/2432 2917/2917/2917 2728/2728/2728
f 2918/2918/2918 2728/2728/2728 2446/2446/2446 2727/2727/2727
f 2730/2730/2730 2434/2434/2434 2918/2918/2918 2231/2231/2231
f 2602/2602/2602 2713/2713/2713 2919/2919/2919 2605/2605/2605
f 2712/2712/2712 2919/2919/2919 2713/2713/2713
f 2920/2920/2920 2516/2516/2516 2511/2511/2511 2542/2542/2542
f 2920/2920/2920 2542/2542/2542 2543/2543/2543 2768/2768/2768
f 2920/2920/2920 2768/2768/2768 2769/2769/2769 2899/2899/2899
f 2920/2920/2920 2899/2899/2899 2857/2857/2857 2516/2516/2516
f 2568/2568/2568 2954/2954/2954 2921/2921/2921 2495/2495/2495
f 2764/2764/2764 2762/2762/2762 2921/2921/2921 2954/2954/2954
f 2791/2791/2791 2907/2907/2907 2922/2922/2922 2788/2788/2788
f 2874/2874/2874 2788/2788/2788 2922/2922/2922
f 2923/2923/2923 2544/2544/2544 2502/2502/2502 2552/2552/2552
f 2923/2923/2923 2924/2924/2924 2541/2541/2541 2544/2544/2544
f 2547/2547/2547 2924/2924/2924 2923/2923/2923 2494/2494/2494
f 2925/2925/2925 2666/2666/2666 2664/2664/2664 2669/2669/2669
f 2829/2829/2829 2830/2830/2830 2925/2925/2925 2855/2855/2855
f 2926/2926/2926 2946/2946/2946 2665/2665/2665 2666/2666/2666
f 2828/2828/2828 2886/2886/2886 2926/2926/2926 2830/2830/2830
f 2465/2465/2465 2467/2467/2467 2927/2927/2927 2471/2471/2471
f 2927/2927/2927 2557/2557/2557 2474/2474/2474 2471/2471/2471
f 2556/2556/2556 2557/2557/2557 2927/2927/2927 2561/2561/2561
f 2563/2563/2563 2561/2561/2561 2927/2927/2927 2467/2467/2467
f 2928/2928/2928 2345/2345/2345 2344/2344/2344 2349/2349/2349
f 2355/2355/2355 2345/2345/2345 2928/2928/2928 2634/2634/2634
f 2928/2928/2928 2349/2349/2349 2399/2399/2399 2640/2640/2640
f 2631/2631/2631 2634/2634/2634 2928/2928/2928 2640/2640/2640
f 2679/2679/2679 2929/2929/2929 2680/2680/2680
f 2929/2929/2929 2934/2934/2934 2872/2872/2872 2680/2680/2680
f 2930/2930/2930 2563/2563/2563 2467/2467/2467 2466/2466/2466
f 2930/2930/2930 2466/2466/2466 2572/2572/2572 2573/2573/2573
f 2903/2903/2903 2566/2566/2566 2930/2930/2930 2573/2573/2573
f 2430/2430/2430 2429/2429/2429 2931/2931/2931 2813/2813/2813
f 2931/2931/2931 2716/2716/2716 2715/2715/2715 2872/2872/2872
f 2204/2204/2204 2208/2208/2208 2932/2932/2932 2203/2203/2203
f 2932/2932/2932 2211/2211/2211 2259/2259/2259 2258/2258/2258
f 2441/2441/2441 2814/2814/2814 2933/2933/2933 2445/2445/2445
f 2812/2812/2812 2813/2813/2813 2934/2934/2934 2814/2814/2814
f 2590/2590/2590 2606/2606/2606 2935/2935/2935 2604/2604/2604
f 2535/2535/2535 2532/2532/2532 2936/2936/2936 2937/2937/2937
f 2936/2936/2936 2532/2532/2532 2537/2537/2537 2843/2843/2843
f 2736/2736/2736 2937/2937/2937 2936/2936/2936 2737/2737/2737
f 2938/2938/2938 2869/2869/2869 2784/2784/2784 2787/2787/2787
f 2938/2938/2938 2517/2517/2517 2869/2869/2869
f 2938/2938/2938 2939/2939/2939 2871/2871/2871 2517/2517/2517
f 2938/2938/2938 2787/2787/2787 2898/2898/2898
f 2940/2940/2940 2912/2912/2912 2806/2806/2806 2893/2893/2893
f 2941/2941/2941 2570/2570/2570 2498/2498/2498 2549/2549/2549
f 2665/2665/2665 2946/2946/2946 2942/2942/2942 2673/2673/2673
f 2891/2891/2891 2676/2676/2676 2942/2942/2942 2946/2946/2946
f 2273/2273/2273 2252/2252/2252 2943/2943/2943 2816/2816/2816
f 2819/2819/2819 2690/2690/2690 2943/2943/2943
f 2944/2944/2944 2365/2365/2365 2366/2366/2366 2368/2368/2368
f 2944/2944/2944 2368/2368/2368 2391/2391/2391 2810/2810/2810
f 2944/2944/2944 2948/2948/2948 2396/2396/2396 2365/2365/2365
f 2944/2944/2944 2810/2810/2810 2811/2811/2811 2948/2948/2948
f 2357/2357/2357 2957/2957/2957 2945/2945/2945 2400/2400/2400
f 2945/2945/2945 2849/2849/2849 2566/2566/2566 2903/2903/2903
f 2886/2886/2886 2891/2891/2891 2946/2946/2946 2926/2926/2926
f 2947/2947/2947 2837/2837/2837 2607/2607/2607 2591/2591/2591
f 2644/2644/2644 2638/2638/2638 2947/2947/2947 2873/2873/2873
f 2948/2948/2948 2811/2811/2811 2801/2801/2801 2848/2848/2848
f 2949/2949/2949 2269/2269/2269 2270/2270/2270 2675/2675/2675
f 2684/2684/2684 2688/2688/2688 2949/2949/2949 2677/2677/2677
f 2821/2821/2821 2949/2949/2949 2688/2688/2688
f 2468/2468/2468 2879/2879/2879 2950/2950/2950 2469/2469/2469
f 2900/2900/2900 2469/2469/2469 2950/2950/2950 2901/2901/2901
f 2906/2906/2906 2952/2952/2952 2951/2951/2951 2914/2914/2914
f 2953/2953/2953 2372/2372/2372 2393/2393/2393 2394/2394/2394
f 2417/2417/2417 2448/2448/2448 2953/2953/2953 2415/2415/2415
f 2555/2555/2555 2558/2558/2558 2954/2954/2954 2568/2568/2568
f 2861/2861/2861 2764/2764/2764 2954/2954/2954 2558/2558/2558
f 2955/2955/2955 2538/2538/2538 2527/2527/2527 2522/2522/2522
f 2955/2955/2955 2522/2522/2522 2541/2541/2541 2924/2924/2924
f 2547/2547/2547 2820/2820/2820 2955/2955/2955 2924/2924/2924
f 2844/2844/2844 2538/2538/2538 2955/2955/2955 2820/2820/2820
f 2203/2203/2203 2932/2932/2932 2258/2258/2258 2300/2300/2300
f 2214/2214/2214 2729/2729/2729 2225/2225/2225 2641/2641/2641
f 2813/2813/2813 2931/2931/2931 2872/2872/2872 2934/2934/2934
f 2814/2814/2814 2934/2934/2934 2929/2929/2929 2933/2933/2933
f 2710/2710/2710 2301/2301/2301 2274/2274/2274 2709/2709/2709
f 2270/2270/2270 2904/2904/2904 2671/2671/2671 2675/2675/2675
f 2855/2855/2855 2925/2925/2925 2669/2669/2669 2904/2904/2904
f 2830/2830/2830 2926/2926/2926 2666/2666/2666 2925/2925/2925
f 2783/2783/2783 2858/2858/2858 2857/2857/2857 2899/2899/2899
f 2657/2657/2657 2850/2850/2850 2601/2601/2601 2660/2660/2660
f 2873/2873/2873 2947/2947/2947 2591/2591/2591 2919/2919/2919
f 2299/2299/2299 2916/2916/2916 2291/2291/2291 2834/2834/2834
f 2772/2772/2772 2731/2731/2731 2636/2636/2636 2802/2802/2802
f 2874/2874/2874 2922/2922/2922 2907/2907/2907 2908/2908/2908
f 2874/2874/2874 2908/2908/2908 2910/2910/2910 2956/2956/2956
f 2886/2886/2886 2913/2913/2913 2892/2892/2892 2891/2891/2891
f 2445/2445/2445 2933/2933/2933 2892/2892/2892 2913/2913/2913
f 2415/2415/2415 2953/2953/2953 2394/2394/2394 2836/2836/2836
f 2957/2957/2957 2360/2360/2360 2849/2849/2849 2945/2945/2945
f 2604/2604/2604 2935/2935/2935 2621/2621/2621 2623/2623/2623
f 2585/2585/2585 2619/2619/2619 2621/2621/2621 2935/2935/2935
f 2585/2585/2585 2624/2624/2624 2615/2615/2615 2619/2619/2619
f 2419/2419/2419 2836/2836/2836 2395/2395/2395 2421/2421/2421
f 2421/2421/2421 2395/2395/2395 2847/2847/2847 2356/2356/2356
f 2475/2475/2475 2470/2470/2470 2880/2880/2880
f 2474/2474/2474 2557/2557/2557 2553/2553/2553 2554/2554/2554
f 2429/2429/2429 2771/2771/2771 2716/2716/2716 2931/2931/2931
f 2809/2809/2809 2842/2842/2842 2766/2766/2766 2841/2841/2841
f 2763/2763/2763 2844/2844/2844 2820/2820/2820 2835/2835/2835
f 2897/2897/2897 2871/2871/2871 2939/2939/2939
f 2748/2748/2748 2958/2958/2958 2746/2746/2746
f 2746/2746/2746 2958/2958/2958 2959/2959/2959
f 2514/2514/2514 2550/2550/2550 2500/2500/2500 2551/2551/2551
f 2613/2613/2613 2628/2628/2628 2460/2460/2460 2900/2900/2900
f 2960/2960/2960 2961/2961/2961 2962/2962/2962 2963/2963/2963
f 2962/2962/2962 2961/2961/2961 2964/2964/2964
f 2965/2965/2965 2966/2966/2966 2964/2964/2964 2961/2961/2961
f 2964/2964/2964 2966/2966/2966 2967/2967/2967 2968/2968/2968
f 2967/2967/2967 2969/2969/2969 2968/2968/2968
f 2970/2970/2970 2967/2967/2967 2966/2966/2966
f 2971/2971/2971 2972/2972/2972 2973/2973/2973
f 2974/2974/2974 2977/2977/2977 2975/2975/2975 2976/2976/2976
f 2977/2977/2977 2979/2979/2979 2978/2978/2978 2975/2975/2975
f 2980/2980/2980 2981/2981/2981 2982/2982/2982
f 2983/2983/2983 2986/2986/2986 2984/2984/2984 2985/2985/2985
f 2987/2987/2987 2988/2988/2988 2989/2989/2989 2990/2990/2990
f 2987/2987/2987 2992/2992/2992 2991/2991/2991 2988/2988/2988
f 2993/2993/2993 2987/2987/2987 2990/2990/2990
f 2993/2993/2993 2994/2994/2994 2992/2992/2992 2987/2987/2987
f 2995/2995/2995 2991/2991/2991 2992/2992/2992 3073/3073/3073
f 2993/2993/2993 2996/2996/2996 2994/2994/2994
f 2993/2993/2993 2998/2998/2998 2997/2997/2997 2996/2996/2996
f 2996/2996/2996 2997/2997/2997 2999/2999/2999 3000/3000/3000
f 3000/3000/3000 2999/2999/2999 3001/3001/3001 3002/3002/3002
f 3003/3003/3003 3004/3004/3004 2999/2999/2999 2997/2997/2997
f 3004/3004/3004 3005/3005/3005 3001/3001/3001 2999/2999/2999
f 2996/2996/2996 3000/3000/3000 3006/3006/3006 3073/3073/3073
f 3006/3006/3006 3000/3000/3000 3002/3002/3002 3007/3007/3007
f 3002/3002/3002 3001/3001/3001 3008/3008/3008 3009/3009/3009
f 3010/3010/3010 3009/3009/3009 3008/3008/3008 3011/3011/3011
f 3010/3010/3010 3011/3011/3011 3012/3012/3012 3013/3013/3013
f 3013/3013/3013 3012/3012/3012 3014/3014/3014 3015/3015/3015
f 3011/3011/3011 3017/3017/3017 3016/3016/3016 3012/3012/3012
f 3014/3014/3014 3012/3012/3012 3016/3016/3016 3018/3018/3018
f 3010/3010/3010 3013/3013/3013 3019/3019/3019 3020/3020/3020
f 3021/3021/3021 3019/3019/3019 3013/3013/3013 3015/3015/3015
f 3022/3022/3022 3015/3015/3015 3014/3014/3014 3023/3023/3023
f 3024/3024/3024 3025/3025/3025 3022/3022/3022 3023/3023/3023
f 3026/3026/3026 3175/3175/3175 3022/3022/3022 3025/3025/3025
f 3024/3024/3024 3027/3027/3027 3025/3025/3025
f 3027/3027/3027 3028/3028/3028 3026/3026/3026 3025/3025/3025
f 3029/3029/3029 3028/3028/3028 3027/3027/3027 3030/3030/3030
f 3031/3031/3031 3029/3029/3029 3030/3030/3030 3032/3032/3032
f 3033/3033/3033 3031/3031/3031 3032/3032/3032 3034/3034/3034
f 3032/3032/3032 3036/3036/3036 3035/3035/3035 3034/3034/3034
f 3037/3037/3037 3034/3034/3034 3035/3035/3035 3038/3038/3038
f 3039/3039/3039 3037/3037/3037 3038/3038/3038 3040/3040/3040
f 3039/3039/3039 3040/3040/3040 3041/3041/3041 3042/3042/3042
f 3043/3043/3043 3071/3071/3071 3037/3037/3037 3039/3039/3039
f 3043/3043/3043 3039/3039/3039 3042/3042/3042 3044/3044/3044
f 3038/3038/3038 3046/3046/3046 3045/3045/3045 3040/3040/3040
f 3041/3041/3041 3040/3040/3040 3045/3045/3045 3047/3047/3047
f 3048/3048/3048 3042/3042/3042 3041/3041/3041 3049/3049/3049
f 3050/3050/3050 3048/3048/3048 3049/3049/3049
f 3050/3050/3050 3051/3051/3051 3048/3048/3048
f 3050/3050/3050 3049/3049/3049 3052/3052/3052
f 3050/3050/3050 3052/3052/3052 3051/3051/3051
f 3053/3053/3053 3054/3054/3054 3051/3051/3051 3052/3052/3052
f 3055/3055/3055 3054/3054/3054 3053/3053/3053 3056/3056/3056
f 3057/3057/3057 3056/3056/3056 3053/3053/3053 3058/3058/3058
f 3057/3057/3057 3058/3058/3058 3059/3059/3059 3060/3060/3060
f 3061/3061/3061 3062/3062/3062 3055/3055/3055 3056/3056/3056
f 3061/3061/3061 3056/3056/3056 3057/3057/3057 3063/3063/3063
f 3053/3053/3053 3052/3052/3052 3064/3064/3064 3058/3058/3058
f 3059/3059/3059 3058/3058/3058 3064/3064/3064 3065/3065/3065
f 3066/3066/3066 3060/3060/3060 3059/3059/3059 3067/3067/3067
f 3067/3067/3067 3059/3059/3059 3065/3065/3065 3068/3068/3068
f 3035/3035/3035 3036/3036/3036 3069/3069/3069 3139/3139/3139
f 3036/3036/3036 3072/3072/3072 3070/3070/3070 3069/3069/3069
f 3071/3071/3071 3033/3033/3033 3034/3034/3034 3037/3037/3037
f 3027/3027/3027 3132/3132/3132 3072/3072/3072 3030/3030/3030
f 3032/3032/3032 3030/3030/3030 3072/3072/3072 3036/3036/3036
f 2994/2994/2994 2996/2996/2996 3073/3073/3073 2992/2992/2992
f 3074/3074/3074 3003/3003/3003 2997/2997/2997 2998/2998/2998
f 3004/3004/3004 3076/3076/3076 3075/3075/3075 3005/3005/3005
f 3076/3076/3076 3078/3078/3078 3077/3077/3077 3075/3075/3075
f 3079/3079/3079 3080/3080/3080 3077/3077/3077 3078/3078/3078
f 3081/3081/3081 3079/3079/3079 3078/3078/3078 3122/3122/3122
f 3081/3081/3081 3083/3083/3083 3082/3082/3082 3079/3079/3079
f 3084/3084/3084 3085/3085/3085 3083/3083/3083 3081/3081/3081
f 3084/3084/3084 3087/3087/3087 3086/3086/3086 3085/3085/3085
f 3088/3088/3088 3089/3089/3089 3086/3086/3086 3087/3087/3087
f 3090/3090/3090 3088/3088/3088 3087/3087/3087 3092/3092/3092
f 3091/3091/3091 3097/3097/3097 3086/3086/3086 3089/3089/3089
f 3084/3084/3084 3093/3093/3093 3092/3092/3092 3087/3087/3087
f 3090/3090/3090 3092/3092/3092 3094/3094/3094 3095/3095/3095
f 3094/3094/3094 3092/3092/3092 3093/3093/3093 3096/3096/3096
f 3097/3097/3097 3098/3098/3098 3085/3085/3085 3086/3086/3086
f 3099/3099/3099 3125/3125/3125 3077/3077/3077 3080/3080/3080
f 3100/3100/3100 3099/3099/3099 3080/3080/3080 3127/3127/3127
f 3100/3100/3100 3102/3102/3102 3101/3101/3101 3099/3099/3099
f 3103/3103/3103 3104/3104/3104 3101/3101/3101 3102/3102/3102
f 3105/3105/3105 3102/3102/3102 3100/3100/3100 3106/3106/3106
f 3107/3107/3107 3125/3125/3125 3099/3099/3099 3101/3101/3101
f 3104/3104/3104 3108/3108/3108 3107/3107/3107 3101/3101/3101
f 3108/3108/3108 3135/3135/3135 3109/3109/3109 3107/3107/3107
f 3107/3107/3107 3109/3109/3109 3110/3110/3110 3125/3125/3125
f 3111/3111/3111 3112/3112/3112 3108/3108/3108 3104/3104/3104
f 3113/3113/3113 3105/3105/3105 3106/3106/3106 3114/3114/3114
f 3115/3115/3115 3116/3116/3116 3113/3113/3113 3114/3114/3114
f 3117/3117/3117 3115/3115/3115 3114/3114/3114 3123/3123/3123
f 3118/3118/3118 3182/3182/3182 3116/3116/3116 3115/3115/3115
f 3118/3118/3118 3115/3115/3115 3117/3117/3117 3119/3119/3119
f 3120/3120/3120 3103/3103/3103 3102/3102/3102 3105/3105/3105
f 3121/3121/3121 3111/3111/3111 3104/3104/3104 3103/3103/3103
f 3122/3122/3122 3078/3078/3078 3076/3076/3076 3136/3136/3136
f 3084/3084/3084 3081/3081/3081 3122/3122/3122 3093/3093/3093
f 3123/3123/3123 3114/3114/3114 3106/3106/3106 3124/3124/3124
f 3075/3075/3075 3077/3077/3077 3125/3125/3125 3110/3110/3110
f 3126/3126/3126 3120/3120/3120 3105/3105/3105 3113/3113/3113
f 3127/3127/3127 3080/3080/3080 3079/3079/3079 3082/3082/3082
f 3106/3106/3106 3100/3100/3100 3127/3127/3127 3124/3124/3124
f 3128/3128/3128 3124/3124/3124 3127/3127/3127 3082/3082/3082
f 3129/3129/3129 3095/3095/3095 3094/3094/3094 3130/3130/3130
f 3131/3131/3131 3128/3128/3128 3082/3082/3082 3083/3083/3083
f 3131/3131/3131 3083/3083/3083 3085/3085/3085 3098/3098/3098
f 3024/3024/3024 3133/3133/3133 3132/3132/3132 3027/3027/3027
f 3001/3001/3001 3005/3005/3005 3134/3134/3134 3008/3008/3008
f 3011/3011/3011 3008/3008/3008 3134/3134/3134 3017/3017/3017
f 3075/3075/3075 3110/3110/3110 3134/3134/3134 3005/3005/3005
f 3134/3134/3134 3110/3110/3110 3109/3109/3109 3017/3017/3017
f 3135/3135/3135 3016/3016/3016 3017/3017/3017 3109/3109/3109
f 3112/3112/3112 3189/3189/3189 3135/3135/3135 3108/3108/3108
f 3136/3136/3136 3076/3076/3076 3004/3004/3004 3003/3003/3003
f 3074/3074/3074 3136/3136/3136 3003/3003/3003
f 3093/3093/3093 3122/3122/3122 3136/3136/3136 3096/3096/3096
f 3137/3137/3137 3138/3138/3138 3097/3097/3097 3091/3091/3091
f 3137/3137/3137 3119/3119/3119 3117/3117/3117 3138/3138/3138
f 3038/3038/3038 3035/3035/3035 3139/3139/3139 3046/3046/3046
f 3121/3121/3121 3046/3046/3046 3139/3139/3139 3111/3111/3111
f 3140/3140/3140 3045/3045/3045 3046/3046/3046 3121/3121/3121
f 3140/3140/3140 3121/3121/3121 3103/3103/3103 3120/3120/3120
f 3126/3126/3126 3197/3197/3197 3140/3140/3140 3120/3120/3120
f 3141/3141/3141 3007/3007/3007 3002/3002/3002 3009/3009/3009
f 3141/3141/3141 3009/3009/3009 3010/3010/3010 3020/3020/3020
f 3142/3142/3142 3143/3143/3143 3055/3055/3055 3062/3062/3062
f 3144/3144/3144 3145/3145/3145 3142/3142/3142 3062/3062/3062
f 3146/3146/3146 3195/3195/3195 3143/3143/3143 3142/3142/3142
f 3147/3147/3147 3148/3148/3148 3145/3145/3145 3144/3144/3144
f 3149/3149/3149 3147/3147/3147 3144/3144/3144 3180/3180/3180
f 3150/3150/3150 3146/3146/3146 3142/3142/3142 3145/3145/3145
f 3148/3148/3148 3151/3151/3151 3150/3150/3150 3145/3145/3145
f 3152/3152/3152 3153/3153/3153 3146/3146/3146 3150/3150/3150
f 3152/3152/3152 3155/3155/3155 3154/3154/3154 3153/3153/3153
f 3155/3155/3155 3157/3157/3157 3156/3156/3156 3154/3154/3154
f 3154/3154/3154 3156/3156/3156 3158/3158/3158 3186/3186/3186
f 3156/3156/3156 3160/3160/3160 3159/3159/3159 3158/3158/3158
f 3157/3157/3157 3161/3161/3161 3160/3160/3160 3156/3156/3156
f 3160/3160/3160 3170/3170/3170 3162/3162/3162 3159/3159/3159
f 3163/3163/3163 3164/3164/3164 3161/3161/3161 3157/3157/3157
f 3164/3164/3164 3166/3166/3166 3165/3165/3165 3161/3161/3161
f 3165/3165/3165 3166/3166/3166 3167/3167/3167 3168/3168/3168
f 3165/3165/3165 3168/3168/3168 3169/3169/3169 3170/3170/3170
f 3161/3161/3161 3165/3165/3165 3170/3170/3170 3160/3160/3160
f 3170/3170/3170 3169/3169/3169 3171/3171/3171 3162/3162/3162
f 3172/3172/3172 3163/3163/3163 3157/3157/3157 3155/3155/3155
f 3154/3154/3154 3186/3186/3186 3173/3173/3173 3153/3153/3153
f 3174/3174/3174 3152/3152/3152 3150/3150/3150 3151/3151/3151
f 3174/3174/3174 3172/3172/3172 3155/3155/3155 3152/3152/3152
f 3175/3175/3175 3021/3021/3021 3015/3015/3015 3022/3022/3022
f 3176/3176/3176 3044/3044/3044 3042/3042/3042 3048/3048/3048
f 3051/3051/3051 3054/3054/3054 3176/3176/3176 3048/3048/3048
f 3055/3055/3055 3143/3143/3143 3176/3176/3176 3054/3054/3054
f 3177/3177/3177 3023/3023/3023 3014/3014/3014 3018/3018/3018
f 3072/3072/3072 3132/3132/3132 3177/3177/3177 3070/3070/3070
f 3133/3133/3133 3177/3177/3177 3132/3132/3132
f 3178/3178/3178 3063/3063/3063 3057/3057/3057 3060/3060/3060
f 3178/3178/3178 3060/3060/3060 3066/3066/3066 3179/3179/3179
f 3180/3180/3180 3144/3144/3144 3062/3062/3062 3061/3061/3061
f 3180/3180/3180 3061/3061/3061 3063/3063/3063 3181/3181/3181
f 3067/3067/3067 3068/3068/3068 3182/3182/3182 3183/3183/3183
f 3065/3065/3065 3196/3196/3196 3184/3184/3184 3068/3068/3068
f 3184/3184/3184 3126/3126/3126 3113/3113/3113 3116/3116/3116
f 3097/3097/3097 3138/3138/3138 3185/3185/3185 3098/3098/3098
f 3117/3117/3117 3123/3123/3123 3185/3185/3185 3138/3138/3138
f 3185/3185/3185 3123/3123/3123 3124/3124/3124 3128/3128/3128
f 3131/3131/3131 3098/3098/3098 3185/3185/3185 3128/3128/3128
f 3186/3186/3186 3158/3158/3158 3033/3033/3033 3071/3071/3071
f 3186/3186/3186 3071/3071/3071 3043/3043/3043 3173/3173/3173
f 3187/3187/3187 3149/3149/3149 3180/3180/3180 3181/3181/3181
f 3188/3188/3188 3187/3187/3187 3181/3181/3181 3194/3194/3194
f 3189/3189/3189 3018/3018/3018 3016/3016/3016 3135/3135/3135
f 3069/3069/3069 3070/3070/3070 3189/3189/3189 3112/3112/3112
f 3190/3190/3190 3194/3194/3194 3178/3178/3178 3179/3179/3179
f 3191/3191/3191 3179/3179/3179 3066/3066/3066 3192/3192/3192
f 3190/3190/3190 3179/3179/3179 3191/3191/3191 3193/3193/3193
f 3194/3194/3194 3181/3181/3181 3063/3063/3063 3178/3178/3178
f 3195/3195/3195 3173/3173/3173 3043/3043/3043 3044/3044/3044
f 3153/3153/3153 3173/3173/3173 3195/3195/3195 3146/3146/3146
f 3195/3195/3195 3044/3044/3044 3176/3176/3176 3143/3143/3143
f 3196/3196/3196 3197/3197/3197 3126/3126/3126 3184/3184/3184
f 3197/3197/3197 3047/3047/3047 3045/3045/3045 3140/3140/3140
f 3065/3065/3065 3064/3064/3064 3198/3198/3198 3196/3196/3196
f 3198/3198/3198 3047/3047/3047 3197/3197/3197 3196/3196/3196
f 3070/3070/3070 3177/3177/3177 3018/3018/3018 3189/3189/3189
f 3069/3069/3069 3112/3112/3112 3111/3111/3111 3139/3139/3139
f 3068/3068/3068 3184/3184/3184 3116/3116/3116 3182/3182/3182
f 3188/3188/3188 3194/3194/3194 3190/3190/3190 3199/3199/3199
f 3198/3198/3198 3049/3049/3049 3041/3041/3041 3047/3047/3047
f 3052/3052/3052 3049/3049/3049 3198/3198/3198 3064/3064/3064
f 3200/3200/3200 3201/3201/3201 3202/3202/3202 3203/3203/3203
f 3204/3204/3204 3205/3205/3205 3202/3202/3202 3201/3201/3201
f 3206/3206/3206 3207/3207/3207 3208/3208/3208
f 3209/3209/3209 3210/3210/3210 3211/3211/3211 3212/3212/3212
f 3213/3213/3213 3214/3214/3214 3211/3211/3211 3210/3210/3210
f 3213/3213/3213 3216/3216/3216 3215/3215/3215 3214/3214/3214
f 3217/3217/3217 3215/3215/3215 3216/3216/3216 3218/3218/3218
f 3213/3213/3213 3210/3210/3210 3219/3219/3219
f 3220/3220/3220 3221/3221/3221 3219/3219/3219 3210/3210/3210
f 3219/3219/3219 3221/3221/3221 3222/3222/3222 3223/3223/3223
f 3221/3221/3221 3256/3256/3256 3224/3224/3224 3222/3222/3222
f 3222/3222/3222 3224/3224/3224 3225/3225/3225 3226/3226/3226
f 3222/3222/3222 3226/3226/3226 3227/3227/3227 3223/3223/3223
f 3228/3228/3228 3229/3229/3229 3225/3225/3225 3224/3224/3224
f 3230/3230/3230 3228/3228/3228 3224/3224/3224 3256/3256/3256
f 3226/3226/3226 3225/3225/3225 3231/3231/3231 3232/3232/3232
f 3229/3229/3229 3233/3233/3233 3231/3231/3231 3225/3225/3225
f 3217/3217/3217 3218/3218/3218 3234/3234/3234 3235/3235/3235
f 3234/3234/3234 3237/3237/3237 3236/3236/3236 3235/3235/3235
f 3238/3238/3238 3239/3239/3239 3235/3235/3235 3236/3236/3236
f 3238/3238/3238 3236/3236/3236 3240/3240/3240 3241/3241/3241
f 3240/3240/3240 3243/3243/3243 3242/3242/3242 3241/3241/3241
f 3243/3243/3243 3245/3245/3245 3244/3244/3244 3242/3242/3242
f 3242/3242/3242 3244/3244/3244 3246/3246/3246 3251/3251/3251
f 3245/3245/3245 3248/3248/3248 3247/3247/3247 3244/3244/3244
f 3246/3246/3246 3244/3244/3244 3247/3247/3247 3249/3249/3249
f 3236/3236/3236 3237/3237/3237 3250/3250/3250 3240/3240/3240
f 3250/3250/3250 3253/3253/3253 3243/3243/3243 3240/3240/3240
f 3241/3241/3241 3242/3242/3242 3251/3251/3251 3252/3252/3252
f 3253/3253/3253 3254/3254/3254 3245/3245/3245 3243/3243/3243
f 3255/3255/3255 3257/3257/3257 3234/3234/3234 3218/3218/3218
f 3220/3220/3220 3256/3256/3256 3221/3221/3221
f 3257/3257/3257 3258/3258/3258 3237/3237/3237 3234/3234/3234
f 3247/3247/3247 3260/3260/3260 3259/3259/3259 3249/3249/3249
f 3261/3261/3261 3262/3262/3262 3259/3259/3259 3260/3260/3260
f 3261/3261/3261 3264/3264/3264 3263/3263/3263 3262/3262/3262
f 3265/3265/3265 3266/3266/3266 3264/3264/3264 3261/3261/3261
f 3267/3267/3267 3268/3268/3268 3266/3266/3266 3265/3265/3265
f 3267/3267/3267 3270/3270/3270 3269/3269/3269 3268/3268/3268
f 3268/3268/3268 3272/3272/3272 3271/3271/3271 3266/3266/3266
f 3269/3269/3269 3273/3273/3273 3272/3272/3272 3268/3268/3268
f 3263/3263/3263 3264/3264/3264 3274/3274/3274 3275/3275/3275
f 3274/3274/3274 3264/3264/3264 3266/3266/3266 3271/3271/3271
f 3267/3267/3267 3277/3277/3277 3276/3276/3276 3270/3270/3270
f 3278/3278/3278 3279/3279/3279 3270/3270/3270 3276/3276/3276
f 3280/3280/3280 3281/3281/3281 3278/3278/3278 3276/3276/3276
f 3282/3282/3282 3276/3276/3276 3277/3277/3277 3283/3283/3283
f 3280/3280/3280 3285/3285/3285 3284/3284/3284 3281/3281/3281
f 3286/3286/3286 3284/3284/3284 3285/3285/3285 3645/3645/3645
f 3287/3287/3287 3288/3288/3288 3284/3284/3284 3286/3286/3286
f 3289/3289/3289 3287/3287/3287 3286/3286/3286 3290/3290/3290
f 3289/3289/3289 3292/3292/3292 3291/3291/3291 3287/3287/3287
f 3293/3293/3293 3294/3294/3294 3291/3291/3291 3292/3292/3292
f 3291/3291/3291 3294/3294/3294 3295/3295/3295 3303/3303/3303
f 3293/3293/3293 3297/3297/3297 3296/3296/3296 3294/3294/3294
f 3296/3296/3296 3298/3298/3298 3295/3295/3295 3294/3294/3294
f 3299/3299/3299 3293/3293/3293 3292/3292/3292 3300/3300/3300
f 3301/3301/3301 3289/3289/3289 3290/3290/3290 3302/3302/3302
f 3301/3301/3301 3300/3300/3300 3292/3292/3292 3289/3289/3289
f 3287/3287/3287 3291/3291/3291 3303/3303/3303 3288/3288/3288
f 3278/3278/3278 3305/3305/3305 3304/3304/3304 3279/3279/3279
f 3279/3279/3279 3304/3304/3304 3306/3306/3306 3524/3524/3524
f 3307/3307/3307 3306/3306/3306 3304/3304/3304 3308/3308/3308
f 3307/3307/3307 3310/3310/3310 3309/3309/3309 3306/3306/3306
f 3309/3309/3309 3310/3310/3310 3311/3311/3311 3312/3312/3312
f 3312/3312/3312 3311/3311/3311 3313/3313/3313 3314/3314/3314
f 3314/3314/3314 3313/3313/3313 3315/3315/3315 3316/3316/3316
f 3317/3317/3317 3314/3314/3314 3316/3316/3316 3318/3318/3318
f 3319/3319/3319 3318/3318/3318 3316/3316/3316 3514/3514/3514
f 3320/3320/3320 3317/3317/3317 3318/3318/3318 3321/3321/3321
f 3320/3320/3320 3321/3321/3321 3322/3322/3322 3323/3323/3323
f 3321/3321/3321 3679/3679/3679 3324/3324/3324 3322/3322/3322
f 3322/3322/3322 3324/3324/3324 3325/3325/3325 3509/3509/3509
f 3326/3326/3326 3325/3325/3325 3324/3324/3324 3327/3327/3327
f 3326/3326/3326 3327/3327/3327 3328/3328/3328 3329/3329/3329
f 3326/3326/3326 3329/3329/3329 3330/3330/3330
f 3329/3329/3329 3328/3328/3328 3331/3331/3331 3332/3332/3332
f 3333/3333/3333 3334/3334/3334 3331/3331/3331 3328/3328/3328
f 3334/3334/3334 3336/3336/3336 3335/3335/3335 3331/3331/3331
f 3336/3336/3336 3338/3338/3338 3337/3337/3337 3335/3335/3335
f 3335/3335/3335 3337/3337/3337 3339/3339/3339 3511/3511/3511
f 3338/3338/3338 3341/3341/3341 3340/3340/3340 3337/3337/3337
f 3336/3336/3336 3375/3375/3375 3342/3342/3342 3338/3338/3338
f 3342/3342/3342 3343/3343/3343 3341/3341/3341 3338/3338/3338
f 3337/3337/3337 3340/3340/3340 3344/3344/3344 3339/3339/3339
f 3333/3333/3333 3346/3346/3346 3345/3345/3345 3334/3334/3334
f 3347/3347/3347 3348/3348/3348 3345/3345/3345 3346/3346/3346
f 3349/3349/3349 3347/3347/3347 3346/3346/3346 3350/3350/3350
f 3351/3351/3351 3349/3349/3349 3350/3350/3350 3513/3513/3513
f 3352/3352/3352 3375/3375/3375 3345/3345/3345 3348/3348/3348
f 3352/3352/3352 3348/3348/3348 3353/3353/3353 3354/3354/3354
f 3353/3353/3353 3356/3356/3356 3355/3355/3355 3354/3354/3354
f 3356/3356/3356 3358/3358/3358 3357/3357/3357 3355/3355/3355
f 3359/3359/3359 3360/3360/3360 3358/3358/3358 3356/3356/3356
f 3361/3361/3361 3362/3362/3362 3358/3358/3358 3360/3360/3360
f 3361/3361/3361 3364/3364/3364 3363/3363/3363 3362/3362/3362
f 3365/3365/3365 3369/3369/3369 3362/3362/3362 3363/3363/3363
f 3366/3366/3366 3364/3364/3364 3361/3361/3361 3367/3367/3367
f 3367/3367/3367 3361/3361/3361 3360/3360/3360 3368/3368/3368
f 3369/3369/3369 3357/3357/3357 3358/3358/3358 3362/3362/3362
f 3370/3370/3370 3373/3373/3373 3354/3354/3354 3355/3355/3355
f 3370/3370/3370 3355/3355/3355 3357/3357/3357 3715/3715/3715
f 3371/3371/3371 3353/3353/3353 3348/3348/3348 3347/3347/3347
f 3349/3349/3349 3372/3372/3372 3371/3371/3371 3347/3347/3347
f 3371/3371/3371 3359/3359/3359 3356/3356/3356 3353/3353/3353
f 3352/3352/3352 3354/3354/3354 3373/3373/3373 3374/3374/3374
f 3334/3334/3334 3345/3345/3345 3375/3375/3375 3336/3336/3336
f 3341/3341/3341 3377/3377/3377 3376/3376/3376 3340/3340/3340
f 3377/3377/3377 3379/3379/3379 3378/3378/3378 3376/3376/3376
f 3376/3376/3376 3378/3378/3378 3380/3380/3380 3575/3575/3575
f 3378/3378/3378 3382/3382/3382 3381/3381/3381 3380/3380/3380
f 3380/3380/3380 3381/3381/3381 3383/3383/3383 3384/3384/3384
f 3382/3382/3382 3386/3386/3386 3385/3385/3385 3381/3381/3381
f 3382/3382/3382 3504/3504/3504 3387/3387/3387 3386/3386/3386
f 3387/3387/3387 3389/3389/3389 3388/3388/3388 3386/3386/3386
f 3390/3390/3390 3391/3391/3391 3389/3389/3389 3387/3387/3387
f 3392/3392/3392 3391/3391/3391 3390/3390/3390 3393/3393/3393
f 3394/3394/3394 3651/3651/3651 3389/3389/3389 3391/3391/3391
f 3392/3392/3392 3395/3395/3395 3394/3394/3394 3391/3391/3391
f 3394/3394/3394 3395/3395/3395 3396/3396/3396 3397/3397/3397
f 3398/3398/3398 3397/3397/3397 3396/3396/3396 3399/3399/3399
f 3400/3400/3400 3401/3401/3401 3398/3398/3398 3399/3399/3399
f 3398/3398/3398 3401/3401/3401 3402/3402/3402 3403/3403/3403
f 3401/3401/3401 3421/3421/3421 3404/3404/3404 3402/3402/3402
f 3403/3403/3403 3402/3402/3402 3405/3405/3405 3406/3406/3406
f 3407/3407/3407 3499/3499/3499 3403/3403/3403 3406/3406/3406
f 3407/3407/3407 3406/3406/3406 3408/3408/3408 3409/3409/3409
f 3409/3409/3409 3408/3408/3408 3410/3410/3410 3411/3411/3411
f 3412/3412/3412 3413/3413/3413 3407/3407/3407 3409/3409/3409
f 3412/3412/3412 3409/3409/3409 3411/3411/3411 3414/3414/3414
f 3415/3415/3415 3408/3408/3408 3406/3406/3406 3405/3405/3405
f 3415/3415/3415 3416/3416/3416 3410/3410/3410 3408/3408/3408
f 3402/3402/3402 3404/3404/3404 3417/3417/3417 3405/3405/3405
f 3400/3400/3400 3399/3399/3399 3418/3418/3418
f 3418/3418/3418 3399/3399/3399 3419/3419/3419 3420/3420/3420
f 3400/3400/3400 3421/3421/3421 3401/3401/3401
f 3419/3419/3419 3423/3423/3423 3422/3422/3422 3420/3420/3420
f 3420/3420/3420 3422/3422/3422 3424/3424/3424 3496/3496/3496
f 3422/3422/3422 3426/3426/3426 3425/3425/3425 3424/3424/3424
f 3427/3427/3427 3424/3424/3424 3425/3425/3425 3428/3428/3428
f 3427/3427/3427 3428/3428/3428 3429/3429/3429
f 3427/3427/3427 3429/3429/3429 3430/3430/3430 3496/3496/3496
f 3429/3429/3429 3432/3432/3432 3431/3431/3431 3430/3430/3430
f 3432/3432/3432 3434/3434/3434 3433/3433/3433 3431/3431/3431
f 3432/3432/3432 3491/3491/3491 3435/3435/3435 3434/3434/3434
f 3434/3434/3434 3435/3435/3435 3436/3436/3436 3437/3437/3437
f 3438/3438/3438 3439/3439/3439 3436/3436/3436 3435/3435/3435
f 3438/3438/3438 3441/3441/3441 3440/3440/3440 3439/3439/3439
f 3440/3440/3440 3443/3443/3443 3442/3442/3442 3439/3439/3439
f 3443/3443/3443 3445/3445/3445 3444/3444/3444 3442/3442/3442
f 3445/3445/3445 3447/3447/3447 3446/3446/3446 3444/3444/3444
f 3448/3448/3448 3438/3438/3438 3435/3435/3435 3491/3491/3491
f 3449/3449/3449 3441/3441/3441 3438/3438/3438 3448/3448/3448
f 3442/3442/3442 3444/3444/3444 3450/3450/3450 3490/3490/3490
f 3444/3444/3444 3446/3446/3446 3451/3451/3451 3450/3450/3450
f 3447/3447/3447 3453/3453/3453 3452/3452/3452 3446/3446/3446
f 3453/3453/3453 3455/3455/3455 3454/3454/3454 3452/3452/3452
f 3454/3454/3454 3455/3455/3455 3456/3456/3456 3457/3457/3457
f 3452/3452/3452 3454/3454/3454 3458/3458/3458 3717/3717/3717
f 3456/3456/3456 3460/3460/3460 3459/3459/3459 3457/3457/3457
f 3457/3457/3457 3459/3459/3459 3461/3461/3461 3485/3485/3485
f 3459/3459/3459 3463/3463/3463 3462/3462/3462 3461/3461/3461
f 3461/3461/3461 3462/3462/3462 3464/3464/3464 3465/3465/3465
f 3464/3464/3464 3467/3467/3467 3466/3466/3466 3465/3465/3465
f 3468/3468/3468 3465/3465/3465 3466/3466/3466
f 3469/3469/3469 3466/3466/3466 3467/3467/3467 3470/3470/3470
f 3468/3468/3468 3466/3466/3466 3469/3469/3469 3471/3471/3471
f 3468/3468/3468 3473/3473/3473 3472/3472/3472 3465/3465/3465
f 3473/3473/3473 3475/3475/3475 3474/3474/3474 3472/3472/3472
f 3476/3476/3476 3477/3477/3477 3475/3475/3475 3473/3473/3473
f 3478/3478/3478 3477/3477/3477 3476/3476/3476
f 3479/3479/3479 3480/3480/3480 3474/3474/3474 3475/3475/3475
f 3481/3481/3481 3479/3479/3479 3475/3475/3475 3477/3477/3477
f 3463/3463/3463 3483/3483/3483 3482/3482/3482 3462/3462/3462
f 3464/3464/3464 3462/3462/3462 3482/3482/3482 3484/3484/3484
f 3454/3454/3454 3457/3457/3457 3485/3485/3485 3458/3458/3458
f 3485/3485/3485 3461/3461/3461 3465/3465/3465 3472/3472/3472
f 3474/3474/3474 3458/3458/3458 3485/3485/3485 3472/3472/3472
f 3430/3430/3430 3431/3431/3431 3486/3486/3486 3487/3487/3487
f 3486/3486/3486 3431/3431/3431 3433/3433/3433 3488/3488/3488
f 3434/3434/3434 3437/3437/3437 3489/3489/3489 3433/3433/3433
f 3437/3437/3437 3436/3436/3436 3490/3490/3490 3707/3707/3707
f 3439/3439/3439 3442/3442/3442 3490/3490/3490 3436/3436/3436
f 3429/3429/3429 3428/3428/3428 3491/3491/3491 3432/3432/3432
f 3492/3492/3492 3425/3425/3425 3426/3426/3426 3493/3493/3493
f 3492/3492/3492 3494/3494/3494 3428/3428/3428 3425/3425/3425
f 3495/3495/3495 3426/3426/3426 3422/3422/3422 3423/3423/3423
f 3418/3418/3418 3420/3420/3420 3496/3496/3496 3687/3687/3687
f 3427/3427/3427 3496/3496/3496 3424/3424/3424
f 3497/3497/3497 3419/3419/3419 3399/3399/3399 3396/3396/3396
f 3497/3497/3497 3498/3498/3498 3423/3423/3423 3419/3419/3419
f 3394/3394/3394 3397/3397/3397 3499/3499/3499 3651/3651/3651
f 3499/3499/3499 3397/3397/3397 3398/3398/3398 3403/3403/3403
f 3500/3500/3500 3390/3390/3390 3387/3387/3387 3504/3504/3504
f 3500/3500/3500 3501/3501/3501 3393/3393/3393 3390/3390/3390
f 3377/3377/3377 3580/3580/3580 3502/3502/3502 3379/3379/3379
f 3381/3381/3381 3385/3385/3385 3503/3503/3503 3383/3383/3383
f 3378/3378/3378 3379/3379/3379 3504/3504/3504 3382/3382/3382
f 3386/3386/3386 3388/3388/3388 3505/3505/3505 3385/3385/3385
f 3506/3506/3506 3333/3333/3333 3328/3328/3328 3327/3327/3327
f 3506/3506/3506 3350/3350/3350 3346/3346/3346 3333/3333/3333
f 3326/3326/3326 3508/3508/3508 3507/3507/3507 3325/3325/3325
f 3323/3323/3323 3322/3322/3322 3509/3509/3509 3510/3510/3510
f 3331/3331/3331 3335/3335/3335 3511/3511/3511 3332/3332/3332
f 3329/3329/3329 3332/3332/3332 3511/3511/3511 3692/3692/3692
f 3512/3512/3512 3320/3320/3320 3323/3323/3323 3710/3710/3710
f 3319/3319/3319 3513/3513/3513 3318/3318/3318
f 3315/3315/3315 3515/3515/3515 3514/3514/3514 3316/3316/3316
f 3516/3516/3516 3727/3727/3727 3315/3315/3315 3313/3313/3313
f 3507/3507/3507 3508/3508/3508 3517/3517/3517 3518/3518/3518
f 3519/3519/3519 3312/3312/3312 3314/3314/3314 3317/3317/3317
f 3519/3519/3519 3317/3317/3317 3320/3320/3320 3512/3512/3512
f 3310/3310/3310 3521/3521/3521 3520/3520/3520 3311/3311/3311
f 3520/3520/3520 3516/3516/3516 3313/3313/3313 3311/3311/3311
f 3307/3307/3307 3522/3522/3522 3521/3521/3521 3310/3310/3310
f 3523/3523/3523 3308/3308/3308 3304/3304/3304 3305/3305/3305
f 3270/3270/3270 3279/3279/3279 3524/3524/3524 3269/3269/3269
f 3524/3524/3524 3306/3306/3306 3309/3309/3309 3711/3711/3711
f 3247/3247/3247 3248/3248/3248 3525/3525/3525 3260/3260/3260
f 3525/3525/3525 3265/3265/3265 3261/3261/3261 3260/3260/3260
f 3267/3267/3267 3265/3265/3265 3525/3525/3525 3277/3277/3277
f 3526/3526/3526 3487/3487/3487 3486/3486/3486 3527/3527/3527
f 3526/3526/3526 3527/3527/3527 3528/3528/3528 3586/3586/3586
f 3527/3527/3527 3731/3731/3731 3529/3529/3529 3528/3528/3528
f 3528/3528/3528 3529/3529/3529 3530/3530/3530 3531/3531/3531
f 3532/3532/3532 3533/3533/3533 3530/3530/3530 3529/3529/3529
f 3532/3532/3532 3535/3535/3535 3534/3534/3534 3533/3533/3533
f 3535/3535/3535 3537/3537/3537 3536/3536/3536 3534/3534/3534
f 3537/3537/3537 3539/3539/3539 3538/3538/3538 3536/3536/3536
f 3540/3540/3540 3541/3541/3541 3539/3539/3539 3537/3537/3537
f 3540/3540/3540 3543/3543/3543 3542/3542/3542 3541/3541/3541
f 3544/3544/3544 3543/3543/3543 3540/3540/3540 3556/3556/3556
f 3544/3544/3544 3546/3546/3546 3545/3545/3545 3543/3543/3543
f 3534/3534/3534 3536/3536/3536 3547/3547/3547 3548/3548/3548
f 3549/3549/3549 3548/3548/3548 3547/3547/3547
f 3549/3549/3549 3551/3551/3551 3550/3550/3550 3548/3548/3548
f 3552/3552/3552 3560/3560/3560 3548/3548/3548 3550/3550/3550
f 3538/3538/3538 3539/3539/3539 3553/3553/3553 3554/3554/3554
f 3541/3541/3541 3555/3555/3555 3553/3553/3553 3539/3539/3539
f 3532/3532/3532 3557/3557/3557 3556/3556/3556 3535/3535/3535
f 3556/3556/3556 3540/3540/3540 3537/3537/3537 3535/3535/3535
f 3536/3536/3536 3538/3538/3538 3558/3558/3558 3547/3547/3547
f 3549/3549/3549 3547/3547/3547 3558/3558/3558 3559/3559/3559
f 3560/3560/3560 3533/3533/3533 3534/3534/3534 3548/3548/3548
f 3561/3561/3561 3509/3509/3509 3325/3325/3325 3507/3507/3507
f 3510/3510/3510 3509/3509/3509 3561/3561/3561 3562/3562/3562
f 3561/3561/3561 3507/3507/3507 3518/3518/3518 3563/3563/3563
f 3459/3459/3459 3460/3460/3460 3564/3564/3564 3463/3463/3463
f 3564/3564/3564 3565/3565/3565 3483/3483/3483 3463/3463/3463
f 3392/3392/3392 3393/3393/3393 3566/3566/3566 3567/3567/3567
f 3566/3566/3566 3393/3393/3393 3501/3501/3501 3568/3568/3568
f 3569/3569/3569 3501/3501/3501 3500/3500/3500
f 3278/3278/3278 3281/3281/3281 3570/3570/3570 3305/3305/3305
f 3284/3284/3284 3288/3288/3288 3570/3570/3570 3281/3281/3281
f 3303/3303/3303 3728/3728/3728 3570/3570/3570 3288/3288/3288
f 3344/3344/3344 3572/3572/3572 3571/3571/3571 3339/3339/3339
f 3344/3344/3344 3575/3575/3575 3573/3573/3573 3572/3572/3572
f 3412/3412/3412 3414/3414/3414 3574/3574/3574 3505/3505/3505
f 3385/3385/3385 3505/3505/3505 3574/3574/3574 3503/3503/3503
f 3340/3340/3340 3376/3376/3376 3575/3575/3575 3344/3344/3344
f 3575/3575/3575 3380/3380/3380 3384/3384/3384 3573/3573/3573
f 3576/3576/3576 3562/3562/3562 3561/3561/3561 3563/3563/3563
f 3577/3577/3577 3581/3581/3581 3296/3296/3296 3297/3297/3297
f 3342/3342/3342 3374/3374/3374 3578/3578/3578 3343/3343/3343
f 3579/3579/3579 3580/3580/3580 3343/3343/3343 3578/3578/3578
f 3341/3341/3341 3343/3343/3343 3580/3580/3580 3377/3377/3377
f 3581/3581/3581 3582/3582/3582 3298/3298/3298 3296/3296/3296
f 3298/3298/3298 3638/3638/3638 3583/3583/3583 3295/3295/3295
f 3303/3303/3303 3295/3295/3295 3583/3583/3583 3728/3728/3728
f 3468/3468/3468 3471/3471/3471 3584/3584/3584
f 3585/3585/3585 3708/3708/3708 3300/3300/3300 3301/3301/3301
f 3585/3585/3585 3301/3301/3301 3302/3302/3302 3703/3703/3703
f 3421/3421/3421 3526/3526/3526 3586/3586/3586 3404/3404/3404
f 3586/3586/3586 3528/3528/3528 3531/3531/3531 3706/3706/3706
f 3566/3566/3566 3588/3588/3588 3587/3587/3587 3567/3567/3567
f 3589/3589/3589 3590/3590/3590 3587/3587/3587 3588/3588/3588
f 3590/3590/3590 3592/3592/3592 3591/3591/3591 3587/3587/3587
f 3593/3593/3593 3594/3594/3594 3592/3592/3592 3590/3590/3590
f 3595/3595/3595 3596/3596/3596 3594/3594/3594 3593/3593/3593
f 3594/3594/3594 3596/3596/3596 3597/3597/3597 3598/3598/3598
f 3599/3599/3599 3593/3593/3593 3590/3590/3590 3589/3589/3589
f 3599/3599/3599 3600/3600/3600 3595/3595/3595 3593/3593/3593
f 3601/3601/3601 3589/3589/3589 3588/3588/3588 3650/3650/3650
f 3602/3602/3602 3469/3469/3469 3470/3470/3470 3603/3603/3603
f 3602/3602/3602 3604/3604/3604 3471/3471/3471 3469/3469/3469
f 3605/3605/3605 3649/3649/3649 3471/3471/3471 3604/3604/3604
f 3606/3606/3606 3604/3604/3604 3602/3602/3602 3607/3607/3607
f 3605/3605/3605 3604/3604/3604 3606/3606/3606 3608/3608/3608
f 3609/3609/3609 3467/3467/3467 3464/3464/3464 3484/3484/3484
f 3609/3609/3609 3470/3470/3470 3467/3467/3467
f 3610/3610/3610 3568/3568/3568 3501/3501/3501 3569/3569/3569
f 3470/3470/3470 3677/3677/3677 3611/3611/3611 3603/3603/3603
f 3606/3606/3606 3607/3607/3607 3612/3612/3612 3613/3613/3613
f 3614/3614/3614 3613/3613/3613 3612/3612/3612 3615/3615/3615
f 3616/3616/3616 3614/3614/3614 3615/3615/3615 3617/3617/3617
f 3618/3618/3618 3619/3619/3619 3614/3614/3614 3616/3616/3616
f 3620/3620/3620 3621/3621/3621 3619/3619/3619 3618/3618/3618
f 3617/3617/3617 3615/3615/3615 3622/3622/3622 3623/3623/3623
f 3623/3623/3623 3622/3622/3622 3624/3624/3624 3625/3625/3625
f 3626/3626/3626 3625/3625/3625 3624/3624/3624 3627/3627/3627
f 3624/3624/3624 3629/3629/3629 3628/3628/3628 3627/3627/3627
f 3629/3629/3629 3631/3631/3631 3630/3630/3630 3628/3628/3628
f 3615/3615/3615 3612/3612/3612 3632/3632/3632 3622/3622/3622
f 3624/3624/3624 3622/3622/3622 3632/3632/3632 3629/3629/3629
f 3220/3220/3220 3633/3633/3633 3256/3256/3256
f 3634/3634/3634 3449/3449/3449 3448/3448/3448 3494/3494/3494
f 3635/3635/3635 3634/3634/3634 3494/3494/3494 3492/3492/3492
f 3636/3636/3636 3562/3562/3562 3576/3576/3576 3652/3652/3652
f 3637/3637/3637 3608/3608/3608 3606/3606/3606 3613/3613/3613
f 3637/3637/3637 3613/3613/3613 3614/3614/3614 3619/3619/3619
f 3637/3637/3637 3619/3619/3619 3621/3621/3621 3690/3690/3690
f 3582/3582/3582 3639/3639/3639 3638/3638/3638 3298/3298/3298
f 3638/3638/3638 3639/3639/3639 3640/3640/3640 3641/3641/3641
f 3640/3640/3640 3643/3643/3643 3642/3642/3642 3641/3641/3641
f 3642/3642/3642 3643/3643/3643 3644/3644/3644 3680/3680/3680
f 3645/3645/3645 3285/3285/3285 3254/3254/3254 3253/3253/3253
f 3646/3646/3646 3283/3283/3283 3248/3248/3248 3245/3245/3245
f 3646/3646/3646 3245/3245/3245 3254/3254/3254
f 3647/3647/3647 3635/3635/3635 3492/3492/3492 3493/3493/3493
f 3648/3648/3648 3647/3647/3647 3493/3493/3493 3726/3726/3726
f 3554/3554/3554 3553/3553/3553 3649/3649/3649 3605/3605/3605
f 3566/3566/3566 3568/3568/3568 3650/3650/3650 3588/3588/3588
f 3610/3610/3610 3741/3741/3741 3650/3650/3650 3568/3568/3568
f 3651/3651/3651 3413/3413/3413 3388/3388/3388 3389/3389/3389
f 3651/3651/3651 3499/3499/3499 3407/3407/3407 3413/3413/3413
f 3274/3274/3274 3636/3636/3636 3652/3652/3652 3275/3275/3275
f 3415/3415/3415 3405/3405/3405 3653/3653/3653
f 3416/3416/3416 3415/3415/3415 3653/3653/3653
f 3416/3416/3416 3653/3653/3653 3654/3654/3654
f 3654/3654/3654 3655/3655/3655 3416/3416/3416
f 3655/3655/3655 3657/3657/3657 3656/3656/3656 3416/3416/3416
f 3657/3657/3657 3659/3659/3659 3658/3658/3658 3656/3656/3656
f 3659/3659/3659 3660/3660/3660 3658/3658/3658
f 3659/3659/3659 3657/3657/3657 3661/3661/3661 3660/3660/3660
f 3365/3365/3365 3663/3663/3663 3662/3662/3662 3369/3369/3369
f 3663/3663/3663 3665/3665/3665 3664/3664/3664 3662/3662/3662
f 3664/3664/3664 3665/3665/3665 3666/3666/3666 3667/3667/3667
f 3664/3664/3664 3667/3667/3667 3668/3668/3668 3670/3670/3670
f 3667/3667/3667 3674/3674/3674 3669/3669/3669 3668/3668/3668
f 3662/3662/3662 3664/3664/3664 3670/3670/3670 3715/3715/3715
f 3671/3671/3671 3670/3670/3670 3668/3668/3668 3672/3672/3672
f 3673/3673/3673 3671/3671/3671 3672/3672/3672
f 3666/3666/3666 3675/3675/3675 3674/3674/3674 3667/3667/3667
f 3676/3676/3676 3599/3599/3599 3589/3589/3589 3601/3601/3601
f 3676/3676/3676 3682/3682/3682 3600/3600/3600 3599/3599/3599
f 3609/3609/3609 3678/3678/3678 3677/3677/3677 3470/3470/3470
f 3318/3318/3318 3513/3513/3513 3679/3679/3679 3321/3321/3321
f 3679/3679/3679 3506/3506/3506 3327/3327/3327 3324/3324/3324
f 3679/3679/3679 3513/3513/3513 3350/3350/3350 3506/3506/3506
f 3680/3680/3680 3716/3716/3716 3521/3521/3521 3522/3522/3522
f 3307/3307/3307 3308/3308/3308 3681/3681/3681 3522/3522/3522
f 3523/3523/3523 3691/3691/3691 3681/3681/3681 3308/3308/3308
f 3641/3641/3641 3642/3642/3642 3681/3681/3681 3691/3691/3691
f 3674/3674/3674 3675/3675/3675 3682/3682/3682 3676/3676/3676
f 3683/3683/3683 3299/3299/3299 3232/3232/3232 3231/3231/3231
f 3683/3683/3683 3231/3231/3231 3233/3233/3233 3684/3684/3684
f 3683/3683/3683 3297/3297/3297 3293/3293/3293 3299/3299/3299
f 3683/3683/3683 3684/3684/3684 3577/3577/3577 3297/3297/3297
f 3685/3685/3685 3653/3653/3653 3405/3405/3405 3417/3417/3417
f 3433/3433/3433 3489/3489/3489 3686/3686/3686 3488/3488/3488
f 3686/3686/3686 3489/3489/3489 3546/3546/3546 3544/3544/3544
f 3686/3686/3686 3544/3544/3544 3556/3556/3556 3557/3557/3557
f 3400/3400/3400 3418/3418/3418 3687/3687/3687 3421/3421/3421
f 3687/3687/3687 3496/3496/3496 3430/3430/3430 3487/3487/3487
f 3687/3687/3687 3487/3487/3487 3526/3526/3526 3421/3421/3421
f 3549/3549/3549 3559/3559/3559 3688/3688/3688 3689/3689/3689
f 3558/3558/3558 3742/3742/3742 3690/3690/3690 3559/3559/3559
f 3688/3688/3688 3559/3559/3559 3690/3690/3690 3621/3621/3621
f 3638/3638/3638 3641/3641/3641 3691/3691/3691 3583/3583/3583
f 3692/3692/3692 3511/3511/3511 3339/3339/3339 3571/3571/3571
f 3609/3609/3609 3693/3693/3693 3678/3678/3678
f 3694/3694/3694 3695/3695/3695 3611/3611/3611 3677/3677/3677
f 3678/3678/3678 3693/3693/3693 3694/3694/3694 3677/3677/3677
f 3696/3696/3696 3661/3661/3661 3531/3531/3531 3530/3530/3530
f 3696/3696/3696 3530/3530/3530 3533/3533/3533 3560/3560/3560
f 3697/3697/3697 3516/3516/3516 3520/3520/3520 3698/3698/3698
f 3697/3697/3697 3698/3698/3698 3699/3699/3699 3700/3700/3700
f 3697/3697/3697 3700/3700/3700 3701/3701/3701 3702/3702/3702
f 3703/3703/3703 3302/3302/3302 3258/3258/3258 3257/3257/3257
f 3451/3451/3451 3705/3705/3705 3704/3704/3704 3450/3450/3450
f 3546/3546/3546 3707/3707/3707 3704/3704/3704 3545/3545/3545
f 3404/3404/3404 3586/3586/3586 3706/3706/3706 3417/3417/3417
f 3655/3655/3655 3706/3706/3706 3657/3657/3657
f 3706/3706/3706 3531/3531/3531 3661/3661/3661 3657/3657/3657
f 3489/3489/3489 3437/3437/3437 3707/3707/3707 3546/3546/3546
f 3707/3707/3707 3490/3490/3490 3450/3450/3450 3704/3704/3704
f 3226/3226/3226 3232/3232/3232 3708/3708/3708 3227/3227/3227
f 3708/3708/3708 3232/3232/3232 3299/3299/3299 3300/3300/3300
f 3602/3602/3602 3603/3603/3603 3709/3709/3709 3607/3607/3607
f 3709/3709/3709 3603/3603/3603 3611/3611/3611 3631/3631/3631
f 3612/3612/3612 3607/3607/3607 3709/3709/3709 3632/3632/3632
f 3709/3709/3709 3631/3631/3631 3629/3629/3629 3632/3632/3632
f 3273/3273/3273 3512/3512/3512 3710/3710/3710 3272/3272/3272
f 3269/3269/3269 3524/3524/3524 3711/3711/3711 3273/3273/3273
f 3711/3711/3711 3309/3309/3309 3312/3312/3312 3519/3519/3519
f 3711/3711/3711 3519/3519/3519 3512/3512/3512 3273/3273/3273
f 3712/3712/3712 3705/3705/3705 3480/3480/3480 3479/3479/3479
f 3712/3712/3712 3479/3479/3479 3481/3481/3481 3542/3542/3542
f 3543/3543/3543 3545/3545/3545 3712/3712/3712 3542/3542/3542
f 3712/3712/3712 3545/3545/3545 3704/3704/3704 3705/3705/3705
f 3713/3713/3713 3591/3591/3591 3498/3498/3498 3497/3497/3497
f 3713/3713/3713 3714/3714/3714 3567/3567/3567 3587/3587/3587
f 3713/3713/3713 3587/3587/3587 3591/3591/3591
f 3714/3714/3714 3395/3395/3395 3392/3392/3392 3567/3567/3567
f 3714/3714/3714 3497/3497/3497 3396/3396/3396 3395/3395/3395
f 3713/3713/3713 3497/3497/3497 3714/3714/3714
f 3369/3369/3369 3662/3662/3662 3715/3715/3715 3357/3357/3357
f 3716/3716/3716 3698/3698/3698 3520/3520/3520 3521/3521/3521
f 3716/3716/3716 3732/3732/3732 3699/3699/3699 3698/3698/3698
f 3446/3446/3446 3452/3452/3452 3717/3717/3717 3451/3451/3451
f 3717/3717/3717 3458/3458/3458 3474/3474/3474 3480/3480/3480
f 3718/3718/3718 3696/3696/3696 3560/3560/3560 3552/3552/3552
f 3718/3718/3718 3719/3719/3719 3660/3660/3660 3661/3661/3661
f 3718/3718/3718 3552/3552/3552 3719/3719/3719
f 3720/3720/3720 3216/3216/3216 3213/3213/3213 3219/3219/3219
f 3720/3720/3720 3218/3218/3218 3216/3216/3216
f 3720/3720/3720 3219/3219/3219 3223/3223/3223
f 3720/3720/3720 3223/3223/3223 3227/3227/3227 3744/3744/3744
f 3370/3370/3370 3671/3671/3671 3721/3721/3721 3373/3373/3373
f 3374/3374/3374 3373/3373/3373 3721/3721/3721 3578/3578/3578
f 3721/3721/3721 3722/3722/3722 3579/3579/3579 3578/3578/3578
f 3673/3673/3673 3722/3722/3722 3721/3721/3721 3671/3671/3671
f 3723/3723/3723 3271/3271/3271 3272/3272/3272 3710/3710/3710
f 3723/3723/3723 3636/3636/3636 3274/3274/3274 3271/3271/3271
f 3723/3723/3723 3710/3710/3710 3323/3323/3323 3510/3510/3510
f 3562/3562/3562 3636/3636/3636 3723/3723/3723 3510/3510/3510
f 3724/3724/3724 3725/3725/3725 3366/3366/3366 3367/3367/3367
f 3724/3724/3724 3367/3367/3367 3368/3368/3368 3515/3515/3515
f 3726/3726/3726 3493/3493/3493 3426/3426/3426 3495/3495/3495
f 3597/3597/3597 3648/3648/3648 3726/3726/3726 3598/3598/3598
f 3727/3727/3727 3724/3724/3724 3515/3515/3515 3315/3315/3315
f 3697/3697/3697 3702/3702/3702 3727/3727/3727 3516/3516/3516
f 3728/3728/3728 3523/3523/3523 3305/3305/3305 3570/3570/3570
f 3728/3728/3728 3583/3583/3583 3691/3691/3691 3523/3523/3523
f 3685/3685/3685 3417/3417/3417 3729/3729/3729
f 3730/3730/3730 3495/3495/3495 3423/3423/3423 3498/3498/3498
f 3591/3591/3591 3592/3592/3592 3730/3730/3730 3498/3498/3498
f 3594/3594/3594 3598/3598/3598 3730/3730/3730 3592/3592/3592
f 3486/3486/3486 3488/3488/3488 3731/3731/3731 3527/3527/3527
f 3731/3731/3731 3557/3557/3557 3532/3532/3532 3529/3529/3529
f 3731/3731/3731 3488/3488/3488 3686/3686/3686 3557/3557/3557
f 3680/3680/3680 3644/3644/3644 3732/3732/3732 3716/3716/3716
f 3733/3733/3733 3329/3329/3329 3692/3692/3692 3734/3734/3734
f 3735/3735/3735 3733/3733/3733 3734/3734/3734
f 3735/3735/3735 3736/3736/3736 3733/3733/3733
f 3735/3735/3735 3734/3734/3734 3737/3737/3737
f 3735/3735/3735 3737/3737/3737 3736/3736/3736
f 3738/3738/3738 3368/3368/3368 3360/3360/3360 3359/3359/3359
f 3738/3738/3738 3359/3359/3359 3371/3371/3371 3372/3372/3372
f 3319/3319/3319 3514/3514/3514 3738/3738/3738
f 3478/3478/3478 3739/3739/3739 3477/3477/3477
f 3481/3481/3481 3477/3477/3477 3739/3739/3739 3555/3555/3555
f 3739/3739/3739 3649/3649/3649 3553/3553/3553 3555/3555/3555
f 3739/3739/3739 3584/3584/3584 3471/3471/3471 3649/3649/3649
f 3740/3740/3740 3250/3250/3250 3237/3237/3237 3258/3258/3258
f 3740/3740/3740 3645/3645/3645 3253/3253/3253 3250/3250/3250
f 3740/3740/3740 3290/3290/3290 3286/3286/3286 3645/3645/3645
f 3302/3302/3302 3290/3290/3290 3740/3740/3740 3258/3258/3258
f 3741/3741/3741 3669/3669/3669 3601/3601/3601 3650/3650/3650
f 3668/3668/3668 3669/3669/3669 3741/3741/3741 3672/3672/3672
f 3673/3673/3673 3672/3672/3672 3741/3741/3741
f 3538/3538/3538 3554/3554/3554 3742/3742/3742 3558/3558/3558
f 3742/3742/3742 3554/3554/3554 3605/3605/3605 3608/3608/3608
f 3637/3637/3637 3690/3690/3690 3742/3742/3742 3608/3608/3608
f 3743/3743/3743 3703/3703/3703 3257/3257/3257 3255/3255/3255
f 3744/3744/3744 3585/3585/3585 3703/3703/3703 3743/3743/3743
f 3674/3674/3674 3676/3676/3676 3601/3601/3601 3669/3669/3669
f 3611/3611/3611 3695/3695/3695 3630/3630/3630 3631/3631/3631
f 3541/3541/3541 3542/3542/3542 3481/3481/3481 3555/3555/3555
f 3227/3227/3227 3708/3708/3708 3585/3585/3585 3744/3744/3744
f 3718/3718/3718 3661/3661/3661 3696/3696/3696
f 3280/3280/3280 3646/3646/3646 3254/3254/3254 3285/3285/3285
f 3370/3370/3370 3715/3715/3715 3670/3670/3670 3671/3671/3671
f 3642/3642/3642 3680/3680/3680 3522/3522/3522 3681/3681/3681
f 3248/3248/3248 3283/3283/3283 3277/3277/3277 3525/3525/3525
f 3514/3514/3514 3515/3515/3515 3368/3368/3368 3738/3738/3738
f 3702/3702/3702 3725/3725/3725 3724/3724/3724 3727/3727/3727
f 3451/3451/3451 3717/3717/3717 3480/3480/3480 3705/3705/3705
f 3412/3412/3412 3505/3505/3505 3388/3388/3388 3413/3413/3413
f 3352/3352/3352 3374/3374/3374 3342/3342/3342 3375/3375/3375
f 3655/3655/3655 3729/3729/3729 3417/3417/3417 3706/3706/3706
f 3598/3598/3598 3726/3726/3726 3495/3495/3495 3730/3730/3730
f 3428/3428/3428 3494/3494/3494 3448/3448/3448 3491/3491/3491
f 3745/3745/3745 3746/3746/3746 3747/3747/3747
f 3745/3745/3745 3747/3747/3747 3748/3748/3748 3749/3749/3749
f 3745/3745/3745 3749/3749/3749 3750/3750/3750
f 3751/3751/3751 3754/3754/3754 3752/3752/3752 3753/3753/3753
f 3751/3751/3751 3753/3753/3753 3755/3755/3755
f 3756/3756/3756 3755/3755/3755 3753/3753/3753 3757/3757/3757
f 3758/3758/3758 3759/3759/3759 3760/3760/3760
f 3758/3758/3758 3760/3760/3760 3761/3761/3761
f 3762/3762/3762 3761/3761/3761 3760/3760/3760 3763/3763/3763
f 3762/3762/3762 3763/3763/3763 3764/3764/3764 3765/3765/3765
f 3763/3763/3763 3766/3766/3766 3764/3764/3764
f 3767/3767/3767 3764/3764/3764 3766/3766/3766 3768/3768/3768
f 3769/3769/3769 3770/3770/3770 3771/3771/3771
f 3772/3772/3772 3775/3775/3775 3773/3773/3773 3774/3774/3774
f 3772/3772/3772 3774/3774/3774 3776/3776/3776
f 3777/3777/3777 3778/3778/3778 3779/3779/3779 3780/3780/3780
f 3781/3781/3781 3782/3782/3782 3783/3783/3783 3784/3784/3784
f 3785/3785/3785 3786/3786/3786 3787/3787/3787 3788/3788/3788
f 3789/3789/3789 3785/3785/3785 3788/3788/3788 3790/3790/3790
f 3786/3786/3786 3792/3792/3792 3791/3791/3791 3787/3787/3787
f 3792/3792/3792 3794/3794/3794 3793/3793/3793 3791/3791/3791
f 3794/3794/3794 3796/3796/3796 3795/3795/3795 3793/3793/3793
f 3797/3797/3797 3788/3788/3788 3787/3787/3787 3809/3809/3809
f 3790/3790/3790 3788/3788/3788 3797/3797/3797 3798/3798/3798
f 3796/3796/3796 3800/3800/3800 3799/3799/3799 3795/3795/3795
f 3800/3800/3800 3802/3802/3802 3801/3801/3801 3799/3799/3799
f 3799/3799/3799 3801/3801/3801 3803/3803/3803 3804/3804/3804
f 3795/3795/3795 3799/3799/3799 3804/3804/3804 3805/3805/3805
f 3802/3802/3802 3807/3807/3807 3806/3806/3806 3801/3801/3801
f 3803/3803/3803 3801/3801/3801 3806/3806/3806 3808/3808/3808
f 3809/3809/3809 3787/3787/3787 3791/3791/3791 3810/3810/3810
f 3796/3796/3796 3812/3812/3812 3811/3811/3811 3800/3800/3800
f 3813/3813/3813 3806/3806/3806 3807/3807/3807 3814/3814/3814
f 3813/3813/3813 3815/3815/3815 3808/3808/3808 3806/3806/3806
f 3800/3800/3800 3811/3811/3811 3816/3816/3816 3802/3802/3802
f 3816/3816/3816 3817/3817/3817 3807/3807/3807 3802/3802/3802
f 3813/3813/3813 3814/3814/3814 3818/3818/3818 3819/3819/3819
f 3819/3819/3819 3818/3818/3818 3820/3820/3820 3821/3821/3821
f 3819/3819/3819 3821/3821/3821 3822/3822/3822 3852/3852/3852
f 3821/3821/3821 3824/3824/3824 3823/3823/3823 3822/3822/3822
f 3820/3820/3820 3825/3825/3825 3824/3824/3824 3821/3821/3821
f 3820/3820/3820 3827/3827/3827 3826/3826/3826 3825/3825/3825
f 3826/3826/3826 3829/3829/3829 3828/3828/3828 3825/3825/3825
f 3829/3829/3829 3831/3831/3831 3830/3830/3830 3828/3828/3828
f 3831/3831/3831 3833/3833/3833 3832/3832/3832 3830/3830/3830
f 3833/3833/3833 3835/3835/3835 3834/3834/3834 3832/3832/3832
f 3836/3836/3836 3832/3832/3832 3834/3834/3834 3837/3837/3837
f 3834/3834/3834 3839/3839/3839 3838/3838/3838 3837/3837/3837
f 3840/3840/3840 3841/3841/3841 3837/3837/3837 3838/3838/3838
f 3839/3839/3839 3843/3843/3843 3842/3842/3842 3838/3838/3838
f 3840/3840/3840 3838/3838/3838 3842/3842/3842 3844/3844/3844
f 3840/3840/3840 3846/3846/3846 3845/3845/3845 3841/3841/3841
f 3847/3847/3847 3836/3836/3836 3837/3837/3837 3841/3841/3841
f 3847/3847/3847 3841/3841/3841 3845/3845/3845 3848/3848/3848
f 3849/3849/3849 3850/3850/3850 3823/3823/3823 3824/3824/3824
f 3849/3849/3849 3824/3824/3824 3825/3825/3825 3828/3828/3828
f 3849/3849/3849 3828/3828/3828 3830/3830/3830 4063/4063/4063
f 3851/3851/3851 3827/3827/3827 3820/3820/3820 3818/3818/3818
f 3813/3813/3813 3819/3819/3819 3852/3852/3852 3815/3815/3815
f 3840/3840/3840 3844/3844/3844 3853/3853/3853 3846/3846/3846
f 3834/3834/3834 3835/3835/3835 3854/3854/3854 3839/3839/3839
f 3854/3854/3854 3855/3855/3855 3843/3843/3843 3839/3839/3839
f 3843/3843/3843 3857/3857/3857 3856/3856/3856 3842/3842/3842
f 3844/3844/3844 3842/3842/3842 3856/3856/3856 3858/3858/3858
f 3857/3857/3857 3860/3860/3860 3859/3859/3859 3856/3856/3856
f 3857/3857/3857 4048/4048/4048 3861/3861/3861 3860/3860/3860
f 3859/3859/3859 3860/3860/3860 3862/3862/3862 3863/3863/3863
f 3861/3861/3861 3864/3864/3864 3862/3862/3862 3860/3860/3860
f 3791/3791/3791 3793/3793/3793 3865/3865/3865 3810/3810/3810
f 3865/3865/3865 3793/3793/3793 3795/3795/3795 3805/3805/3805
f 3866/3866/3866 3858/3858/3858 3856/3856/3856 3859/3859/3859
f 3866/3866/3866 3859/3859/3859 3863/3863/3863 3867/3867/3867
f 3866/3866/3866 3867/3867/3867 3868/3868/3868 3869/3869/3869
f 3867/3867/3867 3863/3863/3863 3870/3870/3870 3871/3871/3871
f 3871/3871/3871 3870/3870/3870 3872/3872/3872 3873/3873/3873
f 3872/3872/3872 3875/3875/3875 3874/3874/3874 3873/3873/3873
f 3870/3870/3870 4036/4036/4036 3876/3876/3876 3872/3872/3872
f 3876/3876/3876 3877/3877/3877 3875/3875/3875 3872/3872/3872
f 3867/3867/3867 3871/3871/3871 3878/3878/3878 3868/3868/3868
f 3875/3875/3875 3880/3880/3880 3879/3879/3879 3874/3874/3874
f 3880/3880/3880 3882/3882/3882 3881/3881/3881 3879/3879/3879
f 3881/3881/3881 3882/3882/3882 3883/3883/3883 3884/3884/3884
f 3883/3883/3883 3886/3886/3886 3885/3885/3885 3884/3884/3884
f 3883/3883/3883 4023/4023/4023 3887/3887/3887 3886/3886/3886
f 3887/3887/3887 3889/3889/3889 3888/3888/3888 3886/3886/3886
f 3889/3889/3889 3891/3891/3891 3890/3890/3890 3888/3888/3888
f 3888/3888/3888 3890/3890/3890 3892/3892/3892 4041/4041/4041
f 3891/3891/3891 3894/3894/3894 3893/3893/3893 3890/3890/3890
f 3892/3892/3892 3890/3890/3890 3893/3893/3893 3895/3895/3895
f 3887/3887/3887 3897/3897/3897 3896/3896/3896 3889/3889/3889
f 3898/3898/3898 3897/3897/3897 3887/3887/3887 4023/4023/4023
f 3899/3899/3899 3900/3900/3900 3897/3897/3897 3898/3898/3898
f 3901/3901/3901 3902/3902/3902 3900/3900/3900 3899/3899/3899
f 3903/3903/3903 3904/3904/3904 3901/3901/3901 3899/3899/3899
f 3905/3905/3905 3906/3906/3906 3904/3904/3904 3903/3903/3903
f 3907/3907/3907 3905/3905/3905 3903/3903/3903 3919/3919/3919
f 3908/3908/3908 3917/3917/3917 3904/3904/3904 3906/3906/3906
f 3909/3909/3909 3908/3908/3908 3906/3906/3906 3910/3910/3910
f 3909/3909/3909 3910/3910/3910 3911/3911/3911 3912/3912/3912
f 3913/3913/3913 3912/3912/3912 3911/3911/3911 3914/3914/3914
f 3915/3915/3915 3911/3911/3911 3910/3910/3910 3916/3916/3916
f 3906/3906/3906 3905/3905/3905 3916/3916/3916 3910/3910/3910
f 3917/3917/3917 3918/3918/3918 3901/3901/3901 3904/3904/3904
f 3919/3919/3919 3903/3903/3903 3899/3899/3899 3898/3898/3898
f 3897/3897/3897 3900/3900/3900 3920/3920/3920 3896/3896/3896
f 3902/3902/3902 3921/3921/3921 3920/3920/3920 3900/3900/3900
f 3921/3921/3921 3923/3923/3923 3922/3922/3922 3920/3920/3920
f 3922/3922/3922 3923/3923/3923 3924/3924/3924 3925/3925/3925
f 3922/3922/3922 3925/3925/3925 3926/3926/3926 4039/4039/4039
f 3927/3927/3927 3924/3924/3924 3923/3923/3923 3990/3990/3990
f 3928/3928/3928 3924/3924/3924 3927/3927/3927 3929/3929/3929
f 3928/3928/3928 3929/3929/3929 3930/3930/3930
f 3927/3927/3927 3931/3931/3931 3929/3929/3929
f 3927/3927/3927 3990/3990/3990 3932/3932/3932 3931/3931/3931
f 3925/3925/3925 3934/3934/3934 3933/3933/3933 3926/3926/3926
f 3933/3933/3933 3934/3934/3934 3935/3935/3935 3936/3936/3936
f 3935/3935/3935 3938/3938/3938 3937/3937/3937 3936/3936/3936
f 3935/3935/3935 3940/3940/3940 3939/3939/3939 3938/3938/3938
f 3941/3941/3941 3942/3942/3942 3939/3939/3939 3940/3940/3940
f 3941/3941/3941 3944/3944/3944 3943/3943/3943 3942/3942/3942
f 3945/3945/3945 3946/3946/3946 3942/3942/3942 3943/3943/3943
f 3945/3945/3945 3947/3947/3947 3946/3946/3946
f 3938/3938/3938 3939/3939/3939 3948/3948/3948 3950/3950/3950
f 3942/3942/3942 3946/3946/3946 3948/3948/3948 3939/3939/3939
f 3947/3947/3947 3949/3949/3949 3948/3948/3948 3946/3946/3946
f 3937/3937/3937 3938/3938/3938 3950/3950/3950 3951/3951/3951
f 3952/3952/3952 3937/3937/3937 3951/3951/3951 3953/3953/3953
f 3951/3951/3951 3955/3955/3955 3954/3954/3954 3953/3953/3953
f 3953/3953/3953 3954/3954/3954 3956/3956/3956 3986/3986/3986
f 3954/3954/3954 3958/3958/3958 3957/3957/3957 3956/3956/3956
f 3958/3958/3958 3960/3960/3960 3959/3959/3959 3957/3957/3957
f 3958/3958/3958 3982/3982/3982 3961/3961/3961 3960/3960/3960
f 3962/3962/3962 3956/3956/3956 3957/3957/3957 3963/3963/3963
f 3964/3964/3964 3962/3962/3962 3963/3963/3963 3965/3965/3965
f 3960/3960/3960 3961/3961/3961 3966/3966/3966 3967/3967/3967
f 3961/3961/3961 3969/3969/3969 3968/3968/3968 3966/3966/3966
f 3970/3970/3970 3969/3969/3969 3961/3961/3961 3982/3982/3982
f 3970/3970/3970 3972/3972/3972 3971/3971/3971 3969/3969/3969
f 3973/3973/3973 3974/3974/3974 3971/3971/3971 3972/3972/3972
f 3975/3975/3975 3973/3973/3973 3972/3972/3972 3949/3949/3949
f 3969/3969/3969 3971/3971/3971 3976/3976/3976 3968/3968/3968
f 3974/3974/3974 3977/3977/3977 3976/3976/3976 3971/3971/3971
f 3978/3978/3978 3963/3963/3963 3957/3957/3957 3959/3959/3959
f 3978/3978/3978 3979/3979/3979 3965/3965/3965 3963/3963/3963
f 3980/3980/3980 3986/3986/3986 3956/3956/3956 3962/3962/3962
f 3980/3980/3980 3962/3962/3962 3964/3964/3964 3981/3981/3981
f 3954/3954/3954 3955/3955/3955 3982/3982/3982 3958/3958/3958
f 3967/3967/3967 3966/3966/3966 3983/3983/3983 3984/3984/3984
f 3968/3968/3968 3985/3985/3985 3983/3983/3983 3966/3966/3966
f 3952/3952/3952 3953/3953/3953 3986/3986/3986 3987/3987/3987
f 3988/3988/3988 3997/3997/3997 3980/3980/3980 3981/3981/3981
f 3925/3925/3925 3924/3924/3924 3989/3989/3989 3934/3934/3934
f 3928/3928/3928 4019/4019/4019 3989/3989/3989 3924/3924/3924
f 3989/3989/3989 3940/3940/3940 3935/3935/3935 3934/3934/3934
f 3921/3921/3921 3991/3991/3991 3990/3990/3990 3923/3923/3923
f 3984/3984/3984 3983/3983/3983 3992/3992/3992 3993/3993/3993
f 3985/3985/3985 3994/3994/3994 3992/3992/3992 3983/3983/3983
f 3933/3933/3933 3936/3936/3936 3995/3995/3995 4035/4035/4035
f 3995/3995/3995 3936/3936/3936 3937/3937/3937 3952/3952/3952
f 3995/3995/3995 3952/3952/3952 3987/3987/3987 3996/3996/3996
f 3997/3997/3997 3987/3987/3987 3986/3986/3986 3980/3980/3980
f 3992/3992/3992 3999/3999/3999 3998/3998/3998 3993/3993/3993
f 3984/3984/3984 3993/3993/3993 4000/4000/4000 4001/4001/4001
f 4000/4000/4000 3993/3993/3993 3998/3998/3998 4002/4002/4002
f 4003/4003/4003 4000/4000/4000 4002/4002/4002 4004/4004/4004
f 4004/4004/4004 4002/4002/4002 4005/4005/4005 4006/4006/4006
f 4004/4004/4004 4006/4006/4006 4007/4007/4007 4008/4008/4008
f 4003/4003/4003 4004/4004/4004 4008/4008/4008 4009/4009/4009
f 3999/3999/3999 4011/4011/4011 4010/4010/4010 3998/3998/3998
f 4002/4002/4002 3998/3998/3998 4010/4010/4010 4005/4005/4005
f 3992/3992/3992 3994/3994/3994 4012/4012/4012 3999/3999/3999
f 3985/3985/3985 4056/4056/4056 4013/4013/4013 3994/3994/3994
f 4013/4013/4013 4014/4014/4014 4012/4012/4012 3994/3994/3994
f 4015/4015/4015 4016/4016/4016 4014/4014/4014 4013/4013/4013
f 4017/4017/4017 4018/4018/4018 4014/4014/4014 4016/4016/4016
f 4019/4019/4019 3940/3940/3940 3989/3989/3989
f 3881/3881/3881 3884/3884/3884 4020/4020/4020 4021/4021/4021
f 4020/4020/4020 3884/3884/3884 3885/3885/3885 4022/4022/4022
f 3882/3882/3882 4024/4024/4024 4023/4023/4023 3883/3883/3883
f 3919/3919/3919 3898/3898/3898 4023/4023/4023 4024/4024/4024
f 3880/3880/3880 4026/4026/4026 4024/4024/4024 3882/3882/3882
f 3907/3907/3907 3919/3919/3919 4024/4024/4024 4026/4026/4026
f 4025/4025/4025 3874/3874/3874 3879/3879/3879 4040/4040/4040
f 3875/3875/3875 3877/3877/3877 4026/4026/4026 3880/3880/3880
f 3978/3978/3978 4028/4028/4028 4027/4027/4027 3979/3979/3979
f 4028/4028/4028 4052/4052/4052 4029/4029/4029 4027/4027/4027
f 3892/3892/3892 3895/3895/3895 4030/4030/4030 4031/4031/4031
f 4032/4032/4032 4041/4041/4041 3892/3892/3892 4031/4031/4031
f 3893/3893/3893 4061/4061/4061 4033/4033/4033 3895/3895/3895
f 4030/4030/4030 3895/3895/3895 4033/4033/4033 4034/4034/4034
f 3893/3893/3893 3894/3894/3894 4035/4035/4035 4061/4061/4061
f 3863/3863/3863 3862/3862/3862 4036/4036/4036 3870/3870/3870
f 3871/3871/3871 3873/3873/3873 4037/4037/4037 3878/3878/3878
f 4037/4037/4037 3873/3873/3873 3874/3874/3874 4025/4025/4025
f 3862/3862/3862 3864/3864/3864 4038/4038/4038 4036/4036/4036
f 3876/3876/3876 4036/4036/4036 4038/4038/4038 4060/4060/4060
f 3889/3889/3889 3896/3896/3896 4039/4039/4039 3891/3891/3891
f 4039/4039/4039 3926/3926/3926 3894/3894/3894 3891/3891/3891
f 3920/3920/3920 3922/3922/3922 4039/4039/4039 3896/3896/3896
f 4040/4040/4040 3879/3879/3879 3881/3881/3881 4021/4021/4021
f 3886/3886/3886 3888/3888/3888 4041/4041/4041 3885/3885/3885
f 4022/4022/4022 3885/3885/3885 4041/4041/4041 4032/4032/4032
f 3807/3807/3807 3817/3817/3817 4042/4042/4042 3814/3814/3814
f 4042/4042/4042 3851/3851/3851 3818/3818/3818 3814/3814/3814
f 4043/4043/4043 3823/3823/3823 3850/3850/3850 4044/4044/4044
f 3849/3849/3849 4063/4063/4063 4045/4045/4045 3850/3850/3850
f 4044/4044/4044 3850/3850/3850 4045/4045/4045 4059/4059/4059
f 3901/3901/3901 3918/3918/3918 4046/4046/4046 3902/3902/3902
f 4046/4046/4046 3991/3991/3991 3921/3921/3921 3902/3902/3902
f 3844/3844/3844 3858/3858/3858 4047/4047/4047 3853/3853/3853
f 3866/3866/3866 3869/3869/3869 4047/4047/4047 3858/3858/3858
f 3843/3843/3843 3855/3855/3855 4048/4048/4048 3857/3857/3857
f 3960/3960/3960 3967/3967/3967 4049/4049/4049 3959/3959/3959
f 3978/3978/3978 3959/3959/3959 4049/4049/4049 4028/4028/4028
f 4049/4049/4049 3967/3967/3967 3984/3984/3984 4001/4001/4001
f 4050/4050/4050 4011/4011/4011 3999/3999/3999 4012/4012/4012
f 4050/4050/4050 4012/4012/4012 4014/4014/4014 4018/4018/4018
f 3876/3876/3876 4060/4060/4060 4051/4051/4051 3877/3877/3877
f 4051/4051/4051 3916/3916/3916 3905/3905/3905 3907/3907/3907
f 4051/4051/4051 3907/3907/3907 4026/4026/4026 3877/3877/3877
f 4052/4052/4052 4001/4001/4001 4000/4000/4000 4003/4003/4003
f 4052/4052/4052 4003/4003/4003 4009/4009/4009 4029/4029/4029
f 4053/4053/4053 3996/3996/3996 3987/3987/3987 3997/3997/3997
f 4053/4053/4053 3997/3997/3997 3988/3988/3988 4054/4054/4054
f 4034/4034/4034 4033/4033/4033 4053/4053/4053 4054/4054/4054
f 4055/4055/4055 3932/3932/3932 3990/3990/3990 3991/3991/3991
f 3968/3968/3968 3976/3976/3976 4056/4056/4056 3985/3985/3985
f 3977/3977/3977 4057/4057/4057 4056/4056/4056 3976/3976/3976
f 4015/4015/4015 4013/4013/4013 4056/4056/4056 4057/4057/4057
f 3928/3928/3928 4058/4058/4058 4019/4019/4019
f 4059/4059/4059 4045/4045/4045 3847/3847/3847 3848/3848/3848
f 4060/4060/4060 3915/3915/3915 3916/3916/3916 4051/4051/4051
f 4061/4061/4061 4035/4035/4035 3995/3995/3995 3996/3996/3996
f 3948/3948/3948 3949/3949/3949 4062/4062/4062 3950/3950/3950
f 3951/3951/3951 3950/3950/3950 4062/4062/4062 3955/3955/3955
f 4062/4062/4062 3970/3970/3970 3982/3982/3982 3955/3955/3955
f 4063/4063/4063 3830/3830/3830 3832/3832/3832 3836/3836/3836
f 4063/4063/4063 3836/3836/3836 3847/3847/3847 4045/4045/4045
f 3894/3894/3894 3926/3926/3926 3933/3933/3933 4035/4035/4035
f 4028/4028/4028 4049/4049/4049 4001/4001/4001 4052/4052/4052
f 3949/3949/3949 3972/3972/3972 3970/3970/3970 4062/4062/4062
f 4033/4033/4033 4061/4061/4061 3996/3996/3996 4053/4053/4053
f 4064/4064/4064 4067/4067/4067 4065/4065/4065 4066/4066/4066
f 4064/4064/4064 4066/4066/4066 4068/4068/4068
f 4064/4064/4064 4068/4068/4068 4069/4069/4069 4070/4070/4070
f 4064/4064/4064 4070/4070/4070 4071/4071/4071
f 4072/4072/4072 4073/4073/4073 4074/4074/4074 4075/4075/4075
f 4076/4076/4076 4073/4073/4073 4072/4072/4072 4077/4077/4077
f 4078/4078/4078 4079/4079/4079 4076/4076/4076 4077/4077/4077
f 4078/4078/4078 4081/4081/4081 4080/4080/4080 4079/4079/4079
f 4072/4072/4072 4075/4075/4075 4082/4082/4082 4083/4083/4083
f 4083/4083/4083 4082/4082/4082 4084/4084/4084 4085/4085/4085
f 4083/4083/4083 4085/4085/4085 4086/4086/4086 4151/4151/4151
f 4085/4085/4085 4088/4088/4088 4087/4087/4087 4086/4086/4086
f 4087/4087/4087 4088/4088/4088 4089/4089/4089 4090/4090/4090
f 4089/4089/4089 4092/4092/4092 4091/4091/4091 4090/4090/4090
f 4091/4091/4091 4092/4092/4092 4093/4093/4093 4094/4094/4094
f 4091/4091/4091 4094/4094/4094 4095/4095/4095 4096/4096/4096
f 4094/4094/4094 4098/4098/4098 4097/4097/4097 4095/4095/4095
f 4095/4095/4095 4097/4097/4097 4099/4099/4099 4100/4100/4100
f 4101/4101/4101 4100/4100/4100 4099/4099/4099 4102/4102/4102
f 4099/4099/4099 4104/4104/4104 4103/4103/4103 4102/4102/4102
f 4101/4101/4101 4102/4102/4102 4105/4105/4105 4106/4106/4106
f 4107/4107/4107 4098/4098/4098 4094/4094/4094 4093/4093/4093
f 4086/4086/4086 4087/4087/4087 4108/4108/4108 4109/4109/4109
f 4110/4110/4110 4106/4106/4106 4105/4105/4105 4111/4111/4111
f 4112/4112/4112 4171/4171/4171 4100/4100/4100 4101/4101/4101
f 4112/4112/4112 4101/4101/4101 4106/4106/4106 4113/4113/4113
f 4114/4114/4114 4109/4109/4109 4108/4108/4108 4115/4115/4115
f 4116/4116/4116 4117/4117/4117 4075/4075/4075 4074/4074/4074
f 4102/4102/4102 4103/4103/4103 4118/4118/4118 4105/4105/4105
f 4119/4119/4119 4115/4115/4115 4108/4108/4108
f 4082/4082/4082 4127/4127/4127 4120/4120/4120 4084/4084/4084
f 4085/4085/4085 4084/4084/4084 4121/4121/4121 4088/4088/4088
f 4120/4120/4120 4122/4122/4122 4121/4121/4121 4084/4084/4084
f 4123/4123/4123 4087/4087/4087 4090/4090/4090
f 4123/4123/4123 4090/4090/4090 4091/4091/4091 4096/4096/4096
f 4123/4123/4123 4119/4119/4119 4108/4108/4108 4087/4087/4087
f 4110/4110/4110 4125/4125/4125 4124/4124/4124 4106/4106/4106
f 4110/4110/4110 4126/4126/4126 4125/4125/4125
f 4075/4075/4075 4117/4117/4117 4127/4127/4127 4082/4082/4082
f 4119/4119/4119 4172/4172/4172 4128/4128/4128 4115/4115/4115
f 4115/4115/4115 4128/4128/4128 4129/4129/4129 4160/4160/4160
f 4079/4079/4079 4080/4080/4080 4130/4130/4130 4131/4131/4131
f 4132/4132/4132 4131/4131/4131 4130/4130/4130 4133/4133/4133
f 4130/4130/4130 4135/4135/4135 4134/4134/4134 4133/4133/4133
f 4135/4135/4135 4137/4137/4137 4136/4136/4136 4134/4134/4134
f 4079/4079/4079 4131/4131/4131 4138/4138/4138 4139/4139/4139
f 4138/4138/4138 4131/4131/4131 4132/4132/4132 4140/4140/4140
f 4133/4133/4133 4134/4134/4134 4141/4141/4141 4146/4146/4146
f 4130/4130/4130 4080/4080/4080 4142/4142/4142 4135/4135/4135
f 4142/4142/4142 4143/4143/4143 4137/4137/4137 4135/4135/4135
f 4137/4137/4137 4162/4162/4162 4144/4144/4144 4136/4136/4136
f 4136/4136/4136 4144/4144/4144 4145/4145/4145 4147/4147/4147
f 4132/4132/4132 4133/4133/4133 4146/4146/4146 4163/4163/4163
f 4134/4134/4134 4136/4136/4136 4147/4147/4147 4141/4141/4141
f 4144/4144/4144 4149/4149/4149 4148/4148/4148 4145/4145/4145
f 4150/4150/4150 4109/4109/4109 4114/4114/4114 4165/4165/4165
f 4072/4072/4072 4083/4083/4083 4151/4151/4151 4077/4077/4077
f 4151/4151/4151 4086/4086/4086 4109/4109/4109 4150/4150/4150
f 4149/4149/4149 4153/4153/4153 4152/4152/4152 4148/4148/4148
f 4154/4154/4154 4155/4155/4155 4153/4153/4153 4149/4149/4149
f 4156/4156/4156 4152/4152/4152 4153/4153/4153 4157/4157/4157
f 4156/4156/4156 4159/4159/4159 4158/4158/4158 4152/4152/4152
f 4114/4114/4114 4115/4115/4115 4160/4160/4160 4143/4143/4143
f 4161/4161/4161 4124/4124/4124 4125/4125/4125 4126/4126/4126
f 4161/4161/4161 4157/4157/4157 4153/4153/4153 4155/4155/4155
f 4143/4143/4143 4160/4160/4160 4162/4162/4162 4137/4137/4137
f 4162/4162/4162 4154/4154/4154 4149/4149/4149 4144/4144/4144
f 4140/4140/4140 4132/4132/4132 4163/4163/4163 4164/4164/4164
f 4165/4165/4165 4142/4142/4142 4080/4080/4080 4081/4081/4081
f 4165/4165/4165 4114/4114/4114 4143/4143/4143 4142/4142/4142
f 4141/4141/4141 4147/4147/4147 4166/4166/4166 4167/4167/4167
f 4163/4163/4163 4169/4169/4169 4168/4168/4168 4164/4164/4164
f 4170/4170/4170 4146/4146/4146 4141/4141/4141 4167/4167/4167
f 4163/4163/4163 4146/4146/4146 4170/4170/4170 4169/4169/4169
f 4171/4171/4171 4096/4096/4096 4095/4095/4095 4100/4100/4100
f 4123/4123/4123 4096/4096/4096 4171/4171/4171
f 4172/4172/4172 4112/4112/4112 4113/4113/4113 4128/4128/4128
f 4123/4123/4123 4172/4172/4172 4119/4119/4119
f 4173/4173/4173 4150/4150/4150 4165/4165/4165 4081/4081/4081
f 4174/4174/4174 4113/4113/4113 4106/4106/4106 4124/4124/4124
f 4128/4128/4128 4113/4113/4113 4174/4174/4174 4129/4129/4129
f 4154/4154/4154 4129/4129/4129 4174/4174/4174 4155/4155/4155
f 4174/4174/4174 4124/4124/4124 4161/4161/4161 4155/4155/4155
f 4077/4077/4077 4151/4151/4151 4150/4150/4150 4173/4173/4173
f 4160/4160/4160 4129/4129/4129 4154/4154/4154 4162/4162/4162
f 4123/4123/4123 4171/4171/4171 4112/4112/4112 4172/4172/4172
f 4175/4175/4175 4176/4176/4176 4177/4177/4177
f 4178/4178/4178 4179/4179/4179 4180/4180/4180
f 4181/4181/4181 4182/4182/4182 4183/4183/4183 4184/4184/4184
f 4181/4181/4181 4184/4184/4184 4183/4183/4183
f 4185/4185/4185 4186/4186/4186 4187/4187/4187
f 4188/4188/4188 4189/4189/4189 4190/4190/4190 4191/4191/4191
f 4192/4192/4192 4193/4193/4193 4194/4194/4194
f 4195/4195/4195 4196/4196/4196 4197/4197/4197
f 4198/4198/4198 4201/4201/4201 4199/4199/4199 4200/4200/4200
f 4202/4202/4202 4203/4203/4203 4204/4204/4204
f 4205/4205/4205 4208/4208/4208 4206/4206/4206 4207/4207/4207
f 4206/4206/4206 4208/4208/4208 4209/4209/4209 4210/4210/4210
f 4211/4211/4211 4207/4207/4207 4206/4206/4206 4212/4212/4212
f 4208/4208/4208 4216/4216/4216 4213/4213/4213 4209/4209/4209
f 4210/4210/4210 4209/4209/4209 4214/4214/4214 4215/4215/4215
f 4205/4205/4205 4217/4217/4217 4216/4216/4216 4208/4208/4208
f 4209/4209/4209 4213/4213/4213 4218/4218/4218 4214/4214/4214
f 4214/4214/4214 4220/4220/4220 4219/4219/4219 4215/4215/4215
f 4219/4219/4219 4220/4220/4220 4221/4221/4221 4222/4222/4222
f 4221/4221/4221 4224/4224/4224 4223/4223/4223 4222/4222/4222
f 4224/4224/4224 4226/4226/4226 4225/4225/4225 4223/4223/4223
f 4224/4224/4224 4331/4331/4331 4227/4227/4227 4226/4226/4226
f 4226/4226/4226 4227/4227/4227 4228/4228/4228 4326/4326/4326
f 4227/4227/4227 4230/4230/4230 4229/4229/4229 4228/4228/4228
f 4228/4228/4228 4229/4229/4229 4231/4231/4231 4232/4232/4232
f 4229/4229/4229 4801/4801/4801 4233/4233/4233 4231/4231/4231
f 4231/4231/4231 4233/4233/4233 4234/4234/4234 4285/4285/4285
f 4233/4233/4233 4236/4236/4236 4235/4235/4235 4234/4234/4234
f 4235/4235/4235 4236/4236/4236 4237/4237/4237 4238/4238/4238
f 4237/4237/4237 4240/4240/4240 4239/4239/4239 4238/4238/4238
f 4241/4241/4241 4242/4242/4242 4240/4240/4240 4237/4237/4237
f 4243/4243/4243 4244/4244/4244 4240/4240/4240 4242/4242/4242
f 4243/4243/4243 4246/4246/4246 4245/4245/4245 4244/4244/4244
f 4244/4244/4244 4245/4245/4245 4247/4247/4247 4800/4800/4800
f 4248/4248/4248 4249/4249/4249 4242/4242/4242 4241/4241/4241
f 4250/4250/4250 4251/4251/4251 4249/4249/4249 4248/4248/4248
f 4252/4252/4252 4253/4253/4253 4247/4247/4247 4245/4245/4245
f 4252/4252/4252 4255/4255/4255 4254/4254/4254 4253/4253/4253
f 4253/4253/4253 4254/4254/4254 4256/4256/4256 4259/4259/4259
f 4254/4254/4254 4258/4258/4258 4257/4257/4257 4256/4256/4256
f 4247/4247/4247 4253/4253/4253 4259/4259/4259 4260/4260/4260
f 4258/4258/4258 4262/4262/4262 4261/4261/4261 4257/4257/4257
f 4263/4263/4263 4252/4252/4252 4245/4245/4245 4246/4246/4246
f 4263/4263/4263 4264/4264/4264 4255/4255/4255 4252/4252/4252
f 4256/4256/4256 4257/4257/4257 4265/4265/4265 4266/4266/4266
f 4261/4261/4261 4267/4267/4267 4265/4265/4265 4257/4257/4257
f 4268/4268/4268 4241/4241/4241 4237/4237/4237 4236/4236/4236
f 4234/4234/4234 4235/4235/4235 4269/4269/4269 4270/4270/4270
f 4238/4238/4238 4239/4239/4239 4271/4271/4271 4325/4325/4325
f 4227/4227/4227 4331/4331/4331 4272/4272/4272 4230/4230/4230
f 4272/4272/4272 4274/4274/4274 4273/4273/4273 4230/4230/4230
f 4275/4275/4275 4276/4276/4276 4274/4274/4274 4272/4272/4272
f 4276/4276/4276 4278/4278/4278 4277/4277/4277 4274/4274/4274
f 4279/4279/4279 4275/4275/4275 4272/4272/4272 4331/4331/4331
f 4280/4280/4280 4789/4789/4789 4276/4276/4276 4275/4275/4275
f 4281/4281/4281 4243/4243/4243 4242/4242/4242 4249/4249/4249
f 4281/4281/4281 4821/4821/4821 4246/4246/4246 4243/4243/4243
f 4251/4251/4251 4282/4282/4282 4281/4281/4281 4249/4249/4249
f 4250/4250/4250 4284/4284/4284 4283/4283/4283 4251/4251/4251
f 4232/4232/4232 4231/4231/4231 4285/4285/4285 4286/4286/4286
f 4285/4285/4285 4234/4234/4234 4270/4270/4270 4339/4339/4339
f 4287/4287/4287 4288/4288/4288 4283/4283/4283 4284/4284/4284
f 4289/4289/4289 4290/4290/4290 4288/4288/4288 4287/4287/4287
f 4290/4290/4290 4292/4292/4292 4291/4291/4291 4288/4288/4288
f 4292/4292/4292 4294/4294/4294 4293/4293/4293 4291/4291/4291
f 4295/4295/4295 4296/4296/4296 4294/4294/4294 4292/4292/4292
f 4297/4297/4297 4298/4298/4298 4296/4296/4296 4295/4295/4295
f 4299/4299/4299 4300/4300/4300 4298/4298/4298 4297/4297/4297
f 4301/4301/4301 4295/4295/4295 4292/4292/4292 4290/4290/4290
f 4302/4302/4302 4287/4287/4287 4284/4284/4284 4278/4278/4278
f 4289/4289/4289 4287/4287/4287 4302/4302/4302 4303/4303/4303
f 4270/4270/4270 4269/4269/4269 4304/4304/4304 4305/4305/4305
f 4296/4296/4296 4298/4298/4298 4306/4306/4306 4307/4307/4307
f 4300/4300/4300 4308/4308/4308 4306/4306/4306 4298/4298/4298
f 4291/4291/4291 4293/4293/4293 4309/4309/4309 4820/4820/4820
f 4293/4293/4293 4311/4311/4311 4310/4310/4310 4309/4309/4309
f 4311/4311/4311 4313/4313/4313 4312/4312/4312 4310/4310/4310
f 4310/4310/4310 4312/4312/4312 4314/4314/4314 4323/4323/4323
f 4312/4312/4312 4329/4329/4329 4315/4315/4315 4314/4314/4314
f 4314/4314/4314 4315/4315/4315 4316/4316/4316 4317/4317/4317
f 4318/4318/4318 4304/4304/4304 4269/4269/4269 4325/4325/4325
f 4305/4305/4305 4304/4304/4304 4319/4319/4319 4320/4320/4320
f 4318/4318/4318 4321/4321/4321 4319/4319/4319 4304/4304/4304
f 4322/4322/4322 4299/4299/4299 4297/4297/4297 4695/4695/4695
f 4309/4309/4309 4310/4310/4310 4323/4323/4323 4744/4744/4744
f 4323/4323/4323 4314/4314/4314 4317/4317/4317 4792/4792/4792
f 4317/4317/4317 4316/4316/4316 4324/4324/4324 4264/4264/4264
f 4235/4235/4235 4238/4238/4238 4325/4325/4325 4269/4269/4269
f 4225/4225/4225 4226/4226/4226 4326/4326/4326 4327/4327/4327
f 4326/4326/4326 4228/4228/4228 4232/4232/4232 4328/4328/4328
f 4313/4313/4313 4330/4330/4330 4329/4329/4329 4312/4312/4312
f 4221/4221/4221 4279/4279/4279 4331/4331/4331 4224/4224/4224
f 4213/4213/4213 4333/4333/4333 4332/4332/4332 4218/4218/4218
f 4333/4333/4333 4335/4335/4335 4334/4334/4334 4332/4332/4332
f 4336/4336/4336 4335/4335/4335 4333/4333/4333 4822/4822/4822
f 4214/4214/4214 4218/4218/4218 4337/4337/4337 4220/4220/4220
f 4337/4337/4337 4279/4279/4279 4221/4221/4221 4220/4220/4220
f 4337/4337/4337 4280/4280/4280 4275/4275/4275 4279/4279/4279
f 4337/4337/4337 4218/4218/4218 4332/4332/4332 4280/4280/4280
f 4326/4326/4326 4328/4328/4328 4338/4338/4338 4327/4327/4327
f 4286/4286/4286 4285/4285/4285 4339/4339/4339 4340/4340/4340
f 4339/4339/4339 4270/4270/4270 4305/4305/4305 4690/4690/4690
f 4341/4341/4341 4301/4301/4301 4290/4290/4290 4289/4289/4289
f 4318/4318/4318 4343/4343/4343 4342/4342/4342 4321/4321/4321
f 4344/4344/4344 4360/4360/4360 4319/4319/4319 4321/4321/4321
f 4344/4344/4344 4321/4321/4321 4342/4342/4342 4345/4345/4345
f 4343/4343/4343 4347/4347/4347 4346/4346/4346 4342/4342/4342
f 4347/4347/4347 4349/4349/4349 4348/4348/4348 4346/4346/4346
f 4349/4349/4349 4814/4814/4814 4350/4350/4350 4348/4348/4348
f 4350/4350/4350 4352/4352/4352 4351/4351/4351 4348/4348/4348
f 4350/4350/4350 4354/4354/4354 4353/4353/4353 4352/4352/4352
f 4352/4352/4352 4353/4353/4353 4355/4355/4355 4356/4356/4356
f 4351/4351/4351 4352/4352/4352 4356/4356/4356 4357/4357/4357
f 4358/4358/4358 4353/4353/4353 4354/4354/4354 4703/4703/4703
f 4358/4358/4358 4355/4355/4355 4353/4353/4353
f 4359/4359/4359 4347/4347/4347 4343/4343/4343 4271/4271/4271
f 4320/4320/4320 4319/4319/4319 4360/4360/4360 4361/4361/4361
f 4362/4362/4362 4320/4320/4320 4361/4361/4361 4363/4363/4363
f 4364/4364/4364 4362/4362/4362 4363/4363/4363 4365/4365/4365
f 4366/4366/4366 4364/4364/4364 4365/4365/4365 4367/4367/4367
f 4366/4366/4366 4367/4367/4367 4368/4368/4368 4369/4369/4369
f 4370/4370/4370 4679/4679/4679 4366/4366/4366 4369/4369/4369
f 4367/4367/4367 4372/4372/4372 4371/4371/4371 4368/4368/4368
f 4372/4372/4372 4374/4374/4374 4373/4373/4373 4371/4371/4371
f 4373/4373/4373 4374/4374/4374 4375/4375/4375 4376/4376/4376
f 4376/4376/4376 4375/4375/4375 4377/4377/4377 4378/4378/4378
f 4378/4378/4378 4377/4377/4377 4379/4379/4379 4380/4380/4380
f 4381/4381/4381 4382/4382/4382 4379/4379/4379 4377/4377/4377
f 4381/4381/4381 4384/4384/4384 4383/4383/4383 4382/4382/4382
f 4385/4385/4385 4386/4386/4386 4383/4383/4383 4384/4384/4384
f 4385/4385/4385 4388/4388/4388 4387/4387/4387 4386/4386/4386
f 4386/4386/4386 4387/4387/4387 4389/4389/4389 4674/4674/4674
f 4387/4387/4387 4834/4834/4834 4390/4390/4390 4389/4389/4389
f 4389/4389/4389 4390/4390/4390 4391/4391/4391 4392/4392/4392
f 4390/4390/4390 4394/4394/4394 4393/4393/4393 4391/4391/4391
f 4391/4391/4391 4393/4393/4393 4395/4395/4395 4673/4673/4673
f 4394/4394/4394 4397/4397/4397 4396/4396/4396 4393/4393/4393
f 4398/4398/4398 4397/4397/4397 4394/4394/4394 4399/4399/4399
f 4400/4400/4400 4401/4401/4401 4398/4398/4398 4399/4399/4399
f 4402/4402/4402 4403/4403/4403 4401/4401/4401 4400/4400/4400
f 4404/4404/4404 4405/4405/4405 4398/4398/4398 4401/4401/4401
f 4403/4403/4403 4406/4406/4406 4404/4404/4404 4401/4401/4401
f 4397/4397/4397 4709/4709/4709 4407/4407/4407 4396/4396/4396
f 4396/4396/4396 4407/4407/4407 4408/4408/4408 4420/4420/4420
f 4407/4407/4407 4410/4410/4410 4409/4409/4409 4408/4408/4408
f 4408/4408/4408 4409/4409/4409 4411/4411/4411 4412/4412/4412
f 4408/4408/4408 4412/4412/4412 4413/4413/4413 4420/4420/4420
f 4411/4411/4411 4415/4415/4415 4414/4414/4414 4412/4412/4412
f 4413/4413/4413 4412/4412/4412 4414/4414/4414 4416/4416/4416
f 4410/4410/4410 4418/4418/4418 4417/4417/4417 4409/4409/4409
f 4417/4417/4417 4419/4419/4419 4411/4411/4411 4409/4409/4409
f 4393/4393/4393 4396/4396/4396 4420/4420/4420 4395/4395/4395
f 4421/4421/4421 4422/4422/4422 4388/4388/4388 4385/4385/4385
f 4423/4423/4423 4400/4400/4400 4399/4399/4399 4834/4834/4834
f 4402/4402/4402 4400/4400/4400 4423/4423/4423 4424/4424/4424
f 4422/4422/4422 4424/4424/4424 4423/4423/4423 4388/4388/4388
f 4425/4425/4425 4422/4422/4422 4421/4421/4421 4426/4426/4426
f 4427/4427/4427 4426/4426/4426 4421/4421/4421 4698/4698/4698
f 4382/4382/4382 4383/4383/4383 4428/4428/4428 4678/4678/4678
f 4379/4379/4379 4430/4430/4430 4429/4429/4429 4380/4380/4380
f 4429/4429/4429 4430/4430/4430 4431/4431/4431 4432/4432/4432
f 4432/4432/4432 4431/4431/4431 4433/4433/4433 4434/4434/4434
f 4435/4435/4435 4434/4434/4434 4433/4433/4433 4436/4436/4436
f 4435/4435/4435 4436/4436/4436 4437/4437/4437 4438/4438/4438
f 4436/4436/4436 4440/4440/4440 4439/4439/4439 4437/4437/4437
f 4437/4437/4437 4439/4439/4439 4441/4441/4441 4442/4442/4442
f 4443/4443/4443 4444/4444/4444 4441/4441/4441 4439/4439/4439
f 4443/4443/4443 4446/4446/4446 4445/4445/4445 4444/4444/4444
f 4447/4447/4447 4448/4448/4448 4445/4445/4445 4446/4446/4446
f 4447/4447/4447 4450/4450/4450 4449/4449/4449 4448/4448/4448
f 4451/4451/4451 4450/4450/4450 4447/4447/4447 4666/4666/4666
f 4451/4451/4451 4712/4712/4712 4452/4452/4452 4450/4450/4450
f 4450/4450/4450 4452/4452/4452 4453/4453/4453 4449/4449/4449
f 4448/4448/4448 4449/4449/4449 4454/4454/4454 4455/4455/4455
f 4455/4455/4455 4454/4454/4454 4456/4456/4456 4457/4457/4457
f 4457/4457/4457 4456/4456/4456 4458/4458/4458 4459/4459/4459
f 4458/4458/4458 4456/4456/4456 4460/4460/4460 4461/4461/4461
f 4462/4462/4462 4457/4457/4457 4459/4459/4459 4509/4509/4509
f 4463/4463/4463 4457/4457/4457 4462/4462/4462 4464/4464/4464
f 4464/4464/4464 4462/4462/4462 4465/4465/4465 4466/4466/4466
f 4466/4466/4466 4465/4465/4465 4467/4467/4467 4468/4468/4468
f 4469/4469/4469 4467/4467/4467 4465/4465/4465 4470/4470/4470
f 4471/4471/4471 4472/4472/4472 4468/4468/4468 4467/4467/4467
f 4469/4469/4469 4473/4473/4473 4471/4471/4471 4467/4467/4467
f 4474/4474/4474 4470/4470/4470 4465/4465/4465 4462/4462/4462
f 4475/4475/4475 4476/4476/4476 4461/4461/4461 4460/4460/4460
f 4477/4477/4477 4464/4464/4464 4466/4466/4466 4478/4478/4478
f 4479/4479/4479 4477/4477/4477 4478/4478/4478 4480/4480/4480
f 4479/4479/4479 4480/4480/4480 4481/4481/4481 4482/4482/4482
f 4481/4481/4481 4480/4480/4480 4483/4483/4483 4484/4484/4484
f 4485/4485/4485 4481/4481/4481 4484/4484/4484 4486/4486/4486
f 4486/4486/4486 4484/4484/4484 4487/4487/4487 4488/4488/4488
f 4484/4484/4484 4483/4483/4483 4489/4489/4489 4487/4487/4487
f 4490/4490/4490 4488/4488/4488 4487/4487/4487 4692/4692/4692
f 4491/4491/4491 4492/4492/4492 4479/4479/4479 4482/4482/4482
f 4492/4492/4492 4661/4661/4661 4477/4477/4477 4479/4479/4479
f 4493/4493/4493 4491/4491/4491 4482/4482/4482 4662/4662/4662
f 4475/4475/4475 4495/4495/4495 4494/4494/4494 4476/4476/4476
f 4496/4496/4496 4497/4497/4497 4495/4495/4495 4475/4475/4475
f 4497/4497/4497 4499/4499/4499 4498/4498/4498 4495/4495/4495
f 4499/4499/4499 4501/4501/4501 4500/4500/4500 4498/4498/4498
f 4499/4499/4499 4726/4726/4726 4502/4502/4502 4501/4501/4501
f 4503/4503/4503 4505/4505/4505 4501/4501/4501 4502/4502/4502
f 4504/4504/4504 4726/4726/4726 4499/4499/4499 4497/4497/4497
f 4505/4505/4505 4506/4506/4506 4500/4500/4500 4501/4501/4501
f 4507/4507/4507 4498/4498/4498 4500/4500/4500 4508/4508/4508
f 4458/4458/4458 4509/4509/4509 4459/4459/4459
f 4510/4510/4510 4494/4494/4494 4495/4495/4495 4498/4498/4498
f 4510/4510/4510 4507/4507/4507 4508/4508/4508 4511/4511/4511
f 4508/4508/4508 4743/4743/4743 4512/4512/4512 4511/4511/4511
f 4511/4511/4511 4512/4512/4512 4513/4513/4513 4514/4514/4514
f 4513/4513/4513 4516/4516/4516 4515/4515/4515 4514/4514/4514
f 4516/4516/4516 4518/4518/4518 4517/4517/4517 4515/4515/4515
f 4510/4510/4510 4511/4511/4511 4519/4519/4519
f 4519/4519/4519 4511/4511/4511 4514/4514/4514 4534/4534/4534
f 4518/4518/4518 4521/4521/4521 4520/4520/4520 4517/4517/4517
f 4522/4522/4522 4517/4517/4517 4520/4520/4520 4523/4523/4523
f 4523/4523/4523 4520/4520/4520 4524/4524/4524 4525/4525/4525
f 4526/4526/4526 4523/4523/4523 4525/4525/4525 4527/4527/4527
f 4528/4528/4528 4522/4522/4522 4523/4523/4523 4526/4526/4526
f 4525/4525/4525 4524/4524/4524 4529/4529/4529 4530/4530/4530
f 4524/4524/4524 4536/4536/4536 4531/4531/4531 4529/4529/4529
f 4525/4525/4525 4530/4530/4530 4532/4532/4532 4527/4527/4527
f 4526/4526/4526 4527/4527/4527 4533/4533/4533 4732/4732/4732
f 4534/4534/4534 4514/4514/4514 4515/4515/4515 4535/4535/4535
f 4535/4535/4535 4515/4515/4515 4517/4517/4517 4522/4522/4522
f 4520/4520/4520 4521/4521/4521 4536/4536/4536 4524/4524/4524
f 4530/4530/4530 4529/4529/4529 4537/4537/4537 4538/4538/4538
f 4531/4531/4531 4539/4539/4539 4537/4537/4537 4529/4529/4529
f 4538/4538/4538 4537/4537/4537 4540/4540/4540 4541/4541/4541
f 4538/4538/4538 4541/4541/4541 4542/4542/4542 4833/4833/4833
f 4541/4541/4541 4544/4544/4544 4543/4543/4543 4542/4542/4542
f 4544/4544/4544 4546/4546/4546 4545/4545/4545 4543/4543/4543
f 4544/4544/4544 4639/4639/4639 4547/4547/4547 4546/4546/4546
f 4548/4548/4548 4543/4543/4543 4545/4545/4545 4549/4549/4549
f 4548/4548/4548 4549/4549/4549 4550/4550/4550 4551/4551/4551
f 4552/4552/4552 4551/4551/4551 4550/4550/4550 4553/4553/4553
f 4552/4552/4552 4553/4553/4553 4554/4554/4554 4555/4555/4555
f 4556/4556/4556 4555/4555/4555 4554/4554/4554 4557/4557/4557
f 4554/4554/4554 4559/4559/4559 4558/4558/4558 4557/4557/4557
f 4557/4557/4557 4558/4558/4558 4560/4560/4560 4561/4561/4561
f 4558/4558/4558 4563/4563/4563 4562/4562/4562 4560/4560/4560
f 4560/4560/4560 4562/4562/4562 4564/4564/4564 4565/4565/4565
f 4566/4566/4566 4561/4561/4561 4560/4560/4560 4565/4565/4565
f 4558/4558/4558 4559/4559/4559 4567/4567/4567 4563/4563/4563
f 4568/4568/4568 4569/4569/4569 4555/4555/4555 4556/4556/4556
f 4570/4570/4570 4568/4568/4568 4556/4556/4556 4697/4697/4697
f 4571/4571/4571 4572/4572/4572 4569/4569/4569 4568/4568/4568
f 4573/4573/4573 4574/4574/4574 4572/4572/4572 4571/4571/4571
f 4575/4575/4575 4573/4573/4573 4571/4571/4571 4603/4603/4603
f 4576/4576/4576 4577/4577/4577 4573/4573/4573 4575/4575/4575
f 4578/4578/4578 4577/4577/4577 4576/4576/4576 4579/4579/4579
f 4580/4580/4580 4602/4602/4602 4577/4577/4577 4578/4578/4578
f 4576/4576/4576 4575/4575/4575 4581/4581/4581 4582/4582/4582
f 4583/4583/4583 4581/4581/4581 4575/4575/4575 4603/4603/4603
f 4583/4583/4583 4585/4585/4585 4584/4584/4584 4581/4581/4581
f 4586/4586/4586 4584/4584/4584 4585/4585/4585 4587/4587/4587
f 4588/4588/4588 4600/4600/4600 4584/4584/4584 4586/4586/4586
f 4574/4574/4574 4590/4590/4590 4589/4589/4589 4572/4572/4572
f 4591/4591/4591 4592/4592/4592 4589/4589/4589 4590/4590/4590
f 4591/4591/4591 4738/4738/4738 4593/4593/4593 4592/4592/4592
f 4591/4591/4591 4590/4590/4590 4594/4594/4594 4595/4595/4595
f 4596/4596/4596 4595/4595/4595 4594/4594/4594 4597/4597/4597
f 4583/4583/4583 4598/4598/4598 4585/4585/4585
f 4587/4587/4587 4585/4585/4585 4598/4598/4598 4599/4599/4599
f 4600/4600/4600 4582/4582/4582 4581/4581/4581 4584/4584/4584
f 4601/4601/4601 4579/4579/4579 4576/4576/4576 4582/4582/4582
f 4602/4602/4602 4574/4574/4574 4573/4573/4573 4577/4577/4577
f 4602/4602/4602 4594/4594/4594 4590/4590/4590 4574/4574/4574
f 4603/4603/4603 4571/4571/4571 4568/4568/4568 4570/4570/4570
f 4604/4604/4604 4605/4605/4605 4551/4551/4551 4552/4552/4552
f 4604/4604/4604 4552/4552/4552 4555/4555/4555 4569/4569/4569
f 4604/4604/4604 4569/4569/4569 4572/4572/4572 4589/4589/4589
f 4604/4604/4604 4589/4589/4589 4592/4592/4592 4605/4605/4605
f 4549/4549/4549 4607/4607/4607 4606/4606/4606 4550/4550/4550
f 4606/4606/4606 4607/4607/4607 4608/4608/4608 4609/4609/4609
f 4610/4610/4610 4609/4609/4609 4608/4608/4608 4611/4611/4611
f 4608/4608/4608 4613/4613/4613 4612/4612/4612 4611/4611/4611
f 4611/4611/4611 4612/4612/4612 4614/4614/4614 4728/4728/4728
f 4610/4610/4610 4616/4616/4616 4615/4615/4615 4609/4609/4609
f 4610/4610/4610 4618/4618/4618 4617/4617/4617 4616/4616/4616
f 4617/4617/4617 4618/4618/4618 4619/4619/4619 4620/4620/4620
f 4618/4618/4618 4728/4728/4728 4621/4621/4621 4619/4619/4619
f 4619/4619/4619 4621/4621/4621 4622/4622/4622 4623/4623/4623
f 4623/4623/4623 4622/4622/4622 4624/4624/4624 4625/4625/4625
f 4622/4622/4622 4630/4630/4630 4626/4626/4626 4624/4624/4624
f 4625/4625/4625 4624/4624/4624 4627/4627/4627 4628/4628/4628
f 4626/4626/4626 4629/4629/4629 4627/4627/4627 4624/4624/4624
f 4621/4621/4621 4631/4631/4631 4630/4630/4630 4622/4622/4622
f 4617/4617/4617 4620/4620/4620 4632/4632/4632 4633/4633/4633
f 4613/4613/4613 4635/4635/4635 4634/4634/4634 4612/4612/4612
f 4634/4634/4634 4636/4636/4636 4614/4614/4614 4612/4612/4612
f 4545/4545/4545 4546/4546/4546 4637/4637/4637 4818/4818/4818
f 4547/4547/4547 4638/4638/4638 4637/4637/4637 4546/4546/4546
f 4541/4541/4541 4540/4540/4540 4639/4639/4639 4544/4544/4544
f 4640/4640/4640 4553/4553/4553 4550/4550/4550 4606/4606/4606
f 4554/4554/4554 4553/4553/4553 4640/4640/4640 4559/4559/4559
f 4640/4640/4640 4615/4615/4615 4567/4567/4567 4559/4559/4559
f 4640/4640/4640 4606/4606/4606 4609/4609/4609 4615/4615/4615
f 4599/4599/4599 4598/4598/4598 4641/4641/4641 4642/4642/4642
f 4642/4642/4642 4641/4641/4641 4643/4643/4643 4644/4644/4644
f 4598/4598/4598 4646/4646/4646 4645/4645/4645 4641/4641/4641
f 4645/4645/4645 4566/4566/4566 4643/4643/4643 4641/4641/4641
f 4537/4537/4537 4539/4539/4539 4647/4647/4647 4540/4540/4540
f 4648/4648/4648 4565/4565/4565 4564/4564/4564 4649/4649/4649
f 4566/4566/4566 4565/4565/4565 4648/4648/4648 4643/4643/4643
f 4644/4644/4644 4643/4643/4643 4648/4648/4648 4784/4784/4784
f 4547/4547/4547 4651/4651/4651 4650/4650/4650 4638/4638/4638
f 4650/4650/4650 4653/4653/4653 4652/4652/4652 4638/4638/4638
f 4652/4652/4652 4653/4653/4653 4654/4654/4654 4817/4817/4817
f 4601/4601/4601 4656/4656/4656 4655/4655/4655 4579/4579/4579
f 4657/4657/4657 4684/4684/4684 4491/4491/4491 4493/4493/4493
f 4494/4494/4494 4815/4815/4815 4658/4658/4658 4476/4476/4476
f 4659/4659/4659 4657/4657/4657 4493/4493/4493 4660/4660/4660
f 4661/4661/4661 4463/4463/4463 4464/4464/4464 4477/4477/4477
f 4662/4662/4662 4482/4482/4482 4481/4481/4481 4485/4485/4485
f 4660/4660/4660 4493/4493/4493 4662/4662/4662 4663/4663/4663
f 4458/4458/4458 4461/4461/4461 4664/4664/4664 4470/4470/4470
f 4469/4469/4469 4470/4470/4470 4664/4664/4664 4665/4665/4665
f 4664/4664/4664 4461/4461/4461 4476/4476/4476 4658/4658/4658
f 4666/4666/4666 4447/4447/4447 4446/4446/4446 4667/4667/4667
f 4444/4444/4444 4445/4445/4445 4668/4668/4668 4807/4807/4807
f 4448/4448/4448 4455/4455/4455 4668/4668/4668 4445/4445/4445
f 4668/4668/4668 4455/4455/4455 4457/4457/4457 4463/4463/4463
f 4442/4442/4442 4441/4441/4441 4669/4669/4669 4684/4684/4684
f 4444/4444/4444 4807/4807/4807 4669/4669/4669 4441/4441/4441
f 4437/4437/4437 4442/4442/4442 4670/4670/4670 4438/4438/4438
f 4670/4670/4670 4657/4657/4657 4659/4659/4659 4671/4671/4671
f 4431/4431/4431 4677/4677/4677 4672/4672/4672 4433/4433/4433
f 4672/4672/4672 4440/4440/4440 4436/4436/4436 4433/4433/4433
f 4392/4392/4392 4391/4391/4391 4673/4673/4673 4696/4696/4696
f 4383/4383/4383 4386/4386/4386 4674/4674/4674 4428/4428/4428
f 4674/4674/4674 4389/4389/4389 4392/4392/4392 4727/4727/4727
f 4374/4374/4374 4676/4676/4676 4675/4675/4675 4375/4375/4375
f 4675/4675/4675 4381/4381/4381 4377/4377/4377 4375/4375/4375
f 4430/4430/4430 4678/4678/4678 4677/4677/4677 4431/4431/4431
f 4379/4379/4379 4382/4382/4382 4678/4678/4678 4430/4430/4430
f 4679/4679/4679 4680/4680/4680 4364/4364/4364 4366/4366/4366
f 4370/4370/4370 4682/4682/4682 4681/4681/4681 4679/4679/4679
f 4363/4363/4363 4361/4361/4361 4683/4683/4683 4729/4729/4729
f 4683/4683/4683 4829/4829/4829 4425/4425/4425 4426/4426/4426
f 4684/4684/4684 4669/4669/4669 4492/4492/4492 4491/4491/4491
f 4685/4685/4685 4410/4410/4410 4407/4407/4407 4709/4709/4709
f 4685/4685/4685 4686/4686/4686 4418/4418/4418 4410/4410/4410
f 4483/4483/4483 4794/4794/4794 4687/4687/4687 4489/4489/4489
f 4666/4666/4666 4667/4667/4667 4688/4688/4688 4696/4696/4696
f 4689/4689/4689 4688/4688/4688 4667/4667/4667 4691/4691/4691
f 4690/4690/4690 4305/4305/4305 4320/4320/4320 4362/4362/4362
f 4340/4340/4340 4339/4339/4339 4690/4690/4690 4680/4680/4680
f 4690/4690/4690 4362/4362/4362 4364/4364/4364 4680/4680/4680
f 4691/4691/4691 4443/4443/4443 4439/4439/4439 4440/4440/4440
f 4691/4691/4691 4667/4667/4667 4446/4446/4446 4443/4443/4443
f 4672/4672/4672 4689/4689/4689 4691/4691/4691 4440/4440/4440
f 4489/4489/4489 4656/4656/4656 4692/4692/4692 4487/4487/4487
f 4692/4692/4692 4656/4656/4656 4601/4601/4601 4751/4751/4751
f 4693/4693/4693 4689/4689/4689 4672/4672/4672 4677/4677/4677
f 4693/4693/4693 4727/4727/4727 4688/4688/4688 4689/4689/4689
f 4367/4367/4367 4365/4365/4365 4694/4694/4694 4372/4372/4372
f 4694/4694/4694 4676/4676/4676 4374/4374/4374 4372/4372/4372
f 4695/4695/4695 4297/4297/4297 4295/4295/4295 4301/4301/4301
f 4695/4695/4695 4301/4301/4301 4341/4341/4341 4811/4811/4811
f 4451/4451/4451 4666/4666/4666 4696/4696/4696 4673/4673/4673
f 4697/4697/4697 4556/4556/4556 4557/4557/4557 4561/4561/4561
f 4697/4697/4697 4561/4561/4561 4566/4566/4566 4645/4645/4645
f 4698/4698/4698 4384/4384/4384 4381/4381/4381 4675/4675/4675
f 4698/4698/4698 4421/4421/4421 4385/4385/4385 4384/4384/4384
f 4232/4232/4232 4286/4286/4286 4699/4699/4699 4328/4328/4328
f 4338/4338/4338 4328/4328/4328 4699/4699/4699 4700/4700/4700
f 4699/4699/4699 4286/4286/4286 4340/4340/4340 4681/4681/4681
f 4699/4699/4699 4681/4681/4681 4682/4682/4682 4700/4700/4700
f 4701/4701/4701 4751/4751/4751 4600/4600/4600 4588/4588/4588
f 4265/4265/4265 4267/4267/4267 4702/4702/4702 4703/4703/4703
f 4266/4266/4266 4265/4265/4265 4703/4703/4703 4354/4354/4354
f 4704/4704/4704 4705/4705/4705 4330/4330/4330 4313/4313/4313
f 4706/4706/4706 4707/4707/4707 4705/4705/4705 4704/4704/4704
f 4708/4708/4708 4707/4707/4707 4706/4706/4706 4734/4734/4734
f 4398/4398/4398 4405/4405/4405 4709/4709/4709 4397/4397/4397
f 4404/4404/4404 4711/4711/4711 4710/4710/4710 4405/4405/4405
f 4712/4712/4712 4413/4413/4413 4416/4416/4416 4452/4452/4452
f 4711/4711/4711 4714/4714/4714 4713/4713/4713 4710/4710/4710
f 4714/4714/4714 4716/4716/4716 4715/4715/4715 4713/4713/4713
f 4717/4717/4717 4718/4718/4718 4716/4716/4716 4714/4714/4714
f 4719/4719/4719 4718/4718/4718 4717/4717/4717 4836/4836/4836
f 4719/4719/4719 4721/4721/4721 4720/4720/4720 4718/4718/4718
f 4402/4402/4402 4723/4723/4723 4722/4722/4722 4403/4403/4403
f 4722/4722/4722 4750/4750/4750 4406/4406/4406 4403/4403/4403
f 4724/4724/4724 4711/4711/4711 4404/4404/4404 4406/4406/4406
f 4724/4724/4724 4717/4717/4717 4714/4714/4714 4711/4711/4711
f 4411/4411/4411 4419/4419/4419 4725/4725/4725 4415/4415/4415
f 4414/4414/4414 4415/4415/4415 4726/4726/4726 4504/4504/4504
f 4428/4428/4428 4674/4674/4674 4727/4727/4727 4693/4693/4693
f 4610/4610/4610 4611/4611/4611 4728/4728/4728 4618/4618/4618
f 4728/4728/4728 4614/4614/4614 4631/4631/4631 4621/4621/4621
f 4365/4365/4365 4363/4363/4363 4729/4729/4729 4694/4694/4694
f 4729/4729/4729 4683/4683/4683 4426/4426/4426 4427/4427/4427
f 4729/4729/4729 4427/4427/4427 4676/4676/4676 4694/4694/4694
f 4730/4730/4730 4534/4534/4534 4535/4535/4535 4741/4741/4741
f 4293/4293/4293 4294/4294/4294 4731/4731/4731 4311/4311/4311
f 4296/4296/4296 4307/4307/4307 4731/4731/4731 4294/4294/4294
f 4731/4731/4731 4704/4704/4704 4313/4313/4313 4311/4311/4311
f 4528/4528/4528 4526/4526/4526 4732/4732/4732 4733/4733/4733
f 4307/4307/4307 4306/4306/4306 4734/4734/4734 4706/4706/4706
f 4308/4308/4308 4736/4736/4736 4734/4734/4734 4306/4306/4306
f 4735/4735/4735 4733/4733/4733 4732/4732/4732 4596/4596/4596
f 4736/4736/4736 4737/4737/4737 4708/4708/4708 4734/4734/4734
f 4527/4527/4527 4532/4532/4532 4738/4738/4738 4533/4533/4533
f 4739/4739/4739 4740/4740/4740 4626/4626/4626 4630/4630/4630
f 4631/4631/4631 4809/4809/4809 4739/4739/4739 4630/4630/4630
f 4741/4741/4741 4535/4535/4535 4522/4522/4522 4528/4528/4528
f 4741/4741/4741 4528/4528/4528 4733/4733/4733 4742/4742/4742
f 4500/4500/4500 4506/4506/4506 4743/4743/4743 4508/4508/4508
f 4744/4744/4744 4821/4821/4821 4281/4281/4281 4282/4282/4282
f 4342/4342/4342 4346/4346/4346 4745/4745/4745 4345/4345/4345
f 4348/4348/4348 4351/4351/4351 4745/4745/4745 4346/4346/4346
f 4344/4344/4344 4345/4345/4345 4746/4746/4746 4747/4747/4747
f 4746/4746/4746 4837/4837/4837 4722/4722/4722 4723/4723/4723
f 4414/4414/4414 4504/4504/4504 4748/4748/4748 4416/4416/4416
f 4452/4452/4452 4416/4416/4416 4748/4748/4748 4453/4453/4453
f 4748/4748/4748 4504/4504/4504 4497/4497/4497 4496/4496/4496
f 4540/4540/4540 4647/4647/4647 4749/4749/4749 4639/4639/4639
f 4749/4749/4749 4651/4651/4651 4547/4547/4547 4639/4639/4639
f 4356/4356/4356 4808/4808/4808 4750/4750/4750 4357/4357/4357
f 4751/4751/4751 4601/4601/4601 4582/4582/4582 4600/4600/4600
f 4490/4490/4490 4692/4692/4692 4751/4751/4751 4701/4701/4701
f 4625/4625/4625 4628/4628/4628 4752/4752/4752 4753/4753/4753
f 4628/4628/4628 4755/4755/4755 4754/4754/4754 4752/4752/4752
f 4754/4754/4754 4755/4755/4755 4756/4756/4756 4757/4757/4757
f 4758/4758/4758 4754/4754/4754 4757/4757/4757 4759/4759/4759
f 4758/4758/4758 4759/4759/4759 4760/4760/4760 4761/4761/4761
f 4762/4762/4762 4761/4761/4761 4760/4760/4760 4763/4763/4763
f 4764/4764/4764 4769/4769/4769 4761/4761/4761 4762/4762/4762
f 4765/4765/4765 4764/4764/4764 4762/4762/4762 4766/4766/4766
f 4763/4763/4763 4760/4760/4760 4767/4767/4767 4768/4768/4768
f 4769/4769/4769 4770/4770/4770 4758/4758/4758 4761/4761/4761
f 4770/4770/4770 4752/4752/4752 4754/4754/4754 4758/4758/4758
f 4756/4756/4756 4772/4772/4772 4771/4771/4771 4757/4757/4757
f 4773/4773/4773 4774/4774/4774 4772/4772/4772 4756/4756/4756
f 4773/4773/4773 4776/4776/4776 4775/4775/4775 4774/4774/4774
f 4776/4776/4776 4778/4778/4778 4777/4777/4777 4775/4775/4775
f 4778/4778/4778 4780/4780/4780 4779/4779/4779 4777/4777/4777
f 4757/4757/4757 4771/4771/4771 4781/4781/4781 4759/4759/4759
f 4760/4760/4760 4759/4759/4759 4781/4781/4781 4767/4767/4767
f 4782/4782/4782 4778/4778/4778 4776/4776/4776 4783/4783/4783
f 4784/4784/4784 4648/4648/4648 4649/4649/4649 4785/4785/4785
f 4628/4628/4628 4627/4627/4627 4786/4786/4786 4755/4755/4755
f 4629/4629/4629 4783/4783/4783 4786/4786/4786 4627/4627/4627
f 4786/4786/4786 4773/4773/4773 4756/4756/4756 4755/4755/4755
f 4786/4786/4786 4783/4783/4783 4776/4776/4776 4773/4773/4773
f 4626/4626/4626 4740/4740/4740 4787/4787/4787 4629/4629/4629
f 4788/4788/4788 4341/4341/4341 4289/4289/4289 4303/4303/4303
f 4336/4336/4336 4830/4830/4830 4788/4788/4788 4335/4335/4335
f 4789/4789/4789 4302/4302/4302 4278/4278/4278 4276/4276/4276
f 4789/4789/4789 4334/4334/4334 4303/4303/4303 4302/4302/4302
f 4332/4332/4332 4334/4334/4334 4789/4789/4789 4280/4280/4280
f 4790/4790/4790 4258/4258/4258 4254/4254/4254 4255/4255/4255
f 4790/4790/4790 4791/4791/4791 4262/4262/4262 4258/4258/4258
f 4264/4264/4264 4324/4324/4324 4790/4790/4790 4255/4255/4255
f 4792/4792/4792 4317/4317/4317 4264/4264/4264 4263/4263/4263
f 4449/4449/4449 4453/4453/4453 4793/4793/4793 4454/4454/4454
f 4793/4793/4793 4460/4460/4460 4456/4456/4456 4454/4454/4454
f 4793/4793/4793 4496/4496/4496 4475/4475/4475 4460/4460/4460
f 4466/4466/4466 4468/4468/4468 4794/4794/4794 4478/4478/4478
f 4794/4794/4794 4468/4468/4468 4472/4472/4472 4687/4687/4687
f 4480/4480/4480 4478/4478/4478 4794/4794/4794 4483/4483/4483
f 4471/4471/4471 4796/4796/4796 4795/4795/4795 4472/4472/4472
f 4795/4795/4795 4578/4578/4578 4579/4579/4579 4655/4655/4655
f 4580/4580/4580 4578/4578/4578 4795/4795/4795 4796/4796/4796
f 4358/4358/4358 4798/4798/4798 4797/4797/4797 4355/4355/4355
f 4797/4797/4797 4799/4799/4799 4721/4721/4721 4719/4719/4719
f 4240/4240/4240 4244/4244/4244 4800/4800/4800 4239/4239/4239
f 4800/4800/4800 4247/4247/4247 4260/4260/4260 4359/4359/4359
f 4800/4800/4800 4359/4359/4359 4271/4271/4271 4239/4239/4239
f 4230/4230/4230 4273/4273/4273 4801/4801/4801 4229/4229/4229
f 4801/4801/4801 4268/4268/4268 4236/4236/4236 4233/4233/4233
f 4802/4802/4802 4753/4753/4753 4752/4752/4752 4770/4770/4770
f 4802/4802/4802 4770/4770/4770 4769/4769/4769 4803/4803/4803
f 4471/4471/4471 4473/4473/4473 4804/4804/4804 4796/4796/4796
f 4804/4804/4804 4735/4735/4735 4596/4596/4596 4597/4597/4597
f 4580/4580/4580 4796/4796/4796 4804/4804/4804 4597/4597/4597
f 4805/4805/4805 4737/4737/4737 4736/4736/4736 4806/4806/4806
f 4807/4807/4807 4668/4668/4668 4463/4463/4463 4661/4661/4661
f 4807/4807/4807 4661/4661/4661 4492/4492/4492 4669/4669/4669
f 4808/4808/4808 4724/4724/4724 4406/4406/4406 4750/4750/4750
f 4808/4808/4808 4836/4836/4836 4717/4717/4717 4724/4724/4724
f 4614/4614/4614 4636/4636/4636 4809/4809/4809 4631/4631/4631
f 4634/4634/4634 4817/4817/4817 4810/4810/4810 4636/4636/4636
f 4322/4322/4322 4695/4695/4695 4811/4811/4811 4812/4812/4812
f 4813/4813/4813 4248/4248/4248 4241/4241/4241 4268/4268/4268
f 4813/4813/4813 4277/4277/4277 4250/4250/4250 4248/4248/4248
f 4813/4813/4813 4273/4273/4273 4274/4274/4274 4277/4277/4277
f 4813/4813/4813 4268/4268/4268 4801/4801/4801 4273/4273/4273
f 4256/4256/4256 4266/4266/4266 4814/4814/4814 4259/4259/4259
f 4260/4260/4260 4259/4259/4259 4814/4814/4814 4349/4349/4349
f 4510/4510/4510 4519/4519/4519 4815/4815/4815 4494/4494/4494
f 4815/4815/4815 4519/4519/4519 4534/4534/4534 4730/4730/4730
f 4816/4816/4816 4812/4812/4812 4811/4811/4811 4830/4830/4830
f 4635/4635/4635 4652/4652/4652 4817/4817/4817 4634/4634/4634
f 4549/4549/4549 4545/4545/4545 4818/4818/4818 4607/4607/4607
f 4608/4608/4608 4607/4607/4607 4818/4818/4818 4613/4613/4613
f 4818/4818/4818 4637/4637/4637 4635/4635/4635 4613/4613/4613
f 4474/4474/4474 4825/4825/4825 4819/4819/4819 4470/4470/4470
f 4820/4820/4820 4282/4282/4282 4251/4251/4251 4283/4283/4283
f 4288/4288/4288 4291/4291/4291 4820/4820/4820 4283/4283/4283
f 4820/4820/4820 4309/4309/4309 4744/4744/4744 4282/4282/4282
f 4821/4821/4821 4792/4792/4792 4263/4263/4263 4246/4246/4246
f 4323/4323/4323 4792/4792/4792 4821/4821/4821 4744/4744/4744
f 4822/4822/4822 4333/4333/4333 4213/4213/4213 4216/4216/4216
f 4217/4217/4217 4823/4823/4823 4822/4822/4822 4216/4216/4216
f 4823/4823/4823 4824/4824/4824 4336/4336/4336 4822/4822/4822
f 4462/4462/4462 4825/4825/4825 4474/4474/4474
f 4462/4462/4462 4509/4509/4509 4825/4825/4825
f 4826/4826/4826 4438/4438/4438 4670/4670/4670 4671/4671/4671
f 4827/4827/4827 4809/4809/4809 4636/4636/4636 4810/4810/4810
f 4827/4827/4827 4739/4739/4739 4809/4809/4809
f 4469/4469/4469 4665/4665/4665 4828/4828/4828 4473/4473/4473
f 4828/4828/4828 4742/4742/4742 4733/4733/4733 4735/4735/4735
f 4344/4344/4344 4747/4747/4747 4829/4829/4829 4360/4360/4360
f 4361/4361/4361 4360/4360/4360 4829/4829/4829 4683/4683/4683
f 4830/4830/4830 4811/4811/4811 4341/4341/4341 4788/4788/4788
f 4824/4824/4824 4816/4816/4816 4830/4830/4830 4336/4336/4336
f 4831/4831/4831 4542/4542/4542 4543/4543/4543 4548/4548/4548
f 4831/4831/4831 4548/4548/4548 4551/4551/4551 4605/4605/4605
f 4592/4592/4592 4593/4593/4593 4831/4831/4831 4605/4605/4605
f 4664/4664/4664 4658/4658/4658 4832/4832/4832 4665/4665/4665
f 4832/4832/4832 4730/4730/4730 4741/4741/4741 4742/4742/4742
f 4815/4815/4815 4730/4730/4730 4832/4832/4832 4658/4658/4658
f 4530/4530/4530 4538/4538/4538 4833/4833/4833 4532/4532/4532
f 4738/4738/4738 4532/4532/4532 4833/4833/4833 4593/4593/4593
f 4388/4388/4388 4423/4423/4423 4834/4834/4834 4387/4387/4387
f 4834/4834/4834 4399/4399/4399 4394/4394/4394 4390/4390/4390
f 4402/4402/4402 4424/4424/4424 4835/4835/4835 4723/4723/4723
f 4835/4835/4835 4424/4424/4424 4422/4422/4422 4425/4425/4425
f 4835/4835/4835 4747/4747/4747 4746/4746/4746 4723/4723/4723
f 4835/4835/4835 4425/4425/4425 4829/4829/4829 4747/4747/4747
f 4356/4356/4356 4355/4355/4355 4836/4836/4836 4808/4808/4808
f 4797/4797/4797 4719/4719/4719 4836/4836/4836 4355/4355/4355
f 4351/4351/4351 4357/4357/4357 4837/4837/4837 4745/4745/4745
f 4345/4345/4345 4745/4745/4745 4837/4837/4837 4746/4746/4746
f 4837/4837/4837 4357/4357/4357 4750/4750/4750 4722/4722/4722
f 4635/4635/4635 4637/4637/4637 4638/4638/4638 4652/4652/4652
f 4472/4472/4472 4795/4795/4795 4655/4655/4655 4687/4687/4687
f 4489/4489/4489 4687/4687/4687 4655/4655/4655 4656/4656/4656
f 4335/4335/4335 4788/4788/4788 4303/4303/4303 4334/4334/4334
f 4838/4838/4838 4710/4710/4710 4713/4713/4713 4686/4686/4686
f 4685/4685/4685 4710/4710/4710 4838/4838/4838
f 4685/4685/4685 4709/4709/4709 4405/4405/4405 4710/4710/4710
f 4392/4392/4392 4696/4696/4696 4688/4688/4688 4727/4727/4727
f 4266/4266/4266 4354/4354/4354 4350/4350/4350 4814/4814/4814
f 4583/4583/4583 4603/4603/4603 4570/4570/4570 4646/4646/4646
f 4570/4570/4570 4697/4697/4697 4645/4645/4645 4646/4646/4646
f 4318/4318/4318 4325/4325/4325 4271/4271/4271 4343/4343/4343
f 4260/4260/4260 4349/4349/4349 4347/4347/4347 4359/4359/4359
f 4596/4596/4596 4732/4732/4732 4533/4533/4533 4595/4595/4595
f 4591/4591/4591 4595/4595/4595 4533/4533/4533 4738/4738/4738
f 4473/4473/4473 4828/4828/4828 4735/4735/4735 4804/4804/4804
f 4427/4427/4427 4698/4698/4698 4675/4675/4675 4676/4676/4676
f 4278/4278/4278 4284/4284/4284 4250/4250/4250 4277/4277/4277
f 4358/4358/4358 4703/4703/4703 4702/4702/4702 4839/4839/4839
f 4358/4358/4358 4839/4839/4839 4799/4799/4799 4797/4797/4797
f 4665/4665/4665 4832/4832/4832 4742/4742/4742 4828/4828/4828
f 4451/4451/4451 4673/4673/4673 4395/4395/4395 4712/4712/4712
f 4395/4395/4395 4420/4420/4420 4413/4413/4413 4712/4712/4712
f 4629/4629/4629 4787/4787/4787 4782/4782/4782 4783/4783/4783
f 4580/4580/4580 4597/4597/4597 4594/4594/4594 4602/4602/4602
f 4453/4453/4453 4748/4748/4748 4496/4496/4496 4793/4793/4793
f 4593/4593/4593 4833/4833/4833 4542/4542/4542 4831/4831/4831
f 4428/4428/4428 4693/4693/4693 4677/4677/4677 4678/4678/4678
f 4307/4307/4307 4706/4706/4706 4704/4704/4704 4731/4731/4731
f 4442/4442/4442 4684/4684/4684 4657/4657/4657 4670/4670/4670
f 4324/4324/4324 4840/4840/4840 4791/4791/4791 4790/4790/4790
f 4340/4340/4340 4680/4680/4680 4679/4679/4679 4681/4681/4681
f 4415/4415/4415 4725/4725/4725 4502/4502/4502 4726/4726/4726
f 4841/4841/4841 4842/4842/4842 4843/4843/4843
f 4844/4844/4844 4845/4845/4845 4846/4846/4846
f 4847/4847/4847 4848/4848/4848 4849/4849/4849
f 4850/4850/4850 4851/4851/4851 4852/4852/4852 4853/4853/4853
f 4854/4854/4854 4855/4855/4855 4856/4856/4856
f 4857/4857/4857 4858/4858/4858 4859/4859/4859
f 4860/4860/4860 4861/4861/4861 4862/4862/4862
f 4863/4863/4863 4864/4864/4864 4865/4865/4865
