# exported by v3d-codec
mtllib model.mtl
o surface_9
v -0.35943168 0.1903712 0.17800696
v -0.34944385 0.156367 0.18246312
v -0.3538971 0.18223763 0.18623792
v -0.3536529 0.18217613 0.18538542
v -0.35943168 0.1903712 0.17800696
v -0.3538971 0.18223763 0.18623792
v -0.34944385 0.156367 0.18246312
v -0.46928304 0.4775888 -0.03686708
v -0.46584517 0.49536213 -0.0147053525
v -0.46801502 0.47687933 -0.036415804
v -0.14713234 0.5302996 -0.39749137
v -0.17702335 0.52713394 -0.34951806
v -0.15039063 0.5288946 -0.39286146
v -0.12758663 0.50076044 -0.41569293
v -0.14397608 0.5350597 -0.3996229
v -0.1494603 0.53542674 -0.3961806
v -0.14312609 0.532628 -0.40195587
v 0.11477672 0.22642778 0.4267241
v 0.11630206 0.2553036 0.4289798
v 0.11190286 0.2295815 0.42366645
v 0.1611177 0.500291 0.3694153
v 0.15280224 0.52986735 0.38177928
v 0.16013087 0.50778794 0.36562014
v -0.008863812 0.5897627 0.370045
v -0.0009077544 0.58950293 0.36987245
v -0.00089660194 0.57232964 0.3690045
v -0.0069460305 0.5721115 0.36893472
v -0.016592426 0.589661 0.36994728
v 0.2638107 0.50377846 0.2773624
v 0.21397084 0.5021495 0.32056645
v 0.25587493 0.50418234 0.28490144
v -0.31870812 0.5271387 0.20491493
v -0.32767946 0.5365342 0.21383487
v -0.33873415 0.5358393 0.20434459
v -0.33873415 0.5358393 0.20434459
v -0.32767946 0.5365342 0.21383487
v -0.31870812 0.5271387 0.20491493
v -0.33337742 0.53646606 0.20781392
v 0.0506257 0.09526342 -0.4813527
v -0.0013897759 0.09718999 -0.47720277
v 0.042625282 0.096867055 -0.48566666
v -0.43276894 0.49471825 0.09987766
v -0.4333002 0.49860078 0.104586646
v -0.4340726 0.49728927 0.10777611
v -0.35943168 0.1903712 0.17800696
v -0.34159082 0.1863459 0.19465874
v -0.3376974 0.1753357 0.20362899
v -0.45785838 0.28767204 -0.15136799
v -0.45403212 0.3244412 -0.1503727
v -0.43329918 0.3189607 -0.1805969
v -0.45438766 0.3615558 -0.15328419
v -0.43248963 0.280933 -0.18141703
v -0.40380728 0.27744016 -0.21010554
v -0.4529345 0.25155592 -0.15384568
v -0.42796463 0.24586663 -0.18123949
v -0.39865428 0.24556628 -0.20572484
v -0.37534034 0.27800006 -0.2384627
v -0.3738758 0.31267956 -0.23988791
v -0.36864293 0.24750891 -0.230808
v -0.45338315 0.4007705 -0.1563694
v -0.42772776 0.3962691 -0.18597618
v -0.41227084 0.4283582 -0.176001
v -0.43102616 0.35854447 -0.18293424
v -0.39723778 0.3891062 -0.2166829
v -0.40083206 0.3539608 -0.2130981
v -0.40320635 0.3141661 -0.21071616
v -0.3712923 0.347487 -0.2424039
v -0.34639543 0.31269485 -0.26668826
v -0.3440588 0.3453087 -0.26900563
v -0.33833498 0.3738833 -0.2695121
v -0.3173445 0.3453751 -0.29558134
v -0.31164795 0.37526554 -0.29287583
v -0.3191291 0.31246632 -0.29378211
v -0.2898013 0.34413248 -0.32303184
v -0.31974304 0.28106368 -0.29082295
v -0.29174334 0.31071442 -0.32107392
v -0.3464352 0.2811762 -0.26376608
v -0.4299611 0.42577583 -0.11812888
v -0.40675938 0.45565802 -0.124891296
v -0.436377 0.43268418 -0.14732242
v -0.3858562 0.45479685 -0.1483751
v -0.384515 0.4740032 -0.14237677
v -0.38491726 0.4216535 -0.20845462
v -0.36929816 0.4505191 -0.18631452
v -0.3416022 0.44902647 -0.21727294
v -0.35963798 0.47221404 -0.16692312
v -0.35082942 0.408058 -0.23772089
v -0.3415851 0.3834866 -0.23970874
v -0.36288947 0.3750393 -0.24405758
v -0.28481734 0.37531146 -0.32204196
v -0.2583381 0.3708706 -0.34843302
v -0.26332092 0.34088427 -0.34952453
v -0.23717625 0.37118703 -0.3740885
v -0.26507103 0.30745634 -0.34775946
v -0.23798984 0.33906448 -0.37480393
v -0.29302537 0.27872112 -0.3182114
v -0.26602292 0.27575898 -0.34417534
v -0.23901662 0.30387953 -0.37371275
v -0.24131222 0.26988432 -0.3713755
v -0.21447897 0.26584098 -0.39837903
v -0.4651209 0.46592295 -0.073704794
v -0.43305564 0.45779574 -0.10928109
v -0.46380645 0.48787296 -0.07739239
v -0.43563664 0.4888549 -0.10260326
v -0.40657943 0.47802585 -0.121348366
v -0.41137445 0.4990002 -0.12880723
v -0.38733852 0.49319398 -0.14089678
v -0.37984878 0.49641174 -0.15475297
v -0.36851227 0.49994743 -0.16606542
v -0.35072303 0.50367045 -0.1931889
v -0.3323986 0.47288325 -0.19370323
v -0.30468863 0.4752836 -0.22161227
v -0.3062638 0.44107538 -0.21992923
v -0.22666882 0.4314002 -0.36060986
v -0.21381767 0.41296133 -0.32244712
v -0.21656775 0.43895763 -0.31506786
v -0.23798814 0.40219033 -0.36980167
v -0.19961728 0.4338794 -0.3838704
v -0.21080087 0.4054963 -0.3962803
v -0.21246535 0.3743592 -0.40045
v -0.18424353 0.40894735 -0.42235735
v -0.21200874 0.33945537 -0.40082118
v -0.1849046 0.34139833 -0.4279796
v -0.2124066 0.3009977 -0.4003133
v -0.1853056 0.30227354 -0.42753136
v -0.18727805 0.26562023 -0.4256209
v -0.16028962 0.30683503 -0.45050064
v -0.15946065 0.2678798 -0.45106843
v -0.47366464 0.5269839 -0.010504765
v -0.47369444 0.52868515 0.027711304
v -0.46345508 0.55518293 0.030610498
v -0.46581972 0.5533092 -0.038385976
v -0.47386634 0.5251704 -0.04401877
v -0.46350223 0.522576 -0.07895251
v -0.46471792 0.50069994 -0.07742294
v -0.4371792 0.5119225 -0.10629596
v -0.39214742 0.5089619 -0.14029612
v -0.43284112 0.5416232 -0.10642685
v -0.39763957 0.53315914 -0.14069428
v -0.4156378 0.5667229 -0.09006037
v -0.35818172 0.5376536 -0.18520984
v -0.35081917 0.55853856 -0.1683299
v -0.3181889 0.53285074 -0.2264203
v -0.3122788 0.55412394 -0.21407354
v -0.31419355 0.5032799 -0.2269527
v -0.27900636 0.501271 -0.26523933
v -0.27267665 0.47751802 -0.25366563
v -0.24226706 0.50340044 -0.30124107
v -0.2408058 0.48475635 -0.2856389
v -0.23008311 0.50443333 -0.3091956
v -0.26858574 0.527817 -0.25986174
v -0.2253037 0.53409696 -0.30905163
v -0.2741059 0.54542977 -0.26465702
v -0.22237225 0.5091912 -0.3105879
v -0.2119823 0.50462955 -0.32456934
v -0.22411561 0.5042224 -0.31778455
v -0.206956 0.45167863 -0.34420112
v -0.18047732 0.45340598 -0.36466038
v -0.15355366 0.45449087 -0.38631076
v -0.17249687 0.43584394 -0.4069719
v -0.12658918 0.4561253 -0.40573397
v -0.15934208 0.41185927 -0.44855538
v -0.1481011 0.43931034 -0.43094665
v -0.18606399 0.37693483 -0.4268734
v -0.1609283 0.3797398 -0.45189843
v -0.16047142 0.3448245 -0.45048597
v -0.45617282 0.5503469 -0.07518307
v -0.44194376 0.5718149 -0.024257164
v -0.46496296 0.5534672 -0.0021863475
v -0.43467027 0.5724971 -0.058002
v -0.39555484 0.5880418 -0.06644643
v -0.41234702 0.58817494 -0.034351
v -0.37268543 0.5837022 -0.10443674
v -0.38853788 0.5610326 -0.12655096
v -0.33925176 0.57769823 -0.14778818
v -0.29929078 0.573859 -0.19437177
v -0.2561773 0.56969327 -0.244572
v -0.22251578 0.5540862 -0.3038099
v -0.20972075 0.57010424 -0.2902951
v -0.17711288 0.55598617 -0.34617746
v -0.16300653 0.5721214 -0.33368596
v -0.18531041 0.5393421 -0.35574517
v -0.13989036 0.55495936 -0.38510266
v -0.17702335 0.52713394 -0.34951806
v -0.15039063 0.5288946 -0.39286146
v -0.14397608 0.5350597 -0.3996229
v -0.14713234 0.5302996 -0.39749137
v -0.1494603 0.53542674 -0.3961806
v -0.10395565 0.54782236 -0.4293986
v -0.120533906 0.57211274 -0.37612158
v -0.08206631 0.5720552 -0.41462952
v -0.04767714 0.5743258 -0.4359191
v -0.062320083 0.5470695 -0.46470663
v -0.14440551 0.50541955 -0.3853093
v -0.15250164 0.5046599 -0.38374627
v -0.12758663 0.50076044 -0.41569293
v -0.14312609 0.532628 -0.40195587
v -0.23895416 0.3839831 -0.3401529
v -0.21140139 0.3914776 -0.31989112
v -0.3184873 0.3793107 -0.24860038
v -0.2799685 0.37606412 -0.26091972
v -0.31472927 0.3717802 -0.21922328
v -0.2749949 0.39360914 -0.253168
v -0.25679082 0.37937954 -0.2985667
v -0.24187453 0.39678627 -0.28560275
v -0.30864495 0.40472412 -0.21795067
v -0.41896182 0.22759995 -0.11454965
v -0.42269552 0.24793512 -0.11101469
v -0.43146312 0.26818383 -0.11296803
v -0.4352023 0.2961173 -0.11612285
v -0.42669904 0.32857487 -0.118258655
v -0.42035884 0.40733957 -0.11578321
v -0.43322206 0.36460856 -0.12037318
v -0.44335628 0.36316147 -0.09967439
v -0.44544697 0.40222853 -0.12919915
v -0.47199744 0.46345702 0.034584917
v -0.46696442 0.46368366 0.06998559
v -0.46936363 0.49667764 0.06770178
v -0.46792066 0.5057659 0.001883266
v -0.4736473 0.4607414 -0.0015169252
v -0.46584517 0.49536213 -0.0147053525
v -0.4660483 0.49864036 0.02761409
v -0.46801502 0.47687933 -0.036415804
v -0.46928304 0.4775888 -0.03686708
v -0.47022295 0.5295027 0.06633859
v -0.45554203 0.5564812 0.06026461
v -0.1311484 0.31320712 -0.44725686
v -0.13130008 0.38473055 -0.44713262
v -0.1314664 0.35062927 -0.44815484
v -0.11409483 0.3564153 -0.42399126
v -0.10768663 0.31966504 -0.43645763
v -0.11258745 0.39567864 -0.42319942
v -0.10970544 0.3975741 -0.43051583
v -0.10682372 0.39946985 -0.4378317
v -0.10733722 0.44890326 -0.42986023
v -0.120278515 0.4300071 -0.43912187
v -0.12627818 0.40947282 -0.44715112
v -0.099764496 0.28261107 -0.44443256
v -0.122183636 0.27859697 -0.43756714
v -0.47393543 0.39123252 0.010204435
v -0.4739352 0.42720854 0.0051368754
v -0.4739235 0.42575473 -0.030299613
v -0.47393596 0.38899118 -0.023535406
v -0.4734102 0.34599543 -0.013579756
v -0.47343886 0.34647086 -0.026967634
v -0.4727893 0.3915394 -0.056489337
v -0.4687373 0.42753035 -0.06580276
v -0.47384942 0.36026335 0.012220492
v -0.4736715 0.4571421 -0.03518873
v -0.47377223 0.42876914 0.041133888
v -0.47392887 0.3641565 0.043995
v -0.4736039 0.39514297 0.044943646
v -0.47366297 0.3512712 -0.04360168
v -0.46719277 0.33463258 -0.03198212
v -0.46803504 0.34468475 -0.031701118
v -0.42080456 0.23043402 -0.13603239
v -0.40280116 0.23200971 -0.15731108
v -0.3772676 0.23159856 -0.18160173
v -0.33285654 0.2626319 -0.2449266
v -0.3514648 0.23124297 -0.20637639
v -0.3180653 0.24020945 -0.22669898
v -0.30503392 0.26185438 -0.2718612
v -0.27629417 0.2610689 -0.29720828
v -0.29970914 0.23818636 -0.2586933
v -0.26804364 0.2372542 -0.28651306
v -0.24609259 0.25966462 -0.32195807
v -0.2338826 0.23526108 -0.30581123
v -0.2312867 0.24266252 -0.3564429
v -0.21177003 0.2261438 -0.33569416
v -0.20468156 0.24015528 -0.3839013
v -0.18587911 0.22131759 -0.36205363
v -0.17610091 0.23886552 -0.40862978
v -0.15859427 0.22022069 -0.38661844
v -0.14902672 0.23748493 -0.43105805
v -0.1233136 0.23318964 -0.43857995
v -0.13406695 0.21747762 -0.40998393
v -0.112317 0.21554306 -0.4318915
v -0.43164015 0.5776497 0.04613229
v -0.43748772 0.55552864 0.085820355
v -0.43700725 0.57499623 0.026568474
v -0.42240018 0.5849812 -0.0027191972
v -0.43934578 0.57519436 0.0101110935
v -0.38974983 0.55189395 0.13950647
v -0.36703157 0.5400853 0.17538951
v -0.34768808 0.5655926 0.15889543
v -0.37646914 0.5706079 0.12165079
v -0.3633666 0.58870995 0.09977845
v -0.41507643 0.5536897 0.11108233
v -0.3993038 0.57426316 0.09270989
v -0.3834011 0.58913296 0.067695476
v -0.41849196 0.57750726 0.068175375
v -0.39815128 0.58904755 0.04304981
v -0.40923208 0.58758503 0.020959094
v -0.3110305 0.54849035 0.2218247
v -0.2669866 0.5612654 0.24679846
v -0.304457 0.5648887 0.20336036
v -0.28363037 0.54248106 0.2572848
v -0.25273263 0.57942855 0.23060463
v -0.20239791 0.5747098 0.28903162
v -0.2951092 0.5815624 0.18405193
v -0.23846331 0.58906496 0.21026435
v -0.3345096 0.58345354 0.13887542
v -0.28341752 0.5893986 0.16202939
v -0.16246592 0.5385864 0.37785494
v -0.0853464 0.55741584 0.4349839
v -0.07138787 0.57956904 0.41187918
v -0.0034045416 0.5759941 0.43641686
v -0.14382972 0.56781816 0.35909235
v -0.12809646 0.5874164 0.3324229
v -0.18758674 0.5887706 0.26505274
v -0.21324596 0.553977 0.3125613
v -0.019394485 0.5554794 0.46302015
v 0.06495841 0.5627621 0.44394147
v 0.06116393 0.580804 0.4159673
v 0.05300107 0.58917224 0.38643372
v -0.00008688471 0.5889189 0.4029415
v -0.05862371 0.5891973 0.38416615
v -0.322946 0.5894857 0.11493321
v -0.33873415 0.5358393 0.20434459
v -0.34478408 0.5355342 0.19884875
v -0.47604698 0.11193171 0.015493849
v -0.4673558 0.1363725 0.031341147
v -0.4460469 0.13115962 0.017411519
v -0.4773178 0.1351534 0.044918466
v -0.4530363 0.13435017 -0.0284926
v -0.47542667 0.116961434 0.004179316
v -0.47683805 0.11993888 -0.015626155
v -0.44387954 0.23469773 0.015796445
v -0.43892622 0.26995027 -0.015738696
v -0.4390484 0.2343733 -0.017364101
v -0.44313455 0.2706005 0.015073221
v -0.44337237 0.1993024 0.016483536
v -0.44393766 0.16585071 -0.021186916
v -0.4404993 0.1642973 0.017265914
v -0.44138587 0.19913471 -0.018441822
v -0.44158053 0.30396572 -0.013120136
v -0.4391958 0.30629194 0.017036686
v -0.4441585 0.3366563 -0.014669325
v -0.45107055 0.34156382 0.014433736
v -0.47537005 0.19988924 0.042059638
v -0.47447252 0.23404697 0.041640684
v -0.4698559 0.26932776 0.039162256
v -0.46864557 0.30376074 0.037799355
v -0.4712689 0.16711175 0.043589022
v -0.46772426 0.33726522 0.031695846
v -0.47341746 0.34583274 0.01234373
v -0.47257316 0.2001395 -0.03927087
v -0.4687789 0.23368843 -0.036864437
v -0.46692884 0.26775563 -0.036215253
v -0.46731734 0.30144235 -0.032135807
v -0.46855128 0.32630363 -0.03587536
v -0.4723336 0.16857406 -0.046084624
v -0.47538537 0.14092384 -0.050030902
v -0.47825605 0.116045326 -0.055389304
v -0.48041028 0.09822093 0.07274992
v -0.47067964 0.1021781 0.07257785
v -0.46694696 0.13120213 0.072797514
v -0.4660535 0.16390745 0.0730684
v -0.4645766 0.19871524 0.07483355
v -0.4627114 0.23343351 0.07756343
v -0.46177447 0.26708773 0.07883293
v -0.46193236 0.30067325 0.07900455
v -0.46189922 0.33327726 0.08017049
v -0.46134722 0.36492175 0.08090044
v -0.46277696 0.39682317 0.07948586
v -0.46566838 0.4297504 0.075245894
v -0.4805708 0.10992417 0.034249093
v -0.4950894 0.08339435 0.04184796
v -0.48402822 0.07728392 0.081527025
v -0.48759872 0.09404442 -0.064002044
v -0.48952162 0.092864916 -0.017256683
v -0.48390436 0.0957299 -0.056068264
v -0.4825285 0.08621083 0.0050610774
v -0.48656303 0.093576476 -0.07444126
v -0.4853642 0.0425694 -0.033501633
v -0.48991132 0.06414035 0.008055878
v -0.49169898 0.06687307 -0.028235035
v -0.48269635 0.041131675 0.0020604231
v -0.48839992 0.05760795 0.042697478
v -0.47351813 0.03551483 0.03684788
v -0.48893028 0.06381667 -0.07054559
v -0.47011453 0.038992584 -0.06816646
v -0.47723174 0.04947391 0.07806012
v -0.4584266 0.02784124 0.066975154
v -0.47266948 0.12007451 0.02466146
v 0.23409787 0.39682853 -0.33928248
v 0.27725583 0.3736344 -0.3314795
v 0.24360044 0.37941825 -0.35471386
v 0.21980697 0.3749578 -0.3175193
v 0.28672475 0.38284564 -0.28718993
v 0.25426114 0.38179317 -0.31679648
v 0.30499494 0.37005466 -0.3046308
v 0.31866962 0.38155487 -0.25975156
v 0.2637359 0.3751187 -0.2632382
v 0.3345855 0.37037343 -0.2789382
v 0.3412568 0.38510275 -0.24151056
v 0.35854608 0.3694031 -0.25061497
v 0.30632055 0.38176128 -0.23296416
v 0.29970962 0.40241477 -0.2255684
v 0.22423296 0.40305734 -0.300721
v 0.25034267 0.35185394 -0.35701472
v 0.2751218 0.30666277 -0.3326615
v 0.24967183 0.30226672 -0.35798043
v 0.28088123 0.34264767 -0.33251476
v 0.24128903 0.36068305 -0.3677112
v 0.25100076 0.3333782 -0.35565063
v 0.27110207 0.20771027 0.27731615
v 0.28305554 0.19486073 0.26601383
v 0.27117854 0.194247 0.27699623
v 0.25811088 0.18133901 0.27425194
v 0.2685395 0.19775611 0.27473044
v 0.27639377 0.2369208 0.2727126
v 0.2942925 0.22701386 0.2539042
v 0.2814086 0.21770309 0.26761946
v 0.29428113 0.21591121 0.2540587
v 0.29444158 0.20189759 0.25418937
v 0.29457533 0.19049518 0.25408176
v 0.2834251 0.16174671 0.2656524
v 0.29432696 0.16246398 0.25426555
v 0.27017182 0.15883417 0.27795765
v 0.28177404 0.118092045 0.26728478
v 0.29429 0.17948583 0.25374478
v 0.29115295 0.1281511 0.2523942
v 0.28644383 0.107564226 0.26244995
v 0.25879914 0.12889825 0.27443787
v 0.2591763 0.15986368 0.27358365
v 0.26866907 0.21315242 0.28171828
v 0.26213092 0.19767737 0.27263275
v 0.25772798 0.18881105 0.2744045
v 0.25767118 0.20946753 0.2743419
v 0.26479852 0.23163198 0.280964
v 0.29301745 0.22810599 0.25237286
v 0.28603476 0.2322219 0.24650556
v 0.2872612 0.20830703 0.24635257
v 0.28708208 0.20293382 0.24597135
v 0.2857421 0.19547895 0.2453947
v 0.27754253 0.24726936 0.26295066
v 0.28614146 0.24550343 0.2461032
v 0.112223744 0.36621362 -0.42725858
v 0.14592987 0.33117205 -0.45397955
v 0.12173448 0.3277194 -0.43939874
v 0.11161646 0.28250015 -0.4236548
v 0.10939927 0.32597545 -0.42748323
v 0.12649554 0.28422636 -0.44434816
v 0.1313126 0.23672044 -0.44052237
v 0.14693475 0.2443609 -0.45418385
v 0.11473746 0.22930361 -0.428237
v 0.11300866 0.2308141 -0.42750475
v 0.111066855 0.23220995 -0.42716762
v 0.112414494 0.43028554 -0.42206284
v 0.16531268 0.41909236 -0.43180627
v 0.13833156 0.40736625 -0.45346808
v 0.106266476 0.39693683 -0.43666533
v 0.1411211 0.37129706 -0.45301774
v 0.15088063 0.28808072 -0.45717168
v -0.4299611 0.42577583 -0.11812888
v -0.44113547 0.42828187 -0.10221044
v -0.4687373 0.42753035 -0.06580276
v -0.4651209 0.46592295 -0.073704794
v -0.36062396 0.096494645 -0.18104003
v -0.3201636 0.103807494 -0.21987122
v -0.33243632 0.08323799 -0.23706335
v -0.29695326 0.10111356 -0.2616157
v -0.36326516 0.0951678 -0.20165947
v -0.30141908 0.07603921 -0.26937002
v 0.2539308 0.09620097 -0.31029192
v 0.24124663 0.14116052 -0.29746637
v 0.275258 0.14177789 -0.28173408
v 0.24111313 0.10930315 -0.29768646
v -0.06440027 0.07034016 -0.4905086
v -0.091607265 0.06610802 -0.476457
v -0.066807196 0.12203914 -0.47237787
v -0.07786092 0.09909952 -0.48121622
v 0.25767118 0.20946753 0.2743419
v 0.26213092 0.19767737 0.27263275
v 0.2712217 0.21129294 0.2602515
v 0.26479852 0.23163198 0.280964
v 0.28708208 0.20293382 0.24597135
v 0.2872612 0.20830703 0.24635257
v 0.25811088 0.18133901 0.27425194
v 0.2591763 0.15986368 0.27358365
v 0.29432696 0.16246398 0.25426555
v 0.29115295 0.1281511 0.2523942
v 0.2857421 0.19547895 0.2453947
v 0.25879914 0.12889825 0.27443787
v 0.28177404 0.118092045 0.26728478
v 0.28644383 0.107564226 0.26244995
v 0.28614146 0.24550343 0.2461032
v 0.27754253 0.24726936 0.26295066
v 0.33082205 0.5301937 0.21030578
v 0.35210901 0.52886575 0.18343773
v 0.369456 0.50531983 0.15805352
v 0.36196697 0.53449696 0.17820784
v 0.07654654 0.122838214 0.46443242
v 0.060993977 0.07434566 0.49091005
v 0.092706956 0.07241787 0.47607523
v 0.08115159 0.09805454 0.47589627
v 0.11473746 0.22930361 -0.428237
v 0.1313126 0.23672044 -0.44052237
v 0.15737987 0.23701745 -0.42012367
v 0.13800865 0.22068551 -0.40465418
v 0.16537176 0.21887295 -0.38030177
v 0.212068 0.23946 -0.37315974
v 0.19217338 0.22309956 -0.35580608
v 0.14693475 0.2443609 -0.45418385
v 0.17413098 0.25508618 -0.43637803
v 0.19959114 0.26059785 -0.411532
v 0.18464778 0.23833068 -0.39714947
v 0.22549841 0.26479974 -0.3851768
v 0.24676627 0.27029508 -0.35392472
v 0.23102723 0.2473149 -0.34394947
v 0.2719695 0.2776584 -0.33183283
v 0.2512254 0.260693 -0.31620753
v 0.28192872 0.26235563 -0.29060838
v 0.21703194 0.22835407 -0.33046108
v 0.23418458 0.23605941 -0.3045489
v 0.25403666 0.23915583 -0.2862952
v 0.31110442 0.26139817 -0.258119
v 0.301979 0.2787414 -0.3068009
v 0.32981372 0.2781617 -0.276323
v 0.358873 0.27529776 -0.24775243
v 0.34458846 0.2521062 -0.23605993
v 0.39107734 0.26833367 -0.22257422
v 0.29930174 0.23725817 -0.24907568
v 0.32825935 0.23289394 -0.22036333
v 0.38163072 0.2417344 -0.21381374
v 0.421215 0.2664393 -0.19256698
v 0.41254145 0.24272144 -0.18221521
v 0.43969822 0.23939212 -0.14882044
v 0.36064482 0.23001221 -0.19090177
v 0.39434808 0.23090348 -0.16175112
v 0.44887155 0.26346195 -0.16386257
v 0.42950147 0.23277372 -0.13319904
v 0.42441076 0.2269131 -0.11838418
v 0.2656119 0.24477628 -0.2803706
v 0.44760877 0.42717752 -0.13322929
v 0.43643963 0.43733355 -0.13048656
v 0.42558104 0.4067475 -0.117135406
v 0.43930072 0.4179544 -0.16047794
v 0.4280584 0.361835 -0.112831295
v 0.432244 0.37325105 -0.11848391
v 0.45214117 0.3747845 -0.13813113
v 0.4296404 0.25756705 -0.11082749
v 0.44766843 0.2603113 -0.13107358
v 0.4507578 0.2958213 -0.13672832
v 0.42812264 0.3288226 -0.11860223
v 0.45187813 0.3334314 -0.13903002
v 0.432818 0.29297024 -0.113884576
v 0.006985355 0.3405551 -0.43538356
v 0.0138918655 0.34311163 -0.45346045
v 0.033951826 0.35252076 -0.4736104
v 0.03535428 0.31812215 -0.47327596
v -0.03731931 0.3555324 -0.47377387
v 0.11161646 0.28250015 -0.4236548
v 0.07750248 0.24549983 -0.46572515
v 0.07637293 0.2834637 -0.46475402
v 0.076698095 0.20943993 -0.46675524
v 0.111066855 0.23220995 -0.42716762
v 0.06036979 0.39774394 -0.47174186
v 0.058443446 0.4415426 -0.47199485
v 0.089311995 0.44338685 -0.4541246
v 0.091977105 0.3614279 -0.45143497
v 0.06672851 0.35873836 -0.47087023
v 0.08625211 0.39944148 -0.45700657
v 0.10939927 0.32597545 -0.42748323
v 0.073047385 0.32135138 -0.46974027
v 0.112223744 0.36621362 -0.42725858
v 0.106266476 0.39693683 -0.43666533
v 0.12173448 0.3277194 -0.43939874
v 0.11300866 0.2308141 -0.42750475
v 0.07707737 0.4897344 -0.4630934
v 0.05496294 0.48507857 -0.47287664
v 0.055301543 0.51931024 -0.4726998
v 0.0896242 0.5182757 -0.45381278
v 0.09125924 0.5477712 -0.44332168
v 0.13513392 0.5106064 -0.40837193
v 0.13288242 0.54122007 -0.40879074
v 0.120633386 0.48362207 -0.4065592
v 0.15838584 0.5046023 -0.3773102
v 0.11269479 0.45027685 -0.4199213
v 0.08441527 0.48866552 -0.45589808
v 0.112414494 0.43028554 -0.42206284
v 0.1281486 0.4552178 -0.403957
v 0.16531268 0.41909236 -0.43180627
v 0.15302236 0.45626533 -0.37045154
v 0.11386262 0.56379265 -0.39558664
v 0.15452713 0.558657 -0.36348924
v 0.16751908 0.5326418 -0.37487683
v 0.076819085 0.5701393 -0.42200267
v 0.05435831 0.5508437 -0.46446475
v 0.15862595 0.5050556 -0.3702158
v 0.17173353 0.50446415 -0.3631682
v 0.16661948 0.5038392 -0.37586257
v 0.15315014 0.48348486 -0.37057433
v 0.18196297 0.4814254 -0.34255442
v 0.18246238 0.456259 -0.34416726
v 0.20656691 0.4789285 -0.31843433
v 0.21744844 0.42570078 -0.37190768
v 0.23409787 0.39682853 -0.33928248
v 0.18781643 0.4257822 -0.4003939
v 0.1994581 0.5369038 -0.3428335
v 0.19145116 0.55719167 -0.3287235
v 0.23757407 0.55157274 -0.2917455
v 0.22269714 0.53023106 -0.31628546
v 0.2944305 0.53112566 -0.24864951
v 0.18760759 0.5047432 -0.34390104
v 0.20802638 0.5052792 -0.3174588
v 0.23125148 0.5056425 -0.293211
v 0.21597075 0.50420773 -0.32198903
v 0.23044696 0.47667038 -0.29454234
v 0.239829 0.50379646 -0.3029008
v 0.2282974 0.4392537 -0.2967293
v 0.2584105 0.43744263 -0.26662934
v 0.21377064 0.44966424 -0.3251988
v 0.22423296 0.40305734 -0.300721
v 0.21980697 0.3749578 -0.3175193
v 0.25986236 0.4038421 -0.2650531
v 0.2637359 0.3751187 -0.2632382
v 0.29970962 0.40241477 -0.2255684
v 0.30632055 0.38176128 -0.23296416
v 0.2940117 0.43290204 -0.23127404
v 0.31940973 0.4543393 -0.20648594
v 0.34086365 0.44045824 -0.23179291
v 0.28186333 0.5043551 -0.25604108
v 0.29560566 0.5300645 -0.23829168
v 0.30620807 0.5030508 -0.22652942
v 0.27322304 0.52235943 -0.253463
v 0.24567363 0.5056993 -0.27862534
v 0.2595768 0.50210917 -0.27754447
v 0.25648123 0.47340682 -0.26858562
v 0.2869649 0.46772116 -0.2382316
v 0.32764196 0.54511946 -0.20772001
v 0.3155067 0.49593988 -0.22491837
v -0.016592426 0.589661 0.36994728
v -0.00089660194 0.57232964 0.3690045
v -0.0054735835 0.571694 0.31575215
v -0.0069460305 0.5721115 0.36893472
v 0.4746033 0.16873972 0.041464724
v 0.46940172 0.17232889 0.0359694
v 0.4480353 0.16755238 0.02330352
v 0.4492185 0.20112014 0.027840894
v 0.12653969 0.13402288 -0.41580173
v 0.12895732 0.13363805 -0.41514906
v 0.16558719 0.1333607 -0.3823714
v 0.16315569 0.11293715 -0.37910002
v -0.0009077544 0.58950293 0.36987245
v -0.0054735835 0.571694 0.31575215
v -0.00089660194 0.57232964 0.3690045
v -0.11350672 0.016685665 0.24083239
v -0.1287658 0.00819543 0.22720137
v -0.09305573 0.012767643 0.2274032
v -0.108917214 0.014639467 0.23198417
v 0.23203976 0.0194422 0.23772585
v 0.20264837 0.0018773973 0.20693047
v 0.18823399 0.00533247 0.18930769
v 0.25580072 0.020481825 0.26280224
v 0.24454615 0.04126215 0.3042082
v 0.22894946 0.020331115 0.28954643
v 0.20349447 0.017454833 0.31695738
v 0.19220468 0.041502148 0.35680014
v 0.17759852 0.017847478 0.34163684
v 0.16564088 0.041626573 0.3835277
v 0.1508358 0.0202384 0.36566946
v 0.29728848 0.04309377 0.25344288
v 0.28375262 0.018402308 0.2390138
v 0.31043315 0.020562917 0.21584219
v 0.27093744 0.041515738 0.27800196
v 0.30572474 0.072356865 0.2624062
v 0.25445843 0.068775415 0.31296536
v 0.21811832 0.0413 0.33064476
v 0.28040278 0.06933305 0.28722113
v 0.2770937 0.0985062 0.283007
v 0.30048078 0.10177523 0.25770938
v 0.25034922 0.09759846 0.30756503
v 0.2745238 0.12909743 0.2826156
v 0.22860862 0.06858143 0.3398264
v 0.22048119 0.09288676 0.3296786
v 0.36600757 0.030495465 0.1708252
v 0.35021615 0.04889378 0.20701173
v 0.3369044 0.026348323 0.19285803
v 0.37783176 0.052897543 0.18330072
v 0.3236345 0.04585594 0.23012662
v 0.35535133 0.076141894 0.2133809
v 0.33055043 0.07628603 0.238357
v 0.31366593 0.098862484 0.22528839
v 0.3421222 0.097013354 0.20172505
v 0.31239188 0.13081051 0.2254668
v 0.29818857 0.13090198 0.2565839
v 0.3114822 0.16529956 0.22639915
v 0.2953623 0.16406333 0.25779384
v 0.2727571 0.16132157 0.28230298
v 0.27113587 0.19213699 0.28332496
v 0.24143681 0.12575826 0.29676506
v 0.49459064 0.08359893 0.04176575
v 0.4874267 0.060979187 0.0015665432
v 0.4950894 0.08198294 -0.030974144
v 0.46037287 0.14218326 0.030587558
v 0.4746033 0.16873972 0.041464724
v 0.46906292 0.1647299 0.06844358
v 0.46806592 0.19401878 0.06808561
v 0.44617563 0.15466006 0.09417128
v 0.4467463 0.18641865 0.092845306
v 0.4672674 0.22419804 0.06902503
v 0.41936922 0.14216408 0.120475456
v 0.41850096 0.10892232 0.121251665
v 0.42029834 0.17799088 0.11969892
v 0.4463364 0.21723889 0.09341402
v 0.39139253 0.13535805 0.14841706
v 0.4011709 0.101962745 0.14942047
v 0.39054245 0.16996297 0.14935604
v 0.4216239 0.20761777 0.11862232
v 0.35839987 0.1317391 0.17645898
v 0.3744762 0.09748475 0.18235034
v 0.35739708 0.16686958 0.1768941
v 0.39201874 0.20123923 0.14798343
v 0.33708423 0.13080373 0.19980115
v 0.33555883 0.16567855 0.20034325
v 0.36099035 0.19990438 0.17601463
v 0.33650935 0.19906172 0.20193335
v 0.31055814 0.19960469 0.22725534
v 0.34024435 0.22875036 0.20659591
v 0.2957701 0.19766644 0.25899917
v 0.31091863 0.23475143 0.22744744
v 0.27110207 0.20771027 0.27731615
v 0.2814086 0.21770309 0.26761946
v 0.26866907 0.21315242 0.28171828
v 0.3020565 0.26180923 0.2703764
v 0.2765268 0.2630893 0.299127
v 0.27639377 0.2369208 0.2727126
v 0.31744653 0.2792076 0.28928247
v 0.29706013 0.23161075 0.259966
v 0.32556027 0.2601325 0.24221045
v 0.3432216 0.27661026 0.2640858
v 0.2922905 0.277457 0.31838322
v 0.24493265 0.26110238 0.32364917
v 0.26284343 0.2776565 0.34253863
v 0.47511268 0.17276692 -0.04136511
v 0.4722777 0.20743601 -0.040700987
v 0.44635296 0.20423658 -0.023613904
v 0.46969688 0.24361509 -0.0382423
v 0.4449597 0.17027396 -0.02412473
v 0.43489796 0.20223597 0.002408931
v 0.43723613 0.1295603 -0.015237888
v 0.43440002 0.16694514 0.0028173497
v 0.43574172 0.12877724 0.005940571
v 0.47639787 0.20029359 0.042314667
v 0.47520208 0.22966814 0.042280894
v 0.4667995 0.25759935 0.069007665
v 0.47242808 0.2630982 0.04291077
v 0.44644344 0.2507864 0.09323085
v 0.46770352 0.29195577 0.067669354
v 0.42315942 0.22732368 0.11730111
v 0.4180144 0.23573437 0.116457805
v 0.44819325 0.28756985 0.09154769
v 0.39646512 0.22747582 0.14938736
v 0.36670738 0.2266521 0.17958458
v 0.38726872 0.23993343 0.20047528
v 0.35909808 0.24206716 0.23100546
v 0.4677701 0.47969705 -0.037613977
v 0.47255015 0.44807845 -0.050320704
v 0.47094458 0.48262435 -0.057040207
v 0.47277993 0.40174222 -0.011771113
v 0.47256136 0.41114148 -0.045298602
v 0.47271407 0.37513563 -0.043349218
v 0.4727996 0.36342505 -0.01657149
v 0.46929395 0.34536183 0.031457093
v 0.47008073 0.34335288 -0.04033173
v 0.44856024 0.34198797 -0.023090538
v 0.46837598 0.31365362 -0.03296131
v 0.4444809 0.31147453 -0.022278082
v 0.43472898 0.34221974 0.00411759
v 0.46530056 0.2788254 -0.03197946
v 0.4702351 0.31757995 -0.063072465
v 0.44319707 0.2762978 -0.022062054
v 0.43446833 0.2726687 0.0036644381
v 0.44625956 0.24033807 -0.022231663
v 0.46821964 0.24698412 -0.06436939
v 0.4703766 0.28310072 -0.06165683
v 0.43438214 0.23752867 0.0027616387
v 0.4715765 0.2968962 0.040287178
v 0.46982986 0.3282192 0.037188653
v 0.46899223 0.32427052 0.06672767
v 0.44896263 0.32104716 0.09133164
v 0.46933502 0.35578975 0.06426748
v 0.42411405 0.28401473 0.109456494
v 0.4230351 0.32006386 0.1135166
v 0.43357736 0.34672815 0.119791254
v 0.369456 0.50531983 0.15805352
v 0.39855653 0.5432457 0.14035445
v 0.36196697 0.53449696 0.17820784
v 0.33082205 0.5301937 0.21030578
v 0.38073754 0.56686544 0.12256079
v 0.33762282 0.56382334 0.17080902
v 0.2884388 0.5675162 0.2138269
v 0.30130535 0.54585373 0.23323786
v 0.47267282 0.5374212 -0.009123116
v 0.45733517 0.561373 -0.004604289
v 0.45788378 0.559147 0.03130624
v 0.47129184 0.5427346 -0.04794476
v 0.4505695 0.5640373 -0.03860777
v 0.47224754 0.51243603 -0.05271741
v 0.46751922 0.5084276 -0.01516821
v 0.46847862 0.50279355 0.030703545
v 0.46675622 0.47693935 -0.035056278
v 0.47277325 0.44124907 -0.013156397
v 0.4727813 0.43388817 0.02798614
v 0.4727828 0.39419207 0.0270876
v 0.46927583 0.39182353 0.0639921
v 0.44944698 0.35318285 0.09167983
v 0.44905978 0.39031106 0.092034556
v 0.4476655 0.42646515 0.09340122
v 0.4236225 0.39009523 0.10948682
v 0.46939605 0.4643705 0.06934104
v 0.4442684 0.45953608 0.096800976
v 0.43571335 0.4868046 0.103007704
v 0.43229878 0.4954516 0.10940557
v 0.46736997 0.49678123 0.072490886
v 0.46622217 0.5285867 0.074550755
v 0.4388011 0.51469135 0.102873124
v 0.45076245 0.556843 0.068533
v 0.4283828 0.54962105 0.10319674
v 0.40100098 0.51317805 0.1405781
v 0.47254652 0.53350276 0.032717723
v 0.47093153 0.47017747 0.028452892
v 0.4693889 0.42896727 0.06578451
v 0.43616676 0.30821234 0.0029246223
v 0.38122267 0.078528136 0.18769675
v 0.40860647 0.0828249 0.16023612
v 0.4070385 0.05831641 0.1591639
v 0.4273237 0.100513235 0.12877312
v 0.4340788 0.06779364 0.13316593
v 0.39582127 0.036744088 0.14800209
v 0.46066248 0.07466641 0.108100906
v 0.42579418 0.042502075 0.124262445
v 0.45535243 0.10001853 0.09897845
v 0.48268408 0.07882346 0.08179271
v 0.4523331 0.10197653 0.10331429
v 0.44356906 0.120291665 0.09670397
v 0.4806596 0.052441448 0.073980905
v 0.48853856 0.061134398 0.037617948
v 0.4547053 0.047626227 0.100372784
v 0.4656304 0.032960564 0.061568733
v 0.44209468 0.025250643 0.087555714
v 0.41316295 0.02159053 0.11208262
v 0.48010325 0.039951146 0.030785067
v 0.47829705 0.040966332 0.00043878646
v 0.48713613 0.0589512 -0.034200095
v 0.46870238 0.038083524 -0.031083424
v 0.4688068 0.14186268 -0.036148224
v 0.47356194 0.14265803 -0.041896526
v 0.35066622 0.01690945 0.15478975
v 0.3815933 0.018865079 0.13483356
v 0.4476149 0.12953338 0.024075948
v 0.4438585 0.23751509 0.13078193
v 0.41453445 0.23844875 0.16804402
v 0.4561699 0.24644884 0.14944005
v 0.42766416 0.25975585 0.18397392
v 0.4473812 0.28310588 0.12831761
v 0.44827825 0.32154447 0.13408346
v 0.44945174 0.28852704 0.15903166
v 0.44859016 0.32888994 0.16308315
v 0.45010108 0.401429 0.1309052
v 0.4347118 0.45036703 0.12545358
v 0.45101678 0.36100882 0.1349408
v 0.4202997 0.427713 0.11089711
v 0.45909584 0.51641744 -0.08334107
v 0.45491058 0.5461273 -0.08037185
v 0.45843196 0.48825175 -0.08186062
v 0.46250504 0.4535163 -0.07925791
v 0.46585304 0.4186472 -0.07442959
v 0.4673881 0.38416198 -0.06971076
v 0.46848637 0.350605 -0.06647181
v 0.46940172 0.17232889 0.0359694
v 0.4480353 0.16755238 0.02330352
v 0.4492185 0.20112014 0.027840894
v 0.45029533 0.23407476 0.026465679
v 0.44929987 0.2682703 0.02723941
v 0.4498698 0.3030465 0.026382206
v 0.44721645 0.34258857 0.026647527
v 0.06116393 0.580804 0.4159673
v 0.10919188 0.58738816 0.34657156
v 0.05300107 0.58917224 0.38643372
v 0.12413782 0.5738097 0.36759868
v 0.14180878 0.5539788 0.38218635
v 0.18794136 0.5448215 0.34845382
v 0.06495841 0.5627621 0.44394147
v 0.17738052 0.5665954 0.32644668
v 0.218279 0.52931666 0.3135492
v 0.16580504 0.5853119 0.30407944
v 0.2219015 0.5866617 0.24249026
v 0.2325134 0.567148 0.27040523
v 0.24041295 0.5469513 0.29479307
v 0.274885 0.5885279 0.18909673
v 0.39841485 0.58914506 0.029883109
v 0.4324965 0.5780721 0.022752713
v 0.40895694 0.58875376 0.0015852388
v 0.4319861 0.5791718 -0.002011239
v 0.42666548 0.58163357 -0.024236828
v 0.43495238 0.56840444 -0.06645452
v 0.41245657 0.58753455 -0.048045084
v 0.36249638 0.5869123 0.09959385
v 0.32704723 0.5834651 0.14658974
v 0.40678185 0.57330763 0.08571816
v 0.38477933 0.5890937 0.061939415
v 0.4254114 0.5791836 0.05402331
v 0.047969934 0.50951505 0.47147807
v 0.10215959 0.49540025 0.4323464
v 0.10791948 0.49649513 0.42698836
v 0.16013087 0.50778794 0.36562014
v 0.1611177 0.500291 0.3694153
v 0.06073272 0.53984255 0.4675751
v 0.15280224 0.52986735 0.38177928
v 0.10923195 0.49176115 0.43106323
v 0.10947064 0.4865114 0.4211886
v 0.13101326 0.47906587 0.39663807
v 0.1597588 0.47352925 0.36579275
v 0.1866997 0.4815434 0.33760503
v 0.18232442 0.5049809 0.3442618
v 0.21489763 0.47859532 0.30935383
v 0.1801521 0.529694 0.34966046
v 0.21397084 0.5021495 0.32056645
v 0.24329239 0.4794635 0.28077626
v 0.25587493 0.50418234 0.28490144
v 0.2638107 0.50377846 0.2773624
v 0.20975807 0.51922274 0.31473404
v 0.30078632 0.5249213 0.23324339
v 0.35283005 0.504135 0.18825528
v 0.3469454 0.47235394 0.17665344
v 0.37614226 0.46587262 0.15040311
v 0.3255757 0.5047658 0.20709547
v 0.37938118 0.49619377 0.16187389
v 0.41870087 0.45520034 0.11389238
v 0.34915078 0.51835334 0.17644982
v 0.40245295 0.49112195 0.12375225
v 0.35210901 0.52886575 0.18343773
v 0.32633227 0.5189151 0.2051829
v 0.34725863 0.5279618 0.18924518
v 0.30101198 0.5030298 0.23240943
v 0.32214558 0.4769904 0.20092429
v 0.29726547 0.4773747 0.22601983
v 0.2688617 0.47865176 0.25510615
v 0.27490616 0.5042267 0.26547626
v 0.19389714 0.09968187 0.35884434
v 0.18929827 0.12592766 0.35267
v 0.20204338 0.0696975 0.3667407
v 0.17435022 0.070258826 0.39400113
v 0.13928273 0.04236552 0.4107101
v 0.14674559 0.07237758 0.4222783
v 0.13733186 0.1000939 0.41649938
v 0.11371619 0.042652726 0.43658724
v 0.11947283 0.07367331 0.44963852
v 0.104063936 0.09738073 0.44222423
v 0.092706956 0.07241787 0.47607523
v 0.08115159 0.09805454 0.47589627
v 0.08905126 0.0426991 0.46133593
v 0.060993977 0.07434566 0.49091005
v 0.06094434 0.046052635 0.4796627
v 0.07654654 0.122838214 0.46443242
v 0.026227117 0.07767522 0.4957362
v 0.102094464 0.12445602 0.44143054
v 0.07538793 0.1544673 0.4657473
v 0.10115784 0.1563514 0.44126806
v 0.046650253 0.12424445 0.4754259
v 0.044336252 0.15404117 0.47493836
v 0.03993899 0.18386455 0.47179648
v 0.024503851 0.37898695 0.47299275
v 0.0783964 0.41566816 0.46388796
v 0.027598701 0.41244426 0.4729939
v 0.08049902 0.44938898 0.4619627
v 0.031355724 0.44594023 0.47299752
v 0.23692553 0.15882373 0.2919635
v 0.2147029 0.15848346 0.32311147
v 0.21492846 0.12424916 0.3228995
v 0.21229161 0.1928463 0.32607365
v 0.18862143 0.15818736 0.35337457
v 0.23911436 0.19296765 0.2984538
v 0.232897 0.23318583 0.30493417
v 0.21187861 0.2249212 0.33433658
v 0.18539186 0.22354591 0.36205378
v 0.18601806 0.19164938 0.35597038
v 0.15725124 0.19159655 0.3848899
v 0.15775894 0.223266 0.38861477
v 0.12968126 0.19249286 0.4126483
v 0.13205194 0.22520883 0.411795
v 0.11477672 0.22642778 0.4267241
v 0.11190286 0.2295815 0.42366645
v 0.11630206 0.2553036 0.4289798
v 0.11020916 0.28493187 0.43606937
v 0.07813046 0.28949627 0.46417847
v 0.10826494 0.31752968 0.43598187
v 0.07812491 0.25619856 0.4646772
v 0.03586819 0.25897738 0.47253746
v 0.07595131 0.22201546 0.4667607
v 0.035391234 0.22124112 0.47352025
v 0.07455345 0.18708968 0.46611276
v 0.10240018 0.19120425 0.44003516
v 0.12851039 0.15725107 0.41383275
v 0.15862477 0.15730429 0.38353685
v 0.12940264 0.12529045 0.41296276
v 0.1594835 0.1262544 0.382677
v 0.16857326 0.09848182 0.38958603
v 0.036662094 0.29319012 0.47172838
v 0.03604768 0.32953185 0.4727072
v 0.030633675 0.34704185 0.47250366
v 0.076186284 0.3214942 0.4647417
v 0.07687356 0.35238567 0.4655927
v 0.07745654 0.38345084 0.4650785
v 0.10821371 0.38387075 0.4336308
v 0.112593725 0.41736928 0.42816883
v 0.10458082 0.4499957 0.43581268
v 0.12587409 0.45195755 0.4212972
v 0.10227496 0.48716134 0.439852
v 0.08994313 0.4845953 0.44874504
v 0.10794876 0.49616545 0.43255308
v 0.10128885 0.4872253 0.44006315
v 0.26479852 0.23163198 0.280964
v 0.2631278 0.2487664 0.2792378
v 0.1081349 0.3511942 0.43686372
v 0.14072192 0.4243954 0.4468078
v 0.15063398 0.45100123 0.40277705
v 0.17838138 0.4509952 0.37690443
v 0.037171885 0.47828168 0.47099
v 0.027731348 0.051371753 0.4864605
v 0.109046295 0.4972163 0.4309311
v 0.23096839 0.24314517 0.35711417
v 0.20365666 0.24104756 0.38634142
v 0.17560773 0.24172024 0.41363508
v 0.15013744 0.24171513 0.44035843
v 0.23860009 0.27107927 0.37207726
v 0.21023001 0.2695169 0.40051815
v 0.18158348 0.2710983 0.42920217
v 0.15128554 0.27545762 0.45228517
v 0.14606674 0.31309032 0.45198148
v 0.37143445 0.27007654 0.24061048
v 0.3987872 0.2643728 0.21273568
v 0.37054616 0.3055427 0.24130496
v 0.3444733 0.30930668 0.26734245
v 0.3184706 0.30993232 0.29324272
v 0.3428799 0.3456638 0.26892832
v 0.29164666 0.30918375 0.31988102
v 0.31749862 0.34295386 0.29424852
v 0.26437408 0.30789328 0.34640202
v 0.2911039 0.34158108 0.320491
v 0.23666266 0.3064237 0.37392908
v 0.26454884 0.34211254 0.34627426
v 0.20695898 0.30616435 0.40372846
v 0.20663509 0.34769565 0.4041419
v 0.17785019 0.30898696 0.4328217
v 0.17629519 0.34952408 0.43442777
v 0.14411291 0.35073623 0.4543736
v 0.1439938 0.38811767 0.45346636
v 0.17673288 0.38858336 0.4340161
v 0.16927385 0.42209452 0.42316335
v 0.20733277 0.38606945 0.40344247
v 0.4261375 0.29493797 0.18568319
v 0.39797723 0.30012053 0.21384983
v 0.4246801 0.33709812 0.1871538
v 0.3682592 0.3464206 0.2435763
v 0.39569187 0.3435539 0.21614198
v 0.3484546 0.3873284 0.24096212
v 0.39188588 0.38478792 0.21995685
v 0.4213776 0.37905726 0.19045903
v 0.38015664 0.41853696 0.21448928
v 0.41281635 0.414573 0.1864198
v 0.34536684 0.42390823 0.2322652
v 0.36367714 0.44899786 0.19434474
v 0.30749 0.41674268 0.21688865
v 0.3019457 0.4457664 0.2221709
v 0.31097662 0.39026693 0.21297581
v 0.2761144 0.37928212 0.25100058
v 0.3360051 0.37700462 0.26486927
v 0.31474447 0.37283313 0.29263127
v 0.289621 0.3706509 0.3183463
v 0.26637447 0.3724626 0.34388778
v 0.23698488 0.3442426 0.3737405
v 0.23914067 0.3782204 0.36980087
v 0.22882405 0.41541022 0.3723503
v 0.19966215 0.4188303 0.3948224
v 0.23957883 0.39196366 0.34146625
v 0.21082808 0.41468024 0.31332514
v 0.2419441 0.44562596 0.2822648
v 0.21428971 0.44554156 0.31183204
v 0.20732313 0.450917 0.3472548
v 0.44668955 0.37104762 0.16367176
v 0.44394177 0.4113679 0.1623265
v 0.42288417 0.44449958 0.14689253
v 0.395348 0.44635323 0.16994038
v 0.33319277 0.45174986 0.21333224
v 0.27212614 0.44556344 0.2519745
v 0.27401626 0.41138518 0.2500371
v 0.24744089 0.3798205 0.2829428
v 0.24237038 0.41144827 0.28184062
v 0.20912589 0.39380637 0.31538832
v 0.32317787 0.375453 0.21688351
v 0.29450393 0.37951884 0.2711785
v 0.31721717 0.37731525 0.23483892
v 0.2475425 0.38103697 0.32544884
v 0.27022213 0.38105842 0.30093828
v -0.038578153 0.03123182 0.4669642
v -0.004714111 0.038328946 0.46835104
v -0.008057168 0.056609094 0.48570317
v -0.0454401 0.053482413 0.48543635
v -0.04592249 0.08559492 0.49328718
v -0.009765312 0.081502765 0.4950077
v -0.0102235805 0.09405777 0.48008853
v -0.042605814 0.09935559 0.4781139
v 0.022464264 0.09860757 0.4813906
v 0.020111933 0.12733561 0.4548613
v 0.012966102 0.12887216 0.45230383
v -0.012611615 0.12727217 0.46051902
v -0.016131923 0.15257022 0.44557455
v -0.03646492 0.12739362 0.47678363
v -0.03997417 0.18029118 0.4680932
v -0.040843282 0.15330224 0.47006735
v -0.016304823 0.18519425 0.44612527
v 0.021025853 0.15322424 0.44737354
v -0.017544141 0.22095376 0.44523045
v 0.021023218 0.18544024 0.44642842
v -0.03636778 0.22234723 0.47271544
v -0.035456635 0.25691295 0.47212833
v 0.020033471 0.22163491 0.44664142
v -0.018511277 0.25955993 0.44654265
v 0.018142372 0.26023537 0.4473031
v 0.018497907 0.29967734 0.44905683
v -0.021807048 0.29851598 0.4501154
v 0.033401843 0.3406539 0.46194375
v -0.036727075 0.29356778 0.472703
v -0.034105033 0.34252238 0.45282832
v -0.009119237 0.33536536 0.44751507
v 0.009056426 0.3488408 0.47065452
v -0.034859195 0.35399678 0.47293675
v -0.035560288 0.331464 0.47257957
v -0.035442866 0.3412136 0.46923533
v -0.077806905 0.35032535 0.46494952
v -0.07859992 0.04736182 0.47315705
v -0.06741155 0.024834335 0.45316443
v -0.08394984 0.0744704 0.4833525
v -0.08094215 0.09642325 0.47567457
v -0.06965729 0.12513185 0.47043213
v -0.068433486 0.15527157 0.47143254
v -0.068153314 0.18681845 0.47143036
v -0.06693765 0.22231993 0.469409
v -0.06873172 0.25528505 0.46874574
v -0.072108746 0.28782597 0.46818653
v -0.07554237 0.32007203 0.46646065
v -0.10858121 0.31195134 0.43769988
v -0.14133385 0.3157661 0.45188096
v -0.13649614 0.28429526 0.45051223
v -0.10031657 0.2822324 0.44288868
v -0.119259834 0.3469016 0.43223783
v -0.114994116 0.37783337 0.4268061
v -0.14392926 0.3841884 0.4546191
v -0.14313017 0.41700035 0.44987506
v -0.14404862 0.35054654 0.45437622
v -0.17516969 0.35371476 0.43675748
v -0.17627904 0.38943425 0.43564364
v -0.16880642 0.41914278 0.426791
v -0.11407295 0.42831615 0.4294632
v -0.1379025 0.44307512 0.4359933
v -0.113124646 0.40758413 0.42977262
v -0.17395951 0.28281233 0.43791527
v -0.11806628 0.22751261 0.42722428
v -0.13023327 0.25803417 0.44564185
v -0.17324504 0.25104666 0.43333527
v -0.1522215 0.22915536 0.4071133
v -0.11213331 0.25580898 0.42599925
v -0.17685805 0.22974703 0.37542263
v -0.20593663 0.22648233 0.34827206
v -0.20172018 0.24510738 0.4031404
v -0.22814603 0.24550138 0.37022805
v -0.22513998 0.23291752 0.3155098
v -0.23868707 0.2586452 0.33219713
v -0.07745212 0.3804954 0.46506304
v -0.07670786 0.4094911 0.4640396
v -0.07897198 0.43844828 0.46405023
v -0.20709261 0.39394733 0.40476143
v -0.2240945 0.43550536 0.35619965
v -0.23990858 0.39739805 0.36291584
v -0.19620958 0.42383286 0.39417768
v -0.15462868 0.44446936 0.41480806
v -0.19508141 0.45618704 0.34199166
v -0.17586812 0.44930214 0.3824024
v -0.18656458 0.4832241 0.3423943
v -0.15513463 0.46667302 0.37238964
v -0.11679775 0.45375115 0.42497662
v -0.11273371 0.44907928 0.41944367
v -0.11271041 0.45654917 0.41656625
v -0.13131867 0.45473096 0.40584344
v -0.24094944 0.3898798 0.34364286
v -0.2221534 0.43327975 0.31386092
v -0.30918002 0.3818628 0.21612978
v -0.27996004 0.43612626 0.2453681
v -0.30992568 0.4478771 0.21898812
v -0.27761954 0.39698833 0.24767527
v -0.24739948 0.43420672 0.27870592
v -0.24514373 0.4013511 0.2801374
v -0.2482146 0.37382123 0.282608
v -0.28914487 0.37770835 0.2658954
v -0.28453225 0.4871261 0.24051829
v -0.31066495 0.4817977 0.21453999
v -0.24987003 0.46859735 0.2754425
v -0.21630917 0.3895556 0.32308584
v -0.21695629 0.4064797 0.31713808
v -0.29975468 0.500159 0.24227473
v -0.26075643 0.49519876 0.2767426
v -0.33436173 0.4709276 0.19101876
v -0.3489955 0.44260013 0.22135732
v -0.323547 0.49609917 0.218477
v -0.2181993 0.46585286 0.30712077
v -0.22597568 0.4961447 0.31618917
v -0.22053368 0.5035007 0.3215248
v -0.26547223 0.5042834 0.2754357
v -0.266859 0.52913606 0.25761175
v -0.21188731 0.5298293 0.3135137
v -0.21324596 0.553977 0.3125613
v -0.2669866 0.5612654 0.24679846
v -0.16246592 0.5385864 0.37785494
v -0.17474045 0.50547546 0.35367048
v -0.1876517 0.5007039 0.35472116
v -0.14431457 0.50506204 0.3888205
v -0.15197428 0.48902488 0.37960112
v -0.13142657 0.5095922 0.40815866
v -0.092620656 0.52775866 0.45047733
v -0.117881626 0.48362026 0.40947267
v -0.08354268 0.4948206 0.4513023
v -0.0853464 0.55741584 0.4349839
v -0.033924296 0.53119993 0.4728459
v -0.019394485 0.5554794 0.46302015
v -0.032825883 0.50330895 0.4694517
v -0.03072188 0.47374386 0.47101653
v -0.029792871 0.44255733 0.47300285
v -0.030077526 0.41091034 0.4729952
v -0.032282732 0.38025552 0.4729934
v -0.0830403 0.46814957 0.46027535
v -0.11062524 0.4298576 0.42736575
v -0.089272656 0.50086784 -0.4485699
v -0.084243156 0.49648052 -0.44875404
v -0.08251737 0.48789364 -0.45613793
v -0.08681059 0.48689893 -0.4569887
v -0.09306284 0.50490904 -0.44737548
v -0.11036774 0.5002642 -0.43321177
v -0.08681059 0.48689893 -0.4569887
v -0.084243156 0.49648052 -0.44875404
v -0.05960313 0.50712204 -0.47192106
v -0.08251737 0.48789364 -0.45613793
v -0.39561337 0.53001994 0.14722519
v -0.3615896 0.52199584 0.1648274
v -0.36703157 0.5400853 0.17538951
v -0.33873415 0.5358393 0.20434459
v -0.33644313 0.5288607 0.18829794
v -0.31870812 0.5271387 0.20491493
v -0.34478408 0.5355342 0.19884875
v -0.38974983 0.55189395 0.13950647
v -0.28773195 0.52892363 0.23577696
v -0.2832626 0.53939825 0.258393
v -0.28363037 0.54248106 0.2572848
v -0.2762894 0.5304581 0.26528996
v 0.29211283 0.00828594 0.041719295
v 0.29063118 0.009910613 0.0179189
v 0.2984032 0.0070956945 0.010492129
v 0.2958678 0.006823927 0.026497182
v 0.28624105 0.004100144 -0.00071209494
v 0.2984032 0.0070956945 0.010492129
v 0.29063118 0.009910613 0.0179189
v 0.2958678 0.006823927 0.026497182
v -0.11036774 0.5002642 -0.43321177
v -0.084243156 0.49648052 -0.44875404
v -0.089272656 0.50086784 -0.4485699
v -0.09306284 0.50490904 -0.44737548
v 0.046650253 0.12424445 0.4754259
v 0.022464264 0.09860757 0.4813906
v 0.026227117 0.07767522 0.4957362
v 0.020111933 0.12733561 0.4548613
v 0.012966102 0.12887216 0.45230383
v 0.044336252 0.15404117 0.47493836
v 0.021025853 0.15322424 0.44737354
v 0.03993899 0.18386455 0.47179648
v 0.021023218 0.18544024 0.44642842
v 0.020033471 0.22163491 0.44664142
v 0.035391234 0.22124112 0.47352025
v 0.018142372 0.26023537 0.4473031
v 0.03586819 0.25897738 0.47253746
v 0.018497907 0.29967734 0.44905683
v 0.036662094 0.29319012 0.47172838
v 0.033401843 0.3406539 0.46194375
v 0.03604768 0.32953185 0.4727072
v 0.030633675 0.34704185 0.47250366
v -0.266859 0.52913606 0.25761175
v -0.2669866 0.5612654 0.24679846
v -0.28363037 0.54248106 0.2572848
v -0.2832626 0.53939825 0.258393
v -0.2762894 0.5304581 0.26528996
v -0.28773195 0.52892363 0.23577696
v -0.26547223 0.5042834 0.2754357
v 0.15838584 0.5046023 -0.3773102
v 0.15862595 0.5050556 -0.3702158
v 0.16028827 0.50478995 -0.37141517
v 0.17173353 0.50446415 -0.3631682
v 0.16661948 0.5038392 -0.37586257
v 0.07707737 0.4897344 -0.4630934
v 0.120633386 0.48362207 -0.4065592
v 0.08441527 0.48866552 -0.45589808
v 0.109046295 0.4972163 0.4309311
v 0.10215959 0.49540025 0.4323464
v 0.10794876 0.49616545 0.43255308
v 0.10791948 0.49649513 0.42698836
v -0.21728034 0.013406396 -0.16553818
v -0.1984719 0.016328037 -0.18372762
v -0.21693711 0.014855534 -0.1653405
v -0.21728034 0.013406396 -0.16553818
v -0.22760242 0.002241999 -0.14150892
v -0.2525404 0.015778452 -0.16627103
v -0.21527532 0.013356149 -0.16627216
v -0.21693711 0.014855534 -0.1653405
v -0.20508242 0.01741141 -0.15670475
v -0.17147572 0.572664 0.23384969
v -0.16935816 0.58934593 0.2370515
v -0.11464595 0.58589125 0.30307576
v -0.11093835 0.57137144 0.2711188
v 0.29211283 0.00828594 0.041719295
v 0.31056672 0.012105614 0.068649635
v 0.30619407 0.0066458583 0.061965358
v 0.3157522 0.017944068 0.10994588
v 0.2901677 0.008202136 0.0773963
v 0.34860736 0.020321399 0.10015499
v 0.32798964 0.019756764 0.10403869
v -0.22183192 0.0030532777 -0.14393163
v -0.22760242 0.002241999 -0.14150892
v -0.21527532 0.013356149 -0.16627216
v -0.21907002 0.015070975 -0.12407744
v -0.21216741 0.016992211 -0.13414404
v -0.20508242 0.01741141 -0.15670475
v -0.42843664 0.4030442 0.18282683
v -0.39550203 0.39659184 0.21650453
v -0.38115144 0.4395767 0.19471696
v -0.34746486 0.37826964 0.25245097
v -0.4106356 0.4388012 0.16344336
v -0.38867486 0.4623384 0.13876279
v -0.45324826 0.40345293 0.1491458
v -0.43823034 0.4408263 0.13546206
v -0.41571075 0.46172315 0.1124916
v -0.44607025 0.4630518 0.096136965
v -0.44041407 0.42973804 0.10214157
v -0.30992568 0.4478771 0.21898812
v -0.3489955 0.44260013 0.22135732
v -0.33436173 0.4709276 0.19101876
v -0.36040616 0.464283 0.1654439
v -0.3601011 0.3669329 0.25088042
v -0.42508656 0.2277801 0.11629425
v -0.41926616 0.2358239 0.10997821
v -0.42341048 0.2308166 0.110750735
v -0.41713595 0.26688704 0.112947986
v -0.4135754 0.23087893 0.14071932
v -0.4438628 0.25001454 0.1635182
v -0.45429623 0.28789726 0.15729979
v -0.42436558 0.29840812 0.112353265
v -0.45366484 0.3261925 0.15206349
v -0.43213934 0.33124754 0.11933317
v -0.4530813 0.36434907 0.1505615
v -0.42392945 0.36464438 0.11202944
v -0.43936068 0.39852965 0.11043226
v -0.2482146 0.37382123 0.282608
v -0.31024885 0.37403363 0.29321167
v -0.281801 0.37958655 0.31409296
v -0.3363871 0.36750934 0.27446866
v -0.28914487 0.37770835 0.2658954
v -0.32457632 0.3826999 0.25303304
v -0.30918002 0.3818628 0.21612978
v -0.21630917 0.3895556 0.32308584
v -0.2556278 0.38186195 0.33179218
v -0.27761954 0.39698833 0.24767527
v -0.24094944 0.3898798 0.34364286
v -0.2221534 0.43327975 0.31386092
v -0.21695629 0.4064797 0.31713808
v -0.47723174 0.04947391 0.07806012
v -0.4584266 0.02784124 0.066975154
v -0.43648994 0.024033815 0.094836056
v -0.45052058 0.04729402 0.10499229
v -0.4107656 0.024138898 0.12059342
v -0.42340106 0.045978546 0.13148367
v -0.4585805 0.07310866 0.11133218
v -0.43009424 0.06883454 0.13855354
v -0.4453162 0.09532033 0.09973998
v -0.42795753 0.09255807 0.13775724
v -0.41335136 0.12525499 0.12749283
v -0.44202 0.12726629 0.09901198
v -0.38494295 0.1243543 0.15600762
v -0.39599872 0.09397529 0.16183546
v -0.35459262 0.12189703 0.18048534
v -0.36989582 0.09663765 0.19108
v -0.3817919 0.16077553 0.15920606
v -0.34944385 0.156367 0.18246312
v -0.41182148 0.1614986 0.12910657
v -0.44080424 0.16246782 0.10013996
v -0.39603692 0.046367705 0.15903647
v -0.38461238 0.025125712 0.14791058
v -0.47067964 0.1021781 0.07257785
v -0.46694696 0.13120213 0.072797514
v -0.34479135 0.09681767 0.21815632
v -0.33044308 0.12248249 0.20888823
v -0.30346435 0.12435676 0.2356008
v -0.3071558 0.09523328 0.23576549
v -0.3240564 0.069619715 0.24595653
v -0.34903032 0.071062714 0.22027531
v -0.2982719 0.06753588 0.27096906
v -0.29545248 0.09530471 0.27061433
v -0.3434221 0.04702562 0.21269543
v -0.3176043 0.04609272 0.23715183
v -0.29993075 0.15632555 0.23918845
v -0.28778368 0.15944764 0.27037504
v -0.28558797 0.19464388 0.27257726
v -0.30053848 0.19198425 0.24247496
v -0.25350177 0.19624954 0.2866047
v -0.2560658 0.15991405 0.28563994
v -0.3216815 0.18739425 0.21732971
v -0.29890656 0.22921947 0.2427426
v -0.32468265 0.22746068 0.21618024
v -0.22882032 0.15936114 0.31001395
v -0.22702155 0.19692501 0.31183466
v -0.20153071 0.19601525 0.33951265
v -0.20306475 0.15879643 0.3375955
v -0.20335789 0.1213586 0.33657137
v -0.22981282 0.12244405 0.30902848
v -0.21388353 0.09308991 0.34675777
v -0.24082284 0.09546733 0.3195789
v -0.17668179 0.12167354 0.36629656
v -0.18505025 0.09019944 0.37352306
v -0.26659125 0.094724 0.29366368
v -0.17644383 0.15877907 0.36655623
v -0.24509725 0.067821234 0.32345724
v -0.20593663 0.22648233 0.34827206
v -0.17685805 0.22974703 0.37542263
v -0.16033678 0.09543048 0.40531138
v -0.14801362 0.12312828 0.3951466
v -0.25869226 0.1248294 0.28641388
v -0.21864803 0.066743076 0.35152853
v -0.19136652 0.06570038 0.37879044
v -0.22513998 0.23291752 0.3155098
v -0.25112176 0.23350632 0.2893127
v -0.31284714 0.2577981 0.25225192
v -0.34418482 0.25109917 0.23447919
v -0.36232835 0.27715755 0.24611355
v -0.3336547 0.27829334 0.27120826
v -0.33856034 0.30899975 0.27355257
v -0.36576712 0.30949488 0.2467065
v -0.3072731 0.025477141 0.22494234
v -0.3329531 0.025847495 0.20025557
v -0.382168 0.2432937 0.21572886
v -0.39326727 0.27540514 0.21964888
v -0.42414993 0.27941597 0.18871357
v -0.41526252 0.2449201 0.18899323
v -0.4438628 0.25001454 0.1635182
v -0.45429623 0.28789726 0.15729979
v -0.4280526 0.319332 0.18482903
v -0.45366484 0.3261925 0.15206349
v -0.42889023 0.3614251 0.1839695
v -0.4530813 0.36434907 0.1505615
v -0.42843664 0.4030442 0.18282683
v -0.45324826 0.40345293 0.1491458
v -0.3961212 0.35435843 0.21677488
v -0.39550203 0.39659184 0.21650453
v -0.3601011 0.3669329 0.25088042
v -0.3650797 0.34330508 0.24742995
v -0.3363871 0.36750934 0.27446866
v -0.11959823 0.12262796 0.4237001
v -0.12919493 0.09828277 0.43030328
v -0.10315414 0.096274555 0.45687038
v -0.09504243 0.12298025 0.4495369
v -0.092427336 0.1558828 0.45085523
v -0.117885195 0.15669139 0.4253769
v -0.09187759 0.1909275 0.45137805
v -0.117686756 0.19501776 0.4255663
v -0.11806628 0.22751261 0.42722428
v -0.09296163 0.22465171 0.4502118
v -0.09611905 0.2547516 0.44701612
v -0.11213331 0.25580898 0.42599925
v -0.14587796 0.19523588 0.3972803
v -0.1522215 0.22915536 0.4071133
v -0.06693765 0.22231993 0.469409
v -0.06873172 0.25528505 0.46874574
v -0.13625506 0.07104725 0.43369788
v -0.109496124 0.073309556 0.45788187
v -0.12974195 0.044374675 0.42348623
v -0.10465678 0.045239687 0.44947973
v -0.08094215 0.09642325 0.47567457
v -0.08394984 0.0744704 0.4833525
v -0.068153314 0.18681845 0.47143036
v -0.068433486 0.15527157 0.47143254
v -0.09290058 0.023202062 0.43203056
v -0.118717 0.020380557 0.4084502
v -0.10031657 0.2822324 0.44288868
v -0.13649614 0.28429526 0.45051223
v -0.072108746 0.28782597 0.46818653
v -0.31240445 0.311011 0.29961458
v -0.31009865 0.2786553 0.29940382
v -0.2864498 0.3138824 0.32551593
v -0.2818557 0.28159115 0.32280567
v -0.28804624 0.34891728 0.3239112
v -0.26346117 0.3540052 0.34848195
v -0.2556278 0.38186195 0.33179218
v -0.281801 0.37958655 0.31409296
v -0.24094944 0.3898798 0.34364286
v -0.23663004 0.35729975 0.37534958
v -0.20496596 0.35708505 0.40699703
v -0.20709261 0.39394733 0.40476143
v -0.23328274 0.31711072 0.37865978
v -0.20338108 0.31669828 0.4085554
v -0.17400299 0.3171559 0.43793312
v -0.17516969 0.35371476 0.43675748
v -0.17395951 0.28281233 0.43791527
v -0.20377402 0.27963483 0.4081279
v -0.23290586 0.2794557 0.37899548
v -0.20172018 0.24510738 0.4031404
v -0.17324504 0.25104666 0.43333527
v -0.22814603 0.24550138 0.37022805
v -0.14133385 0.3157661 0.45188096
v -0.14404862 0.35054654 0.45437622
v -0.26042694 0.31643128 0.35150972
v -0.17627904 0.38943425 0.43564364
v -0.3880347 0.22906727 0.16496582
v -0.4135754 0.23087893 0.14071932
v -0.06741155 0.024834335 0.45316443
v -0.3386008 0.3408545 0.27354574
v -0.27110827 0.06763697 0.29639247
v -0.28156668 0.025034726 0.2503624
v -0.28887922 0.26015714 0.2787106
v -0.26271546 0.26045445 0.30417022
v -0.3578751 0.026845902 0.17429234
v -0.35509747 0.22866663 0.19054551
v -0.39598286 0.3130602 0.21692145
v -0.23990858 0.39739805 0.36291584
v -0.40322328 0.06997633 0.16679454
v -0.14379112 0.022727102 0.38149813
v -0.1555933 0.043340355 0.39639205
v -0.48402822 0.07728392 0.081527025
v -0.3755086 0.07188609 0.19390179
v -0.18234396 0.042606622 0.3688703
v -0.20992357 0.04306954 0.3417548
v -0.17076816 0.022331089 0.3555112
v -0.06965729 0.12513185 0.47043213
v -0.07859992 0.04736182 0.47315705
v -0.10858121 0.31195134 0.43769988
v -0.07554237 0.32007203 0.46646065
v -0.2844392 0.22893772 0.27374265
v -0.17438792 0.19499277 0.36866847
v -0.14721167 0.1583213 0.39593312
v -0.23868707 0.2586452 0.33219713
v -0.25832564 0.28128168 0.35067448
v -0.32518357 0.15353228 0.21386465
v -0.2897091 0.1260183 0.26824337
v -0.4660535 0.16390745 0.0730684
v -0.4645766 0.19871524 0.07483355
v -0.43740588 0.19894776 0.10356225
v -0.42341048 0.2308166 0.110750735
v -0.42508656 0.2277801 0.11629425
v -0.4627114 0.23343351 0.07756343
v -0.41926616 0.2358239 0.10997821
v -0.46177447 0.26708773 0.07883293
v -0.41713595 0.26688704 0.112947986
v -0.46193236 0.30067325 0.07900455
v -0.42436558 0.29840812 0.112353265
v -0.46189922 0.33327726 0.08017049
v -0.43213934 0.33124754 0.11933317
v -0.46134722 0.36492175 0.08090044
v -0.42392945 0.36464438 0.11202944
v -0.46277696 0.39682317 0.07948586
v -0.43936068 0.39852965 0.11043226
v -0.44041407 0.42973804 0.10214157
v -0.46566838 0.4297504 0.075245894
v -0.44607025 0.4630518 0.096136965
v -0.46696442 0.46368366 0.06998559
v -0.4403999 0.49373716 0.09195518
v -0.46936363 0.49667764 0.06770178
v -0.43276894 0.49471825 0.09987766
v -0.41571075 0.46172315 0.1124916
v -0.42420745 0.4976446 0.11168816
v -0.4340726 0.49728927 0.10777611
v -0.47022295 0.5295027 0.06633859
v -0.39654964 0.50499 0.14578857
v -0.38867486 0.4623384 0.13876279
v -0.4232878 0.5275599 0.1193067
v -0.39561337 0.53001994 0.14722519
v -0.41507643 0.5536897 0.11108233
v -0.38974983 0.55189395 0.13950647
v -0.43748772 0.55552864 0.085820355
v -0.3615896 0.52199584 0.1648274
v -0.36768758 0.49649578 0.17512286
v -0.34544593 0.49609035 0.19687968
v -0.33644313 0.5288607 0.18829794
v -0.31870812 0.5271387 0.20491493
v -0.323547 0.49609917 0.218477
v -0.3019575 0.52824676 0.22208236
v -0.29975468 0.500159 0.24227473
v -0.33873415 0.5358393 0.20434459
v -0.3110305 0.54849035 0.2218247
v -0.28773195 0.52892363 0.23577696
v -0.26075643 0.49519876 0.2767426
v -0.28363037 0.54248106 0.2572848
v -0.31066495 0.4817977 0.21453999
v -0.33436173 0.4709276 0.19101876
v -0.36040616 0.464283 0.1654439
v -0.44789386 0.5275144 0.09477327
v -0.40909797 0.19834208 0.13192901
v -0.23728456 0.04368016 0.31514272
v -0.2260686 0.02249062 0.3033104
v -0.19829135 0.022972852 0.3291445
v -0.31341374 0.34412304 0.29857242
v -0.31024885 0.37403363 0.29321167
v -0.38192505 0.19692151 0.15909761
v -0.1633856 0.06786671 0.40612316
v -0.3696279 0.047311783 0.18671978
v -0.26433432 0.043932766 0.28837433
v -0.2539026 0.023396194 0.27695262
v -0.26547223 0.5042834 0.2754357
v -0.2915839 0.04491496 0.2620811
v -0.48041028 0.09822093 0.07274992
v -0.35943168 0.1903712 0.17800696
v -0.3376974 0.1753357 0.20362899
v -0.34159082 0.1863459 0.19465874
v -0.45554203 0.5564812 0.06026461
v -0.35943168 0.1903712 0.17800696
v -0.3376974 0.1753357 0.20362899
v -0.3216815 0.18739425 0.21732971
v -0.43276894 0.49471825 0.09987766
v -0.42420745 0.4976446 0.11168816
v -0.4232878 0.5275599 0.1193067
v -0.44789386 0.5275144 0.09477327
v -0.4340726 0.49728927 0.10777611
v 0.3412568 0.38510275 -0.24151056
v 0.29970962 0.40241477 -0.2255684
v 0.2940117 0.43290204 -0.23127404
v 0.34086365 0.44045824 -0.23179291
v 0.31940973 0.4543393 -0.20648594
v 0.3691705 0.4435467 -0.20481515
v 0.34086365 0.44045824 -0.23179291
v 0.4316973 0.44859812 -0.13054468
v 0.37518513 0.45636696 -0.14878836
v 0.40978104 0.45654 -0.117970005
v 0.39780778 0.44509628 -0.17170666
v 0.34483892 0.45626488 -0.1801014
v 0.43643963 0.43733355 -0.13048656
v 0.441029 0.45684743 -0.10130961
v 0.17091876 0.37962487 -0.4400984
v 0.13833156 0.40736625 -0.45346808
v 0.16531268 0.41909236 -0.43180627
v 0.1411211 0.37129706 -0.45301774
v 0.18781643 0.4257822 -0.4003939
v 0.19767661 0.38653645 -0.41328165
v 0.21744844 0.42570078 -0.37190768
v 0.22612204 0.39098042 -0.38475156
v 0.1965274 0.34221217 -0.4138598
v 0.2234354 0.34830505 -0.38640863
v 0.23409787 0.39682853 -0.33928248
v 0.24360044 0.37941825 -0.35471386
v 0.1979688 0.29730177 -0.41233364
v 0.22562557 0.30061147 -0.3842286
v 0.22549841 0.26479974 -0.3851768
v 0.19959114 0.26059785 -0.411532
v 0.17413098 0.25508618 -0.43637803
v 0.17331669 0.2930069 -0.43756428
v 0.14693475 0.2443609 -0.45418385
v 0.15088063 0.28808072 -0.45717168
v 0.24676627 0.27029508 -0.35392472
v 0.24967183 0.30226672 -0.35798043
v 0.14592987 0.33117205 -0.45397955
v 0.25034267 0.35185394 -0.35701472
v 0.25100076 0.3333782 -0.35565063
v 0.2751218 0.30666277 -0.3326615
v 0.2719695 0.2776584 -0.33183283
v 0.30606204 0.3080488 -0.30805695
v 0.301979 0.2787414 -0.3068009
v 0.30695862 0.34049696 -0.3071609
v 0.28088123 0.34264767 -0.33251476
v 0.33432728 0.3070483 -0.27978387
v 0.32981372 0.2781617 -0.276323
v 0.36263233 0.30495736 -0.2510595
v 0.358873 0.27529776 -0.24775243
v 0.30499494 0.37005466 -0.3046308
v 0.27725583 0.3736344 -0.3314795
v 0.3345855 0.37037343 -0.2789382
v 0.39138097 0.30192462 -0.22232191
v 0.39107734 0.26833367 -0.22257422
v 0.3345704 0.3392858 -0.27928722
v 0.362176 0.33915216 -0.25150308
v 0.17164363 0.3363422 -0.43929654
v 0.24128903 0.36068305 -0.3677112
v 0.42107415 0.3003201 -0.19266222
v 0.421215 0.2664393 -0.19256698
v 0.44887155 0.26346195 -0.16386257
v 0.44631755 0.2986205 -0.16682224
v 0.4453351 0.33754402 -0.16837478
v 0.42065477 0.34021553 -0.19307871
v 0.4507578 0.2958213 -0.13672832
v 0.44766843 0.2603113 -0.13107358
v 0.45187813 0.3334314 -0.13903002
v 0.44546318 0.378613 -0.16825956
v 0.418862 0.37947524 -0.19482481
v 0.43930072 0.4179544 -0.16047794
v 0.41238397 0.41439384 -0.18884447
v 0.3891505 0.3766378 -0.22447617
v 0.38217026 0.4112324 -0.22052261
v 0.3691705 0.4435467 -0.20481515
v 0.39780778 0.44509628 -0.17170666
v 0.43643963 0.43733355 -0.13048656
v 0.44760877 0.42717752 -0.13322929
v 0.3412568 0.38510275 -0.24151056
v 0.34086365 0.44045824 -0.23179291
v 0.45214117 0.3747845 -0.13813113
v 0.3904268 0.34086472 -0.22329362
v 0.35854608 0.3694031 -0.25061497
v 0.4316973 0.44859812 -0.13054468
v -0.2749949 0.39360914 -0.253168
v -0.24173258 0.426879 -0.28462386
v -0.24187453 0.39678627 -0.28560275
v -0.27504885 0.41847613 -0.25152504
v -0.21381767 0.41296133 -0.32244712
v -0.21656775 0.43895763 -0.31506786
v -0.2799685 0.37606412 -0.26091972
v -0.25679082 0.37937954 -0.2985667
v -0.27437127 0.44875866 -0.25205722
v -0.24218236 0.45695108 -0.28411913
v -0.31472927 0.3717802 -0.21922328
v -0.2408058 0.48475635 -0.2856389
v -0.27267665 0.47751802 -0.25366563
v -0.30864495 0.40472412 -0.21795067
v -0.21681476 0.4662242 -0.30945078
v -0.2188621 0.49188858 -0.31215775
v -0.3062638 0.44107538 -0.21992923
v -0.30468863 0.4752836 -0.22161227
v -0.20972027 0.5029156 -0.33376905
v -0.22411561 0.5042224 -0.31778455
v -0.2119823 0.50462955 -0.32456934
v -0.17954305 0.5038281 -0.36389917
v -0.17702335 0.52713394 -0.34951806
v -0.17175876 0.47758913 -0.35462844
v -0.147359 0.48185372 -0.3796149
v -0.15250164 0.5046599 -0.38374627
v -0.12758663 0.50076044 -0.41569293
v -0.14440551 0.50541955 -0.3853093
v -0.12424191 0.48145884 -0.40507466
v -0.1241454 0.50077486 -0.4191302
v -0.105429515 0.4752431 -0.43695453
v -0.11036774 0.5002642 -0.43321177
v -0.08681059 0.48689893 -0.4569887
v -0.08847977 0.46736872 -0.4555253
v -0.05720624 0.47138953 -0.4724644
v -0.05960313 0.50712204 -0.47192106
v -0.08825165 0.44210044 -0.4558828
v -0.10733722 0.44890326 -0.42986023
v -0.120278515 0.4300071 -0.43912187
v -0.08957018 0.41275522 -0.4545775
v -0.10682372 0.39946985 -0.4378317
v -0.12627818 0.40947282 -0.44715112
v -0.07408274 0.3636066 -0.4671384
v -0.10169528 0.36910677 -0.44234672
v -0.087337054 0.32319322 -0.45684418
v -0.06185703 0.32240474 -0.47156176
v -0.035723805 0.3202876 -0.47345105
v -0.03731931 0.3555324 -0.47377387
v -0.07823925 0.28530905 -0.4650419
v -0.035862107 0.2855124 -0.4734334
v -0.099764496 0.28261107 -0.44443256
v -0.10768663 0.31966504 -0.43645763
v -0.035923537 0.2516075 -0.4736066
v -0.048446793 0.39853948 -0.47327897
v -0.0697986 0.2504351 -0.469532
v -0.09459173 0.24822836 -0.4496033
v -0.11409483 0.3564153 -0.42399126
v -0.054463863 0.43650907 -0.47306696
v -0.12658918 0.4561253 -0.40573397
v -0.15355366 0.45449087 -0.38631076
v -0.10970544 0.3975741 -0.43051583
v -0.14713234 0.5302996 -0.39749137
v -0.23008311 0.50443333 -0.3091956
v -0.10395565 0.54782236 -0.4293986
v -0.062320083 0.5470695 -0.46470663
v -0.090222895 0.21573298 -0.45399633
v -0.06479803 0.21606845 -0.4722874
v -0.1233136 0.23318964 -0.43857995
v -0.112317 0.21554306 -0.4318915
v -0.08782333 0.18284298 -0.45643085
v -0.063498944 0.18242915 -0.4722242
v -0.08737181 0.1497903 -0.45683202
v -0.06308025 0.15171255 -0.47343525
v -0.08822145 0.11763932 -0.45595735
v -0.066807196 0.12203914 -0.47237787
v -0.091607265 0.06610802 -0.476457
v -0.10912969 0.06261733 -0.4585427
v -0.10811699 0.11450158 -0.4359214
v -0.12063059 0.09059648 -0.4491922
v -0.13101594 0.113451615 -0.41303143
v -0.1406642 0.090601414 -0.4291691
v -0.16626084 0.09042828 -0.4041107
v -0.1554352 0.11525676 -0.3885422
v -0.13232574 0.1472777 -0.411749
v -0.15760423 0.15022922 -0.38640636
v -0.18367183 0.15414225 -0.36031193
v -0.15842655 0.18717477 -0.3855827
v -0.1851002 0.18993479 -0.358896
v -0.15859427 0.22022069 -0.38661844
v -0.18587911 0.22131759 -0.36205363
v -0.13406695 0.21747762 -0.40998393
v -0.21177003 0.2261438 -0.33569416
v -0.20962161 0.19453707 -0.33125404
v -0.20797406 0.15868776 -0.3325227
v -0.13367416 0.18545835 -0.41038242
v -0.16353787 0.062197357 -0.40539443
v -0.18820393 0.06526968 -0.38045496
v -0.18509185 0.09136988 -0.37500295
v -0.15078466 0.036827624 -0.39508635
v -0.17746364 0.038977742 -0.37069026
v -0.13766345 0.060855776 -0.43019482
v -0.17991485 0.11950801 -0.36401564
v -0.10870865 0.14756604 -0.43544158
v -0.21325313 0.067792594 -0.35592312
v -0.2049115 0.041951925 -0.34648722
v -0.122183636 0.27859697 -0.43756714
v -0.19509281 0.47452635 -0.33117524
v -0.13989036 0.55495936 -0.38510266
v -0.23595619 0.19999908 -0.3038205
v -0.2338826 0.23526108 -0.30581123
v -0.23505442 0.16327396 -0.30475557
v -0.23089507 0.12676004 -0.30889967
v -0.2659883 0.13206062 -0.2840754
v -0.23278898 0.09602 -0.32980555
v -0.26570958 0.099160925 -0.2906515
v -0.29695326 0.10111356 -0.2616157
v -0.2963298 0.13610707 -0.25706112
v -0.3201636 0.103807494 -0.21987122
v -0.32186174 0.13986796 -0.21808258
v -0.36062396 0.096494645 -0.18104003
v -0.36368304 0.14343011 -0.17816277
v -0.3200261 0.17387064 -0.21994235
v -0.34899986 0.17574781 -0.1850287
v -0.37757123 0.17532225 -0.16437973
v -0.3812797 0.14179496 -0.16066642
v -0.3606304 0.12221062 -0.17680232
v -0.38059014 0.11112487 -0.16161697
v -0.34513175 0.20855215 -0.19214538
v -0.31703883 0.20735109 -0.22285277
v -0.37247258 0.20746312 -0.1695264
v -0.299012 0.17131887 -0.25768134
v -0.4041459 0.106211215 -0.13770445
v -0.40521914 0.13791375 -0.13664249
v -0.43248123 0.10447262 -0.11261302
v -0.4343577 0.13496572 -0.10751423
v -0.41421652 0.08774671 -0.15348119
v -0.442873 0.087438375 -0.12757166
v -0.43842012 0.059236497 -0.12990628
v -0.41152334 0.058596373 -0.15682365
v -0.39511967 0.034062535 -0.1478343
v -0.42157042 0.034597784 -0.122003436
v -0.36785346 0.03326118 -0.17425707
v -0.38397634 0.058734536 -0.18295012
v -0.3407365 0.032257736 -0.20017827
v -0.35728538 0.05667749 -0.21018878
v -0.4655341 0.060952038 -0.10315624
v -0.44756275 0.03513044 -0.0966353
v -0.46967185 0.090519235 -0.099380225
v -0.4582669 0.10695751 -0.08392052
v -0.462018 0.13855647 -0.080535516
v -0.38789546 0.090989664 -0.1760548
v -0.36326516 0.0951678 -0.20165947
v -0.30141908 0.07603921 -0.26937002
v -0.22501637 0.09806542 -0.3349557
v -0.27129525 0.07228401 -0.2994207
v -0.26339376 0.046395212 -0.29276454
v -0.29479343 0.049711615 -0.2651027
v -0.33243632 0.08323799 -0.23706335
v -0.48893028 0.06381667 -0.07054559
v -0.47011453 0.038992584 -0.06816646
v -0.3772676 0.23159856 -0.18160173
v -0.3514648 0.23124297 -0.20637639
v -0.39667642 0.20571838 -0.14518847
v -0.40280116 0.23200971 -0.15731108
v -0.41475636 0.20765136 -0.12707111
v -0.42080456 0.23043402 -0.13603239
v -0.40340883 0.17279965 -0.13845831
v -0.43711603 0.16859697 -0.104717076
v -0.26804364 0.2372542 -0.28651306
v -0.26998395 0.20362741 -0.28640822
v -0.29970914 0.23818636 -0.2586933
v -0.32738942 0.054172188 -0.2371017
v -0.26878983 0.16789092 -0.2826081
v -0.3180653 0.24020945 -0.22669898
v -0.24029809 0.06911239 -0.3295802
v -0.23357093 0.04400429 -0.32008156
v -0.48656303 0.093576476 -0.07444126
v -0.206956 0.45167863 -0.34420112
v -0.18047732 0.45340598 -0.36466038
v -0.11258745 0.39567864 -0.42319942
v -0.47825605 0.116045326 -0.055389304
v -0.47538537 0.14092384 -0.050030902
v -0.20339566 0.124303326 -0.3393729
v -0.44275033 0.19942045 -0.09904734
v -0.4682421 0.20050237 -0.07258471
v -0.46900153 0.23331176 -0.06709415
v -0.4495468 0.2330353 -0.0919958
v -0.46997207 0.26629695 -0.06555266
v -0.45142454 0.26622134 -0.09027075
v -0.4687789 0.23368843 -0.036864437
v -0.46692884 0.26775563 -0.036215253
v -0.46978116 0.29813495 -0.06669354
v -0.44959152 0.29806608 -0.092075184
v -0.46731734 0.30144235 -0.032135807
v -0.43146312 0.26818383 -0.11296803
v -0.4352023 0.2961173 -0.11612285
v -0.42669904 0.32857487 -0.118258655
v -0.44676584 0.3298028 -0.09577146
v -0.46723002 0.32873416 -0.07006118
v -0.47257316 0.2001395 -0.03927087
v -0.42269552 0.24793512 -0.11101469
v -0.46377814 0.3605709 -0.077024356
v -0.46719277 0.33463258 -0.03198212
v -0.47366297 0.3512712 -0.04360168
v -0.47343886 0.34647086 -0.026967634
v -0.45667398 0.39506742 -0.08566924
v -0.4727893 0.3915394 -0.056489337
v -0.4687373 0.42753035 -0.06580276
v -0.44113547 0.42828187 -0.10221044
v -0.42035884 0.40733957 -0.11578321
v -0.4299611 0.42577583 -0.11812888
v -0.46855128 0.32630363 -0.03587536
v -0.46533394 0.16849217 -0.076763116
v -0.44335628 0.36316147 -0.09967439
v -0.43322206 0.36460856 -0.12037318
v -0.41896182 0.22759995 -0.11454965
v -0.2060896 0.09581514 -0.3521157
v -0.29649603 0.20636341 -0.25764173
v -0.1251406 0.03587088 -0.41976625
v -0.109715015 0.18381083 -0.43445355
v -0.100682855 0.035738677 -0.44413376
v -0.4723336 0.16857406 -0.046084624
v -0.084243156 0.49648052 -0.44875404
v -0.47604698 0.11193171 0.015493849
v -0.47266948 0.12007451 0.02466146
v -0.4805708 0.10992417 0.034249093
v -0.23895416 0.3839831 -0.3401529
v -0.21381767 0.41296133 -0.32244712
v -0.21140139 0.3914776 -0.31989112
v -0.11407295 0.42831615 0.4294632
v -0.07897198 0.43844828 0.46405023
v -0.11062524 0.4298576 0.42736575
v 0.07752305 0.17575651 -0.46438032
v 0.076698095 0.20943993 -0.46675524
v 0.10588123 0.20331857 -0.43725416
v 0.105201736 0.1713896 -0.43797594
v 0.11473746 0.22930361 -0.428237
v 0.11300866 0.2308141 -0.42750475
v 0.13460739 0.19115582 -0.4072025
v 0.13800865 0.22068551 -0.40465418
v 0.16284834 0.1801895 -0.37948722
v 0.16537176 0.21887295 -0.38030177
v 0.19217338 0.22309956 -0.35580608
v 0.19043982 0.19735366 -0.35268426
v 0.21703194 0.22835407 -0.33046108
v 0.21368997 0.20190108 -0.32507464
v 0.10618745 0.14223123 -0.4369216
v 0.08079389 0.14591333 -0.46168
v 0.050114445 0.14850369 -0.47497922
v 0.042914424 0.17796876 -0.4735731
v 0.057570256 0.12117468 -0.47416583
v 0.19225858 0.17962417 -0.34896427
v 0.21501254 0.17258081 -0.32382733
v 0.23733018 0.20412144 -0.30135265
v 0.23418458 0.23605941 -0.3045489
v 0.13387263 0.1661095 -0.40897855
v 0.25403666 0.23915583 -0.2862952
v 0.26794988 0.20473981 -0.28316224
v 0.2656119 0.24477628 -0.2803706
v 0.084659 0.11864933 -0.45838577
v 0.10802252 0.11653228 -0.4348572
v 0.29849994 0.20573062 -0.2509824
v 0.29930174 0.23725817 -0.24907568
v 0.32825935 0.23289394 -0.22036333
v 0.32334006 0.2051648 -0.21548311
v 0.29390496 0.17330177 -0.24914923
v 0.2737214 0.1738925 -0.2826636
v 0.275258 0.14177789 -0.28173408
v 0.2975335 0.13975985 -0.2475379
v 0.29553485 0.09930697 -0.24624804
v 0.2539308 0.09620097 -0.31029192
v 0.32410163 0.14080475 -0.21478686
v 0.32454813 0.10808894 -0.21468979
v 0.33923525 0.08726087 -0.22680205
v 0.3117252 0.084931836 -0.25678128
v 0.3105936 0.05938235 -0.25518295
v 0.28301424 0.060496867 -0.2847158
v 0.3405741 0.060243994 -0.22638643
v 0.27243406 0.037451804 -0.27306005
v 0.24562827 0.038663507 -0.30112886
v 0.25709516 0.06326091 -0.31281474
v 0.23077446 0.06291345 -0.3391786
v 0.21952103 0.039204627 -0.3278689
v 0.19392256 0.03975287 -0.35409126
v 0.20331256 0.06366816 -0.364531
v 0.18149948 0.020023197 -0.34145942
v 0.2059975 0.020312428 -0.31481072
v 0.36922932 0.09684247 -0.19465084
v 0.3712042 0.06088701 -0.19590123
v 0.30096632 0.03725806 -0.24430212
v 0.3297171 0.037338823 -0.21574786
v 0.22930531 0.088258415 -0.3376298
v 0.20241016 0.089152664 -0.3645592
v 0.21827191 0.10481174 -0.32676974
v 0.1900763 0.103571355 -0.35186166
v 0.24111313 0.10930315 -0.29768646
v 0.24124663 0.14116052 -0.29746637
v 0.19519268 0.14859015 -0.34627372
v 0.17405212 0.09560694 -0.39073
v 0.17587982 0.06635374 -0.39158785
v 0.16315569 0.11293715 -0.37910002
v 0.15523945 0.022148281 -0.366573
v 0.28070903 0.08883247 -0.28580508
v 0.3235199 0.17336105 -0.21527246
v 0.40580732 0.084013835 -0.16406296
v 0.40193534 0.05673197 -0.16410503
v 0.43195927 0.08018063 -0.13836786
v 0.42919058 0.053501427 -0.13385558
v 0.4152928 0.029928356 -0.122366875
v 0.38886023 0.0337362 -0.15271033
v 0.35355967 0.11668149 -0.18137686
v 0.36064482 0.23001221 -0.19090177
v 0.45598304 0.051274747 -0.10353175
v 0.44025826 0.026080668 -0.092916116
v 0.46160746 0.07895927 -0.10852984
v 0.48148298 0.051630467 -0.071219645
v 0.4605677 0.028392792 -0.06191104
v 0.48713613 0.0589512 -0.034200095
v 0.46870238 0.038083524 -0.031083424
v 0.4950894 0.08198294 -0.030974144
v 0.1932625 0.14498106 -0.34782237
v 0.16338421 0.16409871 -0.38051307
v 0.19058384 0.17550178 -0.35104182
v 0.12895732 0.13363805 -0.41514906
v 0.21547787 0.14051421 -0.32326314
v 0.12653969 0.13402288 -0.41580173
v 0.0906893 0.09396355 -0.45669606
v 0.11678579 0.094032004 -0.43852267
v 0.1268846 0.070566595 -0.44329876
v 0.103539854 0.070882946 -0.4663502
v 0.095920436 0.042528033 -0.45506382
v 0.11909937 0.04282877 -0.43222886
v 0.07884635 0.071709484 -0.48542035
v 0.07145449 0.043681562 -0.47367737
v 0.43537444 0.10010028 -0.12127563
v 0.4426061 0.10154 -0.111141525
v 0.4462806 0.13922463 -0.09548757
v 0.46966195 0.1379768 -0.06725372
v 0.4189015 0.107281655 -0.12711398
v 0.073157094 0.0916643 -0.47790423
v 0.19523674 0.14805862 -0.34768757
v 0.3599841 0.036765754 -0.18487556
v 0.1511681 0.06965253 -0.4186908
v 0.13780932 0.094114944 -0.40909404
v 0.16793717 0.041089654 -0.3815126
v 0.16641751 0.13514134 -0.3775465
v 0.41766 0.14060639 -0.124166355
v 0.48868984 0.08063355 -0.06853526
v 0.35114574 0.20637691 -0.18089403
v 0.3525985 0.17473681 -0.18417354
v 0.38669282 0.17520446 -0.1551639
v 0.38723218 0.20649122 -0.15455684
v 0.4199869 0.2141521 -0.12199495
v 0.41833305 0.1770347 -0.123552755
v 0.44797403 0.2142706 -0.092544414
v 0.42441076 0.2269131 -0.11838418
v 0.45014912 0.25114912 -0.0891789
v 0.4296404 0.25756705 -0.11082749
v 0.46821964 0.24698412 -0.06436939
v 0.46734375 0.21012944 -0.06655704
v 0.46969688 0.24361509 -0.0382423
v 0.4722777 0.20743601 -0.040700987
v 0.47511268 0.17276692 -0.04136511
v 0.46849692 0.17397797 -0.06802967
v 0.4517154 0.28770477 -0.087957114
v 0.432818 0.29297024 -0.113884576
v 0.4703766 0.28310072 -0.06165683
v 0.39434808 0.23090348 -0.16175112
v 0.4702351 0.31757995 -0.063072465
v 0.45178282 0.32293016 -0.08893679
v 0.4539224 0.35832065 -0.088207416
v 0.46848637 0.350605 -0.06647181
v 0.4412306 0.36901912 -0.100987636
v 0.4673881 0.38416198 -0.06971076
v 0.4503581 0.39253587 -0.091718175
v 0.46585304 0.4186472 -0.07442959
v 0.445513 0.42635143 -0.09657363
v 0.43643963 0.43733355 -0.13048656
v 0.46250504 0.4535163 -0.07925791
v 0.441029 0.45684743 -0.10130961
v 0.43559766 0.4871975 -0.10685068
v 0.45843196 0.48825175 -0.08186062
v 0.40978104 0.45654 -0.117970005
v 0.40734857 0.48564702 -0.12148315
v 0.37518513 0.45636696 -0.14878836
v 0.3767165 0.48795402 -0.14924544
v 0.34101105 0.4933192 -0.18421188
v 0.34483892 0.45626488 -0.1801014
v 0.31940973 0.4543393 -0.20648594
v 0.3155067 0.49593988 -0.22491837
v 0.38231862 0.51053405 -0.15255333
v 0.33475786 0.505374 -0.19044395
v 0.3752306 0.5343351 -0.16871722
v 0.32764196 0.54511946 -0.20772001
v 0.28186333 0.5043551 -0.25604108
v 0.30620807 0.5030508 -0.22652942
v 0.2944305 0.53112566 -0.24864951
v 0.2869649 0.46772116 -0.2382316
v 0.2595768 0.50210917 -0.27754447
v 0.25648123 0.47340682 -0.26858562
v 0.239829 0.50379646 -0.3029008
v 0.23044696 0.47667038 -0.29454234
v 0.41164058 0.5119999 -0.13111037
v 0.43413007 0.5155675 -0.10851508
v 0.40599132 0.5424502 -0.13475448
v 0.42558104 0.4067475 -0.117135406
v 0.4280584 0.361835 -0.112831295
v 0.12964015 0.021766156 -0.39202753
v 0.3518808 0.1432848 -0.18240318
v 0.38801116 0.14159691 -0.15389703
v 0.45909584 0.51641744 -0.08334107
v 0.45491058 0.5461273 -0.08037185
v 0.42968798 0.54495573 -0.10617783
v 0.44694597 0.17593603 -0.093973316
v 0.42812264 0.3288226 -0.11860223
v 0.4038065 0.10143073 -0.14798567
v 0.14300351 0.0422208 -0.40768445
v 0.13340467 0.115587205 -0.40893868
v 0.47356194 0.14265803 -0.041896526
v 0.4688068 0.14186268 -0.036148224
v 0.24034648 0.17307797 -0.29834267
v 0.16558719 0.1333607 -0.3823714
v 0.19225858 0.17962417 -0.34896427
v 0.21547787 0.14051421 -0.32326314
v 0.19519268 0.14859015 -0.34627372
v 0.19523674 0.14805862 -0.34768757
v 0.19058384 0.17550178 -0.35104182
v 0.16338421 0.16409871 -0.38051307
v 0.16641751 0.13514134 -0.3775465
v 0.2059975 0.020312428 -0.31481072
v 0.24562827 0.038663507 -0.30112886
v 0.23196194 0.019827515 -0.28792801
v 0.2603765 0.017255604 -0.2602798
v 0.30096632 0.03725806 -0.24430212
v 0.28765512 0.017988175 -0.23014435
v 0.27243406 0.037451804 -0.27306005
v 0.31646097 0.018195301 -0.20200543
v 0.3297171 0.037338823 -0.21574786
v 0.3599841 0.036765754 -0.18487556
v 0.34441334 0.018744856 -0.17036805
v 0.3720361 0.016386747 -0.13855122
v 0.4152928 0.029928356 -0.122366875
v 0.3955227 0.017032772 -0.1065961
v 0.38886023 0.0337362 -0.15271033
v 0.44025826 0.026080668 -0.092916116
v 0.41722852 0.01746744 -0.07664157
v 0.21952103 0.039204627 -0.3278689
v -0.0784485 0.038031906 -0.46527937
v -0.091607265 0.06610802 -0.476457
v -0.06440027 0.07034016 -0.4905086
v -0.052081987 0.042216063 -0.48037484
v -0.030197155 0.07520726 -0.4957362
v -0.021399003 0.049787074 -0.48161745
v 0.011756183 0.04989478 -0.4842928
v -0.009557411 0.032188118 -0.46158516
v 0.014358695 0.033863872 -0.46330354
v -0.03650145 0.023561627 -0.4572638
v -0.013962912 0.015972108 -0.43567917
v -0.06057129 0.01828733 -0.4447134
v 0.007054804 0.07658073 -0.49511576
v 0.046521667 0.07397826 -0.4950963
v 0.0447798 0.045155138 -0.4844654
v 0.07884635 0.071709484 -0.48542035
v 0.03603437 0.02807358 -0.46464652
v 0.05802337 0.021381915 -0.45518702
v 0.011495497 0.01706487 -0.44712245
v 0.10560676 0.021234661 -0.41624677
v 0.095920436 0.042528033 -0.45506382
v 0.11909937 0.04282877 -0.43222886
v 0.082961574 0.017759979 -0.438623
v 0.14300351 0.0422208 -0.40768445
v 0.12964015 0.021766156 -0.39202753
v 0.07145449 0.043681562 -0.47367737
v -0.42157042 0.034597784 -0.122003436
v -0.39511967 0.034062535 -0.1478343
v -0.3745901 0.017098844 -0.13560374
v -0.40013337 0.016752154 -0.11079657
v -0.34929377 0.01972282 -0.1177537
v -0.37363863 0.019788712 -0.09409063
v -0.42404115 0.018494964 -0.08614886
v -0.3963821 0.019816816 -0.070387565
v -0.44756275 0.03513044 -0.0966353
v -0.34815902 0.016836882 -0.1606941
v -0.36785346 0.03326118 -0.17425707
v -0.3464421 0.020554036 -0.074701436
v -0.32217574 0.020482779 -0.09745734
v -0.36906463 0.02095285 -0.051947467
v -0.3407365 0.032257736 -0.20017827
v -0.321747 0.017725676 -0.18568973
v -0.29480213 0.016971767 -0.21148343
v -0.3126878 0.030911595 -0.22686175
v -0.29884976 0.019686908 -0.16481428
v -0.2740329 0.019962698 -0.18967183
v -0.27267998 0.020477653 -0.14032754
v -0.2525404 0.015778452 -0.16627103
v -0.22760242 0.002241999 -0.14150892
v -0.24423991 0.0024945438 -0.11566213
v -0.21907002 0.015070975 -0.12407744
v -0.20578706 0.01869309 -0.085851215
v -0.17193983 0.02058065 -0.10037868
v -0.27303547 0.0018630922 -0.097173885
v -0.2370888 0.017280906 -0.06918536
v -0.20343776 0.020791769 -0.0401191
v -0.17202336 0.020585 -0.056128614
v -0.22183192 0.0030532777 -0.14393163
v -0.3087719 0.0030953288 -0.0832631
v -0.26592964 0.02012527 -0.051686045
v -0.13789354 0.020572603 -0.11489144
v -0.13544439 0.020597667 -0.024090085
v -0.16976883 0.020599633 -0.006556289
v -0.23442832 0.021775752 -0.022366429
v -0.2024685 0.020947546 0.009791175
v -0.10880367 0.020597488 0.020287698
v -0.16283244 0.020570397 -0.14317085
v -0.21216741 0.016992211 -0.13414404
v -0.1296094 0.02057159 -0.16030046
v -0.10688814 0.020575821 -0.13025093
v -0.073291466 0.020578682 -0.149428
v -0.09507164 0.02057457 -0.17792712
v -0.08133273 0.020579338 -0.09949597
v -0.10982771 0.020578027 -0.08602929
v -0.05318569 0.020593017 -0.065290384
v -0.08137139 0.020578355 -0.04984832
v -0.13518292 0.01557073 -0.076255634
v -0.10441731 0.020287782 -0.039409254
v -0.0213462 0.020593494 -0.08422271
v -0.025470046 0.020594954 -0.029482374
v 0.0056934217 0.020595849 -0.04963914
v 0.03814805 0.020595312 -0.071840145
v 0.011398471 0.020594776 -0.10567039
v 0.029845523 0.020596802 -0.016052403
v -0.0015898591 0.020596653 0.00558519
v 0.06276518 0.020598471 -0.039206523
v 0.05238264 0.020596534 0.016706618
v 0.01973371 0.020595998 0.03855455
v -0.031425804 0.02059865 0.02652352
v -0.012144815 0.020596445 0.058377698
v 0.08593939 0.02060011 -0.0069771498
v -0.058741316 0.020592451 0.046295222
v -0.04187193 0.020070195 0.07905545
v -0.030090647 0.007946163 0.09724576
v 0.005593191 0.01917082 0.08547013
v 0.096663125 0.020576745 -0.06430589
v 0.12040396 0.020592928 -0.03279221
v 0.14305113 0.020601213 -0.0021245251
v 0.039956026 0.020606697 0.066434175
v 0.17811707 0.020599633 -0.02838991
v 0.10822141 0.020602643 0.023102738
v 0.028026706 0.016738325 0.11333947
v -0.006802753 0.01679802 0.13142042
v -0.05480892 0.020598382 -0.011601552
v -0.06679163 0.0051360726 0.10718178
v -0.08785662 0.020463645 0.064774275
v -0.05527115 0.00796482 0.12673655
v 0.07165387 0.020576745 -0.09627453
v 0.045364525 0.020581901 -0.12918535
v 0.019896315 0.0205822 -0.16113153
v -0.014665812 0.020593941 -0.13845596
v 0.13069373 0.020572424 -0.09075112
v 0.1548777 0.02056706 -0.05943571
v 0.104538694 0.020569444 -0.12250127
v 0.07820303 0.020561993 -0.15461618
v 0.16334458 0.02057293 -0.117952876
v 0.05338014 0.020570874 -0.18580163
v -0.04858657 0.020589858 -0.11782857
v 0.021418892 0.016723394 0.15913475
v 0.054588646 0.016750872 0.14199063
v 0.08507911 0.016724586 0.12075981
v 0.18869479 0.020553946 -0.086151
v 0.22085768 0.020538807 -0.112978235
v 0.19440076 0.020569384 -0.14508545
v -0.114464365 0.020553946 -0.20074777
v -0.039426833 0.020590067 -0.16945496
v -0.061955176 0.020574361 -0.19671622
v -0.029004935 0.020565957 -0.2175432
v 0.0827599 0.020572364 -0.2094392
v 0.10826304 0.020568192 -0.18140402
v 0.13706598 0.020566344 -0.2073164
v 0.110513926 0.020524114 -0.23447558
v 0.16685331 0.02047643 -0.23179924
v 0.13915619 0.018863827 -0.25570285
v 0.16523975 0.02041173 -0.27681282
v 0.1920494 0.0204314 -0.252102
v 0.16620247 0.020539403 -0.17661662
v 0.19637252 0.020471126 -0.2031458
v 0.22459671 0.020485044 -0.17187501
v 0.24820438 0.020396113 -0.19305399
v 0.27591354 0.02050075 -0.16243096
v 0.18744935 0.017716348 -0.29692364
v 0.21381669 0.017884612 -0.2710429
v 0.24125351 0.017689705 -0.2424058
v -0.08245508 0.020399421 -0.21855648
v -0.05048248 0.020043999 -0.24000166
v 0.16176617 0.020642102 0.023286425
v 0.19739038 0.020589799 -0.0028507963
v 0.12856258 0.020261705 0.049065754
v 0.1452141 0.0012896359 0.06965391
v 0.17415747 0.013755977 0.047104485
v 0.19389857 0 0.06318523
v 0.16247831 0.005563706 0.08985517
v 0.13158898 0.0055251718 0.1193558
v 0.11380765 0.010681003 0.09393991
v 0.15112096 0.0053224564 0.14453648
v 0.1834469 0.005333811 0.11493621
v 0.22892877 0.00049072504 0.03956846
v 0.21449126 0.00081959367 0.08830284
v 0.20343316 0.005322814 0.14022815
v 0.17080522 0.005321741 0.16816509
v 0.22078176 0.004054427 0.16307585
v 0.18823399 0.00533247 0.18930769
v 0.25893348 0.019269943 0.21176672
v 0.23203976 0.0194422 0.23772585
v 0.28816462 0.019069135 0.19229199
v 0.26430786 0.019859582 0.16115986
v 0.31043315 0.020562917 0.21584219
v 0.28375262 0.018402308 0.2390138
v 0.3369044 0.026348323 0.19285803
v 0.31797588 0.017908096 0.17371896
v 0.29767793 0.020451814 0.15048458
v -0.0050365245 0.020573854 -0.19149196
v 0.028247567 0.020563781 -0.21302478
v 0.058514487 0.020543396 -0.23261017
v 0.1359039 0.020573556 -0.14966123
v -0.18112811 0.01958257 -0.16715913
v -0.20508242 0.01741141 -0.15670475
v -0.21693711 0.014855534 -0.1653405
v -0.1984719 0.016328037 -0.18372762
v 0.07960491 0.0143737495 0.17182662
v 0.049973667 0.016727895 0.18820953
v 0.09711325 0.0101362765 0.19662441
v 0.07510647 0.01707244 0.21732618
v 0.021242326 0.016677499 0.20490214
v 0.047138553 0.0167225 0.23720537
v 0.07040971 0.015242636 0.26639926
v 0.09817738 0.01528731 0.24667189
v 0.112050146 0.005261898 0.26539096
v 0.08828012 0.0017347634 0.2882361
v 0.018002985 0.016622514 0.25903276
v 0.10666402 0.016195744 0.31286854
v 0.13105428 0.016534477 0.28847492
v 0.14487097 0.01741165 0.2745221
v 0.12536718 0.0025475323 0.2536673
v 0.12952915 0.019352645 0.34052542
v 0.15417868 0.018719375 0.31700447
v 0.17759852 0.017847478 0.34163684
v 0.1508358 0.0202384 0.36566946
v 0.15793228 0.0050770342 0.22008683
v 0.17788786 0.016551912 0.2419415
v -0.22034898 0.020484775 -0.19922504
v -0.21728034 0.013406396 -0.16553818
v -0.011902991 0.0047757328 0.16981769
v 0.23196194 0.019827515 -0.28792801
v 0.2059975 0.020312428 -0.31481072
v 0.2603765 0.017255604 -0.2602798
v -0.2914006 0.02177921 -0.029526308
v 0.08137379 0.015646726 0.33763525
v 0.060479466 0.0013014972 0.31102118
v -0.14994588 0.02056399 -0.18544586
v 0.21380034 0.012889087 0.019176945
v 0.13961941 0.0053141415 0.19729123
v 0.12146567 0.005328417 0.17280546
v 0.09465713 0.018313527 0.0713497
v -0.24342448 0.020191282 -0.21869272
v -0.26457304 0.01731959 -0.23796847
v 0.10429691 0.019987851 0.36577725
v 0.12494226 0.01992321 0.39141792
v 0.2968291 0.019101858 -0.18228216
v 0.2688626 0.017555267 -0.2121642
v 0.25186348 0.020494044 -0.14015682
v 0.14094709 0.020412713 -0.29926983
v 0.11644843 0.020425081 -0.2740473
v 0.0031471888 0.020540029 -0.23671725
v 0.03404863 0.020479202 -0.25557283
v 0.09226136 0.020444393 -0.29756528
v 0.116624616 0.02040857 -0.32392
v 0.063322864 0.020455211 -0.2744343
v 0.066747576 0.020456105 -0.3237552
v 0.09133135 0.020319968 -0.3489921
v 0.25580072 0.020481825 0.26280224
v 0.04001675 0.020473212 -0.34962872
v 0.06445673 0.020466298 -0.37324646
v 0.01160203 0.020464242 -0.32387754
v 0.03736012 0.02045545 -0.29838172
v 0.17874378 0.018873423 0.2937752
v 0.20349447 0.017454833 0.31695738
v -0.3240283 0.019240737 -0.1414691
v 0.21236363 0.02057448 -0.054730795
v 0.2325303 0.02057615 -0.027514057
v 0.2658645 0.020511419 -0.05027329
v 0.2842695 0.020327449 -0.022867901
v 0.3147275 0.020498365 -0.04433151
v 0.2974398 0.020498514 -0.07515729
v 0.3450874 0.02050218 -0.06741519
v 0.32550544 0.020511657 -0.098878555
v 0.37115502 0.020057619 -0.08742056
v 0.34928364 0.019222409 -0.119157456
v 0.3955227 0.017032772 -0.1065961
v 0.3720361 0.016386747 -0.13855122
v 0.36105877 0.020502418 -0.035756808
v 0.32932132 0.020492613 -0.015913006
v 0.3754725 0.020503432 -0.005227643
v 0.34168005 0.020481884 0.013111697
v 0.39076567 0.020320982 -0.05674083
v 0.34441334 0.018744856 -0.17036805
v 0.39047468 0.020503134 0.023490498
v 0.35616523 0.020496309 0.04647862
v 0.42080742 0.019884825 -0.00021058101
v 0.31056672 0.012105614 0.068649635
v 0.30962312 0.01549992 0.019957302
v 0.29211283 0.00828594 0.041719295
v 0.34860736 0.020321399 0.10015499
v 0.2984032 0.0070956945 0.010492129
v 0.2762698 0.020498514 -0.10820163
v 0.08702714 0.010525435 -0.2524412
v 0.37560874 0.020293504 0.07415897
v 0.406465 0.01996693 0.048780203
v 0.009044534 0.01971522 -0.27842847
v 0.012599562 0.020489693 -0.37535432
v 0.037774496 0.020476729 -0.39574516
v 0.13745055 0.018718123 -0.34644824
v -0.32738942 0.054172188 -0.2371017
v -0.35728538 0.05667749 -0.21018878
v -0.019230738 0.012744397 -0.25859642
v -0.014499209 0.020481199 -0.35147697
v -0.039930016 0.020475417 -0.32748216
v -0.03907862 0.020488352 -0.37863904
v -0.06583423 0.020485431 -0.35620496
v -0.08764451 0.020244688 -0.3808947
v -0.06241209 0.020431578 -0.4026916
v -0.10869347 0.018906325 -0.4031352
v -0.08450858 0.017230332 -0.42586154
v -0.11395871 0.02006346 -0.35804173
v -0.09163684 0.02048397 -0.33344847
v -0.1421139 0.019959211 -0.33486652
v -0.11876278 0.020478189 -0.3103506
v -0.16215059 0.020320594 -0.3552858
v -0.19115862 0.02091226 -0.33194804
v -0.06507576 0.020469755 -0.30506116
v -0.09211857 0.020478845 -0.28116417
v -0.17746364 0.038977742 -0.37069026
v -0.2049115 0.041951925 -0.34648722
v -0.03788308 0.019712389 -0.42116758
v -0.06057129 0.01828733 -0.4447134
v -0.13448326 0.019619435 -0.37956953
v -0.17065795 0.01960373 -0.31159726
v -0.23357093 0.04400429 -0.32008156
v -0.03650145 0.023561627 -0.4572638
v -0.013962912 0.015972108 -0.43567917
v 0.011740931 0.02042976 -0.415672
v 0.03677334 0.018173218 -0.43377575
v 0.011495497 0.01706487 -0.44712245
v 0.05802337 0.021381915 -0.45518702
v 0.03603437 0.02807358 -0.46464652
v 0.082961574 0.017759979 -0.438623
v 0.061339725 0.019013256 -0.41646928
v -0.100682855 0.035738677 -0.44413376
v -0.0784485 0.038031906 -0.46527937
v -0.091607265 0.06610802 -0.476457
v -0.10912969 0.06261733 -0.4585427
v -0.1251406 0.03587088 -0.41976625
v 0.22026666 0.020392865 -0.22401732
v -0.09828038 0.00588122 -0.23347156
v 0.11154859 0.018264145 -0.3714181
v 0.32434273 0.019193769 -0.15107714
v 0.08600442 0.019022405 -0.395206
v 0.31646097 0.018195301 -0.20200543
v 0.1118003 0.0023041368 0.22395335
v -0.013142149 0.020488113 -0.39845675
v 0.24470922 0.020529777 -0.08133121
v -0.1475999 0.020476282 -0.28826615
v -0.12142161 0.020477742 -0.2591672
v -0.14622441 0.013636529 -0.072165824
v 0.41722852 0.01746744 -0.07664157
v 0.30214715 0.020501673 -0.13141717
v -0.15339538 0.02048412 -0.2406093
v -0.1777777 0.020473242 -0.26672393
v -0.080707386 0.020600349 0.0040943767
v 0.105905145 0.0061608553 0.15075248
v 0.15523945 0.022148281 -0.366573
v 0.12964015 0.021766156 -0.39202753
v -0.38952553 0.02044642 -0.02824818
v -0.41584426 0.01948598 -0.04712046
v -0.42864227 0.019107789 -0.02631784
v -0.40748262 0.020463467 -0.0066213617
v -0.38860196 0.020470947 0.015797729
v -0.36577064 0.022361875 -0.006586072
v -0.4268158 0.019643337 0.013918065
v -0.41154575 0.020317882 0.035994504
v -0.45094895 0.019590437 0.027609805
v -0.4359519 0.018784016 0.053508032
v -0.39199626 0.020281434 0.060549706
v -0.41486287 0.017352015 0.07868402
v -0.36790204 0.020905584 0.040447295
v -0.4584266 0.02784124 0.066975154
v -0.47351813 0.03551483 0.03684788
v -0.43648994 0.024033815 0.094836056
v -0.4107656 0.024138898 0.12059342
v -0.39149636 0.017319977 0.10467378
v -0.36660784 0.017457813 0.13175662
v -0.38461238 0.025125712 0.14791058
v -0.3423261 0.016825855 0.1584944
v -0.3578751 0.026845902 0.17429234
v -0.3179999 0.017353743 0.18342501
v -0.3329531 0.025847495 0.20025557
v -0.2925312 0.017052442 0.20798036
v -0.3072731 0.025477141 0.22494234
v -0.2759294 0.019699365 0.18821418
v -0.2651407 0.017122954 0.23273154
v -0.24775735 0.019561201 0.21310933
v -0.21768607 0.02001664 0.2379419
v -0.23640047 0.017316997 0.25832546
v -0.18603852 0.019590944 0.26392695
v -0.20747787 0.017252535 0.28463462
v -0.1614091 0.015185356 0.2421385
v -0.12233365 0.0055731535 0.2697582
v -0.12031243 0.012236208 0.2398166
v -0.1287658 0.00819543 0.22720137
v -0.19595067 0.015798807 0.2144389
v -0.15805183 0.01989448 0.28911433
v -0.17982961 0.016989201 0.31037748
v -0.110187665 0.016214281 0.289029
v -0.092461966 0.016181678 0.26052976
v -0.11350672 0.016685665 0.24083239
v -0.09305573 0.012767643 0.2274032
v -0.06466791 0.016343117 0.28409803
v -0.08671873 0.016447455 0.31266677
v -0.03887246 0.016440004 0.25358126
v -0.2290598 0.017892927 0.19196558
v -0.2606899 0.01839012 0.16590889
v -0.28156668 0.025034726 0.2503624
v -0.2539026 0.023396194 0.27695262
v -0.108917214 0.014639467 0.23198417
v -0.300304 0.019810677 0.16348967
v -0.3226164 0.019316316 0.13919355
v -0.3459149 0.019793779 0.11379972
v -0.48269635 0.041131675 0.0020604231
v -0.4553005 0.027089447 -0.0030561187
v -0.4853642 0.0425694 -0.033501633
v -0.3692599 0.020018697 0.08665292
v -0.4324993 0.015292376 -0.00831375
v -0.3421995 0.021309912 -0.029789222
v -0.19994363 0.018864095 -0.28794935
v -0.3423069 0.021320015 0.018650483
v 0.16221598 0.0188165 -0.32158598
v 0.18149948 0.020023197 -0.34145942
v 0.28765512 0.017988175 -0.23014435
v -0.2204634 0.022636116 -0.3069297
v -0.13124172 0.0066144764 -0.21846238
v -0.21550424 0.00780952 0.17018503
v -0.24833597 0.01244244 0.13357827
v -0.24055035 0.0019419193 0.13360462
v -0.21435001 0.00804469 0.14832374
v -0.21575889 0.004707396 0.12699477
v -0.18090819 0.0064649284 0.1336698
v -0.1833964 0.0050178766 0.12657073
v -0.13861464 0.0054382384 0.13737214
v -0.14689127 0.014738113 0.12560198
v -0.15830816 0.020561874 0.088377215
v -0.19440679 0.019967288 0.095600486
v -0.25634837 0.016936958 0.11462306
v -0.2268758 0.02023533 0.102284886
v -0.23256817 0.017412484 -0.2635494
v -0.30041063 0.020447165 0.11745512
v 0.040041517 0.012267321 0.2879994
v 0.034729265 0.0020213425 0.33443937
v 0.4071204 0.020320892 -0.027529964
v 0.43503124 0.017002642 -0.04731542
v 0.20533335 0.01915127 0.2668427
v 0.4605677 0.028392792 -0.06191104
v 0.44025826 0.026080668 -0.092916116
v 0.46870238 0.038083524 -0.031083424
v 0.4468035 0.02014795 -0.019334415
v -0.16815254 0.011431724 -0.2049018
v 0.13928273 0.04236552 0.4107101
v 0.16564088 0.041626573 0.3835277
v 0.08057591 0.020117402 0.38891998
v 0.10175166 0.017008841 0.41682112
v 0.077585384 0.018574864 0.43968445
v 0.057550717 0.020179957 0.41036302
v 0.03570507 0.019234926 0.42889515
v 0.052316282 0.023451388 0.45629707
v 0.026876621 0.03418225 0.46543047
v 0.016240653 0.018343925 0.4422411
v 0.0013664732 0.024071962 0.45184788
v -0.004714111 0.038328946 0.46835104
v -0.008057168 0.056609094 0.48570317
v 0.027731348 0.051371753 0.4864605
v -0.038578153 0.03123182 0.4669642
v -0.024928827 0.01645717 0.44389537
v -0.050270077 0.017195404 0.42807382
v -0.06741155 0.024834335 0.45316443
v -0.09290058 0.023202062 0.43203056
v -0.07519919 0.018911213 0.40853179
v -0.031413034 0.020560056 0.40356034
v -0.056019496 0.020488411 0.3836085
v -0.035628915 0.014886349 0.3575397
v -0.011312887 0.014014751 0.37966585
v -0.08189738 0.020473927 0.362044
v -0.060072288 0.01636523 0.33616108
v -0.101361826 0.02002263 0.38608912
v -0.118717 0.020380557 0.4084502
v 0.010912768 0.0024854243 0.35809416
v -0.0147536155 0.0030159354 0.33138913
v 0.06094434 0.046052635 0.4796627
v 0.03470439 0.017377853 0.38184848
v 0.013095399 0.020533204 0.40229595
v 0.11371619 0.042652726 0.43658724
v -0.31861532 0.021289796 0.04491397
v -0.29057997 0.021785319 0.020777712
v -0.2654056 0.020978987 0.047255326
v -0.29509717 0.020508379 0.07025446
v -0.23468152 0.021747291 0.02708917
v -0.3192624 0.021005869 -0.054194223
v 0.43349212 0.01701203 0.024629585
v -0.17452095 0.008165181 0.17723894
v -0.12067825 0.008063912 0.18132131
v 0.44993818 0.019053072 0.045798525
v 0.42463112 0.016641289 0.07003589
v 0.46301347 0.03575763 0.024709463
v 0.44209468 0.025250643 0.087555714
v 0.4656304 0.032960564 0.061568733
v 0.48010325 0.039951146 0.030785067
v -0.3222049 0.02049017 0.093363024
v -0.14379112 0.022727102 0.38149813
v 0.3944195 0.01706773 0.094096035
v 0.3629372 0.017952085 0.11692871
v -0.12738465 0.017730713 0.36165342
v -0.28083557 0.020463496 0.1408748
v -0.21145575 0.020581901 -0.24378875
v -0.28226626 0.028323859 -0.25445336
v -0.29479343 0.049711615 -0.2651027
v 0.41316295 0.02159053 0.11208262
v 0.3815933 0.018865079 0.13483356
v 0.33123296 0.019373775 0.13321659
v 0.32798964 0.019756764 0.10403869
v -0.2260686 0.02249062 0.3033104
v -0.19829135 0.022972852 0.3291445
v -0.2972892 0.020234853 -0.11811539
v -0.0151582295 0.020452917 -0.30208477
v -0.25074917 0.024044067 -0.2810768
v -0.34524667 0.020686388 0.06742593
v -0.1416097 0.020587176 0.036480047
v -0.17578958 0.020581007 0.048928566
v 0.3157522 0.017944068 0.10994588
v 0.25091857 0.016523719 -0.002249462
v 0.45560235 0.029151589 0.0058722706
v 0.10560676 0.021234661 -0.41624677
v 0.23400924 0.0005238056 0.11498441
v 0.25430006 0.002445668 0.14048317
v 0.28135973 0.011095315 0.12504046
v -0.15346566 0.01683122 0.33587646
v -0.1330827 0.02003789 0.3138844
v -0.041454878 0.017955601 -0.2799949
v 0.24391186 0.0075407326 0.064137824
v -0.21024697 0.020565152 0.059490275
v -0.26294297 0.021775544 -0.0018983611
v -0.03682456 0.01644662 0.30868736
v -0.26339376 0.046395212 -0.29276454
v 0.2627604 0.0058780015 0.09444469
v 0.26152724 0.010935068 0.14579844
v 0.35066622 0.01690945 0.15478975
v -0.069130756 0.010910481 -0.25660878
v -0.17076816 0.022331089 0.3555112
v -0.122510836 0.020542324 0.07828826
v -0.10754946 0.014044642 0.11588755
v -0.44568694 0.016291946 -0.061571673
v -0.47011453 0.038992584 -0.06816646
v -0.006579614 0.016584694 0.22465906
v -0.033902984 0.0078034997 0.19541991
v -0.07261111 0.007327974 0.21862704
v 0.062042177 0.017439812 0.09337861
v 0.07390568 0.020602584 0.045382675
v -0.4557259 0.02337116 -0.03346822
v -0.15078466 0.036827624 -0.39508635
v -0.03489338 0.0079473555 0.150373
v 0.08905126 0.0426991 0.46133593
v 0.36600757 0.030495465 0.1708252
v 0.47829705 0.040966332 0.00043878646
v 0.28624105 0.004100144 -0.00071209494
v 0.26538485 0.0006297231 0.013020251
v 0.05733443 0.015266359 0.3606263
v -0.0064762384 0.01810038 0.42167446
v -0.3163274 0.021538734 -0.0058100745
v 0.011706436 0.004122734 0.3071711
v -0.1880169 0.020490974 -0.22249652
v -0.108096644 0.020265192 0.33867103
v -0.24279681 0.020554364 0.07288665
v -0.2736485 0.020338446 0.093462706
v -0.09591596 0.008095324 0.14196078
v -0.011788477 0.016483337 0.2831395
v -0.07210546 0.0079191625 0.1733277
v 0.22894946 0.020331115 0.28954643
v -0.09305573 0.012767643 0.2274032
v -0.12067825 0.008063912 0.18132131
v -0.07210546 0.0079191625 0.1733277
v -0.033902984 0.0078034997 0.19541991
v -0.17452095 0.008165181 0.17723894
v -0.1287658 0.00819543 0.22720137
v -0.07261111 0.007327974 0.21862704
v 0.105905145 0.0061608553 0.15075248
v 0.12146567 0.005328417 0.17280546
v 0.09711325 0.0101362765 0.19662441
v 0.13961941 0.0053141415 0.19729123
v 0.1118003 0.0023041368 0.22395335
v 0.15793228 0.0050770342 0.22008683
v 0.18823399 0.00533247 0.18930769
v 0.20264837 0.0018773973 0.20693047
v 0.17788786 0.016551912 0.2419415
v 0.23203976 0.0194422 0.23772585
v 0.20533335 0.01915127 0.2668427
v 0.28624105 0.004100144 -0.00071209494
v 0.2958678 0.006823927 0.026497182
v 0.26538485 0.0006297231 0.013020251
v 0.29211283 0.00828594 0.041719295
v 0.22892877 0.00049072504 0.03956846
v 0.24391186 0.0075407326 0.064137824
v 0.2627604 0.0058780015 0.09444469
v 0.2901677 0.008202136 0.0773963
v 0.3157522 0.017944068 0.10994588
v 0.28135973 0.011095315 0.12504046
v 0.29767793 0.020451814 0.15048458
v -0.39555484 0.5880418 -0.06644643
v -0.35443574 0.5895232 -0.074391484
v -0.37268543 0.5837022 -0.10443674
v -0.37452507 0.5895916 -0.035257004
v -0.32528257 0.588973 -0.12517217
v -0.33925176 0.57769823 -0.14778818
v -0.28551757 0.5875967 -0.17429559
v -0.29929078 0.573859 -0.19437177
v -0.24088214 0.5857028 -0.22639172
v -0.2561773 0.56969327 -0.244572
v -0.21576948 0.5895977 -0.19736277
v -0.18099526 0.58918065 -0.25851735
v -0.21357366 0.5760904 -0.19122805
v -0.16567117 0.5837395 -0.23967339
v -0.19605546 0.5852816 -0.27572685
v -0.20972075 0.57010424 -0.2902951
v -0.19819589 0.5867555 -0.1710073
v -0.15371557 0.5768259 -0.22171944
v -0.11607711 0.58577514 -0.29090515
v -0.10464821 0.57156336 -0.27301574
v -0.24521023 0.5828198 -0.1256558
v -0.25637627 0.5740632 -0.13828848
v -0.30183852 0.572078 -0.08350902
v -0.2814886 0.5715382 -0.067862585
v -0.32692862 0.5718005 -0.008416477
v -0.33860636 0.57169086 -0.030674493
v -0.3134427 0.5799469 0.08541628
v -0.34701598 0.5717742 0.030167434
v -0.35861498 0.572401 0.006210434
v -0.26931095 0.5883711 -0.15328331
v -0.038201112 0.57154083 -0.30293283
v -0.04306773 0.57159126 -0.34634426
v -0.015878227 0.58995485 -0.37246934
v 0.021253005 0.5715244 -0.30260453
v -0.043128897 0.5765245 -0.2624359
v 0.011787857 0.57378674 -0.25978938
v -0.07200055 0.58747786 -0.35481644
v -0.39299452 0.5891738 -0.008722752
v -0.41234702 0.58817494 -0.034351
v -0.42240018 0.5849812 -0.0027191972
v -0.40923208 0.58758503 0.020959094
v -0.3472857 0.57509065 -0.052198388
v 0.076677464 0.5716813 -0.2880117
v 0.067086264 0.57845247 -0.26038182
v 0.09402218 0.57924855 -0.31276608
v 0.040622067 0.5720074 -0.34052488
v 0.14481382 0.59008956 -0.27237582
v 0.1334946 0.57324773 -0.25759786
v 0.16336451 0.5885571 -0.29209334
v 0.115128055 0.5891539 -0.32956806
v 0.19441077 0.5898887 -0.21912092
v 0.21634331 0.5885176 -0.24236454
v 0.27853292 0.585594 -0.18750744
v 0.25644243 0.5898547 -0.17002808
v 0.2981305 0.58967435 -0.10730858
v 0.3263294 0.58820355 -0.13698415
v 0.3488829 0.5666682 -0.15581341
v 0.3015325 0.56802917 -0.20089652
v 0.3752306 0.5343351 -0.16871722
v 0.32764196 0.54511946 -0.20772001
v 0.36240035 0.58845925 -0.09898694
v 0.33830935 0.5893576 -0.06802803
v 0.37138903 0.5894743 -0.048174586
v 0.39134794 0.58893144 -0.07223088
v 0.39080155 0.58935547 -0.023835924
v 0.41245657 0.58753455 -0.048045084
v 0.3738894 0.58971596 0.0008648918
v 0.3609646 0.5804831 -0.028021844
v 0.39841485 0.58914506 0.029883109
v 0.40895694 0.58875376 0.0015852388
v 0.3642025 0.58189535 0.031431053
v 0.35088593 0.5714529 -0.005914326
v 0.38477933 0.5890937 0.061939415
v 0.42666548 0.58163357 -0.024236828
v 0.24258995 0.5717323 -0.15815935
v 0.2902316 0.5732366 -0.10079734
v 0.38398772 0.5672412 -0.119703904
v 0.40599132 0.5424502 -0.13475448
v 0.22367474 0.5726962 -0.1445904
v 0.27154964 0.57180494 -0.08792376
v 0.2306711 0.57148266 -0.26595432
v 0.25387102 0.5915565 -0.08283832
v 0.21551168 0.60214454 -0.14255595
v 0.19296424 0.62196517 -0.13122179
v 0.23318098 0.61914086 -0.07844312
v 0.32943898 0.57184094 -0.017058032
v 0.32857776 0.5716965 -0.03527702
v 0.2798527 0.5716474 -0.0077339937
v 0.2701046 0.5717482 0.065500155
v 0.30189002 0.5717205 0.09423314
v 0.32758313 0.5718584 0.030683966
v -0.3796295 0.58900905 0.014740213
v -0.39815128 0.58904755 0.04304981
v 0.17886408 0.5759735 -0.3102315
v 0.13585019 0.57952803 -0.34743276
v -0.02016792 0.5894054 -0.38812968
v 0.025198579 0.5895351 -0.37635878
v -0.09915342 0.5883875 -0.36642966
v -0.056048863 0.5890134 -0.39891675
v 0.019728947 0.5885705 -0.4084908
v -0.017462527 0.58809215 -0.41018206
v -0.120533906 0.57211274 -0.37612158
v -0.08206631 0.5720552 -0.41462952
v -0.04767714 0.5743258 -0.4359191
v -0.14735764 0.5863534 -0.3202786
v 0.043438908 0.5738336 -0.43710324
v 0.011348325 0.5746491 -0.43958646
v 0.016867148 0.5500914 -0.46806574
v 0.05435831 0.5508437 -0.46446475
v 0.076819085 0.5701393 -0.42200267
v 0.18512577 0.5718326 -0.21056308
v 0.1686324 0.5797468 -0.19768746
v 0.09125924 0.5477712 -0.44332168
v 0.055862885 0.5889491 -0.39934146
v 0.09337688 0.5847192 -0.3784557
v -0.34944522 0.58920515 0.06714305
v -0.322946 0.5894857 0.11493321
v -0.28341752 0.5893986 0.16202939
v -0.27243006 0.58500224 0.13855445
v -0.22515793 0.58804023 0.18911193
v -0.23846331 0.58906496 0.21026435
v -0.16935816 0.58934593 0.2370515
v -0.18758674 0.5887706 0.26505274
v -0.17147572 0.572664 0.23384969
v -0.21678793 0.5721213 0.17169045
v -0.11464595 0.58589125 0.30307576
v -0.12809646 0.5874164 0.3324229
v -0.0500463 0.5881908 0.3554616
v -0.05862371 0.5891973 0.38416615
v -0.05013539 0.5716662 0.30505157
v -0.11093835 0.57137144 0.2711188
v -0.016592426 0.589661 0.36994728
v -0.00008688471 0.5889189 0.4029415
v -0.0054735835 0.571694 0.31575215
v -0.1112395 0.5894791 0.24684538
v -0.055987522 0.57818663 0.25749332
v -0.26306522 0.5713292 0.11725901
v -0.29674298 0.5716858 0.033113852
v -0.3345096 0.58345354 0.13887542
v -0.3633666 0.58870995 0.09977845
v -0.36816865 0.58677626 0.036402386
v -0.3834011 0.58913296 0.067695476
v -0.16300653 0.5721214 -0.33368596
v 0.11386262 0.56379265 -0.39558664
v -0.007877399 0.57217395 0.25816277
v 0.19145116 0.55719167 -0.3287235
v -0.0009077544 0.58950293 0.36987245
v -0.008863812 0.5897627 0.370045
v 0.05300107 0.58917224 0.38643372
v 0.0447034 0.5887947 0.35777116
v 0.039512787 0.5716508 0.3100883
v 0.08965062 0.571422 0.29216626
v 0.09438651 0.5876794 0.32101357
v 0.14565033 0.589875 0.25963953
v 0.15361008 0.5893316 0.27963817
v 0.10919188 0.58738816 0.34657156
v 0.08902103 0.57971466 0.26014435
v 0.13911237 0.5829633 0.22884777
v 0.20871717 0.58979535 0.19704156
v 0.42968798 0.54495573 -0.10617783
v 0.33585554 0.5713241 -0.056881666
v 0.23757407 0.55157274 -0.2917455
v -0.012165502 0.5835444 -0.42602435
v -0.021075906 0.54954433 -0.46995276
v -0.062320083 0.5470695 -0.46470663
v -0.12967518 0.58931625 -0.3049325
v 0.06690322 0.58981836 -0.35833502
v 0.121689565 0.5865848 -0.2428886
v 0.41121197 0.56798035 -0.09128118
v 0.43495238 0.56840444 -0.06645452
v 0.45491058 0.5461273 -0.08037185
v 0.36249638 0.5869123 0.09959385
v 0.3426243 0.588189 0.068789504
v 0.31403643 0.58937013 0.12252065
v 0.32704723 0.5834651 0.14658974
v 0.25489032 0.5899501 0.15037566
v 0.274885 0.5885279 0.18909673
v 0.47129184 0.5427346 -0.04794476
v 0.4505695 0.5640373 -0.03860777
v 0.040053003 0.5718917 0.2569633
v 0.16580504 0.5853119 0.30407944
v 0.2219015 0.5866617 0.24249026
v 0.15452713 0.558657 -0.36348924
v -0.3124982 0.58599806 -0.10271561
v -0.36727208 0.58139676 -0.015615918
v -0.16040103 0.58757365 0.20631659
v 0.20871717 0.58979535 0.19704156
v 0.1480467 0.5812001 0.25675642
v 0.14565033 0.589875 0.25963953
v -0.17759359 0.6208308 -0.14827652
v -0.124098286 0.6215056 -0.16664377
v -0.13896006 0.62055665 -0.1910304
v -0.10464821 0.57156336 -0.27301574
v -0.10116686 0.5915363 -0.25284687
v -0.043128897 0.5765245 -0.2624359
v -0.038201112 0.57154083 -0.30293283
v -0.046850465 0.60937965 -0.24530737
v -0.097884335 0.6188656 -0.23021495
v 0.005625733 0.60574126 -0.24746735
v -0.047350556 0.6203697 -0.21347849
v 0.011787857 0.57378674 -0.25978938
v 0.067086264 0.57845247 -0.26038182
v -0.19770572 0.6195077 0.008011631
v -0.23408084 0.62021667 0.013447204
v -0.23308554 0.62133336 0.08207137
v -0.21740943 0.6202111 -0.048845008
v -0.24501161 0.60933363 -0.054158904
v -0.19294749 0.6171057 -0.09416741
v -0.16836704 0.6284877 -0.08397581
v -0.21783349 0.6218232 -0.106519036
v -0.15866433 0.61908937 -0.13132031
v -0.13854422 0.62801814 -0.11520111
v -0.1091458 0.6282158 -0.14274506
v -0.08066623 0.6285778 -0.16828887
v -0.09168813 0.62108725 -0.11996435
v -0.08873976 0.6189772 -0.19836225
v -0.04630121 0.62741816 -0.18179213
v -0.0072002066 0.62782776 -0.18762091
v -0.0448822 0.620764 -0.15111253
v -0.0006729672 0.6217164 -0.21848117
v 0.04867007 0.62128 -0.21922159
v 0.05942844 0.6080141 -0.24644268
v 0.0959914 0.62172854 -0.205887
v 0.121689565 0.5865848 -0.2428886
v 0.112205684 0.6135944 -0.23054177
v 0.1334946 0.57324773 -0.25759786
v 0.076677464 0.5716813 -0.2880117
v 0.08049777 0.620266 0.20723529
v 0.04019305 0.60454047 0.24819697
v 0.088841796 0.6121304 0.24069439
v -0.011198551 0.6218763 0.22035009
v -0.009708392 0.6046145 0.24807017
v -0.11113397 0.6190095 0.22696695
v -0.06010628 0.61005497 0.2437575
v -0.05800625 0.6207844 0.2137053
v -0.101044945 0.62183046 0.19286473
v -0.052543305 0.628165 0.182255
v -0.15531468 0.6159234 0.18348056
v -0.13946414 0.6222606 0.15381353
v -0.12043555 0.6281729 0.12439478
v -0.17529038 0.6209915 0.110855326
v -0.19967318 0.62036216 0.13518925
v -0.19846088 0.62064654 0.06446147
v -0.16578795 0.62809294 0.048938423
v -0.14930001 0.62813115 0.088998124
v -0.16528018 0.62827265 0.002476328
v -0.14086139 0.6078739 -0.0029082992
v -0.15759401 0.6253575 -0.040659633
v -0.13707384 0.6018507 -0.039856043
v -0.187712 0.62713265 -0.043954767
v -0.14301619 0.6209221 -0.07419394
v -0.1167734 0.6218535 -0.09850547
v -0.07015709 0.61811745 -0.14006113
v -0.012933167 0.6260779 -0.15444028
v 0.024650129 0.6266595 -0.15779975
v 0.036701642 0.6263846 -0.18866587
v 0.07928495 0.6267841 -0.17973386
v 0.1410189 0.62176865 -0.17458661
v 0.119685985 0.6241858 -0.15370351
v 0.16031225 0.6083386 -0.1913171
v 0.19296424 0.62196517 -0.13122179
v 0.21551168 0.60214454 -0.14255595
v 0.121591896 0.6196283 0.17949781
v 0.13531435 0.6144091 0.2080672
v 0.18275346 0.6118298 0.16119346
v 0.1644405 0.62032753 0.13926949
v 0.23191041 0.61089444 0.11241415
v 0.108526185 0.62830216 0.15397233
v 0.1428982 0.6262038 0.1179886
v 0.17267515 0.62845546 0.07935732
v 0.11995934 0.6259644 0.09653171
v 0.09219124 0.62308276 0.12774213
v 0.07241675 0.62833154 0.17992936
v 0.06121507 0.6256559 0.14959429
v 0.032433003 0.6261811 0.18840136
v 0.026948148 0.62542117 0.15771866
v 0.056193464 0.5970086 0.13607922
v -0.011150709 0.62531483 0.18753448
v -0.011401863 0.62580323 0.15598324
v 0.022836449 0.60201025 0.13651152
v -0.047288798 0.6230552 0.15020184
v -0.04459712 0.5915698 0.13482085
v -0.07763125 0.61978364 0.13241304
v -0.08855302 0.6281544 0.16013642
v -0.07443814 0.5875958 0.11755934
v -0.03931368 0.57234764 0.11143863
v -0.10510272 0.6170856 0.1021928
v -0.09997628 0.5851965 0.09208242
v -0.082958885 0.572332 0.07238257
v -0.122036666 0.57954097 0.063057415
v -0.13058268 0.6123759 0.07245302
v -0.14137675 0.60964775 0.037267067
v 0.06274577 0.6259875 -0.15363006
v 0.09860881 0.627933 -0.13318375
v 0.13539626 0.62773025 -0.102598876
v 0.1644692 0.6226449 -0.11672997
v 0.16684902 0.6282431 -0.065376185
v 0.23318098 0.61914086 -0.07844312
v 0.19969776 0.6222241 -0.07215447
v 0.20235175 0.6217931 0.0960757
v 0.24963705 0.6022739 0.053791583
v 0.21741654 0.6218542 0.043260477
v 0.24783249 0.60474634 -0.014811477
v 0.18217719 0.626312 0.033239756
v 0.21394795 0.6203409 -0.017732076
v 0.14581037 0.61851585 0.0648287
v 0.14766994 0.6221525 0.024076985
v 0.1791084 0.6282798 -0.018851941
v -0.0635985 0.5722769 0.09531715
v -0.09952926 0.5722693 0.04690282
v -0.011603501 0.57268035 0.116990775
v -0.011362479 0.5991874 0.13537197
v 0.018448267 0.57267714 0.12838796
v 0.13912992 0.61192095 -0.06009609
v 0.14605676 0.61694986 -0.019607637
v 0.037379183 0.62172675 0.2200998
v 0.1686324 0.5797468 -0.19768746
v 0.22367474 0.5726962 -0.1445904
v -0.13243215 0.5724106 0.026248423
v -0.1315027 0.5770452 -0.0091629205
v -0.12664267 0.5743117 -0.043012127
v 0.040053003 0.5718917 0.2569633
v 0.08902103 0.57971466 0.26014435
v -0.007877399 0.57217395 0.25816277
v -0.055987522 0.57818663 0.25749332
v -0.1112395 0.5894791 0.24684538
v -0.10219698 0.59355676 -0.09234676
v -0.08341714 0.58526903 -0.10931954
v -0.10525358 0.5724517 -0.068660446
v -0.12398078 0.59712696 -0.069585115
v -0.16040103 0.58757365 0.20631659
v -0.17147572 0.572664 0.23384969
v -0.21168971 0.59287834 0.15387589
v -0.21678793 0.5721213 0.17169045
v -0.26306522 0.5713292 0.11725901
v -0.25169116 0.5927001 0.09897836
v -0.24521023 0.5828198 -0.1256558
v -0.19180112 0.60690725 -0.16240361
v -0.19819589 0.5867555 -0.1710073
v -0.23745069 0.6055255 -0.11791327
v -0.14944622 0.60128814 -0.21126436
v -0.15371557 0.5768259 -0.22171944
v -0.25807458 0.5772779 0.022541806
v -0.29674298 0.5716858 0.033113852
v -0.26061618 0.5813252 -0.060180563
v -0.2814886 0.5715382 -0.067862585
v -0.3134427 0.5799469 0.08541628
v 0.106529415 0.59351313 0.084800735
v 0.081239924 0.5962796 0.11083102
v 0.13229346 0.5856447 0.05776119
v 0.13236171 0.58421147 0.017877975
v 0.13364643 0.57518435 -0.021972205
v 0.06834331 0.57238674 0.092788585
v 0.047072925 0.572482 0.11689182
v 0.12468462 0.57776654 -0.060929883
v 0.20871717 0.58979535 0.19704156
v 0.14936377 0.57594633 0.2548701
v 0.1480467 0.5812001 0.25675642
v 0.13911237 0.5829633 0.22884777
v 0.19628046 0.5739726 0.19087125
v 0.25489032 0.5899501 0.15037566
v 0.25714004 0.5734911 0.13723727
v 0.30189002 0.5717205 0.09423314
v 0.25254935 0.5844599 0.12200139
v 0.18975645 0.58727133 0.17651545
v 0.2798527 0.5716474 -0.0077339937
v 0.25387102 0.5915565 -0.08283832
v 0.2701046 0.5717482 0.065500155
v 0.3426243 0.588189 0.068789504
v 0.32758313 0.5718584 0.030683966
v 0.3642025 0.58189535 0.031431053
v 0.35088593 0.5714529 -0.005914326
v 0.31403643 0.58937013 0.12252065
v 0.14565033 0.589875 0.25963953
v -0.06763216 0.5742432 -0.12430953
v -0.047918215 0.5729358 -0.13422178
v -0.020061225 0.5964252 -0.13613105
v 0.012318401 0.6026709 -0.1380195
v -0.08004985 0.5724497 -0.084776506
v -0.052732173 0.572418 -0.091022246
v -0.029576495 0.57247925 -0.114390366
v 0.00078278873 0.5762581 -0.12850337
v -0.04859103 0.57242185 -0.08051428
v -0.019722288 0.5723951 -0.09133091
v 0.012086714 0.5723709 -0.10070248
v 0.035765033 0.5728979 -0.13428617
v 0.045822386 0.5723483 -0.0972415
v 0.049258146 0.60384274 -0.13641666
v 0.08068535 0.60769856 -0.11872788
v 0.10385419 0.57236 0.045210853
v 0.08720959 0.57237023 0.070722915
v 0.10685189 0.57229817 0.012531069
v 0.099699594 0.5764787 -0.092152804
v 0.07033253 0.57236624 -0.0758643
v 0.069134556 0.5774706 -0.11568431
v 0.09277395 0.5723338 -0.051292352
v 0.11173584 0.6117834 -0.0906657
v 0.10482643 0.5722707 -0.020572728
v -0.10436039 0.5723734 -0.014328218
v -0.09480871 0.5723952 -0.042076346
v -0.072754554 0.5724181 -0.06332344
v -0.040757827 0.57240486 -0.061677415
v 0.0647422 0.57224685 0.030139565
v 0.05286944 0.5722613 0.04512734
v 0.070166595 0.57225823 0.008607332
v 0.023658039 0.57231104 0.008792916
v 0.02383762 0.5722877 0.01797901
v 0.02347845 0.5723344 -0.00039270203
v 0.010535055 0.57233214 0.000838083
v 0.068061605 0.5722995 -0.014810205
v 0.056825966 0.57234794 -0.036941145
v 0.021344552 0.5723493 -0.017036682
v 0.039606728 0.57237667 -0.055471268
v -0.0013613735 0.5723431 -0.00781588
v 0.007769853 0.5723176 0.012156827
v 0.011236161 0.57236075 -0.028976094
v -0.01725021 0.57235146 -0.014878019
v -0.02097145 0.5723332 0.0021959373
v -0.006665967 0.5723684 -0.035835866
v -0.0400477 0.5723524 -0.01810951
v -0.043801323 0.5723358 0.00077235
v -0.030269077 0.5723755 -0.038584955
v 0.017465763 0.5723914 -0.06785838
v -0.060632892 0.5723872 -0.0405205
v -0.07155448 0.5723616 -0.017769849
v -0.012254536 0.5723963 -0.064378254
v -0.075123504 0.5723354 0.006034252
v -0.10574986 0.5723455 0.015944473
v -0.0384903 0.57231665 0.016026173
v -0.07155966 0.5723001 0.029309584
v -0.018097915 0.5723115 0.016913122
v -0.028701844 0.5722927 0.026904002
v -0.008889668 0.57229066 0.021630054
v -0.020779246 0.57227254 0.032324485
v -0.0047190287 0.5723268 0.006963625
v 0.0036214665 0.5722878 0.024531558
v 0.017437985 0.5722765 0.025698729
v 0.00928265 0.5722602 0.034191493
v 0.03911258 0.57230246 0.055955037
v 0.014944277 0.57223254 0.04385155
v 0.008604043 0.5722925 0.07021349
v -0.0075918613 0.5722779 0.07440877
v -0.0016648797 0.5722476 0.036270056
v -0.012856239 0.57225233 0.03774498
v -0.026473584 0.5722486 0.075139865
v -0.04459 0.5722991 0.06434176
v -0.05922733 0.5722921 0.048940104
v -0.41896182 0.22759995 -0.11454965
v -0.42080456 0.23043402 -0.13603239
v -0.41475636 0.20765136 -0.12707111
v -0.42745507 0.22676906 -0.11458736
v -0.41896182 0.22759995 -0.11454965
v -0.42080456 0.23043402 -0.13603239
v -0.42745507 0.22676906 -0.11458736
v -0.1233136 0.23318964 -0.43857995
v -0.11871826 0.2440796 -0.43296227
v -0.122183636 0.27859697 -0.43756714
v -0.1233136 0.23318964 -0.43857995
v -0.122183636 0.27859697 -0.43756714
v -0.11871826 0.2440796 -0.43296227
v -0.48656303 0.093576476 -0.07444126
v -0.48759872 0.09404442 -0.064002044
v -0.48390436 0.0957299 -0.056068264
v -0.47607464 0.096457526 -0.0684996
v -0.48656303 0.093576476 -0.07444126
v -0.47607464 0.096457526 -0.0684996
v -0.48390436 0.0957299 -0.056068264
v 0.25811088 0.18133901 0.27425194
v 0.27017182 0.15883417 0.27795765
v 0.2591763 0.15986368 0.27358365
v 0.25994837 0.16743492 0.27261567
v 0.25811088 0.18133901 0.27425194
v 0.25994837 0.16743492 0.27261567
v 0.2591763 0.15986368 0.27358365
v -0.46719277 0.33463258 -0.03198212
v -0.46803504 0.34468475 -0.031701118
v -0.47343886 0.34647086 -0.026967634
v 0.059639335 0.09616597 -0.48605266
v 0.073157094 0.0916643 -0.47790423
v 0.07884635 0.071709484 -0.48542035
v 0.046521667 0.07397826 -0.4950963
v 0.103539854 0.070882946 -0.4663502
v 0.0906893 0.09396355 -0.45669606
v 0.0506257 0.09526342 -0.4813527
v 0.057570256 0.12117468 -0.47416583
v -0.014620449 0.1794121 -0.44231224
v -0.015475334 0.2143918 -0.44403434
v 0.017442524 0.21281043 -0.44339487
v 0.02016791 0.17843136 -0.44499108
v 0.017484572 0.2490488 -0.44002026
v -0.018280275 0.25036305 -0.44277364
v 0.013590742 0.28418726 -0.4403367
v -0.021454915 0.2855437 -0.44866127
v 0.035807107 0.24864092 -0.4734816
v 0.035973437 0.2831759 -0.4733546
v 0.07637293 0.2834637 -0.46475402
v 0.07750248 0.24549983 -0.46572515
v -0.035923537 0.2516075 -0.4736066
v -0.035862107 0.2855124 -0.4734334
v -0.03592651 0.18195683 -0.4749946
v -0.035904996 0.15115955 -0.47603258
v -0.014020168 0.1455922 -0.44123477
v -0.063498944 0.18242915 -0.4722242
v -0.06308025 0.15171255 -0.47343525
v -0.035486694 0.13819921 -0.47622898
v -0.009833998 0.12888384 -0.4622016
v -0.066807196 0.12203914 -0.47237787
v -0.06479803 0.21606845 -0.4722874
v -0.035699606 0.20587382 -0.4742364
v -0.035723805 0.3202876 -0.47345105
v 0.009854222 0.31599155 -0.43846992
v -0.06185703 0.32240474 -0.47156176
v 0.03548045 0.21212566 -0.4740513
v 0.042914424 0.17796876 -0.4735731
v 0.076698095 0.20943993 -0.46675524
v -0.0013897759 0.09718999 -0.47720277
v -0.038430113 0.09734939 -0.4807566
v 0.024647897 0.12403557 -0.4707139
v 0.042625282 0.096867055 -0.48566666
v 0.0506257 0.09526342 -0.4813527
v 0.057570256 0.12117468 -0.47416583
v 0.050114445 0.14850369 -0.47497922
v 0.007054804 0.07658073 -0.49511576
v -0.030197155 0.07520726 -0.4957362
v -0.07786092 0.09909952 -0.48121622
v -0.06440027 0.07034016 -0.4905086
v 0.03535428 0.31812215 -0.47327596
v 0.073047385 0.32135138 -0.46974027
v -0.0697986 0.2504351 -0.469532
v 0.024422074 0.1459967 -0.44866315
v 0.07752305 0.17575651 -0.46438032
v 0.06672851 0.35873836 -0.47087023
v 0.033951826 0.35252076 -0.4736104
v 0.06036979 0.39774394 -0.47174186
v 0.027245302 0.3938305 -0.47386932
v 0.058443446 0.4415426 -0.47199485
v 0.02252714 0.43809855 -0.47386268
v 0.05496294 0.48507857 -0.47287664
v 0.019664044 0.47993296 -0.46986398
v -0.015792463 0.435947 -0.47386208
v -0.019185122 0.47607458 -0.46996808
v -0.05720624 0.47138953 -0.4724644
v -0.054463863 0.43650907 -0.47306696
v 0.018271303 0.5165154 -0.47171688
v -0.009190762 0.39276826 -0.47386467
v 0.055301543 0.51931024 -0.4726998
v 0.016867148 0.5500914 -0.46806574
v 0.05435831 0.5508437 -0.46446475
v -0.021338733 0.5127361 -0.4714502
v -0.05960313 0.50712204 -0.47192106
v -0.021075906 0.54954433 -0.46995276
v -0.062320083 0.5470695 -0.46470663
v -0.048446793 0.39853948 -0.47327897
v 0.0138918655 0.34311163 -0.45346045
v -0.03731931 0.3555324 -0.47377387
v 0.046521667 0.07397826 -0.4950963
v 0.059639335 0.09616597 -0.48605266
v 0.006985355 0.3405551 -0.43538356
v 0.03535428 0.31812215 -0.47327596
v 0.009854222 0.31599155 -0.43846992
v -0.035723805 0.3202876 -0.47345105
v -0.03731931 0.3555324 -0.47377387
v -0.36062396 0.096494645 -0.18104003
v -0.3606304 0.12221062 -0.17680232
v -0.36368304 0.14343011 -0.17816277
v -0.36029768 0.11044209 -0.17953151
v -0.36062396 0.096494645 -0.18104003
v -0.3606304 0.12221062 -0.17680232
v -0.36029768 0.11044209 -0.17953151
v 0.26213092 0.19767737 0.27263275
v 0.25772798 0.18881105 0.2744045
v 0.25811088 0.18133901 0.27425194
v 0.2638107 0.50377846 0.2773624
v 0.27490616 0.5042267 0.26547626
v 0.30101198 0.5030298 0.23240943
v 0.25811088 0.18133901 0.27425194
v 0.26213092 0.19767737 0.27263275
v 0.25922847 0.18886824 0.27298555
vt 0.24940997 0.80527407
vt 0.26526082 0.8047421
vt 0.25387636 0.8017834
vt 0.25389564 0.8020859
vt 0.26554078 0.81308466
vt 0.26085043 0.8099013
vt 0.24968994 0.81361663
vt 0.42973733 0.1310671
vt 0.41724467 0.13211799
vt 0.42976528 0.13190138
vt 0.5082082 0.85171217
vt 0.5090481 0.87673974
vt 0.5091274 0.85421395
vt 0.50742996 0.85340863
vt 0.50558454 0.8730802
vt 0.50815785 0.87509936
vt 0.50556594 0.8715162
vt 0.2487376 0.16303205
vt 0.23622379 0.16345203
vt 0.24763474 0.16557467
vt 0.29566872 0.24247104
vt 0.2951648 0.22745442
vt 0.29224762 0.24007726
vt 0.11053058 0.9118282
vt 0.11433483 0.91157097
vt 0.114062674 0.90346074
vt 0.11116328 0.90345514
vt 0.106829256 0.91190416
vt 0.29883775 0.2373535
vt 0.2978859 0.20898885
vt 0.29784596 0.2326864
vt 0.08576167 0.83164555
vt 0.080936655 0.83719236
vt 0.08609763 0.8416567
vt 0.0827606 0.8417686
vt 0.077960245 0.83691853
vt 0.07274955 0.8421046
vt 0.080517694 0.8398249
vt 0.79684365 0.8913027
vt 0.79608774 0.86877775
vt 0.7942296 0.8880711
vt 0.12894365 0.9103751
vt 0.12756196 0.9075187
vt 0.12918779 0.906191
vt 0.2654008 0.8089134
vt 0.2550533 0.8059199
vt 0.24954996 0.8094453
vt 0.13945147 0.06607133
vt 0.14169016 0.07015121
vt 0.13739894 0.07191932
vt 0.14374591 0.075092375
vt 0.13546036 0.067490935
vt 0.13109876 0.06877679
vt 0.13726671 0.06295097
vt 0.13389093 0.06372702
vt 0.13007548 0.06485134
vt 0.12665889 0.07018036
vt 0.12733577 0.07491511
vt 0.12613882 0.06620687
vt 0.14571041 0.08042854
vt 0.1409311 0.082965195
vt 0.14340709 0.08876085
vt 0.13915403 0.07734007
vt 0.13469885 0.08505267
vt 0.13359432 0.0793041
vt 0.13233063 0.073520124
vt 0.12775075 0.08019954
vt 0.122757964 0.07577366
vt 0.12273067 0.08035427
vt 0.12210873 0.0846563
vt 0.118425146 0.080282986
vt 0.11801983 0.08400214
vt 0.11851568 0.07622272
vt 0.11450563 0.08003098
vt 0.11832879 0.07240707
vt 0.11464258 0.07634151
vt 0.122393206 0.07155967
vt 0.15314259 0.082898915
vt 0.1537483 0.092211485
vt 0.14846814 0.08523685
vt 0.1484855 0.09653312
vt 0.15131375 0.10032451
vt 0.1365632 0.09146941
vt 0.14040941 0.098559916
vt 0.13244313 0.10126555
vt 0.14447954 0.104387045
vt 0.12857343 0.09265673
vt 0.12506239 0.08928895
vt 0.12730546 0.08521497
vt 0.11413931 0.08339369
vt 0.110721275 0.082874715
vt 0.11103144 0.07969749
vt 0.107744716 0.08261371
vt 0.111160174 0.07624024
vt 0.107924946 0.079434276
vt 0.1145744 0.07283008
vt 0.11117141 0.07298231
vt 0.108015314 0.07605976
vt 0.10804225 0.07285124
vt 0.10508904 0.07286203
vt 0.16958465 0.080292165
vt 0.15941897 0.08758867
vt 0.17244841 0.08602071
vt 0.1653993 0.0931856
vt 0.1573215 0.096532226
vt 0.16029334 0.10169673
vt 0.15426597 0.103986025
vt 0.15193744 0.10730481
vt 0.14877786 0.110017836
vt 0.14256912 0.11538583
vt 0.13674432 0.10820395
vt 0.1282741 0.111249745
vt 0.12585165 0.10364932
vt 0.106485054 0.08779168
vt 0.10940874 0.08915752
vt 0.10829941 0.091015816
vt 0.10717799 0.08536017
vt 0.10409663 0.087476194
vt 0.104507335 0.08489758
vt 0.10481312 0.082300246
vt 0.10194873 0.08463323
vt 0.10499347 0.0792613
vt 0.102161236 0.07923281
vt 0.105055906 0.07589471
vt 0.102259465 0.07602543
vt 0.10236947 0.07309526
vt 0.09988966 0.07632536
vt 0.099961996 0.07341933
vt 0.19306336 0.08326185
vt 0.2023812 0.07554811
vt 0.2090843 0.0831033
vt 0.19052082 0.09542924
vt 0.18535765 0.088600636
vt 0.17756435 0.09403843
vt 0.17454338 0.088846564
vt 0.168823 0.0985989
vt 0.15743063 0.10774422
vt 0.17299604 0.10594058
vt 0.16173665 0.1132617
vt 0.1789647 0.11426574
vt 0.14886655 0.123101294
vt 0.15402953 0.12949812
vt 0.13426113 0.12879896
vt 0.13820575 0.13593554
vt 0.13082659 0.12002748
vt 0.116222136 0.123773634
vt 0.11544719 0.114430964
vt 0.100689776 0.12891197
vt 0.101844236 0.12021494
vt 0.09630772 0.13080406
vt 0.11734555 0.1336832
vt 0.09754728 0.14259863
vt 0.11941867 0.13979924
vt 0.09430727 0.1331557
vt 0.08791453 0.13194656
vt 0.0926142 0.13019061
vt 0.105964266 0.09031582
vt 0.10363202 0.09006488
vt 0.10127674 0.08972365
vt 0.10169927 0.08715755
vt 0.09903769 0.08949125
vt 0.09967688 0.084380805
vt 0.099504866 0.08677244
vt 0.10210824 0.08211523
vt 0.09971301 0.08208203
vt 0.09980955 0.079366446
vt 0.1818639 0.10059428
vt 0.19779833 0.10323304
vt 0.19977269 0.08972329
vt 0.1884424 0.10851467
vt 0.18703298 0.123390436
vt 0.19735627 0.11678767
vt 0.17461455 0.1296311
vt 0.16760696 0.12095559
vt 0.15989546 0.13697523
vt 0.1433083 0.14477599
vt 0.12376991 0.152071
vt 0.10019342 0.15079153
vt 0.103057414 0.160514
vt 0.0774303 0.15935373
vt 0.08006914 0.17073286
vt 0.07470378 0.15002137
vt 0.055053756 0.16576236
vt 0.07260653 0.14296967
vt 0.052665386 0.15097737
vt 0.049445774 0.15473735
vt 0.05040834 0.15209001
vt 0.052037407 0.15439796
vt 0.027198387 0.16935635
vt 0.055375494 0.18030232
vt 0.030077051 0.18953526
vt 0.012277979 0.20103419
vt 0.0012520868 0.17993414
vt 0.047220457 0.13944161
vt 0.0504067 0.13812906
vt 0.034195833 0.14619648
vt 0.048056807 0.15444583
vt 0.109956145 0.085326314
vt 0.11098809 0.08833307
vt 0.12119787 0.088756084
vt 0.11706966 0.08887255
vt 0.12072169 0.092611134
vt 0.11599602 0.090480864
vt 0.113530025 0.08700502
vt 0.113172 0.08917189
vt 0.1227739 0.097316384
vt 0.13832971 0.056531012
vt 0.14024861 0.058065116
vt 0.14169058 0.060370266
vt 0.1437285 0.06358451
vt 0.14656596 0.06740844
vt 0.15366377 0.07867813
vt 0.14872675 0.07272577
vt 0.15111391 0.06955421
vt 0.14934368 0.07945824
vt 0.19044915 0.058197558
vt 0.1967854 0.049895465
vt 0.20375359 0.05744183
vt 0.19202822 0.074983835
vt 0.1831686 0.06518358
vt 0.1867615 0.075870395
vt 0.19610994 0.067735195
vt 0.17932142 0.075510025
vt 0.17916724 0.07607722
vt 0.21153688 0.06553894
vt 0.21887115 0.0754661
vt 0.097772054 0.07665253
vt 0.097670585 0.0825519
vt 0.09776476 0.07975274
vt 0.0956873 0.08013183
vt 0.09591554 0.077025175
vt 0.09547897 0.08322388
vt 0.095795006 0.08366543
vt 0.09607725 0.084133506
vt 0.09716015 0.088311374
vt 0.0975611 0.08641714
vt 0.09761339 0.08460027
vt 0.095681645 0.07396817
vt 0.09728546 0.07366955
vt 0.17384829 0.04891348
vt 0.1786851 0.056794643
vt 0.17204614 0.06291658
vt 0.16791728 0.053933084
vt 0.16413744 0.044009566
vt 0.16201834 0.04562348
vt 0.16208062 0.05958259
vt 0.1652565 0.06952584
vt 0.16970696 0.043073416
vt 0.17612682 0.07084566
vt 0.18498796 0.049969614
vt 0.17461325 0.03852868
vt 0.17969088 0.04329598
vt 0.15949285 0.04901147
vt 0.1604938 0.043686032
vt 0.16085346 0.045479655
vt 0.13615155 0.058322012
vt 0.13294739 0.05930978
vt 0.12901147 0.060574174
vt 0.12197387 0.06776422
vt 0.12520081 0.06219393
vt 0.12114731 0.06388903
vt 0.11801 0.06879866
vt 0.11439718 0.06941438
vt 0.11777146 0.06567681
vt 0.11400548 0.06662285
vt 0.11105296 0.06966728
vt 0.110701166 0.06670201
vt 0.10784591 0.06992692
vt 0.10765564 0.06702477
vt 0.10502879 0.07022411
vt 0.1048126 0.06728107
vt 0.10231765 0.070408225
vt 0.10210369 0.06761038
vt 0.09989974 0.070628226
vt 0.09804242 0.07016921
vt 0.09965731 0.06799567
vt 0.09745158 0.06846714
vt 0.22400735 0.09273946
vt 0.23371999 0.068923056
vt 0.21541665 0.095805585
vt 0.20753136 0.109871626
vt 0.2092108 0.0990054
vt 0.2789325 0.05627221
vt 0.30964616 0.038236976
vt 0.31426382 0.07131457
vt 0.2788033 0.08068699
vt 0.27475393 0.10599041
vt 0.25334567 0.06302041
vt 0.25434965 0.08621532
vt 0.24973424 0.109458745
vt 0.23645353 0.08992344
vt 0.23289177 0.11090523
vt 0.22002937 0.11137509
vt 0.37166467 0.04002112
vt 0.41808242 0.05353397
vt 0.36651602 0.06532425
vt 0.41107 0.025970101
vt 0.41940877 0.08447534
vt 0.49468213 0.06948334
vt 0.36219853 0.09245056
vt 0.41705796 0.113527775
vt 0.31141442 0.098869026
vt 0.35687584 0.11826098
vt 0.58388704 0.0012521148
vt 0.6858627 0.01949346
vt 0.68156344 0.06143254
vt 0.7550311 0.08481681
vt 0.58753526 0.048460245
vt 0.58276737 0.09208357
vt 0.49065062 0.10585725
vt 0.5006375 0.03135556
vt 0.7605236 0.039890528
vt 0.82352513 0.118435025
vt 0.80048996 0.14955086
vt 0.7753192 0.17542815
vt 0.7366572 0.12316364
vt 0.6741376 0.09912014
vt 0.30452386 0.12449235
vt 0.3429558 0.030180752
vt 0.33611703 0.030598044
vt 0.14569168 0.014529049
vt 0.14918295 0.01519686
vt 0.14792782 0.017671406
vt 0.14998773 0.013207018
vt 0.14477086 0.021107018
vt 0.14493942 0.01603812
vt 0.14356878 0.01786083
vt 0.15612274 0.02631414
vt 0.15639797 0.0331074
vt 0.15324204 0.029595077
vt 0.15935212 0.030082345
vt 0.15302314 0.02296406
vt 0.14755337 0.023379266
vt 0.15017927 0.02009964
vt 0.15023936 0.026260138
vt 0.1594857 0.0365718
vt 0.16244452 0.03399092
vt 0.16213714 0.039865732
vt 0.16549136 0.038008273
vt 0.15615498 0.018876135
vt 0.15932792 0.021968484
vt 0.1626103 0.02594316
vt 0.16612923 0.030239701
vt 0.15300336 0.01610285
vt 0.1689381 0.036053717
vt 0.1678424 0.040729046
vt 0.14695741 0.029564202
vt 0.14996924 0.032864332
vt 0.15308638 0.0364635
vt 0.15652509 0.03992766
vt 0.1589371 0.042994857
vt 0.14438711 0.026390672
vt 0.14230597 0.023661911
vt 0.14053649 0.02114302
vt 0.14847398 0.007420242
vt 0.14960583 0.007117033
vt 0.15182056 0.009870112
vt 0.1548143 0.012477815
vt 0.15847634 0.014899492
vt 0.16235022 0.017548025
vt 0.16612637 0.020636678
vt 0.1701193 0.024146378
vt 0.17445149 0.027831554
vt 0.17941706 0.03168434
vt 0.1848513 0.03634137
vt 0.19056115 0.04253143
vt 0.14690225 0.012261927
vt 0.14489432 0.009186327
vt 0.1471328 0.004926324
vt 0.13799275 0.019809246
vt 0.1412004 0.015616953
vt 0.13885546 0.019437015
vt 0.14259677 0.013115823
vt 0.13724412 0.020749867
vt 0.13609223 0.012762308
vt 0.14087005 0.010873854
vt 0.13844468 0.014377296
vt 0.13850541 0.009370387
vt 0.14280652 0.007125795
vt 0.1403028 0.0053486824
vt 0.13516769 0.017883897
vt 0.1327162 0.015281975
vt 0.14454857 0.002883315
vt 0.14151028 0.0012618899
vt 0.14721133 0.014446914
vt 0.8226458 0.023724794
vt 0.8111433 0.041077554
vt 0.8121035 0.023715615
vt 0.8359002 0.029396296
vt 0.82141 0.057995915
vt 0.8234395 0.038560748
vt 0.8092229 0.057450235
vt 0.81860447 0.07625288
vt 0.8361306 0.05961001
vt 0.8068997 0.07414758
vt 0.8164299 0.08884567
vt 0.80573404 0.09005284
vt 0.8302987 0.081698656
vt 0.8370832 0.08900088
vt 0.83760947 0.015486062
vt 0.8004152 0.026450753
vt 0.7828189 0.04281634
vt 0.77956295 0.027915
vt 0.7981708 0.043263495
vt 0.8031519 0.01999253
vt 0.7926077 0.026175499
vt 0.25168446 0.19947028
vt 0.25861508 0.20447725
vt 0.25157315 0.20512456
vt 0.2459768 0.21123374
vt 0.24982622 0.20383233
vt 0.2544885 0.18784487
vt 0.26411656 0.19168484
vt 0.2571729 0.19525194
vt 0.26450872 0.19553024
vt 0.26527026 0.200966
vt 0.26590687 0.20572555
vt 0.26007855 0.2189942
vt 0.267123 0.21801776
vt 0.25205806 0.22093576
vt 0.26065934 0.23891622
vt 0.26656023 0.21049935
vt 0.26857206 0.2337594
vt 0.26415718 0.24352849
vt 0.24914238 0.23533797
vt 0.24664827 0.22143084
vt 0.25019452 0.19690776
vt 0.24694099 0.20405841
vt 0.24539767 0.20808142
vt 0.24493638 0.19908726
vt 0.2480136 0.18933994
vt 0.26439372 0.19120151
vt 0.26610446 0.18793517
vt 0.2692275 0.19729024
vt 0.26978597 0.19970304
vt 0.2709541 0.2028619
vt 0.25756574 0.1827805
vt 0.26523852 0.18252301
vt 0.6232435 0.8051628
vt 0.64321566 0.8191068
vt 0.63085514 0.82148695
vt 0.62409866 0.84162533
vt 0.6233275 0.82272446
vt 0.6352025 0.8399364
vt 0.6371622 0.8604453
vt 0.6461022 0.85651827
vt 0.62833256 0.86438495
vt 0.62744296 0.8638119
vt 0.626509 0.8633056
vt 0.6217287 0.77508235
vt 0.6458434 0.7719259
vt 0.6389613 0.7862503
vt 0.62300307 0.79101753
vt 0.64020026 0.80186445
vt 0.6471885 0.8375152
vt 0.4209914 0.11932659
vt 0.42898077 0.11651647
vt 0.44833726 0.11290383
vt 0.4489252 0.13042319
vt 0.52573496 0.8469481
vt 0.53305525 0.87037814
vt 0.52047664 0.8742499
vt 0.53203714 0.8910755
vt 0.5191196 0.8533162
vt 0.52048135 0.8938952
vt 0.8147382 0.95167124
vt 0.82945865 0.96723086
vt 0.8155781 0.97669894
vt 0.8244659 0.9543012
vt 0.7470455 0.9006451
vt 0.73388827 0.90677845
vt 0.7330484 0.88175076
vt 0.7441829 0.88737667
vt 0.22673494 0.22912598
vt 0.2285567 0.22380674
vt 0.23551725 0.2296102
vt 0.22779466 0.23863262
vt 0.24496727 0.22553802
vt 0.24502647 0.22789758
vt 0.2263697 0.21671939
vt 0.22651683 0.20722902
vt 0.24438122 0.20743263
vt 0.24313064 0.19242239
vt 0.24451521 0.22229767
vt 0.22554249 0.19359112
vt 0.23542783 0.18817842
vt 0.23823218 0.1834293
vt 0.2454246 0.24432248
vt 0.2376713 0.24525249
vt 0.29166242 0.16075641
vt 0.3008442 0.1727032
vt 0.30141327 0.18966103
vt 0.288568 0.18020314
vt 0.2535528 0.18207997
vt 0.2527129 0.15705234
vt 0.2670973 0.16259706
vt 0.26267576 0.17405963
vt 0.7775674 0.7274162
vt 0.76830834 0.7241758
vt 0.7694446 0.70933646
vt 0.78235596 0.7128961
vt 0.78502375 0.6967663
vt 0.77299726 0.6776481
vt 0.78631663 0.6805685
vt 0.7587124 0.721719
vt 0.7564028 0.7066098
vt 0.7577727 0.69061816
vt 0.77105975 0.6934491
vt 0.7597893 0.67421764
vt 0.7637514 0.65778553
vt 0.77596575 0.6624267
vt 0.76359344 0.6427041
vt 0.7765573 0.64647764
vt 0.77801836 0.62925565
vt 0.7877506 0.66473347
vt 0.78988165 0.6507931
vt 0.79071397 0.6389115
vt 0.7821756 0.61111575
vt 0.76517695 0.62574357
vt 0.7692493 0.6083937
vt 0.7735906 0.59148854
vt 0.78593475 0.59420097
vt 0.77744615 0.57441527
vt 0.79394764 0.6136818
vt 0.79831034 0.59676665
vt 0.7893832 0.57636374
vt 0.7815728 0.55705893
vt 0.7927395 0.5589131
vt 0.79811966 0.5427113
vt 0.8027028 0.5789085
vt 0.80493474 0.56053346
vt 0.78629434 0.5411415
vt 0.8058505 0.5417578
vt 0.8126075 0.5397419
vt 0.78871024 0.6330582
vt 0.76137084 0.46704304
vt 0.7633994 0.46062946
vt 0.7762318 0.46920836
vt 0.74830246 0.46522582
vt 0.78585404 0.4865378
vt 0.7807514 0.48358035
vt 0.76954544 0.4887194
vt 0.80720836 0.5272
vt 0.79621804 0.5315248
vt 0.786639 0.51897717
vt 0.7911355 0.5002706
vt 0.777958 0.5048679
vt 0.7985694 0.5143738
vt 0.73221827 0.98701316
vt 0.73477256 0.978756
vt 0.7436593 0.96909004
vt 0.7538919 0.98022175
vt 0.71179456 0.9701594
vt 0.80262756 0.9536365
vt 0.77747136 0.95591986
vt 0.7846346 0.9413714
vt 0.77023405 0.96944094
vt 0.7921249 0.97224325
vt 0.80063325 0.89379495
vt 0.8082458 0.8765306
vt 0.82074106 0.8836842
vt 0.8064192 0.9159207
vt 0.7951931 0.91005516
vt 0.81100273 0.8996618
vt 0.8093649 0.93602955
vt 0.78978115 0.9255527
vt 0.8178281 0.92117894
vt 0.8200545 0.9069935
vt 0.8154046 0.9392561
vt 0.7921762 0.97330827
vt 0.8244234 0.86216205
vt 0.8151069 0.85876507
vt 0.82141584 0.84506696
vt 0.83506376 0.8538416
vt 0.843218 0.84308475
vt 0.85677016 0.87005544
vt 0.8612925 0.85712487
vt 0.8485933 0.8807245
vt 0.8699905 0.88013816
vt 0.83646196 0.8906092
vt 0.8279429 0.86476374
vt 0.83145964 0.8974311
vt 0.84569275 0.8948927
vt 0.8380348 0.92167723
vt 0.86241066 0.9019204
vt 0.8652384 0.8432258
vt 0.8821999 0.85660934
vt 0.87776643 0.86983454
vt 0.85074747 0.83019495
vt 0.8285322 0.83251137
vt 0.87233686 0.88196146
vt 0.8780312 0.88429916
vt 0.8732841 0.8808031
vt 0.86705464 0.8902098
vt 0.8823307 0.899456
vt 0.87748677 0.91098005
vt 0.89553267 0.90743095
vt 0.86837876 0.9351889
vt 0.8836051 0.9491674
vt 0.85356385 0.92588454
vt 0.895269 0.8755753
vt 0.89995104 0.8656667
vt 0.9195633 0.87659526
vt 0.90778047 0.88249886
vt 0.9415825 0.8923314
vt 0.88783896 0.8891373
vt 0.9012601 0.8925692
vt 0.9134654 0.8955924
vt 0.9012865 0.896529
vt 0.9085622 0.9131914
vt 0.91238356 0.9008522
vt 0.9038505 0.9308473
vt 0.9222633 0.93542796
vt 0.89100975 0.9219215
vt 0.9000612 0.9484346
vt 0.89189076 0.9612374
vt 0.9210942 0.95189625
vt 0.92097646 0.9660334
vt 0.94468653 0.9571958
vt 0.9433015 0.96823686
vt 0.943389 0.9419042
vt 0.9603725 0.9342967
vt 0.9624527 0.952497
vt 0.93473893 0.90265054
vt 0.94185716 0.89519876
vt 0.94577795 0.90401614
vt 0.9342136 0.8953895
vt 0.92055476 0.8974861
vt 0.92404485 0.9017297
vt 0.9236294 0.9177795
vt 0.9415481 0.9239511
vt 0.9605553 0.89170426
vt 0.94881207 0.9059283
vt 0.113807246 0.8958496
vt 0.103662886 0.89221334
vt 0.11296737 0.8708219
vt 0.10456057 0.8946797
vt 0.68757254 0.22347319
vt 0.6880534 0.21985847
vt 0.69623214 0.2123251
vt 0.7067604 0.22282934
vt 0.8303147 0.96785253
vt 0.8310138 0.9670014
vt 0.85066223 0.9588178
vt 0.8545081 0.9670406
vt 0.11380164 0.8707939
vt 0.11464151 0.8958216
vt 0.12140062 0.87324446
vt 0.67789733 0.7464386
vt 0.68529975 0.7530628
vt 0.6694489 0.7535947
vt 0.6817076 0.7439962
vt 0.61186266 0.40641588
vt 0.6318056 0.4099226
vt 0.6410616 0.40543604
vt 0.55620956 0.20372784
vt 0.5391829 0.20709223
vt 0.54409856 0.19589883
vt 0.5320132 0.18792266
vt 0.5147893 0.19282532
vt 0.52012855 0.1807692
vt 0.5020172 0.18573284
vt 0.5078907 0.1739335
vt 0.56192625 0.22255439
vt 0.5676597 0.21146512
vt 0.57789403 0.21992564
vt 0.5509977 0.21460456
vt 0.5564493 0.23381197
vt 0.53437805 0.21846688
vt 0.5270244 0.19978827
vt 0.5458698 0.22574103
vt 0.54117674 0.23640674
vt 0.55109453 0.24415517
vt 0.5299482 0.22940946
vt 0.535879 0.24689555
vt 0.52235925 0.21140528
vt 0.51853067 0.22176588
vt 0.5963764 0.23954558
vt 0.5816395 0.23918611
vt 0.5872227 0.22946954
vt 0.5909715 0.24840361
vt 0.57205313 0.23069781
vt 0.57639253 0.24820507
vt 0.56643176 0.24128097
vt 0.5609778 0.25062412
vt 0.5713499 0.25638568
vt 0.5557455 0.26029515
vt 0.5461499 0.25386858
vt 0.5501783 0.27095115
vt 0.5403894 0.26447904
vt 0.53105766 0.25790703
vt 0.5262494 0.26784116
vt 0.52509755 0.2403481
vt 0.63106173 0.29442
vt 0.6442282 0.29592907
vt 0.6476659 0.3086337
vt 0.6201759 0.31359518
vt 0.6126301 0.3193369
vt 0.6073685 0.3134631
vt 0.6027245 0.3205588
vt 0.6021558 0.303127
vt 0.5965194 0.31245816
vt 0.59818435 0.3280871
vt 0.5940495 0.2920468
vt 0.5992207 0.28208768
vt 0.5881854 0.30293298
vt 0.59136117 0.3211056
vt 0.5848492 0.2821504
vt 0.5923669 0.27313864
vt 0.5788059 0.29226834
vt 0.58343595 0.31222153
vt 0.57386464 0.27291447
vt 0.58208424 0.2627774
vt 0.56809884 0.2833258
vt 0.5742149 0.3017949
vt 0.56554437 0.26671356
vt 0.5597833 0.27724767
vt 0.56389344 0.29367113
vt 0.5547399 0.28734607
vt 0.5450074 0.28149468
vt 0.5502978 0.29629278
vt 0.5353877 0.2754792
vt 0.540557 0.29195178
vt 0.52522427 0.27376086
vt 0.52786136 0.27942204
vt 0.52320236 0.27440548
vt 0.5257745 0.2969905
vt 0.5144901 0.2928362
vt 0.52324724 0.28456628
vt 0.52168727 0.3064965
vt 0.53090644 0.28692317
vt 0.5360651 0.30097163
vt 0.5320254 0.31066287
vt 0.5107404 0.30171967
vt 0.5038142 0.2862605
vt 0.49965826 0.29640615
vt 0.6358157 0.33943546
vt 0.6299081 0.34758317
vt 0.62409794 0.34153986
vt 0.6234028 0.354931
vt 0.6285222 0.33363628
vt 0.61876166 0.33660156
vt 0.63083905 0.32292038
vt 0.6231003 0.32872903
vt 0.62667996 0.32049155
vt 0.60752517 0.32661808
vt 0.60362995 0.33357084
vt 0.5942172 0.3368494
vt 0.5995555 0.3417294
vt 0.5875011 0.3309846
vt 0.59100455 0.34576428
vt 0.58035254 0.31911087
vt 0.58036405 0.32273507
vt 0.5846096 0.34093714
vt 0.57039446 0.30962586
vt 0.56022763 0.3018105
vt 0.5558851 0.3104555
vt 0.54595006 0.3055017
vt 0.59458905 0.40240455
vt 0.59980625 0.3966534
vt 0.59815353 0.4050308
vt 0.5966329 0.38212776
vt 0.60217613 0.38802177
vt 0.6053503 0.3800553
vt 0.60158795 0.37391436
vt 0.5940368 0.36372912
vt 0.60865426 0.3730166
vt 0.60544413 0.3676638
vt 0.6122314 0.36686426
vt 0.60888267 0.36239707
vt 0.6021632 0.3632655
vt 0.61689055 0.36051613
vt 0.61598265 0.37244576
vt 0.6133241 0.35611284
vt 0.6092375 0.3513559
vt 0.6186797 0.34929836
vt 0.6269779 0.36035305
vt 0.6209431 0.36647135
vt 0.61391354 0.34424245
vt 0.5964529 0.3503021
vt 0.5941933 0.3583032
vt 0.5881399 0.3539586
vt 0.58147323 0.34944952
vt 0.58553016 0.36223412
vt 0.57833683 0.3366261
vt 0.5748452 0.34515238
vt 0.57116944 0.35195923
vt 0.54055 0.39237058
vt 0.54812074 0.40380102
vt 0.53502923 0.40050137
vt 0.5232687 0.39850426
vt 0.54782474 0.41353118
vt 0.5315646 0.4116189
vt 0.51365674 0.41285628
vt 0.5125218 0.40236402
vt 0.58417255 0.41244227
vt 0.5807059 0.41817683
vt 0.5742874 0.41374385
vt 0.59126556 0.41768456
vt 0.58668274 0.42349732
vt 0.5947511 0.41128165
vt 0.5877951 0.4065174
vt 0.5793514 0.40076876
vt 0.59429336 0.40153587
vt 0.5932153 0.3911991
vt 0.58566827 0.38516456
vt 0.58962816 0.37595344
vt 0.58202285 0.3711276
vt 0.5781582 0.3575793
vt 0.57468075 0.3669455
vt 0.5708404 0.37565422
vt 0.5681716 0.36408603
vt 0.57443696 0.3882239
vt 0.56654435 0.3834387
vt 0.5622993 0.38992643
vt 0.5602139 0.39221042
vt 0.5713869 0.39571333
vt 0.5692212 0.40283823
vt 0.56154114 0.39789158
vt 0.567349 0.40994215
vt 0.5589724 0.4068271
vt 0.5491861 0.3956145
vt 0.57666886 0.40743595
vt 0.582416 0.39352548
vt 0.5781794 0.38000846
vt 0.6052623 0.35819936
vt 0.58603996 0.25647068
vt 0.5955961 0.265671
vt 0.59994197 0.25837612
vt 0.60178655 0.27825534
vt 0.6080121 0.268865
vt 0.6049545 0.2503351
vt 0.61566097 0.27813578
vt 0.6133806 0.2609496
vt 0.61189705 0.286332
vt 0.6226764 0.28539872
vt 0.61042804 0.28585917
vt 0.60665596 0.29197234
vt 0.62815857 0.28002977
vt 0.63561404 0.28889716
vt 0.6211821 0.270909
vt 0.6340041 0.2739284
vt 0.62712055 0.2634638
vt 0.6187476 0.25306785
vt 0.6409636 0.28366023
vt 0.64841765 0.29014146
vt 0.65288234 0.3028974
vt 0.65739614 0.2948786
vt 0.63990086 0.32865834
vt 0.63989276 0.33129507
vt 0.6016661 0.23171186
vt 0.6099568 0.24225056
vt 0.6228952 0.31709445
vt 0.5744831 0.32366335
vt 0.56565523 0.31608874
vt 0.5704036 0.325392
vt 0.56146276 0.3224616
vt 0.57194227 0.33442402
vt 0.56794494 0.3432933
vt 0.56533074 0.33300042
vt 0.56115556 0.34223413
vt 0.56107056 0.36201715
vt 0.55767816 0.37345946
vt 0.5643984 0.3528731
vt 0.5637709 0.37241924
vt 0.60091573 0.41553283
vt 0.5980839 0.42221498
vt 0.6030816 0.4090796
vt 0.6052054 0.40094638
vt 0.6070782 0.39282215
vt 0.60917264 0.38512766
vt 0.61203873 0.3783636
vt 0.61327684 0.3216803
vt 0.61829823 0.32506967
vt 0.6133944 0.33187652
vt 0.6089225 0.33912027
vt 0.6046165 0.34667766
vt 0.601 0.35425258
vt 0.5982811 0.36220038
vt 0.40531638 0.41584527
vt 0.4391738 0.42633873
vt 0.41086423 0.42960006
vt 0.4380843 0.4131896
vt 0.4399303 0.39972365
vt 0.4611906 0.39710343
vt 0.39901006 0.40133274
vt 0.46348137 0.41013914
vt 0.47750777 0.3945973
vt 0.46587825 0.4227028
vt 0.49347302 0.42427528
vt 0.48968506 0.41199613
vt 0.486749 0.40082276
vt 0.51595616 0.42423362
vt 0.5668837 0.42801893
vt 0.5725384 0.42135894
vt 0.57361186 0.42978537
vt 0.5771054 0.42465842
vt 0.5808779 0.4286666
vt 0.5908527 0.4303059
vt 0.58421534 0.43490505
vt 0.5488051 0.42345965
vt 0.53415287 0.42119288
vt 0.55825716 0.41621864
vt 0.5590855 0.425749
vt 0.5661418 0.41852796
vt 0.38934687 0.37040365
vt 0.41749603 0.3666234
vt 0.4208091 0.367535
vt 0.45157436 0.37966985
vt 0.4508504 0.37659264
vt 0.39397478 0.385808
vt 0.44399458 0.3887682
vt 0.4203723 0.3645563
vt 0.4241923 0.36276412
vt 0.4371618 0.3632406
vt 0.45329002 0.36553097
vt 0.466758 0.3714074
vt 0.46265182 0.3805952
vt 0.4803608 0.3738209
vt 0.45956206 0.39053035
vt 0.47633195 0.38269007
vt 0.49252865 0.37674057
vt 0.49323162 0.38640428
vt 0.49634343 0.38640583
vt 0.47582787 0.38989007
vt 0.51275855 0.3953821
vt 0.53224254 0.38988054
vt 0.53387064 0.3801431
vt 0.54389095 0.37999922
vt 0.5235534 0.38947213
vt 0.541485 0.38871235
vt 0.55896217 0.3788606
vt 0.5333633 0.3950522
vt 0.55251426 0.38885552
vt 0.532285 0.3986231
vt 0.52368265 0.39423835
vt 0.5303513 0.39820498
vt 0.5133953 0.38794565
vt 0.52461827 0.3802768
vt 0.51461154 0.37902486
vt 0.50289625 0.37818527
vt 0.5010606 0.38722765
vt 0.5048496 0.21696126
vt 0.5012396 0.22747397
vt 0.5097766 0.20482397
vt 0.49659747 0.19794995
vt 0.488711 0.17904639
vt 0.4826523 0.19163477
vt 0.4773678 0.20301306
vt 0.47583583 0.17263842
vt 0.4691936 0.18522763
vt 0.46310395 0.19543433
vt 0.45671135 0.17849314
vt 0.44967514 0.18733478
vt 0.4633171 0.16679132
vt 0.44577262 0.17335188
vt 0.45120397 0.16228324
vt 0.44653764 0.19891655
vt 0.4330073 0.1690005
vt 0.45854634 0.20586783
vt 0.44102502 0.21168935
vt 0.45358405 0.21888995
vt 0.43487743 0.19360107
vt 0.4294193 0.2054854
vt 0.42340526 0.21729547
vt 0.38712072 0.30152273
vt 0.40688354 0.32539594
vt 0.3851004 0.31882966
vt 0.40592867 0.34137714
vt 0.38428903 0.33650255
vt 0.52054715 0.2515689
vt 0.5092105 0.24573803
vt 0.51398873 0.23358911
vt 0.5038419 0.25766575
vt 0.49647447 0.23946178
vt 0.51572305 0.26292592
vt 0.5087254 0.27537525
vt 0.49808657 0.26885122
vt 0.48574606 0.26302058
vt 0.49105218 0.2515546
vt 0.4772986 0.24572694
vt 0.47288978 0.2579248
vt 0.46335003 0.24060202
vt 0.4604031 0.25448555
vt 0.45097858 0.2527218
vt 0.45190543 0.25488663
vt 0.44485447 0.26391482
vt 0.43759987 0.27444518
vt 0.42122424 0.26889026
vt 0.43233204 0.28733534
vt 0.4261828 0.25483274
vt 0.40980068 0.24803185
vt 0.43064696 0.24002564
vt 0.41568002 0.23200697
vt 0.43569285 0.22513855
vt 0.4490814 0.23390561
vt 0.4674141 0.22576958
vt 0.4823276 0.23252583
vt 0.47237834 0.21302682
vt 0.48700792 0.22057319
vt 0.49186602 0.20915318
vt 0.4045945 0.26294124
vt 0.39848316 0.27908015
vt 0.39350554 0.2866699
vt 0.4158517 0.28235126
vt 0.41206545 0.29618704
vt 0.4090766 0.31034803
vt 0.42593893 0.31543505
vt 0.42598942 0.3304944
vt 0.42052525 0.34442854
vt 0.43155143 0.34677052
vt 0.4161968 0.36169255
vt 0.41009724 0.35966814
vt 0.41934186 0.36614406
vt 0.41585436 0.3616495
vt 0.52035266 0.27999842
vt 0.518009 0.2847116
vt 0.42840496 0.30130768
vt 0.43725744 0.33151245
vt 0.44384283 0.3500595
vt 0.45733744 0.3538921
vt 0.38539514 0.35383177
vt 0.43817377 0.15828729
vt 0.41954342 0.36675823
vt 0.4925859 0.2801298
vt 0.4806703 0.27504134
vt 0.46839815 0.27088392
vt 0.45695204 0.2682774
vt 0.48815352 0.29055524
vt 0.47613117 0.28570545
vt 0.46376047 0.28200197
vt 0.45232463 0.2793938
vt 0.44644323 0.2915764
vt 0.5422081 0.31417853
vt 0.552147 0.31807935
vt 0.53787005 0.32412815
vt 0.5279269 0.32059574
vt 0.51787317 0.31630713
vt 0.5236833 0.3314674
vt 0.50721043 0.31185293
vt 0.5143842 0.32661915
vt 0.49614593 0.30706602
vt 0.50411654 0.3224253
vt 0.48430133 0.30258524
vt 0.4932322 0.3189696
vt 0.47145736 0.2980262
vt 0.46762675 0.31259012
vt 0.45854795 0.29451263
vt 0.45421335 0.30868042
vt 0.4421656 0.3052504
vt 0.43963903 0.3187825
vt 0.45114952 0.32248247
vt 0.44836763 0.33527023
vt 0.46456242 0.32620525
vt 0.5574199 0.33057088
vt 0.5478861 0.32728946
vt 0.5531128 0.3409561
vt 0.53300935 0.33580005
vt 0.54302996 0.338722
vt 0.52566564 0.34845954
vt 0.5389144 0.34978008
vt 0.5489851 0.35125196
vt 0.53606963 0.35928595
vt 0.546288 0.36038733
vt 0.52644384 0.3599909
vt 0.53482664 0.37040353
vt 0.5171686 0.3605045
vt 0.51647556 0.368761
vt 0.51738346 0.3547721
vt 0.50810313 0.35063052
vt 0.52021027 0.3409956
vt 0.5116447 0.3357255
vt 0.50198644 0.33198637
vt 0.4918284 0.3297298
vt 0.48114252 0.31594574
vt 0.47959358 0.32865518
vt 0.47305167 0.34023398
vt 0.46163997 0.3385507
vt 0.48499855 0.33860588
vt 0.48601577 0.35270703
vt 0.4938226 0.36570466
vt 0.48224774 0.36167055
vt 0.4711185 0.35720605
vt 0.5574676 0.35220605
vt 0.5546297 0.3612169
vt 0.5529412 0.37108278
vt 0.54461884 0.37070322
vt 0.5253613 0.3706361
vt 0.5052036 0.36800385
vt 0.50678456 0.35857868
vt 0.4987541 0.34825546
vt 0.49636224 0.35611862
vt 0.488007 0.34869635
vt 0.51897526 0.35204852
vt 0.5093466 0.34405458
vt 0.51766324 0.34969682
vt 0.49120843 0.33899772
vt 0.50003374 0.3405429
vt 0.41858393 0.13574547
vt 0.42961174 0.14389896
vt 0.42486703 0.15343064
vt 0.41254225 0.1461488
vt 0.4078192 0.15855384
vt 0.420236 0.16366553
vt 0.4169305 0.17123353
vt 0.40507114 0.16655326
vt 0.42787316 0.1780554
vt 0.4215384 0.19280148
vt 0.41882038 0.19265115
vt 0.41071278 0.18617052
vt 0.4060566 0.19671893
vt 0.40197527 0.17863101
vt 0.39034975 0.19924855
vt 0.39555603 0.18830842
vt 0.4003747 0.20829588
vt 0.41777906 0.20335805
vt 0.39428735 0.22202224
vt 0.41277266 0.21534055
vt 0.38258103 0.21617186
vt 0.37693343 0.23044538
vt 0.40701282 0.22909033
vt 0.38772604 0.23727304
vt 0.40064096 0.24401927
vt 0.39525732 0.26027715
vt 0.38035345 0.2532273
vt 0.39548725 0.28089023
vt 0.37056857 0.24650079
vt 0.37045813 0.2699961
vt 0.3801174 0.27060115
vt 0.38411063 0.2843609
vt 0.36436698 0.27795607
vt 0.36530566 0.26460397
vt 0.36547226 0.27019274
vt 0.34262916 0.2678901
vt 0.40217003 0.13665223
vt 0.40972805 0.12583017
vt 0.39632663 0.14744043
vt 0.3929806 0.15690398
vt 0.390902 0.17048728
vt 0.3857591 0.18255025
vt 0.37925348 0.194772
vt 0.37196457 0.2089622
vt 0.3646088 0.22246718
vt 0.35695502 0.23642719
vt 0.34913695 0.25131357
vt 0.3280468 0.23683864
vt 0.30933997 0.22871637
vt 0.31943282 0.21240568
vt 0.33850592 0.22112119
vt 0.31568435 0.25531852
vt 0.3110083 0.27419698
vt 0.29046664 0.2670511
vt 0.2852805 0.28686547
vt 0.2980074 0.24716997
vt 0.27726254 0.2396726
vt 0.2686316 0.26233405
vt 0.26527816 0.28565192
vt 0.30018273 0.3067217
vt 0.28214 0.30571318
vt 0.30590618 0.29258782
vt 0.30091193 0.19992262
vt 0.34045023 0.18253654
vt 0.327342 0.1989454
vt 0.3085872 0.18243879
vt 0.32457817 0.1665982
vt 0.34109023 0.20050478
vt 0.31388092 0.14539188
vt 0.30161124 0.1255055
vt 0.29720315 0.16043329
vt 0.28585216 0.13820481
vt 0.29192898 0.104789436
vt 0.27672273 0.115086615
vt 0.33801255 0.28557765
vt 0.33360815 0.30299276
vt 0.32897177 0.32096887
vt 0.23821907 0.26055622
vt 0.20257334 0.29532063
vt 0.19870661 0.26085097
vt 0.23641008 0.28796458
vt 0.26604736 0.30887234
vt 0.20604068 0.32840782
vt 0.23963644 0.31659877
vt 0.21449618 0.35302103
vt 0.24682148 0.33932495
vt 0.28924254 0.32171333
vt 0.29350367 0.32327783
vt 0.28993747 0.32911134
vt 0.27458766 0.32695842
vt 0.18177457 0.25995773
vt 0.17276646 0.30847633
vt 0.04114171 0.26549053
vt 0.0884643 0.32127267
vt 0.05062135 0.34045827
vt 0.087146424 0.27705276
vt 0.13295409 0.31332195
vt 0.13184738 0.27730215
vt 0.1291265 0.24676949
vt 0.086022444 0.24471223
vt 0.08984856 0.37858868
vt 0.05362332 0.38110447
vt 0.13363567 0.3504101
vt 0.17950286 0.25923467
vt 0.17607027 0.27859676
vt 0.0849535 0.39983487
vt 0.13307528 0.38077193
vt 0.017004192 0.37701726
vt 0.010247115 0.32353866
vt 0.051301215 0.40332913
vt 0.17249778 0.34132826
vt 0.17828307 0.37236
vt 0.1855799 0.37817764
vt 0.131828 0.39023304
vt 0.12540312 0.41815716
vt 0.18968458 0.4048661
vt 0.19161883 0.4269145
vt 0.12448337 0.45033264
vt 0.25128767 0.40354145
vt 0.22992998 0.3780219
vt 0.22215548 0.36996084
vt 0.2619565 0.37017477
vt 0.25278065 0.35752195
vt 0.2779838 0.37240905
vt 0.31604904 0.38115823
vt 0.2841273 0.3507582
vt 0.31967714 0.35843277
vt 0.31641048 0.40522707
vt 0.35037562 0.38222802
vt 0.3576064 0.39823222
vt 0.3504515 0.3653149
vt 0.35263127 0.34751034
vt 0.35527256 0.32915527
vt 0.35826752 0.310884
vt 0.36126822 0.29327524
vt 0.3236673 0.3397447
vt 0.30190474 0.30437404
vt 0.5127698 0.90137464
vt 0.5130207 0.9042387
vt 0.5092082 0.9076366
vt 0.5075417 0.9065144
vt 0.5131344 0.8989571
vt 0.5070213 0.8910061
vt 0.5128431 0.8902747
vt 0.50694776 0.88881516
vt 0.51230115 0.874125
vt 0.51136976 0.8916953
vt 0.08673999 0.8451068
vt 0.08928104 0.8618552
vt 0.079423524 0.8616228
vt 0.0773339 0.8791622
vt 0.08486058 0.87645036
vt 0.08307817 0.88685846
vt 0.078069024 0.87569135
vt 0.07611458 0.8428269
vt 0.12740168 0.8778543
vt 0.12265385 0.8673633
vt 0.12122052 0.86787796
vt 0.12692575 0.8636719
vt 0.6356529 0.34381312
vt 0.64576834 0.34046638
vt 0.6498352 0.34333718
vt 0.6411944 0.3394512
vt 0.6497233 0.34000015
vt 0.64371663 0.335226
vt 0.6472924 0.33165932
vt 0.6493033 0.3274864
vt 0.51261467 0.9083575
vt 0.52596277 0.9079096
vt 0.5237632 0.90570873
vt 0.5218056 0.9038731
vt 0.27151844 0.21967918
vt 0.2783638 0.23347217
vt 0.27317685 0.24322581
vt 0.2859326 0.21839458
vt 0.28896886 0.21703744
vt 0.27197975 0.20680231
vt 0.2874508 0.2058804
vt 0.2731691 0.19379151
vt 0.28665125 0.19200957
vt 0.28556776 0.1764381
vt 0.27232727 0.17756492
vt 0.28452802 0.15980792
vt 0.27136707 0.16131878
vt 0.28258574 0.14289916
vt 0.27035278 0.14659697
vt 0.2729923 0.12582779
vt 0.26866317 0.13101423
vt 0.26827818 0.123122215
vt 0.10962661 0.86463296
vt 0.114939526 0.85071105
vt 0.11852248 0.8621427
vt 0.11787698 0.8634368
vt 0.11396556 0.8676973
vt 0.1031243 0.8761634
vt 0.102358826 0.853353
vt 0.8243099 0.91335434
vt 0.82601357 0.9162148
vt 0.826394 0.91532254
vt 0.8327502 0.91598874
vt 0.82786894 0.91197664
vt 0.82830465 0.93284184
vt 0.85917205 0.931806
vt 0.8326862 0.9318595
vt 0.2877984 0.22951317
vt 0.29113352 0.23176569
vt 0.28886247 0.22933632
vt 0.28696224 0.2319057
vt 0.5412761 0.8664712
vt 0.54166806 0.8781508
vt 0.5421144 0.86656266
vt 0.5393026 0.8606006
vt 0.5500609 0.85448366
vt 0.55062085 0.87116873
vt 0.53844744 0.86023813
vt 0.5389689 0.86117184
vt 0.5328117 0.86311996
vt 0.09366931 0.8447433
vt 0.10127168 0.8458451
vt 0.102514006 0.8828655
vt 0.088890344 0.87510127
vt 0.68207437 0.2587359
vt 0.68326914 0.24473786
vt 0.6840008 0.24863756
vt 0.69447166 0.22995651
vt 0.69358706 0.24832231
vt 0.68087053 0.22286296
vt 0.6896188 0.22626
vt 0.5560521 0.8404721
vt 0.55787027 0.83831245
vt 0.5583163 0.8516056
vt 0.546136 0.8370763
vt 0.54695576 0.8425283
vt 0.5517912 0.85191995
vt 0.06449485 0.85690445
vt 0.06958342 0.87683237
vt 0.047966246 0.87741685
vt 0.0785881 0.90253234
vt 0.045214828 0.8588049
vt 0.02762418 0.86069894
vt 0.060691044 0.8391178
vt 0.041973323 0.841419
vt 0.025224581 0.84452164
vt 0.025353258 0.8295176
vt 0.039732113 0.82590735
vt 0.042290755 0.9109625
vt 0.048371162 0.89536965
vt 0.029658433 0.8933288
vt 0.029204281 0.8774269
vt 0.08219342 0.89656466
vt 0.120217934 0.78655875
vt 0.11532162 0.78507423
vt 0.118131086 0.7846236
vt 0.103761666 0.7922465
vt 0.12959115 0.79376984
vt 0.12205547 0.8106616
vt 0.106838666 0.8188945
vt 0.09205405 0.8000493
vt 0.09106881 0.8247087
vt 0.08132919 0.81053174
vt 0.07600417 0.8316981
vt 0.06625431 0.8130468
vt 0.053222515 0.8226916
vt 0.0991992 0.94120437
vt 0.099123016 0.9148877
vt 0.11011575 0.92509246
vt 0.089596964 0.90547305
vt 0.08944381 0.92538273
vt 0.08056875 0.9125507
vt 0.06778426 0.9227831
vt 0.11926336 0.9517713
vt 0.11967896 0.93449634
vt 0.08257215 0.93490607
vt 0.12624428 0.9402275
vt 0.13523477 0.96194607
vt 0.12492196 0.95675695
vt 0.3792689 0.97163576
vt 0.37768462 0.984935
vt 0.3625496 0.98566866
vt 0.36318627 0.9730407
vt 0.34709492 0.98627913
vt 0.34711736 0.97429574
vt 0.36321777 0.96092856
vt 0.34656698 0.9634764
vt 0.36176792 0.9486538
vt 0.34456196 0.9532862
vt 0.34279013 0.9371405
vt 0.3598235 0.9347854
vt 0.32570553 0.937992
vt 0.3275817 0.9521895
vt 0.30912104 0.9386872
vt 0.3108883 0.95225143
vt 0.3237465 0.922118
vt 0.3070248 0.9238169
vt 0.3410643 0.9215019
vt 0.35805467 0.9198284
vt 0.33062622 0.9748241
vt 0.33102182 0.9864002
vt 0.37723762 0.9442673
vt 0.37498605 0.93171346
vt 0.29521564 0.9529465
vt 0.29330772 0.93964297
vt 0.27715868 0.9393716
vt 0.27756336 0.952167
vt 0.28127182 0.96575
vt 0.29643613 0.964299
vt 0.26618704 0.9682775
vt 0.26258197 0.95667505
vt 0.29770827 0.97548455
vt 0.28266537 0.9769714
vt 0.27454928 0.92551124
vt 0.26028192 0.9248215
vt 0.2583604 0.9095373
vt 0.27267903 0.9100089
vt 0.24346597 0.9095193
vt 0.2453327 0.925296
vt 0.2867341 0.9111117
vt 0.27113175 0.8938309
vt 0.28687352 0.89358515
vt 0.22983208 0.92631704
vt 0.22793134 0.9100119
vt 0.21198452 0.9112178
vt 0.21383142 0.9273752
vt 0.21504685 0.9436613
vt 0.23122825 0.9423653
vt 0.21575885 0.9575267
vt 0.23196533 0.95585805
vt 0.19811012 0.944727
vt 0.19908471 0.95924103
vt 0.2474897 0.9554203
vt 0.19699238 0.9284118
vt 0.23256491 0.968159
vt 0.20981257 0.89743656
vt 0.19285256 0.8973354
vt 0.1818443 0.9585726
vt 0.18081832 0.944668
vt 0.24675472 0.9408706
vt 0.21621618 0.9693773
vt 0.19986057 0.97048324
vt 0.22569486 0.89437914
vt 0.24125431 0.8934476
vt 0.27154034 0.8793655
vt 0.28705245 0.8780223
vt 0.28799692 0.8633098
vt 0.27182397 0.8641857
vt 0.2716259 0.85058886
vt 0.28780213 0.8491281
vt 0.28389746 0.98828095
vt 0.29898402 0.98705554
vt 0.30522373 0.87582535
vt 0.30514896 0.8609118
vt 0.32326198 0.85638213
vt 0.3229001 0.87191105
vt 0.33858746 0.8669729
vt 0.34097382 0.8498035
vt 0.32293072 0.8388144
vt 0.33990377 0.8329808
vt 0.32056007 0.8206094
vt 0.3376561 0.816484
vt 0.31798643 0.80264163
vt 0.33550104 0.7995611
vt 0.3015748 0.82679325
vt 0.2986523 0.80861527
vt 0.27992165 0.82472867
vt 0.28400666 0.83451116
vt 0.26584914 0.8267531
vt 0.16371489 0.94533664
vt 0.16489816 0.9570446
vt 0.14911696 0.958281
vt 0.14857438 0.9457087
vt 0.14690648 0.9314035
vt 0.16218811 0.9305262
vt 0.1460608 0.91614157
vt 0.16149898 0.9138268
vt 0.16062756 0.8996645
vt 0.14621809 0.9014205
vt 0.14766206 0.88823545
vt 0.15884833 0.8871756
vt 0.17845316 0.9131493
vt 0.1773518 0.8975418
vt 0.13252021 0.90289754
vt 0.13280894 0.8885021
vt 0.16627792 0.9693236
vt 0.15094204 0.96851236
vt 0.16722584 0.982062
vt 0.1518844 0.9814278
vt 0.13675189 0.95818776
vt 0.13557443 0.9683618
vt 0.13293812 0.9183956
vt 0.13350183 0.9321332
vt 0.15348066 0.9946154
vt 0.16837263 0.9952619
vt 0.14962552 0.8761513
vt 0.16325158 0.8683151
vt 0.13351542 0.87431264
vt 0.2559174 0.85087794
vt 0.2562353 0.86501986
vt 0.24029088 0.85070205
vt 0.2406014 0.86497074
vt 0.2402251 0.835393
vt 0.22534302 0.8341969
vt 0.22733808 0.81977844
vt 0.24073792 0.82109976
vt 0.21915002 0.8167176
vt 0.20915397 0.83376706
vt 0.19016084 0.83479726
vt 0.18947826 0.8186809
vt 0.20800531 0.85137016
vt 0.19007087 0.85243446
vt 0.17243055 0.85310435
vt 0.17236105 0.8371463
vt 0.17314838 0.8680634
vt 0.19110006 0.8685655
vt 0.20858699 0.86778176
vt 0.19270493 0.88371783
vt 0.1749725 0.88193935
vt 0.21057759 0.88302314
vt 0.15738393 0.85443056
vt 0.1572244 0.8391666
vt 0.22452109 0.850697
vt 0.17180394 0.8222821
vt 0.32442534 0.88910216
vt 0.33934525 0.8858228
vt 0.13939793 0.9948705
vt 0.26958534 0.837413
vt 0.24931145 0.96902287
vt 0.26857722 0.9894119
vt 0.2565741 0.87946486
vt 0.24088192 0.880005
vt 0.31424344 0.98598313
vt 0.30443555 0.89283156
vt 0.30443802 0.84478503
vt 0.2113172 0.81258535
vt 0.3294769 0.9638683
vt 0.18404062 0.99490076
vt 0.18313177 0.98270935
vt 0.37977925 0.958105
vt 0.3122433 0.96340173
vt 0.20003265 0.982633
vt 0.21708643 0.9816115
vt 0.20060922 0.9948304
vt 0.13459255 0.94504553
vt 0.13703981 0.98093534
vt 0.15322202 0.8630851
vt 0.13456967 0.8602539
vt 0.25689143 0.89439714
vt 0.19515322 0.9127417
vt 0.17973876 0.92933404
vt 0.22451581 0.8799585
vt 0.2248412 0.8658159
vt 0.28980413 0.9258586
vt 0.26150435 0.94007593
vt 0.37340233 0.9178045
vt 0.37112996 0.90302646
vt 0.35466915 0.9044322
vt 0.34727493 0.8912042
vt 0.34552255 0.8933519
vt 0.3686003 0.88829565
vt 0.3459378 0.8887536
vt 0.36705047 0.8739351
vt 0.3436342 0.8755489
vt 0.36614496 0.8595629
vt 0.3452527 0.8617831
vt 0.36499667 0.8456221
vt 0.34447795 0.8470273
vt 0.3642559 0.8320683
vt 0.34392104 0.8319625
vt 0.36521325 0.8183999
vt 0.3490496 0.81688434
vt 0.35267642 0.8035477
vt 0.36806786 0.80442005
vt 0.35686564 0.789482
vt 0.37084526 0.78996974
vt 0.35741758 0.7759958
vt 0.37324777 0.7759716
vt 0.35286132 0.7752426
vt 0.34249598 0.7882518
vt 0.34699684 0.77311814
vt 0.35129803 0.7720114
vt 0.37490687 0.76198655
vt 0.32921284 0.7675005
vt 0.32687083 0.78618145
vt 0.3459772 0.7599158
vt 0.3298062 0.7567617
vt 0.3475394 0.74776196
vt 0.3316496 0.74668247
vt 0.36164597 0.74861103
vt 0.31352141 0.75824475
vt 0.31186044 0.77019835
vt 0.29886618 0.76979136
vt 0.2992583 0.75476867
vt 0.28908134 0.75495243
vt 0.28602532 0.7692789
vt 0.27907607 0.75419307
vt 0.27201304 0.767155
vt 0.29541042 0.7482174
vt 0.28109223 0.744912
vt 0.2708394 0.7540993
vt 0.25105268 0.76777554
vt 0.26282448 0.7471533
vt 0.28306395 0.7771298
vt 0.29704988 0.7816972
vt 0.3117696 0.7845202
vt 0.35997373 0.76151645
vt 0.33935258 0.9049704
vt 0.23366232 0.9801344
vt 0.23463444 0.99205583
vt 0.21784481 0.9937717
vt 0.25535297 0.8375897
vt 0.2549185 0.82510096
vt 0.3229666 0.905432
vt 0.18273062 0.9703957
vt 0.31361985 0.97493726
vt 0.24993016 0.9794762
vt 0.25080478 0.9906131
vt 0.2523622 0.76374847
vt 0.26697785 0.9789503
vt 0.38112473 0.94727355
vt 0.31040335 0.90903634
vt 0.2950252 0.9044013
vt 0.30130744 0.9031115
vt 0.374244 0.74906474
vt 0.26812753 0.8155035
vt 0.25312042 0.8218534
vt 0.24393414 0.8163153
vt 0.10073147 0.8874298
vt 0.099507846 0.893751
vt 0.08627685 0.89677346
vt 0.08577292 0.88175684
vt 0.1027689 0.8904614
vt 0.8577101 0.1167053
vt 0.87740433 0.106263995
vt 0.87692034 0.09183997
vt 0.85716236 0.09299135
vt 0.82689357 0.15971822
vt 0.84191614 0.143821
vt 0.84230995 0.16065216
vt 0.83708435 0.102372944
vt 0.82542545 0.12528592
vt 0.82612365 0.10541201
vt 0.8400766 0.1251108
vt 0.82605314 0.14399105
vt 0.8389672 0.097476125
vt 0.82561004 0.09022105
vt 0.8747964 0.18235475
vt 0.8606121 0.19557977
vt 0.8559951 0.18153775
vt 0.87734723 0.19558388
vt 0.8525273 0.16614437
vt 0.872128 0.16712254
vt 0.85302335 0.14967716
vt 0.87053454 0.15095508
vt 0.892612 0.1678797
vt 0.8902371 0.15244246
vt 0.86367935 0.13333988
vt 0.87460923 0.13667727
vt 0.9134043 0.16731256
vt 0.9123278 0.15149522
vt 0.92888194 0.15201992
vt 0.9303994 0.16685146
vt 0.93253314 0.18113792
vt 0.9149805 0.18147129
vt 0.93714917 0.1942181
vt 0.916825 0.19345015
vt 0.9267318 0.13684666
vt 0.9117663 0.13723034
vt 0.8960444 0.19518948
vt 0.88894516 0.13658279
vt 0.897465 0.13604689
vt 0.9098366 0.122852504
vt 0.923313 0.12344968
vt 0.90908587 0.10702407
vt 0.9227476 0.107798755
vt 0.8940727 0.10672343
vt 0.8930918 0.12130469
vt 0.9096832 0.09100467
vt 0.92329544 0.09126192
vt 0.91077477 0.07484406
vt 0.9246868 0.07492679
vt 0.8803207 0.10670215
vt 0.8786789 0.12218428
vt 0.8802747 0.091001034
vt 0.9122688 0.05855131
vt 0.92780805 0.05850774
vt 0.89468014 0.09091413
vt 0.8948706 0.07513678
vt 0.8948782 0.18234134
vt 0.88449675 0.14171278
vt 0.912909 0.041727662
vt 0.92858094 0.04145795
vt 0.92986083 0.025470912
vt 0.9136067 0.027245104
vt 0.8956052 0.028198719
vt 0.89445597 0.042204857
vt 0.9146842 0.015032649
vt 0.93104607 0.012350559
vt 0.8973359 0.016156137
vt 0.8766075 0.028377235
vt 0.8763019 0.04344392
vt 0.85784405 0.028154373
vt 0.8596441 0.043794215
vt 0.87766325 0.06024748
vt 0.86127067 0.06130904
vt 0.8436127 0.060790956
vt 0.8420521 0.04330635
vt 0.843981 0.020689607
vt 0.8521674 0.017258942
vt 0.8699444 0.08097011
vt 0.8437322 0.07691342
vt 0.87771297 0.01601702
vt 0.89424175 0.05926633
vt 0.8808964 0.07640004
vt 0.8386734 0.02230239
vt 0.57237256 0.84285676
vt 0.58909154 0.8605841
vt 0.5752843 0.86175996
vt 0.58376765 0.84159356
vt 0.5840872 0.8802697
vt 0.5958522 0.8764074
vt 0.56338245 0.84429735
vt 0.56318504 0.8625224
vt 0.59770256 0.8410063
vt 0.602882 0.859376
vt 0.5606418 0.822145
vt 0.61571646 0.8593543
vt 0.61098415 0.8410728
vt 0.57601804 0.822534
vt 0.6082821 0.8737575
vt 0.6201619 0.8731869
vt 0.59277964 0.8226907
vt 0.6085545 0.8225812
vt 0.6263655 0.8822241
vt 0.6268352 0.87339026
vt 0.62867624 0.8788409
vt 0.62692386 0.8997108
vt 0.6390242 0.8963844
vt 0.6136539 0.89948124
vt 0.6156638 0.9137885
vt 0.6265669 0.9134741
vt 0.62538075 0.930145
vt 0.62895095 0.9161049
vt 0.6154784 0.927897
vt 0.6253342 0.9321401
vt 0.61412275 0.9432564
vt 0.6254921 0.94022244
vt 0.6200247 0.9542149
vt 0.61101615 0.95372385
vt 0.6135437 0.9682152
vt 0.62990195 0.96652204
vt 0.59942776 0.95442915
vt 0.60182434 0.9410537
vt 0.5904757 0.94105136
vt 0.5860787 0.9563643
vt 0.57737255 0.9482656
vt 0.5802923 0.93884647
vt 0.56654465 0.9695028
vt 0.5646731 0.95421714
vt 0.54662937 0.9671928
vt 0.549664 0.97893953
vt 0.55182225 0.98953474
vt 0.56731 0.98516154
vt 0.53111976 0.9759555
vt 0.5361218 0.9930713
vt 0.52658194 0.9643996
vt 0.5418319 0.9561183
vt 0.5210276 0.99660575
vt 0.5848497 0.97589785
vt 0.5165695 0.983212
vt 0.51205784 0.970799
vt 0.5566123 0.9469171
vt 0.59877706 0.9700135
vt 0.6040362 0.92813563
vt 0.60214615 0.91431755
vt 0.5755392 0.9453922
vt 0.6379976 0.9192936
vt 0.6264203 0.8689182
vt 0.64727557 0.9406168
vt 0.6474942 0.9626842
vt 0.49825233 0.9765632
vt 0.5018758 0.9889726
vt 0.50176495 0.96024734
vt 0.4930075 0.96467084
vt 0.48396283 0.98125976
vt 0.4869934 0.99282485
vt 0.46929488 0.9848692
vt 0.47340935 0.9963649
vt 0.4548289 0.9876706
vt 0.459765 0.99794996
vt 0.43161392 0.9972992
vt 0.42776734 0.98753184
vt 0.45080897 0.976611
vt 0.43702176 0.9774493
vt 0.44979075 0.96336097
vt 0.4364648 0.96584517
vt 0.43558976 0.9511784
vt 0.44977763 0.9491558
vt 0.46526253 0.9617702
vt 0.46574584 0.94704074
vt 0.46664357 0.9318411
vt 0.48266485 0.9456463
vt 0.48301312 0.9301285
vt 0.4978433 0.9450768
vt 0.4975061 0.9300157
vt 0.4973991 0.95901525
vt 0.49877447 0.91476446
vt 0.48415175 0.9148805
vt 0.46778893 0.91663706
vt 0.482728 0.96003574
vt 0.4226922 0.9529916
vt 0.4233125 0.9385545
vt 0.43552583 0.9369531
vt 0.40887135 0.954191
vt 0.40953878 0.93934286
vt 0.4218689 0.9693258
vt 0.45024493 0.9345265
vt 0.465541 0.97416663
vt 0.4235176 0.9241388
vt 0.41044748 0.92444915
vt 0.5220018 0.95557433
vt 0.61255676 0.88606745
vt 0.65072155 0.91729116
vt 0.48568052 0.8992229
vt 0.5018587 0.89935577
vt 0.46891716 0.90068704
vt 0.45236456 0.9040121
vt 0.45366922 0.8863271
vt 0.4362126 0.908996
vt 0.43841755 0.88811165
vt 0.43963847 0.8706741
vt 0.45577642 0.869721
vt 0.44187212 0.8511942
vt 0.4584225 0.8507294
vt 0.43966594 0.82816225
vt 0.4612276 0.8271515
vt 0.4739282 0.85230845
vt 0.4759561 0.83381057
vt 0.47606382 0.81939083
vt 0.46077552 0.8169912
vt 0.4513934 0.82748854
vt 0.44671768 0.81711143
vt 0.4908856 0.8373292
vt 0.48940313 0.8545956
vt 0.49085003 0.8226492
vt 0.47188985 0.8698862
vt 0.44502017 0.8033309
vt 0.4595561 0.80307996
vt 0.44484484 0.7878366
vt 0.45892593 0.78619915
vt 0.43302548 0.8043672
vt 0.433446 0.7885672
vt 0.42045185 0.7902795
vt 0.41961804 0.80583334
vt 0.40561843 0.80764246
vt 0.40651757 0.79253453
vt 0.40456113 0.8231538
vt 0.41880414 0.82135034
vt 0.40336466 0.8384734
vt 0.41754153 0.8369388
vt 0.42175692 0.77471995
vt 0.40739924 0.77769387
vt 0.43563935 0.77271706
vt 0.44729522 0.77203035
vt 0.46161944 0.7706319
vt 0.43409854 0.8187126
vt 0.4353349 0.83326834
vt 0.42746374 0.87136847
vt 0.43725672 0.91278005
vt 0.42524227 0.8888937
vt 0.41236466 0.88899285
vt 0.41477302 0.87179273
vt 0.43117395 0.8529251
vt 0.42173943 0.7582641
vt 0.40831435 0.76277274
vt 0.50335646 0.8245004
vt 0.50342244 0.8392925
vt 0.4898327 0.80847293
vt 0.50342643 0.80992585
vt 0.49042782 0.79786795
vt 0.5020819 0.7984532
vt 0.47511366 0.80459076
vt 0.47356963 0.78547007
vt 0.5016569 0.8833137
vt 0.48625278 0.88354635
vt 0.50102955 0.86610866
vt 0.4166546 0.8537277
vt 0.46980873 0.8846753
vt 0.5047774 0.85593015
vt 0.4234581 0.90724367
vt 0.41019133 0.90682864
vt 0.43742022 0.7599942
vt 0.59976965 0.88781554
vt 0.6012201 0.90017366
vt 0.5737534 0.94269866
vt 0.45238352 0.7572033
vt 0.4644848 0.7567499
vt 0.45169497 0.92061096
vt 0.4870605 0.78241974
vt 0.4877389 0.7681076
vt 0.50214696 0.7664313
vt 0.5017997 0.7787407
vt 0.5165483 0.76583874
vt 0.5162947 0.7778772
vt 0.502417 0.7546541
vt 0.517302 0.754349
vt 0.530432 0.7663195
vt 0.5301852 0.77896845
vt 0.5320353 0.7528109
vt 0.51695484 0.7896716
vt 0.5293356 0.7899042
vt 0.5437652 0.7922377
vt 0.54404664 0.78067607
vt 0.54368734 0.76795137
vt 0.4879625 0.75531006
vt 0.5077502 0.7914733
vt 0.5574869 0.7708891
vt 0.54667926 0.7532509
vt 0.55478626 0.7571486
vt 0.5522817 0.750845
vt 0.5721314 0.77590775
vt 0.57189345 0.762931
vt 0.5870543 0.7679676
vt 0.5856793 0.78562844
vt 0.5758607 0.7944613
vt 0.5846796 0.79306906
vt 0.54299 0.7545677
vt 0.47492978 0.7698299
vt 0.55815154 0.78257525
vt 0.5591542 0.7911936
vt 0.49922958 0.79333836
vt 0.4371432 0.9239723
vt 0.48714864 0.8699602
vt 0.4077595 0.96943575
vt 0.48098606 0.97132105
vt 0.40902644 0.9866557
vt 0.4755627 0.75782794
vt 0.6239414 0.95285875
vt 0.53814065 0.89747864
vt 0.53833663 0.9033184
vt 0.53080237 0.90279615
vt 0.5106046 0.87334687
vt 0.5099887 0.8549931
vt 0.5185095 0.8600244
vt 0.10062715 0.9013031
vt 0.122317776 0.9005753
vt 0.1012604 0.9037874
vt 0.71130633 0.7540058
vt 0.71064794 0.7384503
vt 0.7272292 0.74180394
vt 0.72660196 0.75650156
vt 0.73248553 0.7299949
vt 0.7321206 0.7289627
vt 0.74379605 0.7479425
vt 0.7456973 0.7343886
vt 0.7595713 0.7534947
vt 0.7603628 0.7356567
vt 0.77494067 0.7341566
vt 0.7751307 0.74613565
vt 0.7892104 0.7322516
vt 0.78965056 0.74478257
vt 0.7269688 0.7699535
vt 0.71278507 0.76780933
vt 0.6993995 0.76627284
vt 0.6969747 0.75253314
vt 0.70212644 0.778981
vt 0.7765195 0.7543881
vt 0.7899814 0.7582964
vt 0.80308324 0.74413484
vt 0.8017629 0.7293348
vt 0.74289995 0.7594589
vt 0.8126088 0.72848594
vt 0.8173506 0.74481744
vt 0.8179426 0.7263087
vt 0.7146489 0.78042966
vt 0.72789705 0.7818066
vt 0.83513635 0.7450962
vt 0.8362711 0.7306059
vt 0.85255504 0.73334074
vt 0.85246795 0.7465118
vt 0.8340564 0.7601517
vt 0.81838953 0.7592442
vt 0.8186938 0.77406704
vt 0.83502036 0.7756888
vt 0.83457017 0.7943524
vt 0.80394256 0.79448
vt 0.85192543 0.77580684
vt 0.8518156 0.79088426
vt 0.8525999 0.8038659
vt 0.8363265 0.80528253
vt 0.83677816 0.8170855
vt 0.8205789 0.81692946
vt 0.8534197 0.816307
vt 0.82136506 0.82976824
vt 0.80580384 0.82967734
vt 0.8052314 0.8160694
vt 0.79032063 0.8167734
vt 0.79083055 0.8299362
vt 0.7761477 0.8301827
vt 0.7753565 0.8174254
vt 0.7766656 0.84239453
vt 0.7911693 0.8422166
vt 0.87009466 0.7990216
vt 0.87072295 0.81561834
vt 0.83747584 0.82926416
vt 0.85362875 0.82891446
vt 0.7896226 0.8050714
vt 0.7743826 0.8057159
vt 0.7890027 0.7946435
vt 0.77388215 0.7952043
vt 0.80352885 0.7908418
vt 0.8022057 0.7762241
vt 0.7767436 0.7744548
vt 0.7587593 0.804049
vt 0.759962 0.8174321
vt 0.75826424 0.7932817
vt 0.76208115 0.842482
vt 0.818828 0.80265427
vt 0.8520064 0.7609984
vt 0.88932186 0.8046075
vt 0.888477 0.8172605
vt 0.9040483 0.8061041
vt 0.9048132 0.8186168
vt 0.90450823 0.832287
vt 0.88836795 0.83053297
vt 0.8692341 0.7868584
vt 0.8701074 0.7347226
vt 0.92103374 0.81971407
vt 0.91998374 0.8341876
vt 0.9209474 0.8064304
vt 0.9375215 0.82049215
vt 0.93484837 0.8351792
vt 0.95233315 0.8250228
vt 0.9481273 0.83694947
vt 0.95800894 0.8158264
vt 0.77576214 0.7761155
vt 0.7592962 0.7609145
vt 0.7754205 0.75624645
vt 0.73952633 0.77430916
vt 0.78887826 0.77640873
vt 0.73862326 0.77408904
vt 0.7166537 0.7919389
vt 0.7293534 0.79293287
vt 0.7309581 0.8047633
vt 0.71783435 0.8048196
vt 0.719112 0.81922984
vt 0.7321226 0.81891143
vt 0.70536464 0.80540526
vt 0.70681715 0.8197118
vt 0.90971595 0.79582363
vt 0.91465276 0.7947508
vt 0.9198785 0.77687633
vt 0.9347198 0.776806
vt 0.90319353 0.79129356
vt 0.70609975 0.7932017
vt 0.77743334 0.76894593
vt 0.8709452 0.8289844
vt 0.7449563 0.80909735
vt 0.74601257 0.7960446
vt 0.76111174 0.8301106
vt 0.7596458 0.7795919
vt 0.9043035 0.7762302
vt 0.9413366 0.8066852
vt 0.8701587 0.7472017
vt 0.8688989 0.76164174
vt 0.88662785 0.7630079
vt 0.8878372 0.74881154
vt 0.90632826 0.7470347
vt 0.90437555 0.76382834
vt 0.92240596 0.74848336
vt 0.9089357 0.7414343
vt 0.9250266 0.7318636
vt 0.9134174 0.7278276
vt 0.93705094 0.7348823
vt 0.9351107 0.7515559
vt 0.9473054 0.73738843
vt 0.9454377 0.7538091
vt 0.9443319 0.7696137
vt 0.9335096 0.76794565
vt 0.92683554 0.7153164
vt 0.91433275 0.71161586
vt 0.9394501 0.718605
vt 0.8884167 0.7358797
vt 0.9399466 0.70289403
vt 0.9275415 0.699285
vt 0.9292794 0.68326634
vt 0.9393978 0.68775
vt 0.9224398 0.677781
vt 0.93906146 0.672379
vt 0.9282538 0.6675408
vt 0.9381831 0.65646124
vt 0.9264605 0.6518701
vt 0.9126821 0.6460515
vt 0.93682975 0.64034325
vt 0.9246991 0.6377274
vt 0.9224444 0.6236022
vt 0.9359134 0.6243172
vt 0.9106221 0.63679785
vt 0.90976894 0.62336004
vt 0.8922223 0.63522136
vt 0.89341915 0.6208248
vt 0.8737312 0.6165475
vt 0.87491035 0.6336591
vt 0.86030966 0.63318557
vt 0.85478 0.6132153
vt 0.89478385 0.61020005
vt 0.8705078 0.610766
vt 0.8890835 0.59826666
vt 0.8648371 0.59169173
vt 0.83664167 0.6085816
vt 0.8518746 0.6089314
vt 0.84328675 0.59617925
vt 0.8424214 0.62621754
vt 0.82429045 0.60888106
vt 0.8254022 0.62266797
vt 0.8115903 0.6068379
vt 0.8108204 0.6204829
vt 0.9094748 0.6103537
vt 0.9226093 0.61020327
vt 0.9076551 0.59608597
vt 0.9141703 0.6609226
vt 0.91562486 0.6807007
vt 0.74780166 0.8430036
vt 0.86854064 0.7755907
vt 0.8863601 0.778072
vt 0.9367585 0.61146027
vt 0.93752384 0.5976313
vt 0.92293906 0.596278
vt 0.9203434 0.76349723
vt 0.9130591 0.69520974
vt 0.89236474 0.7946459
vt 0.7447432 0.8264499
vt 0.74428195 0.7861181
vt 0.9513916 0.778623
vt 0.955114 0.7778648
vt 0.804238 0.7593601
vt 0.75742495 0.7805946
vt 0.8313081 0.9611376
vt 0.82824534 0.93843865
vt 0.83738756 0.94886506
vt 0.8380336 0.9489893
vt 0.8374079 0.9367123
vt 0.8192714 0.93732095
vt 0.81802595 0.95009106
vt 0.74827933 0.66364133
vt 0.7600008 0.64754593
vt 0.74824136 0.6474896
vt 0.74805206 0.63035893
vt 0.75992745 0.6132664
vt 0.74790925 0.6128048
vt 0.7596894 0.630771
vt 0.7484732 0.5954118
vt 0.7603442 0.59576046
vt 0.7604079 0.5770769
vt 0.74809164 0.577188
vt 0.7467778 0.55899936
vt 0.7574729 0.54102427
vt 0.74523634 0.5420171
vt 0.7591369 0.5584018
vt 0.75564414 0.5243645
vt 0.7436668 0.5261907
vt 0.759985 0.6636963
vt 0.7519682 0.9527655
vt 0.762 0.96012264
vt 0.7704533 0.9493101
vt 0.7607253 0.9424149
vt 0.7763868 0.93464386
vt 0.76557654 0.9290259
vt 0.7692993 0.9145142
vt 0.75478476 0.9217018
vt 0.75779015 0.911247
vt 0.7488424 0.9331441
vt 0.7408457 0.9211265
vt 0.740939 0.94266987
vt 0.7795457 0.91805303
vt 0.7821172 0.9004511
vt 0.7708826 0.89975184
vt 0.7806313 0.8852052
vt 0.7586151 0.9016103
vt 0.7552626 0.89089227
vt 0.74741364 0.9108068
vt 0.74477446 0.86639863
vt 0.76358086 0.8744442
vt 0.7571406 0.86218923
vt 0.75029904 0.87831485
vt 0.7499038 0.8494477
vt 0.7379517 0.8536497
vt 0.76872325 0.88693863
vt 0.67474705 0.7391028
vt 0.65781444 0.73988456
vt 0.6543153 0.7285168
vt 0.67061204 0.7275866
vt 0.65090406 0.7163941
vt 0.66644037 0.7154869
vt 0.6863055 0.72619367
vt 0.68143225 0.7141349
vt 0.6916661 0.7379008
vt 0.6376208 0.72918314
vt 0.64041823 0.74058324
vt 0.66282374 0.70244056
vt 0.6475923 0.7030936
vt 0.6774867 0.70134777
vt 0.62322336 0.74114037
vt 0.62096953 0.73007345
vt 0.6038774 0.7307081
vt 0.60547173 0.74164087
vt 0.61954755 0.71764356
vt 0.6034695 0.71852756
vt 0.61813015 0.7032714
vt 0.60313743 0.7056272
vt 0.60129046 0.6905618
vt 0.61473817 0.6867619
vt 0.6028624 0.6812828
vt 0.6108217 0.6664287
vt 0.5950939 0.66110176
vt 0.6302234 0.68885523
vt 0.62660354 0.66977644
vt 0.6240374 0.65197486
vt 0.6084199 0.6484389
vt 0.5985001 0.689913
vt 0.6468627 0.69373256
vt 0.6419497 0.6716838
vt 0.57928985 0.65580356
vt 0.6057566 0.62901676
vt 0.62283325 0.6328677
vt 0.6398838 0.65473175
vt 0.6388665 0.6366359
vt 0.6102617 0.60851645
vt 0.57827353 0.6709698
vt 0.59729826 0.682255
vt 0.561933 0.66656727
vt 0.56424236 0.65151423
vt 0.54711896 0.64759713
vt 0.54500395 0.6619384
vt 0.5658574 0.6354609
vt 0.579477 0.6395901
vt 0.5677433 0.6176839
vt 0.58190006 0.62115663
vt 0.59110034 0.6439218
vt 0.59280515 0.62454194
vt 0.55127084 0.6141903
vt 0.57028705 0.59956616
vt 0.5536391 0.5966157
vt 0.535911 0.59389156
vt 0.5336916 0.6111674
vt 0.556625 0.5801404
vt 0.57383955 0.5827405
vt 0.53843796 0.57756037
vt 0.5598692 0.5643579
vt 0.57754654 0.56723845
vt 0.5903079 0.5850923
vt 0.5943194 0.57048625
vt 0.5413038 0.56175137
vt 0.60557944 0.5870719
vt 0.6106702 0.5728817
vt 0.6130387 0.5630816
vt 0.59626496 0.5575299
vt 0.51930445 0.57526606
vt 0.52175486 0.5595042
vt 0.52428806 0.54429376
vt 0.57929295 0.55399054
vt 0.504398 0.54200727
vt 0.54376596 0.5468131
vt 0.5970194 0.5430981
vt 0.61465067 0.54609644
vt 0.5855692 0.60265464
vt 0.6290142 0.5707857
vt 0.6213397 0.5902494
vt 0.6315592 0.56138855
vt 0.5171198 0.5915158
vt 0.5150475 0.6083971
vt 0.5130195 0.6247694
vt 0.53158647 0.62794924
vt 0.4996933 0.5733226
vt 0.5019354 0.55749327
vt 0.497952 0.5898315
vt 0.4961517 0.6064963
vt 0.48028678 0.5719852
vt 0.49415937 0.6224679
vt 0.54928344 0.63153934
vt 0.6125513 0.5302902
vt 0.59578174 0.5274109
vt 0.5787929 0.52649194
vt 0.48230654 0.5556877
vt 0.46317977 0.5543795
vt 0.4614215 0.5710763
vt 0.54394555 0.6739713
vt 0.5296342 0.6438497
vt 0.5281622 0.6580444
vt 0.5107165 0.6547848
vt 0.47696793 0.62102246
vt 0.4777218 0.6057681
vt 0.45998365 0.60514086
vt 0.45985386 0.6204376
vt 0.44238663 0.6038246
vt 0.44366023 0.61852056
vt 0.4283458 0.6172316
vt 0.42763644 0.6025667
vt 0.4604156 0.5880965
vt 0.44203335 0.5872627
vt 0.44294655 0.57031024
vt 0.42842695 0.5697791
vt 0.42929867 0.55315816
vt 0.41457176 0.6167631
vt 0.4143885 0.60188603
vt 0.4147328 0.5859144
vt 0.5277805 0.67010605
vt 0.5104523 0.66730106
vt 0.52640325 0.53170466
vt 0.506373 0.5292241
vt 0.5455313 0.533607
vt 0.5471767 0.52055585
vt 0.52941483 0.52083707
vt 0.5288505 0.5091972
vt 0.5478977 0.50972956
vt 0.5674768 0.5096497
vt 0.565762 0.5222361
vt 0.5690333 0.49687666
vt 0.5489483 0.496588
vt 0.5099072 0.5058027
vt 0.5299362 0.49594855
vt 0.5503901 0.48365688
vt 0.5700461 0.4845158
vt 0.55192655 0.47215962
vt 0.57102174 0.47350693
vt 0.5551152 0.44663465
vt 0.57224864 0.44661695
vt 0.5392826 0.44418538
vt 0.53616244 0.45976835
vt 0.53948283 0.43111825
vt 0.5556861 0.43179166
vt 0.52322793 0.43034494
vt 0.5236065 0.4411044
vt 0.5223305 0.45327818
vt 0.51132923 0.6405339
vt 0.49354708 0.6373839
vt 0.47737536 0.6345207
vt 0.47897726 0.58884346
vt 0.5765049 0.6830399
vt 0.5877118 0.6867763
vt 0.58883405 0.69268167
vt 0.57687014 0.69277996
vt 0.59544444 0.5117068
vt 0.610765 0.5139674
vt 0.59624237 0.499377
vt 0.61042386 0.4984821
vt 0.62578607 0.51606905
vt 0.62610924 0.4993955
vt 0.62645626 0.4843489
vt 0.6108871 0.48343372
vt 0.611556 0.4732306
vt 0.6266748 0.47175002
vt 0.6427758 0.5000026
vt 0.6261149 0.4580835
vt 0.6105015 0.4604032
vt 0.60159427 0.46166337
vt 0.6034462 0.47451067
vt 0.62503177 0.44361556
vt 0.6095593 0.4456178
vt 0.6074406 0.43206847
vt 0.62386966 0.43038625
vt 0.5821953 0.47738314
vt 0.58058 0.4646914
vt 0.5819953 0.7074531
vt 0.5912239 0.6960703
vt 0.62804836 0.53545207
vt 0.40299857 0.60163426
vt 0.40270624 0.6166817
vt 0.40274408 0.5856437
vt 0.65744394 0.6715728
vt 0.6421623 0.45584154
vt 0.6431034 0.47060442
vt 0.5604355 0.67954314
vt 0.5077301 0.5178817
vt 0.58960396 0.48463345
vt 0.58781046 0.49681926
vt 0.56475514 0.5353326
vt 0.5841483 0.7192883
vt 0.5855365 0.7307432
vt 0.6411796 0.44118005
vt 0.64038795 0.4279586
vt 0.41606826 0.5530019
vt 0.4154691 0.5694922
vt 0.44431585 0.55349797
vt 0.42895147 0.6305395
vt 0.44506764 0.6302176
vt 0.49406424 0.6512729
vt 0.47792172 0.6480209
vt 0.44527587 0.6438011
vt 0.42883644 0.6444861
vt 0.46215197 0.64533377
vt 0.4450474 0.6585263
vt 0.42889887 0.65882826
vt 0.57250744 0.43268913
vt 0.44531593 0.6735044
vt 0.4297392 0.67338216
vt 0.46287218 0.6741369
vt 0.46279627 0.65954196
vt 0.5942347 0.4474672
vt 0.59126467 0.4341339
vt 0.63513064 0.7171233
vt 0.48475024 0.53997296
vt 0.48697624 0.526455
vt 0.46878168 0.52364457
vt 0.47164163 0.51056725
vt 0.45480102 0.5081924
vt 0.4504734 0.52194154
vt 0.43746948 0.5063121
vt 0.4336825 0.5208902
vt 0.4225272 0.5047507
vt 0.41938573 0.52005345
vt 0.40833822 0.50343704
vt 0.40565854 0.5192564
vt 0.44249427 0.49269295
vt 0.459228 0.4958948
vt 0.44766134 0.47983736
vt 0.4645779 0.48405075
vt 0.42605326 0.49039066
vt 0.4044915 0.53622943
vt 0.4520521 0.4673385
vt 0.47063792 0.47035682
vt 0.4345278 0.4656434
vt 0.49292746 0.47688496
vt 0.47738194 0.49114668
vt 0.4905493 0.4899745
vt 0.4903109 0.4568715
vt 0.47848746 0.49726325
vt 0.44669262 0.53742206
vt 0.46157843 0.63237953
vt 0.47318947 0.45690006
vt 0.4549878 0.45556742
vt 0.47856 0.661728
vt 0.4458549 0.6886339
vt 0.4310865 0.68737775
vt 0.4147625 0.64507353
vt 0.6077988 0.7532692
vt 0.6262713 0.75337327
vt 0.49420893 0.66417783
vt 0.462377 0.6894326
vt 0.47839698 0.6897265
vt 0.46153083 0.70417297
vt 0.47747374 0.7052891
vt 0.47653225 0.7185379
vt 0.46128914 0.7176688
vt 0.4761405 0.7308801
vt 0.46091443 0.7306258
vt 0.49246827 0.71940964
vt 0.4932126 0.7060433
vt 0.50910497 0.72070855
vt 0.5094908 0.70707315
vt 0.508973 0.73223096
vt 0.5259404 0.73372763
vt 0.493814 0.69039154
vt 0.5103243 0.69116855
vt 0.5087265 0.74376225
vt 0.5254336 0.7454173
vt 0.44734377 0.7160669
vt 0.44704193 0.7292473
vt 0.49213916 0.7313402
vt 0.5258993 0.72208744
vt 0.5432564 0.7466187
vt 0.43496776 0.7259497
vt 0.43491045 0.71301603
vt 0.43404126 0.6998048
vt 0.4201601 0.69728845
vt 0.4232483 0.7084612
vt 0.4062797 0.696657
vt 0.4087409 0.70641154
vt 0.40463266 0.68461156
vt 0.41868755 0.6852629
vt 0.45956248 0.7429132
vt 0.44546184 0.7427401
vt 0.4449975 0.7560111
vt 0.45658025 0.7554081
vt 0.47590297 0.74301153
vt 0.42754027 0.5865513
vt 0.52766204 0.68063647
vt 0.41504455 0.6595572
vt 0.4172218 0.5362718
vt 0.41562235 0.6736022
vt 0.4033056 0.55315226
vt 0.59902 0.48656654
vt 0.4468623 0.70254105
vt 0.46563727 0.53854805
vt 0.52599376 0.70887554
vt 0.52694947 0.6931288
vt 0.5955492 0.6459424
vt 0.41095218 0.48869038
vt 0.43078643 0.53684044
vt 0.5433244 0.69683075
vt 0.5427547 0.7112134
vt 0.5982303 0.60553247
vt 0.5828125 0.50940645
vt 0.4023735 0.6458044
vt 0.4023981 0.66034126
vt 0.691686 0.6994144
vt 0.69515437 0.71207184
vt 0.7058291 0.7090289
vt 0.70439273 0.69745654
vt 0.70456433 0.6856552
vt 0.6899136 0.686555
vt 0.7172563 0.6961912
vt 0.7185718 0.6854321
vt 0.7297279 0.69827336
vt 0.7323005 0.6864138
vt 0.71914756 0.6728006
vt 0.73257816 0.6731785
vt 0.7047673 0.6726944
vt 0.74479395 0.6883424
vt 0.742309 0.7021096
vt 0.7452855 0.6739801
vt 0.744318 0.6593496
vt 0.73244655 0.659103
vt 0.7321515 0.64429224
vt 0.74378455 0.64412314
vt 0.7318395 0.6297472
vt 0.7429664 0.6290015
vt 0.73115605 0.61573386
vt 0.74211323 0.6145263
vt 0.72984207 0.60154057
vt 0.7407571 0.60023767
vt 0.7180798 0.6031941
vt 0.7279116 0.58678305
vt 0.71593416 0.58818537
vt 0.7130935 0.5726975
vt 0.725768 0.57141334
vt 0.71009886 0.5564375
vt 0.7237912 0.5557764
vt 0.6948885 0.55656964
vt 0.68929505 0.53757805
vt 0.6797276 0.5467426
vt 0.6786546 0.55300957
vt 0.69836885 0.57414716
vt 0.7083125 0.54136795
vt 0.7222331 0.54072434
vt 0.6875507 0.52758133
vt 0.6737834 0.5337233
vt 0.67650944 0.54506457
vt 0.665155 0.54485786
vt 0.66909593 0.5196784
vt 0.68437713 0.51473635
vt 0.65155965 0.5240301
vt 0.7030668 0.589715
vt 0.70607233 0.60597694
vt 0.73951584 0.58568144
vt 0.7377799 0.5702658
vt 0.6734514 0.54699385
vt 0.7189688 0.6170952
vt 0.7191748 0.6304176
vt 0.71952856 0.6442983
vt 0.73634684 0.71585584
vt 0.7237296 0.7100244
vt 0.7275057 0.7280212
vt 0.71921587 0.6587599
vt 0.71273714 0.70485246
vt 0.6748016 0.6875631
vt 0.54305136 0.72357905
vt 0.6893773 0.6727017
vt 0.41480115 0.63095444
vt 0.402101 0.63122
vt 0.40361783 0.56932867
vt 0.5435221 0.73499805
vt 0.54333234 0.6846638
vt 0.690927 0.5928682
vt 0.69186735 0.6127257
vt 0.6864765 0.61047417
vt 0.6831597 0.59850436
vt 0.67648596 0.6049947
vt 0.6676673 0.5930414
vt 0.66607064 0.59579974
vt 0.6553217 0.57992256
vt 0.65255344 0.5863972
vt 0.6446196 0.60069054
vt 0.6583969 0.6087338
vt 0.69148535 0.6212013
vt 0.6725108 0.6187725
vt 0.5615319 0.725815
vt 0.70493585 0.6312184
vt 0.6439278 0.48459005
vt 0.65891755 0.4686573
vt 0.43015903 0.47736716
vt 0.4146056 0.47521293
vt 0.5837277 0.44784677
vt 0.40060112 0.47212684
vt 0.3976026 0.48688245
vt 0.40626678 0.45961052
vt 0.41978377 0.4637683
vt 0.5598581 0.6907336
vt 0.6395067 0.4147557
vt 0.62247396 0.4177605
vt 0.6561922 0.43910277
vt 0.6558537 0.42495924
vt 0.6709881 0.42317545
vt 0.6704984 0.4374764
vt 0.6835883 0.43650794
vt 0.68500596 0.42355222
vt 0.6979696 0.42613798
vt 0.69428957 0.43780833
vt 0.70281225 0.43766284
vt 0.7109705 0.43197763
vt 0.7190666 0.42456263
vt 0.70495874 0.41703707
vt 0.72200805 0.44189787
vt 0.70946056 0.4474839
vt 0.71545184 0.4582491
vt 0.728803 0.45352566
vt 0.73290014 0.46633846
vt 0.72002465 0.47032946
vt 0.70199656 0.46246898
vt 0.70639795 0.4745813
vt 0.6918338 0.4790169
vt 0.6879965 0.46624994
vt 0.71088755 0.48751426
vt 0.69592345 0.49156237
vt 0.7243482 0.4836381
vt 0.73664314 0.48000562
vt 0.6731335 0.46887815
vt 0.67634684 0.4834888
vt 0.69119304 0.41178894
vt 0.67156404 0.45283866
vt 0.68575543 0.45130157
vt 0.6557151 0.41143084
vt 0.68904805 0.6584821
vt 0.6721122 0.6585702
vt 0.6713386 0.64389473
vt 0.6885067 0.6445867
vt 0.6546593 0.642069
vt 0.6598882 0.68835884
vt 0.43839103 0.45488644
vt 0.6799038 0.5794263
vt 0.664542 0.5625391
vt 0.43998262 0.44416898
vt 0.45603508 0.4442892
vt 0.426405 0.44568706
vt 0.45574585 0.43377602
vt 0.4381655 0.43382072
vt 0.42235637 0.4386977
vt 0.7051534 0.6442446
vt 0.73926646 0.49461627
vt 0.4735224 0.44573748
vt 0.4910488 0.4480008
vt 0.72796786 0.49760997
vt 0.7057388 0.6184277
vt 0.56261164 0.71556747
vt 0.586583 0.74150366
vt 0.5879891 0.7523125
vt 0.47326863 0.43512428
vt 0.490862 0.43760538
vt 0.5065701 0.45230424
vt 0.49821994 0.46151805
vt 0.73603153 0.5549743
vt 0.7344649 0.5399143
vt 0.63271916 0.70299864
vt 0.47866413 0.6754393
vt 0.5616923 0.73627836
vt 0.7050351 0.6584157
vt 0.62641263 0.6124463
vt 0.64179367 0.617803
vt 0.50409985 0.46328926
vt 0.48899075 0.5141739
vt 0.42445228 0.45388675
vt 0.4034729 0.67335683
vt 0.5320307 0.48254997
vt 0.53357047 0.46938264
vt 0.5191849 0.46604842
vt 0.72097224 0.52614355
vt 0.705997 0.5259415
vt 0.49422225 0.67653996
vt 0.51264465 0.49455726
vt 0.65388453 0.6245424
vt 0.65577096 0.65650624
vt 0.6753721 0.4993406
vt 0.56421983 0.74915665
vt 0.51591957 0.4805931
vt 0.5324544 0.4652142
vt 0.5073341 0.43881094
vt 0.5107401 0.6775684
vt 0.7378863 0.5169064
vt 0.63316983 0.5950445
vt 0.63996774 0.58133
vt 0.70130813 0.72416484
vt 0.7083578 0.7363457
vt 0.63894314 0.51919585
vt 0.63852996 0.5341133
vt 0.65547824 0.54276717
vt 0.57956743 0.54048574
vt 0.5625612 0.5501243
vt 0.71337104 0.7187593
vt 0.49254575 0.742992
vt 0.6310322 0.5477631
vt 0.6743422 0.40933037
vt 0.5072465 0.42875206
vt 0.41376904 0.44830847
vt 0.4798365 0.5026564
vt 0.4895278 0.50365394
vt 0.6569573 0.45404172
vt 0.6973907 0.4501288
vt 0.67307705 0.67273724
vt 0.65970314 0.48325503
vt 0.561754 0.70216995
vt 0.7081443 0.50647515
vt 0.66929823 0.63027436
vt 0.68829626 0.6325968
vt 0.64637476 0.56901604
vt 0.6568394 0.49948144
vt 0.64775354 0.55069464
vt 0.58170176 0.43787158
vt 0.6467727 0.7476741
vt 0.65855956 0.7679926
vt 0.637673 0.7713649
vt 0.621278 0.7616503
vt 0.6816884 0.7698878
vt 0.66224164 0.7478208
vt 0.63739026 0.7506856
vt 0.6936544 0.40470862
vt 0.6833425 0.3993349
vt 0.6880317 0.38519895
vt 0.67159075 0.39349163
vt 0.6765778 0.37751794
vt 0.65998036 0.388636
vt 0.654918 0.40664142
vt 0.6457404 0.40290236
vt 0.6473904 0.38333285
vt 0.6273644 0.39548063
vt 0.6320078 0.37901366
vt 0.6382173 0.37045336
vt 0.6405792 0.35809755
vt 0.64928097 0.37001884
vt 0.6453364 0.35313737
vt 0.66897184 0.36789548
vt 0.66860265 0.35505223
vt 0.6680341 0.33956861
vt 0.65383196 0.3401028
vt 0.6508512 0.32189727
vt 0.667495 0.3238867
vt 0.66638803 0.31020916
vt 0.14363864 0.75277156
vt 0.1557633 0.7399014
vt 0.16194944 0.7539214
vt 0.13777542 0.73765117
vt 0.17981926 0.74157894
vt 0.18460134 0.7530491
vt 0.20572092 0.73904985
vt 0.20977978 0.7503976
vt 0.23376738 0.73559505
vt 0.23692946 0.74756426
vt 0.22951496 0.7194745
vt 0.2584057 0.72165984
vt 0.22820841 0.7131195
vt 0.25635526 0.7110868
vt 0.26088294 0.73127395
vt 0.263154 0.74186987
vt 0.22642983 0.70132387
vt 0.25449523 0.7014635
vt 0.28571564 0.71155715
vt 0.28378218 0.70067066
vt 0.19956432 0.7032951
vt 0.20021045 0.71150047
vt 0.17092137 0.7101288
vt 0.17137323 0.69901663
vt 0.14060554 0.6974302
vt 0.14453293 0.7075196
vt 0.11458412 0.66652745
vt 0.123120785 0.69330525
vt 0.12760706 0.7038429
vt 0.20167828 0.7247971
vt 0.312386 0.6912687
vt 0.32353517 0.70615774
vt 0.34072953 0.7045931
vt 0.32838795 0.6718368
vt 0.29840383 0.68119425
vt 0.31255051 0.6626146
vt 0.32209343 0.7208386
vt 0.124469265 0.7378756
vt 0.12881385 0.7510392
vt 0.11560191 0.74707735
vt 0.11058307 0.73651594
vt 0.14968252 0.72528267
vt 0.33891872 0.6496548
vt 0.32754493 0.6445287
vt 0.35165328 0.6513078
vt 0.3454104 0.67627877
vt 0.3543933 0.622959
vt 0.34407848 0.62227714
vt 0.36555007 0.6233384
vt 0.3633779 0.6496973
vt 0.35328785 0.591447
vt 0.36644956 0.5918749
vt 0.3685812 0.5560019
vt 0.35693443 0.55740196
vt 0.35081872 0.5253923
vt 0.36767575 0.52585983
vt 0.38264373 0.52497697
vt 0.38143972 0.55327666
vt 0.40023315 0.5211622
vt 0.39497063 0.5476346
vt 0.36705577 0.5031677
vt 0.35102347 0.50104904
vt 0.35483125 0.4848354
vt 0.36764747 0.4861015
vt 0.3533649 0.4714303
vt 0.3667379 0.4722097
vt 0.34124613 0.4690336
vt 0.34496987 0.4827814
vt 0.33990118 0.4526267
vt 0.35122108 0.4580751
vt 0.32892 0.4629913
vt 0.33458173 0.47987175
vt 0.3263619 0.44654346
vt 0.36415553 0.46034998
vt 0.34641477 0.5585933
vt 0.3429184 0.52647805
vt 0.3824103 0.50306445
vt 0.39736643 0.50108755
vt 0.33698645 0.5604064
vt 0.3337535 0.5284328
vt 0.3792683 0.59476966
vt 0.3235106 0.53292507
vt 0.32485977 0.5639887
vt 0.3119677 0.56696725
vt 0.31014404 0.5382501
vt 0.329011 0.4890862
vt 0.33420512 0.4948113
vt 0.3110051 0.49991506
vt 0.2883621 0.47846568
vt 0.29061744 0.46006238
vt 0.3156572 0.47384125
vt 0.11949905 0.7273931
vt 0.10558475 0.72715926
vt 0.3766212 0.62399346
vt 0.37520516 0.64851767
vt 0.34518737 0.7098561
vt 0.3512588 0.69060385
vt 0.32007924 0.7334554
vt 0.3409275 0.725443
vt 0.3611306 0.70016015
vt 0.35343924 0.71408516
vt 0.3193918 0.7458074
vt 0.34174937 0.7404897
vt 0.35657558 0.7321655
vt 0.29347533 0.74059623
vt 0.37755272 0.6991313
vt 0.371053 0.7112644
vt 0.38540694 0.71786684
vt 0.39242038 0.70333594
vt 0.38089138 0.68358165
vt 0.34496623 0.59190726
vt 0.33598444 0.5931248
vt 0.39535934 0.68462956
vt 0.3660473 0.6848882
vt 0.36718476 0.66624326
vt 0.109067276 0.6834771
vt 0.10234834 0.6608728
vt 0.09926502 0.63443696
vt 0.10959658 0.6378391
vt 0.10723326 0.607935
vt 0.097109206 0.60596925
vt 0.108148 0.57609457
vt 0.09458367 0.57369506
vt 0.11494344 0.5780631
vt 0.11714914 0.6108721
vt 0.103256114 0.53927684
vt 0.090586804 0.5349879
vt 0.10515397 0.5033127
vt 0.094034985 0.49766022
vt 0.1217143 0.51833284
vt 0.11538941 0.54771584
vt 0.10983828 0.48832178
vt 0.104284994 0.47352964
vt 0.13054381 0.50085783
vt 0.12545179 0.5554843
vt 0.13578987 0.5331809
vt 0.1201558 0.64117146
vt 0.13508536 0.6771394
vt 0.09160818 0.6574324
vt 0.09532558 0.6782444
vt 0.11375429 0.70361954
vt 0.0932619 0.70475996
vt 0.2918358 0.7433354
vt 0.3816189 0.66295856
vt 0.14759965 0.51722604
vt 0.38851884 0.6254021
vt 0.11413989 0.4833269
vt 0.11202531 0.4859264
vt 0.12380071 0.46131372
vt 0.13027392 0.47222942
vt 0.14414246 0.48864484
vt 0.16319284 0.47760415
vt 0.15486759 0.46614575
vt 0.18752474 0.46410656
vt 0.18285239 0.4562319
vt 0.15103045 0.4545011
vt 0.17482917 0.48491776
vt 0.19669941 0.4741028
vt 0.22342652 0.45827365
vt 0.39572418 0.4849509
vt 0.34329677 0.49893057
vt 0.39145696 0.600474
vt 0.36032814 0.71616966
vt 0.37779993 0.73221254
vt 0.36720318 0.74703354
vt 0.28818667 0.7227315
vt 0.35763532 0.67286986
vt 0.33477363 0.62128615
vt 0.38196573 0.48575068
vt 0.38155645 0.47064388
vt 0.39538002 0.46891093
vt 0.30849743 0.44146013
vt 0.3112543 0.45750475
vt 0.28693655 0.4486876
vt 0.28402108 0.43662703
vt 0.26061922 0.4573257
vt 0.2556137 0.4386679
vt 0.3928882 0.45290196
vt 0.38017407 0.45639408
vt 0.16201085 0.5031553
vt 0.17794497 0.44651592
vt 0.21148475 0.44236445
vt 0.38507527 0.64318717
vt 0.17388406 0.7253284
vt 0.13277596 0.7233311
vt 0.12716189 0.5805501
vt 0.2941906 0.22331119
vt 0.28878567 0.18669045
vt 0.29290274 0.18493545
vt 0.91661733 0.32086647
vt 0.9031374 0.3012178
vt 0.9138159 0.296727
vt 0.9296028 0.25786245
vt 0.9206486 0.2654292
vt 0.9083088 0.24354303
vt 0.91817904 0.22970343
vt 0.8994643 0.25598538
vt 0.9099951 0.2745006
vt 0.88472545 0.24038303
vt 0.89066553 0.26646936
vt 0.8918828 0.2278359
vt 0.8735655 0.21400303
vt 0.8828875 0.38148165
vt 0.8933868 0.39329648
vt 0.87533796 0.41607308
vt 0.90521586 0.3670563
vt 0.91787595 0.37212133
vt 0.90824234 0.3438753
vt 0.8962213 0.34089506
vt 0.91989255 0.3454585
vt 0.90600127 0.32195807
vt 0.8946146 0.32217872
vt 0.89214873 0.30539405
vt 0.889104 0.28991735
vt 0.8808045 0.30832303
vt 0.89957666 0.28197563
vt 0.88184947 0.27644086
vt 0.8715355 0.2639749
vt 0.87297016 0.28612447
vt 0.8778257 0.25240397
vt 0.8632772 0.23879552
vt 0.86791533 0.22661662
vt 0.8459071 0.22959805
vt 0.8513264 0.20511472
vt 0.8483915 0.21754062
vt 0.85281664 0.19542396
vt 0.8785024 0.2023207
vt 0.7337893 0.37501025
vt 0.7351809 0.40253866
vt 0.72161233 0.38476616
vt 0.7624227 0.4053651
vt 0.75305873 0.4170444
vt 0.7955457 0.43439066
vt 0.77316755 0.42818153
vt 0.7806588 0.41590238
vt 0.8011358 0.41998732
vt 0.78719455 0.4027061
vt 0.8223971 0.4327637
vt 0.8248403 0.41710973
vt 0.8259402 0.4011259
vt 0.8485509 0.41118526
vt 0.85093707 0.42645192
vt 0.8682686 0.4008988
vt 0.86113185 0.3864138
vt 0.8450497 0.3960576
vt 0.8731974 0.37072867
vt 0.8643158 0.36093783
vt 0.8815647 0.35373086
vt 0.870434 0.34679502
vt 0.8930512 0.360368
vt 0.8844358 0.3375064
vt 0.88297766 0.32181954
vt 0.87785757 0.29667425
vt 0.8645373 0.2758819
vt 0.8540039 0.26458824
vt 0.85857797 0.25161296
vt 0.8433598 0.24243456
vt 0.8240704 0.22498465
vt 0.82400495 0.23793894
vt 0.82398313 0.21255118
vt 0.7954068 0.22101897
vt 0.7929735 0.20703769
vt 0.72644514 0.35347378
vt 0.7138015 0.3604678
vt 0.7080283 0.3295257
vt 0.72171193 0.32629454
vt 0.70384413 0.29547572
vt 0.7385838 0.3475083
vt 0.7358033 0.32455838
vt 0.7369665 0.30129015
vt 0.74965686 0.3235197
vt 0.7517842 0.3423944
vt 0.7443707 0.36707067
vt 0.7566592 0.35928512
vt 0.7559071 0.381477
vt 0.76620287 0.37210566
vt 0.76829284 0.3524511
vt 0.771241 0.39340866
vt 0.77958065 0.3822754
vt 0.7761259 0.3633229
vt 0.79380023 0.3894378
vt 0.79956484 0.37591004
vt 0.80923223 0.39124978
vt 0.80552566 0.40468562
vt 0.8125201 0.37683988
vt 0.80395925 0.36514652
vt 0.8263383 0.38843477
vt 0.8258277 0.37476194
vt 0.82492554 0.3638214
vt 0.83826756 0.3697729
vt 0.84208757 0.38320667
vt 0.8545088 0.3738932
vt 0.8408827 0.2554394
vt 0.82419544 0.25069308
vt 0.80407274 0.24901521
vt 0.79938877 0.23510015
vt 0.78253305 0.25162655
vt 0.7650469 0.22395766
vt 0.7737677 0.23797083
vt 0.72069573 0.29833698
vt 0.71354747 0.26552665
vt 0.7310393 0.273517
vt 0.7368704 0.24031305
vt 0.74692845 0.28088892
vt 0.751033 0.2519911
vt 0.7521448 0.30417705
vt 0.761647 0.28765982
vt 0.76366675 0.26324773
vt 0.8143785 0.36604393
vt 0.835014 0.35998285
vt 0.7947278 0.36044687
vt 0.7874381 0.37064755
vt 0.7843614 0.35593116
vt 0.79066324 0.26455092
vt 0.77518463 0.27409172
vt 0.7455131 0.39161432
vt 0.82454836 0.19937044
vt 0.7921808 0.19356054
vt 0.8478337 0.36068898
vt 0.85595804 0.35167813
vt 0.86141646 0.34082496
vt 0.7250547 0.41490787
vt 0.7092392 0.3967678
vt 0.7429934 0.42959803
vt 0.76322794 0.44091284
vt 0.78887266 0.44887018
vt 0.8699068 0.32058597
vt 0.86690533 0.3110162
vt 0.8614926 0.32909352
vt 0.8721259 0.3333937
vt 0.8184165 0.4497198
vt 0.8154091 0.46556568
vt 0.8519724 0.4427637
vt 0.85045326 0.45612943
vt 0.88327 0.44631642
vt 0.8810339 0.43197393
vt 0.9422402 0.34592497
vt 0.9267839 0.31919593
vt 0.9362431 0.3168677
vt 0.931409 0.34650576
vt 0.92479044 0.2917384
vt 0.93490756 0.28736174
vt 0.90811497 0.40966463
vt 0.9206057 0.4242038
vt 0.93191546 0.37673485
vt 0.9431059 0.37827873
vt 0.9220682 0.45216012
vt 0.7648851 0.3231268
vt 0.76546454 0.3381425
vt 0.7668021 0.30823147
vt 0.7762699 0.2960806
vt 0.78760445 0.28587568
vt 0.7776768 0.33479738
vt 0.77883714 0.34663934
vt 0.7987536 0.27730763
vt 0.6752861 0.33851194
vt 0.6878411 0.3773347
vt 0.6873013 0.3791988
vt 0.6990463 0.3699177
vt 0.6855103 0.33887076
vt 0.6695527 0.3053714
vt 0.6777139 0.29722548
vt 0.67080224 0.2615044
vt 0.6865385 0.29149544
vt 0.69453955 0.33447373
vt 0.7174871 0.2271632
vt 0.7542074 0.21033013
vt 0.6949182 0.25822163
vt 0.6512119 0.23355609
vt 0.6740552 0.21390969
vt 0.65012825 0.2027412
vt 0.6710784 0.18310219
vt 0.6524774 0.2727434
vt 0.69099367 0.38317406
vt 0.86383873 0.30435205
vt 0.860732 0.2990442
vt 0.85719055 0.2875343
vt 0.84979725 0.2773484
vt 0.85848606 0.31855083
vt 0.8556727 0.30992043
vt 0.85217845 0.29935747
vt 0.8463847 0.28812456
vt 0.84937394 0.31275463
vt 0.84382176 0.3032502
vt 0.8372247 0.29352498
vt 0.83786803 0.2800274
vt 0.82760495 0.28681588
vt 0.8386234 0.26831496
vt 0.82490414 0.2636528
vt 0.77874047 0.31204557
vt 0.7772184 0.32365322
vt 0.7856944 0.3018577
vt 0.8126696 0.27543545
vt 0.8164096 0.28679037
vt 0.82601726 0.27614963
vt 0.80484545 0.2879429
vt 0.808033 0.2618515
vt 0.79449064 0.29336655
vt 0.84946215 0.34395134
vt 0.85286164 0.333987
vt 0.85177004 0.32308173
vt 0.84280014 0.31625032
vt 0.7931904 0.31733298
vt 0.79299575 0.32449996
vt 0.79673135 0.30991983
vt 0.8094278 0.32108283
vt 0.8072825 0.3236243
vt 0.8115655 0.3185466
vt 0.81482184 0.3219149
vt 0.8028352 0.30390823
vt 0.81098646 0.3005004
vt 0.8159452 0.31438684
vt 0.8198113 0.2995206
vt 0.82002085 0.32225263
vt 0.8130168 0.3257451
vt 0.8213824 0.31342608
vt 0.8259264 0.32394332
vt 0.8231274 0.32959437
vt 0.8277523 0.3156628
vt 0.83284587 0.32825416
vt 0.8296804 0.33441144
vt 0.8347406 0.32029867
vt 0.82848644 0.30128348
vt 0.8433712 0.32667518
vt 0.8413251 0.33551347
vt 0.8356752 0.30902547
vt 0.8370564 0.34295988
vt 0.8431078 0.35249197
vt 0.8248496 0.33751488
vt 0.8310391 0.34876394
vt 0.8190518 0.3330906
vt 0.81974083 0.33836812
vt 0.81546247 0.33229756
vt 0.8163496 0.3380853
vt 0.81761193 0.3271842
vt 0.8113574 0.33021116
vt 0.80728376 0.3273127
vt 0.8076023 0.33162677
vt 0.79435974 0.33087432
vt 0.80380857 0.3330227
vt 0.7998016 0.3420763
vt 0.8033174 0.3471136
vt 0.8101752 0.33478212
vt 0.8129502 0.33780086
vt 0.80842596 0.35167956
vt 0.81587803 0.35272634
vt 0.82334435 0.35162884
vt 0.5223773 0.8984392
vt 0.5141152 0.90329593
vt 0.5137513 0.89245063
vt 0.5240845 0.901714
vt 0.52679706 0.90788156
vt 0.52646106 0.89787054
vt 0.53095835 0.907443
vt 0.6389455 0.8899199
vt 0.6437356 0.8864183
vt 0.6589676 0.889248
vt 0.6591076 0.89341927
vt 0.6390855 0.8940912
vt 0.65409356 0.8902467
vt 0.54112446 0.8868407
vt 0.53901505 0.89116037
vt 0.5354979 0.8933914
vt 0.5352739 0.8867173
vt 0.53469163 0.8942536
vt 0.5314378 0.8993738
vt 0.5263491 0.8945335
vt 0.21646488 0.22174346
vt 0.21607292 0.21006393
vt 0.22117974 0.21291375
vt 0.22030161 0.21630633
vt 0.2218847 0.20903373
vt 0.22293797 0.21553117
vt 0.22222067 0.2190448
vt 0.4303756 0.12519932
vt 0.43301612 0.12922066
vt 0.43059957 0.13187337
vt 0.7810893 0.88082975
vt 0.78170145 0.87365
vt 0.7911722 0.87162644
vt 0.79167014 0.886465
vt 0.78857756 0.85817224
vt 0.7770086 0.8624734
vt 0.77698094 0.8826127
vt 0.7670816 0.87550133
vt 0.6835415 0.9304804
vt 0.68085307 0.91539884
vt 0.6953069 0.913928
vt 0.6988124 0.9286147
vt 0.6929646 0.89818686
vt 0.67725104 0.9000257
vt 0.6888946 0.88326776
vt 0.6730933 0.8849236
vt 0.7094166 0.89472467
vt 0.7061683 0.87997454
vt 0.7239058 0.8758918
vt 0.72796166 0.8920065
vt 0.66159815 0.9007132
vt 0.6605021 0.8859296
vt 0.6663348 0.93143487
vt 0.66759086 0.9448495
vt 0.6858738 0.9450938
vt 0.6541498 0.9323074
vt 0.65558374 0.9456728
vt 0.6682955 0.95047593
vt 0.6807116 0.9558037
vt 0.6550695 0.9587533
vt 0.6522738 0.9177077
vt 0.6649644 0.9212736
vt 0.6607067 0.86966336
vt 0.6866889 0.8690843
vt 0.6483594 0.86857593
vt 0.7119079 0.911412
vt 0.7156008 0.92699605
vt 0.7312085 0.90836626
vt 0.6786041 0.9714413
vt 0.6626586 0.96761274
vt 0.6938313 0.96454155
vt 0.6963742 0.9800145
vt 0.7003468 0.9808894
vt 0.7070799 0.9707394
vt 0.70824575 0.95839727
vt 0.6786244 0.983943
vt 0.6627138 0.9798474
vt 0.6481476 0.965028
vt 0.64976645 0.9773182
vt 0.70378554 0.8658723
vt 0.71873605 0.8609942
vt 0.6477025 0.90345556
vt 0.69989854 0.94785786
vt 0.7336834 0.925563
vt 0.7125941 0.8466541
vt 0.699931 0.85225725
vt 0.7062917 0.8316697
vt 0.69328755 0.8363811
vt 0.7013336 0.81434625
vt 0.6871673 0.8191326
vt 0.69576204 0.7972757
vt 0.68194795 0.8026237
vt 0.6719435 0.82367426
vt 0.6666761 0.807899
vt 0.6518188 0.81352234
vt 0.65631664 0.82718563
vt 0.67784184 0.7881287
vt 0.67873967 0.8402719
vt 0.6925889 0.7834882
vt 0.674003 0.7746977
vt 0.689103 0.77047426
vt 0.66218394 0.7934606
vt 0.6473163 0.79947203
vt 0.65866625 0.77867573
vt 0.64205694 0.78353137
vt 0.6624111 0.84173894
vt 0.69191766 0.85946006
vt 0.66923195 0.8581269
vt 0.69479245 0.99077463
vt 0.7042353 0.9832027
vt 0.7284351 0.9469204
vt 0.73873144 0.9266605
vt 0.73904467 0.94545615
vt 0.7402026 0.9705002
vt 0.72525465 0.97304857
vt 0.5153918 0.8915604
vt 0.51333904 0.8801653
vt 0.51469195 0.8707041
vt 0.51384383 0.8854963
vt 0.53382945 0.8934473
vt 0.5334375 0.8817677
vt 0.53445303 0.8871423
vt 0.22358121 0.20981199
vt 0.22539559 0.21410316
vt 0.22383319 0.21732026
vt 0.29877615 0.21062934
vt 0.2998439 0.2175597
vt 0.29961604 0.23565704
vt 0.22502574 0.20308197
vt 0.22522731 0.21059191
vt 0.22430573 0.20651317
vn -0.68112296 -0.099946216 0.7253153
vn -0.6959576 -0.023206607 0.7177078
vn 0 0 0
vn 0 0 0
vn -0.68112296 -0.099946216 0.7253153
vn 0 0 0
vn -0.6959576 -0.023206607 0.7177078
vn -0.9890739 0.055679984 -0.13650125
vn -0.9997941 0.016900452 0.011227329
vn -0.98186 -0.14940351 0.11674571
vn -0.70605946 0.054801125 -0.70602894
vn -0.75099146 0.041454576 -0.6590094
vn -0.67155236 -0.54016006 -0.50719273
vn -0.72590023 0.05620486 -0.6854997
vn 0.1598107 -0.9830319 0.0900484
vn -0.43605775 0.50757056 -0.74311894
vn -0.86934465 -0.204641 -0.44984654
vn 0.61670995 -0.10365307 0.7803364
vn 0.2278566 -0.14807485 0.96236956
vn 0 0 0
vn 0.7369126 -0.05472759 0.673769
vn 0.6943411 0.03577546 0.71875626
vn 0.67256844 -0.020934725 0.7397387
vn -0.00038200675 0.053973034 -0.9985423
vn -0.13520126 0.97275686 -0.18832068
vn 0.0065694954 0.98524535 -0.17102192
vn 0.011762291 0.064932 -0.9978204
vn 0.14708611 0.9739549 -0.17256151
vn 0.7046158 0.003541901 0.70958024
vn 0.6652955 -0.08931205 0.7412188
vn 0.60392946 -0.41400465 0.68107957
vn -0.6955469 0.121495254 0.7081337
vn -1 0 0
vn -0.60591215 0.44012085 0.6626946
vn -0.60591215 0.44012085 0.6626946
vn -1 0 0
vn -0.6955469 0.121495254 0.7081337
vn -1 0 0
vn 0.013726275 0.47799444 -0.8782556
vn 0.045256834 0.41885385 -0.9069252
vn -0.06520473 0.29375106 -0.9536554
vn -0.6695703 -0.0756278 0.7388884
vn 0 0 0
vn 0 0 0
vn -0.68112296 -0.099946216 0.7253153
vn 0 0 0
vn 0 0 0
vn -0.9974735 0.021759972 0.06762559
vn -0.99400276 0.04922621 0.0976489
vn -0.7515267 0.005922124 -0.6596761
vn -0.9931417 -0.010077677 -0.116481565
vn -0.72540516 -0.0727581 -0.68446594
vn -0.70663923 -0.063158594 -0.7047496
vn -0.84996134 -0.5229856 -0.06365368
vn -0.527362 -0.69304025 -0.49151248
vn -0.5745674 -0.49828908 -0.6492922
vn -0.60015047 -0.23737691 -0.7638532
vn -0.70264596 0.00033192188 -0.71153957
vn -0.27703124 -0.7093738 -0.6481069
vn -0.9499989 0.27191064 -0.15351449
vn -0.7024243 0.23437661 -0.6720623
vn -0.4955484 0.6907602 -0.52657586
vn -0.7377199 0.005910279 -0.6750811
vn -0.581723 0.22522774 -0.7815823
vn -0.7059675 -0.00041247066 -0.70824414
vn -0.7059318 -0.000004345616 -0.70827985
vn -0.6888443 0.04569598 -0.7234676
vn -0.69719005 -0.02252526 -0.7165324
vn -0.69174886 0.084085904 -0.7172259
vn -0.40939084 0.7590863 -0.50614935
vn -0.7074603 0.085326016 -0.7015835
vn -0.46547848 0.76080656 -0.45222032
vn -0.70571464 -0.020760607 -0.70819193
vn -0.7012123 0.06517402 -0.7099674
vn -0.63522357 -0.4577334 -0.6220701
vn -0.70894784 -0.019904934 -0.70497996
vn -0.5990195 -0.44992363 -0.6623778
vn -0.9307695 0.20878005 -0.30013177
vn -0.5942546 0.55967647 -0.57760173
vn -0.6956318 0.69506043 -0.18162425
vn -0.570998 0.68083936 -0.45871454
vn -0.726656 0.1244068 -0.6756433
vn -0.5342469 0.5195044 -0.66685486
vn -0.61678845 0.6263106 -0.4767673
vn -0.32556614 0.5279054 -0.784425
vn -0.69954884 0.23917168 -0.67337084
vn -0.36917132 0.30090797 -0.8792991
vn 0.042569466 0.4332136 -0.9002854
vn -0.51474994 0.47805765 -0.7116835
vn -0.44062546 0.81381994 -0.37887508
vn -0.65067774 0.40256274 -0.6438647
vn -0.714177 0.049802095 -0.69819117
vn -0.7832482 0.16188583 -0.60026264
vn -0.7056671 -0.025197519 -0.7080954
vn -0.7105087 0.00970563 -0.70362145
vn -0.6208902 -0.51060194 -0.594795
vn -0.67821425 -0.43452266 -0.5926344
vn -0.71222967 -0.0073883575 -0.70190763
vn -0.76027703 -0.39978504 -0.51200664
vn -0.7001893 -0.22844471 -0.6764229
vn -0.8791669 0.030987527 -0.47550532
vn -0.646135 0.09727166 -0.7569992
vn -0.8385645 0.006029335 -0.544769
vn -0.62829244 -0.04189073 -0.7768486
vn -0.63268614 -0.13624378 -0.7623292
vn -0.6319671 -0.16833065 -0.75649345
vn -0.6244675 -0.27393618 -0.7314365
vn -0.7444036 -0.13585113 -0.65376425
vn -0.7310666 -0.30319205 -0.6112416
vn -0.7098501 -0.19907372 -0.67563486
vn -0.6981065 0.1879768 -0.6908777
vn -0.635757 -0.1475609 -0.7576535
vn -0.29516554 0.07716124 -0.9523253
vn -0.8374149 0.54384863 -0.05445056
vn -0.9351015 0.33006912 -0.12899423
vn -0.9219566 0.24142109 -0.30283967
vn -0.84956396 0.30492103 -0.43042335
vn -0.53244597 0.65539426 -0.5356862
vn -0.6945211 0.28163216 -0.6620602
vn -0.71475655 0.05813706 -0.69695276
vn -0.6757369 0.35540435 -0.64580756
vn -0.70754623 -0.0017695088 -0.7066648
vn -0.6965533 -0.0056019127 -0.7174832
vn -0.7078038 0.00007252333 -0.7064091
vn -0.69641197 0.0000045691672 -0.71764225
vn -0.6518013 -0.29353872 -0.69927824
vn -0.47644702 0.0009624047 -0.87920266
vn -0.16883819 -0.28859994 -0.94244564
vn -0.99670005 0.07180136 0.037862595
vn -0.9999132 0.004156307 0.012499584
vn -0.8083751 0.5844952 0.0699644
vn -0.82493675 0.552294 -0.12021096
vn -0.9899086 0.035242356 -0.13725524
vn -0.8937849 0.1159343 -0.43325263
vn -0.8570902 -0.050212488 -0.5127135
vn -0.6644398 0.018238507 -0.74711925
vn -0.6597292 0.029567193 -0.7509216
vn -0.6187863 0.39322087 -0.68005943
vn -0.6870061 0.33580014 -0.64440733
vn -0.49480078 0.72293615 -0.48221937
vn -0.7209131 0.24660864 -0.6476639
vn -0.549118 0.6605097 -0.5120511
vn -0.6673001 0.14454395 -0.73062825
vn -0.52349055 0.6761224 -0.51847476
vn -0.695013 -0.22015646 -0.6844619
vn -0.6789025 -0.049922556 -0.7325293
vn -0.67253375 -0.23962586 -0.7001984
vn -0.5657189 -0.4832478 -0.6681569
vn -0.6835084 -0.18262401 -0.70672816
vn -0.6876307 0.15489478 -0.7093459
vn -0.6643867 0.09067963 -0.7418676
vn -0.72021294 0.13481973 -0.680527
vn -0.6029926 0.4915742 -0.6282951
vn -0.6442827 0.107482135 -0.757197
vn -0.69972044 0.13375518 -0.7017841
vn -0.76146376 -0.19195564 -0.61913323
vn -0.67281747 0.6525797 -0.3485059
vn -0.5168194 0.6494643 -0.55775785
vn -0.47665352 0.67424226 -0.5640911
vn -0.496903 0.7332605 -0.46412975
vn -0.6050695 0.5484135 -0.5771772
vn -0.40490288 0.35337666 -0.84331405
vn -0.30944356 0.7486624 -0.5863014
vn -0.7120203 0.0733091 -0.69832146
vn -0.4326102 0.025745612 -0.9012134
vn -0.1917998 -0.013602953 -0.9813398
vn -0.67529345 0.6351887 -0.37485203
vn -0.5658155 0.81734055 -0.10866096
vn -0.81709427 0.5763718 0.012350825
vn -0.4958292 0.8188702 -0.2891454
vn -0.22303396 0.95711946 -0.18487342
vn -0.29088265 0.9536767 -0.07673345
vn -0.31562588 0.894717 -0.31600916
vn -0.53431934 0.6719902 -0.5127689
vn -0.39404532 0.8264567 -0.40211636
vn -0.4182909 0.8041123 -0.42241699
vn -0.4448055 0.7808768 -0.43861085
vn -0.53052974 0.6437219 -0.55150735
vn -0.4451513 0.7774951 -0.44423157
vn -0.5483121 0.64935285 -0.52696747
vn -0.4349507 0.7871584 -0.43726364
vn -0.7104462 0.18302171 -0.6795361
vn -0.5659892 0.54208404 -0.62112886
vn -0.75099146 0.041454576 -0.6590094
vn -0.67155236 -0.54016006 -0.50719273
vn 0.1598107 -0.9830319 0.0900484
vn -0.70605946 0.054801125 -0.70602894
vn -0.43605775 0.50757056 -0.74311894
vn -0.5979104 0.4899694 -0.63437617
vn -0.42729717 0.78886133 -0.44171813
vn -0.34302852 0.8271739 -0.44510084
vn -0.2804478 0.8261656 -0.48867106
vn -0.40942624 0.46647134 -0.7840757
vn -0.77949387 -0.13175583 -0.6123967
vn -0.6221576 -0.22356473 -0.7502925
vn -0.72590023 0.05620486 -0.6854997
vn -0.86934465 -0.204641 -0.44984654
vn -0.717991 0.69511974 -0.036020327
vn 0 0 0
vn 0.11531457 0.99324924 -0.0125904605
vn -0.23399323 0.958848 -0.16080311
vn -0.38690817 0.5884476 -0.70995176
vn -0.70276505 0.1817066 -0.68782556
vn -0.3745301 0.92161375 -0.101761125
vn -0.7437372 0.48713472 -0.45777148
vn -0.31695476 0.010401735 -0.9483836
vn -0.949732 -0.22178835 -0.2209503
vn -0.66754776 -0.09702629 -0.738218
vn -0.9591289 -0.20089538 0.1992807
vn -0.98852515 0.08869362 0.122276045
vn -0.985638 0.04421616 0.16298033
vn -0.9123672 0.015624648 -0.40907452
vn -0.9360678 -0.019657495 0.35126996
vn -0.80680037 0.06782776 -0.5869178
vn -0.7769847 0.018334845 0.62925243
vn -0.9934893 0.0774617 0.083537966
vn -0.877566 0.041050486 0.4776953
vn -0.9586931 -0.024040293 0.28342476
vn -0.9998859 -0.012994363 0.0077043786
vn -0.995007 0.09936649 -0.00935228
vn -0.9997941 0.016900452 0.011227329
vn -0.9992525 -0.02872388 -0.025872814
vn -0.98186 -0.14940351 0.11674571
vn -0.9890739 0.055679984 -0.13650125
vn -0.86968374 0.2152185 0.44421974
vn -0.6730292 0.670423 0.3123535
vn 0.2743214 0.01229572 -0.9615595
vn 0.323332 -0.07025771 -0.9436738
vn 0.5732822 -0.002329607 -0.81935465
vn -0.08946951 0.095843576 -0.99136734
vn -0.25475955 0.21185535 -0.943512
vn 0.4351838 -0.09551963 -0.89526033
vn -0.38585284 -0.8447369 -0.37086007
vn -0.4412326 -0.11422603 -0.8900934
vn -0.56606644 0.45080775 -0.69017476
vn -0.23525406 0.30157882 -0.923962
vn 0.22498687 0.11639075 -0.9673852
vn -0.4573634 0.0067133824 -0.88925457
vn 0.13287085 -0.09398215 -0.98666745
vn -0.9999931 -0.0031554194 0.0019825283
vn -0.9999858 0.005096225 0.0015637593
vn -0.9985173 0.011212055 -0.05326847
vn -0.9998563 -0.007427669 -0.015238048
vn -0.93573433 -0.34702966 0.0630215
vn -0.99770516 -0.06400204 -0.022093879
vn -0.9760706 -0.017819135 -0.21672258
vn -0.9133 0.00905806 -0.40718675
vn -0.9986004 -0.04820609 0.02175643
vn -0.9934748 0.05980511 -0.09711424
vn -0.993049 0.019647425 0.11605007
vn -0.97220266 -0.14146814 0.18657094
vn -0.98615295 0.0007283118 0.16583693
vn -0.9416688 -0.12150497 -0.3138413
vn -0.94206583 -0.32924324 0.064115845
vn 0 0 0
vn -0.6169842 -0.7242585 -0.3078639
vn -0.483749 -0.7666117 -0.42224798
vn -0.43120676 -0.76480275 -0.47868302
vn -0.30588353 -0.72310054 -0.61932296
vn -0.25747278 -0.74004495 -0.6213222
vn -0.6642673 -0.40905195 -0.62564003
vn -0.55184084 -0.66531366 -0.50282145
vn -0.5015088 -0.68008596 -0.5347636
vn -0.7287961 -0.24861057 -0.6380039
vn -0.5548297 -0.25469133 -0.79202044
vn -0.6011121 -0.706323 -0.37386087
vn -0.709826 -0.43716082 -0.552302
vn -0.6637622 -0.67643857 -0.3191404
vn -0.7385644 -0.37875342 -0.55773515
vn -0.519306 -0.69323605 -0.49974498
vn -0.5475576 -0.6624042 -0.5112743
vn -0.46529582 -0.73202795 -0.49762926
vn -0.6434808 -0.40473995 -0.6497061
vn -0.41133535 -0.69139117 -0.5939541
vn -0.2691089 -0.250175 -0.93004996
vn -0.6143087 -0.46268642 -0.6391761
vn -0.69997615 -0.18488471 -0.6898196
vn -0.47195336 0.8632743 0.17893447
vn -0.5945276 0.62031555 0.51161075
vn -0.5530122 0.8308882 0.061662503
vn -0.3878095 0.921693 -0.009262296
vn -0.60119486 0.79909503 0.0034376532
vn -0.5497563 0.642077 0.53432673
vn -0.6408923 0.3607327 0.6775905
vn -0.4648825 0.74450314 0.4791653
vn -0.43422854 0.7987648 0.4164377
vn -0.22388865 0.94924027 0.22094525
vn -0.5727194 0.60692376 0.5510318
vn -0.3949494 0.81876445 0.41670096
vn -0.22785002 0.9521619 0.20364693
vn -0.38900632 0.86652404 0.31274626
vn -0.14956318 0.98558724 0.07904873
vn -0.18697631 0.9818646 0.031333156
vn -0.6554213 0.3840058 0.65035564
vn -0.52395016 0.64550126 0.5557017
vn -0.4921434 0.73034275 0.47370285
vn -0.5522753 0.3034146 0.7764867
vn -0.3654563 0.8535612 0.37131515
vn -0.42104518 0.792281 0.4416014
vn -0.3462797 0.8723639 0.3450675
vn -0.114359625 0.987205 0.111122094
vn -0.24481782 0.93728054 0.2481319
vn -0.017567653 0.99984145 0.0029064363
vn -0.63426536 0.42805046 0.6438014
vn -0.48667362 0.53800815 0.6882558
vn -0.31959924 0.8467409 0.42530712
vn -0.049404893 0.87736434 0.4772745
vn -0.44257912 0.7815661 0.43963408
vn -0.18649082 0.96736884 0.17151865
vn -0.18113796 0.96342385 0.19749297
vn -0.66596335 0.41000935 0.62320554
vn -0.033219237 0.70117784 0.71221215
vn 0.29166272 0.7083417 0.64279455
vn 0.20225981 0.88308793 0.42337537
vn 0.060929153 0.9863192 0.15317355
vn -0.016225008 0.9753609 0.22001791
vn -0.07763841 0.9902452 0.11570084
vn 0.058160793 0.99740195 -0.042505573
vn -0.60591215 0.44012085 0.6626946
vn -0.47944048 -0.7040196 0.523921
vn -0.8189211 0.48937345 -0.29980302
vn -0.60366136 0.30511048 -0.7365464
vn -0.78545064 0.59252816 -0.17882305
vn -0.9737878 0.21952283 0.059557065
vn -0.82843846 0.4826579 0.2841322
vn -0.66755575 0.72739667 0.15894477
vn -0.8349804 0.5477734 0.052459553
vn -0.8535881 -0.0021798993 -0.52094394
vn -0.87255913 -0.0440803 0.4865157
vn -0.90013283 0.0074886554 0.4355512
vn -0.8770497 0.037813425 -0.47890916
vn -0.9102583 -0.028588364 -0.41305268
vn -0.91185796 0.0447065 0.40806422
vn -0.9353149 0.10791305 -0.33695817
vn -0.84730834 -0.0070447214 0.53105456
vn -0.92801905 -0.033470765 0.37102604
vn -0.85198706 -0.08590485 -0.5164673
vn -0.7856266 -0.4848688 0.38430867
vn -0.68996966 -0.6377814 -0.34231094
vn -0.94465566 -0.035414927 -0.32614642
vn -0.91457486 0.050557677 -0.40124398
vn -0.9753701 0.056551132 -0.21320194
vn -0.93851995 -0.008482108 -0.34512073
vn -0.91522634 0.029060408 -0.40189075
vn -0.9820779 -0.1643181 -0.092318036
vn -0.5063756 -0.86229026 -0.0062680137
vn -0.88044804 -0.011110201 0.4740125
vn -0.8507815 0.019036662 0.52517474
vn -0.8987366 -0.01300998 0.43829584
vn -0.79573333 -0.042300854 0.60416806
vn -0.9608707 0.033004798 0.27502397
vn -0.9188419 -0.033472165 0.39320368
vn -0.9651741 0.03616011 0.25909743
vn -0.8990515 0.39746872 -0.18364389
vn -0.8909084 0.32807854 0.31408066
vn -0.6173174 0.23769285 0.74994755
vn -0.79706305 0.11636676 0.5925785
vn -0.8620955 0.03946421 0.5052068
vn -0.8245307 0.012352282 0.5656823
vn -0.85262465 0.044861764 0.52059454
vn -0.77321446 -0.010172272 0.63406307
vn -0.8811798 -0.014658438 0.472554
vn -0.88531387 -0.07048509 0.45962068
vn -0.8652571 0.015279093 0.5010955
vn -0.84795064 -0.03524181 0.52890235
vn -0.89376384 0.019475553 0.44811484
vn -0.9458892 0.3244413 0.0056084716
vn -0.99453783 0.09978673 0.030611841
vn -0.8061356 0.106045164 0.582151
vn -0.9864014 0.15392575 -0.057612084
vn -0.957258 0.27766514 0.080989115
vn -0.90993655 0.4138634 -0.027065862
vn -0.98134255 0.19211137 0.0077472767
vn -0.80422914 0.3179576 -0.502114
vn -0.76186204 -0.64570224 -0.051330347
vn -0.9970714 -0.057753026 0.050131947
vn -0.9998196 -0.008610021 0.01693047
vn -0.7268336 -0.68679106 0.005563545
vn -0.92340404 -0.37884817 0.061636165
vn -0.68610984 -0.71924645 0.109260276
vn -0.8876369 -0.32320762 -0.3280816
vn -0.66925603 -0.66972953 -0.32180542
vn -0.7924057 -0.48426017 0.37092492
vn -0.5291418 -0.83152276 0.16905278
vn 0 0 0
vn 0.84796584 0.5214362 -0.09517457
vn 0.61588013 0.5495413 -0.5645317
vn 0.71693206 0.44356763 -0.5378254
vn 0.5316719 0.8333635 -0.15109706
vn -0.010523074 0.9999397 -0.0031504936
vn 0.14046411 0.9856955 0.09313571
vn 0.5240954 0.65359217 -0.54602313
vn 0.052736454 0.98931926 -0.1358908
vn 0.3547432 0.845442 -0.39923054
vn 0.6161295 0.4653728 -0.63546246
vn 0.19353011 0.4050216 -0.8935903
vn 0.6478032 0.33211362 -0.6856031
vn 0.031475138 0.8608579 -0.5078711
vn 0.45880294 0.06434522 -0.88620514
vn 0.907523 -0.015839834 -0.4197037
vn 0.69274515 0.031025747 -0.7205148
vn 0.66387624 -0.069994435 -0.74455965
vn 0.7236178 -0.057788733 -0.6877774
vn 0.6679237 0.0134133035 -0.7441089
vn 0.80378854 0.07963148 -0.5895616
vn 0 0 0
vn 0.5856351 0.44927797 0.6746709
vn -0.7035858 -0.0007555475 -0.7106099
vn -0.43968347 -0.008999094 -0.8981077
vn 0.8211997 0.15598077 0.54890895
vn 0.45170555 0.05901391 -0.89021313
vn 0.08268943 -0.74019176 0.667292
vn -0.7645675 -0.08349224 -0.6391131
vn -0.6776853 -0.063552886 0.7326006
vn -0.98462176 -0.013711773 -0.17416075
vn -0.9794393 -0.011520494 -0.2014097
vn -0.8955118 0.003616406 -0.44502303
vn -0.69936395 0.000040104343 -0.7147657
vn 0.1092752 0.20700966 0.972217
vn -0.2684676 0.048891284 -0.96204716
vn -0.53157675 0.21924023 -0.81814414
vn -0.6980143 0.010878639 0.71600115
vn 0.4766671 0.0787302 0.8755513
vn -0.8722393 0.10671517 -0.477295
vn 0.87594104 0.44622207 0.1833389
vn 0.64205253 -0.03527893 0.7658485
vn 0.67727125 0.094423786 0.7296491
vn 0.9002953 0.07009555 0.4295986
vn -0.24118167 -0.10551698 0.9647267
vn 0.9859922 -0.10853754 0.12664516
vn 0.78590345 -0.06560536 0.61485904
vn -0.64731073 -0.73389876 0.20586745
vn -0.94100016 -0.31243762 0.13000558
vn 0.37877038 -0.0014166208 0.9254896
vn -0.2629847 -0.06373361 0.9626926
vn 0.5470021 0.16601317 0.82050496
vn 0.8531718 -0.35707545 0.3802564
vn 0.62975067 -0.19618237 0.751616
vn -0.21472391 -0.08546441 -0.9729283
vn -0.13892229 0.045722514 -0.9892472
vn -0.64645094 0.029368656 -0.76239014
vn 0.39283884 -0.011504072 -0.9195354
vn 0.5869948 -0.02624741 -0.8091651
vn -0.62412465 -0.038679365 -0.7803668
vn -0.5242483 -0.42009223 -0.74073356
vn 0.21884437 -0.3605975 -0.9066844
vn 0.4394602 -0.27723566 -0.8544092
vn 0.112005204 0.46465206 -0.8783811
vn 0.7400375 0.04228865 -0.6712348
vn 0.34737992 0.45535868 -0.8197412
vn 0.38937247 0.6801927 -0.6210692
vn 0.007166823 0.39353627 -0.9192811
vn 0.039332196 0.0405318 -0.9984038
vn -0.24141344 -0.08072882 -0.96705866
vn 0.2307585 -0.0006731819 -0.97301084
vn -0.9307695 0.20878005 -0.30013177
vn -0.7319874 -0.078614496 -0.67676747
vn -0.9133 0.00905806 -0.40718675
vn -0.8791669 0.030987527 -0.47550532
vn -0.62988627 0.3862741 -0.6738217
vn -0.77017295 0.28266189 -0.5717831
vn -0.6867669 0.34690368 -0.63875586
vn -0.7158276 0.27524233 -0.6417418
vn -0.6712591 0.287402 -0.6832359
vn -0.7004236 0.013069473 -0.7136077
vn 0.6640183 0.2083889 -0.71809036
vn 0.5295332 0.12032589 -0.839712
vn 0.7204803 0.040667526 -0.6922819
vn 0.46131843 0.4680879 -0.75371015
vn -0.37907264 -0.17623651 -0.90842974
vn -0.6049573 -0.006772962 -0.7962291
vn -0.53888834 0.22281785 -0.81237406
vn -0.11128399 0.30711323 -0.94514406
vn 0.9859922 -0.10853754 0.12664516
vn 0.9002953 0.07009555 0.4295986
vn 0.77819604 -0.10850514 0.61857706
vn 0.78590345 -0.06560536 0.61485904
vn -0.2629847 -0.06373361 0.9626926
vn 0.37877038 -0.0014166208 0.9254896
vn 0.8211997 0.15598077 0.54890895
vn 0.64205253 -0.03527893 0.7658485
vn 0.1092752 0.20700966 0.972217
vn 0.4766671 0.0787302 0.8755513
vn 0.5470021 0.16601317 0.82050496
vn 0.87594104 0.44622207 0.1833389
vn -0.53157675 0.21924023 -0.81814414
vn -0.8722393 0.10671517 -0.477295
vn 0.62975067 -0.19618237 0.751616
vn 0.8531718 -0.35707545 0.3802564
vn 0.6054594 0.49109223 0.6262965
vn 0.44951966 -0.63661164 0.626624
vn 0.67020655 -0.13511997 0.7297711
vn 0.7186432 -0.24829146 0.64954084
vn 0.37895602 0.2641558 0.88691264
vn 0.3263746 0.035139024 0.9445872
vn 0.55929613 -0.12274342 0.8198304
vn 0.70264333 0.35744113 0.6152465
vn 0.4394602 -0.27723566 -0.8544092
vn -0.5242483 -0.42009223 -0.74073356
vn 0.3898369 -0.8206147 -0.417874
vn 0.605133 -0.35586452 -0.71216184
vn 0.5568457 -0.5796558 -0.59491336
vn 0.5778067 -0.7178743 -0.3883245
vn 0.67763054 -0.48924166 -0.5490532
vn 0.21884437 -0.3605975 -0.9066844
vn 0.6754185 -0.29579547 -0.6755108
vn 0.64497614 -0.44910562 -0.6183121
vn 0.45561314 -0.7418817 -0.4919636
vn 0.76030797 -0.2086077 -0.61515415
vn 0.7584911 -0.38984197 -0.5222207
vn 0.66765326 -0.6981855 -0.2584107
vn 0.5794413 -0.53105295 -0.618248
vn 0.58981705 -0.7218415 -0.362023
vn 0.45084634 -0.7504747 -0.48324454
vn 0.76309603 -0.39096242 -0.51461905
vn 0.7612599 -0.33307615 -0.55636644
vn 0.59061396 -0.30878165 -0.7455394
vn 0.42285174 -0.71341604 -0.558779
vn 0.5820897 -0.5562752 -0.5930679
vn 0.6097963 -0.4935839 -0.62009954
vn 0.5482734 -0.41368964 -0.726813
vn 0.35436743 -0.6003105 -0.71697354
vn 0.61092013 -0.27261886 -0.7432735
vn 0.57973576 -0.4131195 -0.70230955
vn 0.5362744 -0.54634166 -0.6433666
vn 0.3582693 -0.74886805 -0.5575301
vn 0.67668605 -0.3014506 -0.6717317
vn 0.46727064 -0.7555427 -0.4591442
vn 0.59420884 -0.7282997 -0.34131426
vn 0.45957148 -0.7477227 -0.47927538
vn 0.46826 -0.7380625 -0.48579448
vn 0.8889869 -0.16283548 -0.42800346
vn 0.5193034 -0.85007787 -0.0877019
vn 0.83132946 -0.29761568 -0.4693786
vn 0.648396 -0.17017479 -0.74203986
vn 0.9293973 0.18093337 0.32168892
vn 0.7730518 0.43381616 -0.46281147
vn 0.95641387 -0.13377523 -0.25957027
vn 0.7004317 0.4078502 -0.5857078
vn 0.87303066 0.0059957756 0.4876284
vn 0.7247634 -0.001764188 0.6889956
vn 0.97687274 0.024228986 0.21244423
vn 0.9951129 -0.071546525 -0.068054914
vn 0.9139595 -0.25991055 0.31164804
vn 0.9572463 0.024082987 0.28826988
vn 0.99384934 0.033955783 -0.10540645
vn 0.91346484 -0.03444716 0.405457
vn 0.9996755 0.019506097 -0.016381495
vn -0.0012649903 -0.23821823 -0.97121084
vn -0.017659059 -0.3728512 -0.9277231
vn -0.29017392 -0.0738543 -0.9541198
vn -0.4000016 -0.040482387 -0.91561997
vn 0.22537453 -0.12397781 -0.9663518
vn 0.39283884 -0.011504072 -0.9195354
vn 0.548136 0.027219117 -0.8359462
vn 0.43969885 -0.0077331318 -0.898112
vn 0.5307289 0.01229855 -0.84745246
vn 0.7400375 0.04228865 -0.6712348
vn 0.33249113 0.009601606 -0.94305754
vn 0.26531044 -0.004284626 -0.9641535
vn 0.6734811 0.016656695 -0.7390167
vn 0.6666116 -0.04774613 -0.7438745
vn 0.4306676 0.0028590003 -0.9025061
vn 0.66740894 0.01780674 -0.7444785
vn 0.5869948 -0.02624741 -0.8091651
vn 0.5923139 -0.006175787 -0.8056836
vn -0.21472391 -0.08546441 -0.9729283
vn 0.039332196 0.0405318 -0.9984038
vn -0.64645094 0.029368656 -0.76239014
vn 0.112005204 0.46465206 -0.8783811
vn 0.5974142 -0.09819334 -0.79589844
vn 0.09898894 0.021487366 -0.99485654
vn 0.22463998 0.12125528 -0.96686816
vn 0.63337517 0.09276786 -0.7682643
vn 0.49954703 0.539965 -0.6774146
vn 0.7322208 -0.16901709 -0.65976197
vn 0.6729785 0.37030366 -0.640293
vn 0.76220495 -0.14197972 -0.63157374
vn 0.7276446 -0.22099894 -0.6493788
vn 0.79430157 0.061820306 -0.6043701
vn 0.8020868 0.07589442 -0.5923655
vn 0.34737992 0.45535868 -0.8197412
vn 0.48604777 0.56634414 -0.66559136
vn 0.38937247 0.6801927 -0.6210692
vn 0.56613785 0.6133168 -0.5507544
vn 0.4761506 0.74132925 -0.4729816
vn 0.5024934 0.6835068 -0.5294515
vn 0.6785454 0.29391775 -0.67319274
vn 0.36411682 0.8142133 -0.4521899
vn 0.27587944 0.566826 -0.7762724
vn 0.70010304 -0.26420653 -0.66336316
vn 0.7055331 -0.24635483 -0.664479
vn 0.70075583 -0.26098767 -0.6639478
vn 0.7040801 -0.20586598 -0.6796252
vn 0.6946955 -0.09553528 -0.71293145
vn 0.66746545 0.5545818 -0.4969194
vn 0.7108349 -0.012250461 -0.70325214
vn 0.6617094 0.6581502 -0.3591364
vn 0.84796584 0.5214362 -0.09517457
vn 0.5574804 0.60135555 -0.57235223
vn 0.69407547 0.2473528 -0.67607385
vn 0.4934317 0.710706 -0.5014201
vn 0.552614 0.62461454 -0.551792
vn 0.7164805 -0.20365812 -0.66721743
vn 0.73647726 0.015580415 -0.6762829
vn 0.7069379 -0.22176833 -0.6716082
vn 0.75721055 -0.05303652 -0.6510141
vn 0.743103 0.09114181 -0.6629413
vn 0.64193547 0.0001396167 -0.7667587
vn 0.68085396 -0.16478695 -0.7136408
vn 0.7006104 -0.10172369 -0.70625585
vn 0.88253933 0.11144774 -0.456841
vn 0.7057194 -0.0010180587 -0.7084907
vn 0.72844446 0.38770747 -0.5648465
vn 0.907523 -0.015839834 -0.4197037
vn 0.5316719 0.8333635 -0.15109706
vn 0.72064173 0.074565046 -0.6892863
vn 0.3547432 0.845442 -0.39923054
vn 0.45880294 0.06434522 -0.88620514
vn 0.031475138 0.8608579 -0.5078711
vn 0.28542233 0.15595277 -0.9456283
vn 0.6259476 0.25773203 -0.7360461
vn 0.22517228 0.49544773 -0.83894515
vn 0.6676731 -0.075094685 -0.74065745
vn 0.6074027 -0.066572264 -0.7915997
vn 0.53572875 -0.018405193 -0.8441895
vn 0.6551798 -0.26326638 -0.7081174
vn 0.45914865 0.53445023 -0.7096094
vn 0.68804324 0.057918284 -0.7233547
vn 0.6957334 -0.17907482 -0.69562
vn 0.6836143 -0.124929115 -0.71907175
vn 0.66565865 0.3692203 -0.6485175
vn 0.7600996 -0.0909705 -0.6434073
vn 0.14708611 0.9739549 -0.17256151
vn 0.0065694954 0.98524535 -0.17102192
vn 0.00839382 0.9933845 -0.114528775
vn 0.011762291 0.064932 -0.9978204
vn 0.91358036 -0.08280054 -0.39813948
vn 0.5648778 -0.02300453 -0.82485384
vn 0.7551479 0.021500953 -0.6552018
vn 0.69926786 0.0083953785 -0.71481043
vn 0.69559103 -0.049344175 -0.71674144
vn 0.69143414 0.049699064 -0.720728
vn 0.6898499 -0.10716952 -0.7159761
vn 0.71498066 0.23587207 -0.65815425
vn -0.13520126 0.97275686 -0.18832068
vn 0.00839382 0.9933845 -0.114528775
vn 0.0065694954 0.98524535 -0.17102192
vn 0.047177296 -0.98779875 0.14841813
vn -0.014147454 -0.99530935 0.09570332
vn 0.02060559 -0.99552375 0.0922383
vn 0.55525076 -0.8246505 -0.10792632
vn 0.1263125 -0.98489374 0.118446246
vn 0.1317746 -0.96390057 0.2313681
vn 0.10110276 -0.9936517 0.049341112
vn 0.24835119 -0.9289615 0.27450347
vn 0.5668903 -0.61579317 0.54720575
vn 0.22834101 -0.9572901 0.17735834
vn 0.37783906 -0.85879517 0.3459892
vn 0.57481164 -0.57629585 0.5809257
vn 0.20620748 -0.94602114 0.25004506
vn 0.5651999 -0.57943916 0.5871962
vn 0.24198627 -0.9284014 0.28198126
vn 0.585004 -0.53246427 0.6117615
vn 0.2536264 -0.9217091 0.2934723
vn 0.3725433 -0.8721486 0.3171252
vn 0.6050376 -0.5238441 0.5995973
vn 0.74661833 -0.021486714 0.66490555
vn 0.6948384 -0.17557451 0.69740456
vn 0.60746384 -0.5153575 0.6044786
vn 0.7079579 -0.06348288 0.70339566
vn 0.7000062 0.13451377 0.70135397
vn 0.8267451 0.1421481 0.544322
vn 0.56300116 0.3168734 0.76329607
vn 0.56132805 0.1271028 0.81777483
vn 0.7023991 0.10145139 0.70451623
vn 0.6483562 0.36407417 0.6686436
vn 0.46538684 -0.748594 0.47225216
vn 0.5937839 -0.5286579 0.6065818
vn 0.34757686 -0.8895491 0.2964671
vn 0.637695 -0.39869797 0.65907896
vn 0.62368953 -0.4427668 0.64418083
vn 0.67155117 0.065006934 0.73810107
vn 0.6803201 0.16814363 0.7133669
vn 0.7415211 0.3502109 0.57227504
vn 0.58349913 0.37084156 0.7224994
vn 0.81471926 0.050687205 0.57763594
vn 0.8280108 0.05763465 0.5577422
vn 0.80442476 0.007731295 0.5940042
vn 0.8107628 0.015895905 0.58515894
vn 0.5035344 0.01734145 0.8638011
vn 0.548044 -0.0056371386 0.8364305
vn 0.58385545 0.25489378 0.770806
vn 0.90934193 0.4065058 0.08860173
vn 0.9390853 -0.34358424 -0.008288297
vn 0.9228699 0.35680798 0.14491089
vn 0.94546187 0.30800745 -0.105987065
vn 0.91358036 -0.08280054 -0.39813948
vn 0.8515322 -0.38434902 0.35660723
vn 0.86761653 0.0066917688 0.49718887
vn 0.84980434 0.101713136 0.5171914
vn 0.73061466 0.0035933782 0.68278056
vn 0.86597323 0.012168472 0.49994227
vn 0.72354037 0.039541516 0.6891486
vn 0.7085013 0.18720162 0.68042743
vn 0.70990294 -0.0038605968 0.7042889
vn 0.7357455 -0.0005910379 0.6772579
vn 0.68001056 0.14607358 0.71850413
vn 0.69756436 0.33579293 0.6329669
vn 0.6730248 -0.00021843817 0.7396199
vn 0.7088378 -0.005722448 0.7053483
vn 0.6591374 0.17096017 0.7323322
vn 0.60558134 0.3860946 0.69584644
vn 0.6876879 -0.010973946 0.7259235
vn 0.6905824 -0.060721297 0.72070026
vn 0.6948519 0.10910852 0.7108278
vn 0.7321083 -0.024365274 0.68075234
vn 0.7016337 -0.1290707 0.7007503
vn 0.7107621 -0.117537245 0.69354326
vn 0.7956951 -0.036492255 0.6045971
vn 0.4846201 -0.6201716 0.61687154
vn 0.8158772 0.0055697192 0.57819843
vn 0.6468942 -0.41197526 0.64171976
vn 0.5856351 0.44927797 0.6746709
vn -0.6776853 -0.063552886 0.7326006
vn 0.67727125 0.094423786 0.7296491
vn 0.5086787 -0.6657706 0.5458897
vn 0.3818027 -0.8101268 0.44488347
vn 0.08268943 -0.74019176 0.667292
vn 0.62017465 -0.5052636 0.60007674
vn 0.73394436 -0.29633644 0.6111549
vn 0.38741186 -0.6465125 0.65721655
vn 0.5603556 -0.4982132 0.66165334
vn 0.60697395 -0.50280094 0.6154461
vn 0.59880227 -0.75330675 0.27196476
vn 0.7257696 -0.42481542 0.5411011
vn 0.8282957 0.02252998 0.559838
vn 0.8946834 0.04882015 0.44402498
vn 0.6819699 -0.018477196 0.7311468
vn 0.8910533 0.010813327 0.4537698
vn 0.77570033 -0.013040621 0.63096666
vn 0.999792 -0.0030333765 0.02016938
vn 0.79863596 0.5472628 0.2503677
vn 0.9988503 -0.02794572 -0.038951103
vn 0.9214746 0.114590876 -0.3711516
vn 0.90906316 -0.011070609 -0.41651118
vn 0.92837673 0.051039204 -0.36811903
vn 0.8813084 0.014442182 0.4723208
vn 0.9215649 0.015459714 -0.38791645
vn 0.7168084 0.024872309 0.69682646
vn 0.924156 0.0036575468 0.38199776
vn 0.68745446 -0.41385338 0.5967678
vn 0.99922067 -0.03679004 -0.014303465
vn 0.6895751 0.0032129353 0.72420704
vn 0.6068987 -0.5518834 0.5719254
vn 0.5319075 -0.66229993 0.52766764
vn 0.41338453 -0.8083561 0.41913444
vn 0.29584 -0.6789025 0.6719897
vn 0.99277496 0.029145762 0.11639753
vn 0.99405915 0.029792413 -0.10468433
vn 0.9716601 0.021053843 -0.23544307
vn 0.9999005 -0.012316167 0.006870603
vn 0.9936564 -0.008484695 -0.112138316
vn 0.994474 -0.017997595 -0.10342902
vn 0.94574624 -0.32361627 0.028922684
vn 0.9452421 -0.3236698 -0.041895688
vn 0.9660475 -0.13099287 0.2226949
vn 0.6715113 -0.62970144 0.3905748
vn 0.8056601 -0.008492714 0.5923172
vn 0.78067565 -0.031484704 0.6241428
vn 0.8205669 -0.5630836 0.09801432
vn 0.846851 -0.014765441 0.5316252
vn 0.956343 -0.022983223 -0.29134154
vn 0.75451744 0.019293971 0.6559963
vn 0.9985761 -0.008149771 0.052719794
vn 0.7852598 -0.0031900266 0.6191582
vn 0.9304237 0.004161448 -0.36646202
vn 0.9706729 -0.02331691 -0.23927057
vn 0.970742 0.002645423 -0.24011026
vn 0.8372884 0.010774903 -0.5466554
vn 0.9467945 -0.047122814 -0.31837028
vn 0.9269602 -0.0027042844 0.37514994
vn 0.73998475 -0.06873634 0.6691023
vn 0.92633027 0.0034770765 0.3766963
vn 0.9998229 -0.014435122 -0.0120725185
vn 0.98822117 -0.15201822 0.017588012
vn 0.9974723 -0.02852374 -0.06508035
vn 0.67020655 -0.13511997 0.7297711
vn 0.64768374 0.33751383 0.68307406
vn 0.7186432 -0.24829146 0.64954084
vn 0.6054594 0.49109223 0.6262965
vn 0.4624562 0.73333776 0.49834725
vn 0.49688298 0.71500456 0.4918087
vn 0.5031446 0.7200143 0.47793823
vn 0.6484841 0.43317026 0.62596476
vn 0.98860127 0.14951201 0.017711813
vn 0.717921 0.69610786 -0.0048204134
vn 0.7416133 0.66229844 0.10663252
vn 0.8483582 0.49881527 -0.17740248
vn 0.60521173 0.7869872 -0.119874604
vn 0.98543274 -0.0072211535 -0.16991226
vn 0.99336493 -0.10932823 0.03568495
vn 0.99959826 -0.028015813 0.0042910925
vn 0.99719745 0.07139323 -0.02236529
vn 0.99645174 0.08177885 0.019904004
vn 0.99904203 0.033264544 0.028434407
vn 0.99843717 -0.037714783 0.04124125
vn 0.9450365 -0.013773757 0.3266746
vn 0.83497196 -0.0040014638 0.5502779
vn 0.7363455 0.07312242 0.6726428
vn 0.68438774 -0.018888902 0.72887355
vn 0.98898554 0.134134 -0.06257512
vn 0.9081932 0.012889308 0.41835272
vn 0.65898234 0.0107961325 0.7520809
vn 0.63585335 -0.037074357 0.77091897
vn 0.69942564 -0.03426275 0.71388364
vn 0.9288816 0.008123761 0.3702877
vn 0.88964486 0.2098007 0.40560538
vn 0.67064375 0.2606612 0.69447297
vn 0.6464231 0.61491627 0.4516804
vn 0.64071655 0.4924027 0.58908564
vn 0.5780963 -0.20809066 0.7889886
vn 0.97854334 0.18295951 0.09475645
vn 0.9980101 0.062372446 -0.009248431
vn 0.93424547 -0.02776306 0.35554835
vn 0.9647277 0.005055621 -0.2632013
vn 0.68968713 0.037222113 0.7231502
vn 0.71191406 0.27914548 0.6444037
vn 0.7037042 -0.27958378 0.6531717
vn 0.64545995 0.36891842 0.66879046
vn 0.6907409 -0.1760764 0.70133734
vn 0.5398418 -0.6630301 0.5186154
vn 0.72179466 -0.050525926 0.6902605
vn 0.5864982 -0.5422746 0.60162956
vn 0.7337914 0.48724046 0.4734415
vn 0.8584504 0.21100618 0.46748185
vn 0.6546177 0.44873673 0.6083675
vn 0.72698855 0.24951819 0.63970953
vn 0.8336515 -0.41095182 0.36897674
vn 0.9096315 -0.40755096 0.0804534
vn 0.6229698 -0.55131996 0.5549368
vn 0.66711324 -0.7172942 0.20111936
vn 0.41801074 -0.8556302 0.30522776
vn 0.35052505 -0.8708892 0.34450573
vn 0.7565005 -0.6532746 0.030647883
vn 0.67728007 -0.7350833 -0.030729165
vn 0.8455759 -0.53299016 -0.030378925
vn 0.62896955 -0.7758418 -0.049667105
vn 0.48358297 0.31835005 0.81535316
vn 0.97681135 0.2103278 0.040023174
vn 0.15448356 -0.9708723 0.18314432
vn 0.2657053 -0.92235076 0.2804813
vn 0.48891836 0.33695364 -0.8046248
vn 0.6559049 -0.65480685 -0.37552193
vn 0.37767398 -0.8398365 0.38991934
vn 0.8697376 -0.30478317 0.38815424
vn 0.64452773 -0.34538633 0.68212336
vn 0.8165033 -0.023569867 -0.5768594
vn 0.8829311 0.012974192 -0.46932322
vn 0.9592835 0.020541072 0.2816971
vn 0.9050474 -0.0056320652 0.42527345
vn 0.9169219 0.096302584 -0.38727248
vn 0.8513351 0.39507627 -0.3451713
vn 0.97765154 -0.013513748 -0.20979717
vn 0.9379354 0.047657713 0.34351996
vn 0.8100379 0.051727436 -0.5840915
vn 0.7636269 0.38115865 -0.521145
vn 0.8406801 0.008820984 -0.5414602
vn 0.82977027 0.016299454 -0.557867
vn 0.9028748 -0.005991543 -0.4298618
vn 0.8933479 -0.005585293 -0.44933093
vn 0.9538387 -0.013810477 -0.30000174
vn 0.5648778 -0.02300453 -0.82485384
vn 0.7551479 0.021500953 -0.6552018
vn 0.69926786 0.0083953785 -0.71481043
vn 0.6557701 -0.0024272741 -0.7549567
vn 0.73752946 0.005329638 -0.6752939
vn 0.6965158 0.0020242478 -0.7175386
vn 0.6775371 -0.115105346 -0.72642565
vn 0.20225981 0.88308793 0.42337537
vn 0.16261481 0.97401816 0.15762301
vn 0.060929153 0.9863192 0.15317355
vn 0.4219799 0.7996714 0.42715177
vn 0.5959087 0.5073136 0.6225156
vn 0.6227635 0.5365636 0.5694428
vn 0.29166272 0.7083417 0.64279455
vn 0.5228128 0.7074225 0.4756261
vn 0.68856895 0.17610168 0.70346355
vn 0.20837991 0.95472765 0.21230392
vn 0.25118387 0.9310986 0.26450354
vn 0.4611314 0.7338505 0.49881992
vn 0.522521 0.54816544 0.6530593
vn 0.25710583 0.93312126 0.251359
vn 0.08102673 0.99526983 0.05359732
vn 0.44135994 0.8949523 0.0652825
vn 0.26066223 0.9654264 0.0026580906
vn 0.5339491 0.8455163 0.0006987679
vn 0.42171305 0.90404266 -0.069749296
vn 0.5378674 0.77960014 -0.320815
vn 0.3651549 0.9124969 -0.18442142
vn 0.23993056 0.94682693 0.21436445
vn 0.24832733 0.94034344 0.23256774
vn 0.40668547 0.8236971 0.39513293
vn 0.10335157 0.98754275 0.11864974
vn 0.42365685 0.88170207 0.20764482
vn 0.4342269 0.07832244 0.8973921
vn 0.5308134 0.5591299 0.6368759
vn 0.70397484 0.24917108 0.6650813
vn 0.67256844 -0.020934725 0.7397387
vn 0.7369126 -0.05472759 0.673769
vn 0.45962247 0.15573633 0.8743531
vn 0.6943411 0.03577546 0.71875626
vn 0.77922547 0.055841617 0.62425107
vn 0.85738426 0.2477986 0.45109656
vn 0.6665583 0.4306104 0.608502
vn 0.71037805 0.20392175 0.67363113
vn 0.7370139 0.30836084 0.60143507
vn 0.67627525 -0.13659006 0.7238749
vn 0.69475865 -0.08536514 0.7141591
vn 0.7104629 -0.041443367 0.7025133
vn 0.6652955 -0.08931205 0.7412188
vn 0.6769408 -0.23634243 0.6970605
vn 0.60392946 -0.41400465 0.68107957
vn 0.7046158 0.003541901 0.70958024
vn 0.6765911 0.15857746 0.7190811
vn 0.69053704 0.0077183456 0.7232558
vn 0.6319627 -0.11467218 0.76646817
vn 0.62999254 0.33104008 0.7025111
vn 0.67893016 0.18909645 0.70943385
vn 0.6725432 -0.1443492 0.7258436
vn 0.75726634 0.09918695 0.6455305
vn 0.672584 0.30422795 0.6745933
vn 0.7291949 0.30030373 0.6148923
vn 0.6832253 -0.051752787 0.7283714
vn 0.44951966 -0.63661164 0.626624
vn 0.69819003 -0.16813828 0.6958881
vn 0.6606653 -0.5122466 0.54874843
vn 0.7361065 -0.1497507 0.66009235
vn 0.7136157 0.093611114 0.6942547
vn 0.66565114 -0.0934789 0.74038523
vn 0.70271194 -0.12203887 0.7009297
vn 0 0 0
vn 0.71140665 0.32943663 0.62078345
vn 0.7317515 0.19485746 0.6531235
vn 0.69454914 -0.18413308 0.6954829
vn 0.7100479 -0.015342489 0.70398617
vn 0.5749259 -0.580959 0.5761482
vn 0.69139016 -0.007358014 0.7224441
vn 0.6170641 0.30988827 0.72332644
vn 0.59532243 -0.54668355 0.58883643
vn 0.7277102 0.11617881 0.6759736
vn 0.67714983 0.33720675 0.6540334
vn 0.55929613 -0.12274342 0.8198304
vn 0.70264333 0.35744113 0.6152465
vn 0.44612432 -0.5723476 0.68803436
vn 0.3263746 0.035139024 0.9445872
vn 0.17792132 -0.5657472 0.80515474
vn 0.37895602 0.2641558 0.88691264
vn 0.09484804 0.19930953 0.9753356
vn 0.71440434 0.0791995 0.69523656
vn 0.50307894 0.020279836 0.8640025
vn 0.700718 0.009264028 0.71337825
vn -0.051933393 0.2237594 0.9732598
vn -0.36917445 0.09597797 0.92439085
vn -0.33925807 -0.018879566 0.9405039
vn 0.0665684 -0.00935211 0.99773806
vn 0.45298344 0.014276771 0.8914046
vn 0.10916861 0.00095067814 0.9940228
vn 0.4618325 0.06838914 0.8843267
vn 0.12930019 0.055118814 0.9900724
vn 0.5568103 0.0013297126 0.8306386
vn 0.76971984 0.038518056 0.6372187
vn 0.73281837 0.105319746 0.6722239
vn 0.7569588 -0.06889152 0.64982104
vn 0.7360426 0.0009317377 0.67693454
vn 0.58634466 -0.07568842 0.80651796
vn 0.71784794 -0.20674127 0.664795
vn 0.7436273 -0.5365589 0.39890215
vn 0.632715 -0.5001125 0.59123534
vn 0.7254328 -0.042559244 0.6869759
vn 0.70478857 -0.059737645 0.7068978
vn 0.5693122 -0.5473359 0.61343867
vn 0.70000523 -0.014516371 0.71399015
vn 0.4892529 -0.6615294 0.56834006
vn 0.61670995 -0.10365307 0.7803364
vn 0 0 0
vn 0.2278566 -0.14807485 0.96236956
vn 0.0069996947 -0.08340029 0.99649155
vn 0.44312266 0.005778511 0.89644235
vn 0.36935988 -0.0054666125 0.9292703
vn 0.47563466 0.00008374926 0.8796429
vn -0.2830537 0.018879417 0.9589182
vn 0.45312062 -0.011442922 0.8913758
vn -0.32956505 -0.016666222 0.94398576
vn 0.5353907 -0.009151254 0.84455496
vn 0.694146 0.01315471 0.71971405
vn 0.7110822 0.004914717 0.7030917
vn 0.7092179 0.00036758956 0.7049892
vn 0.6850811 0.14411958 0.71406823
vn 0.70063376 0.1491477 0.6977588
vn 0.67817557 0.30719912 0.6676126
vn -0.34582776 0.024877891 0.93796813
vn 0.021077616 -0.016730329 0.99963784
vn 0.07226464 -0.14915793 0.9861692
vn 0.4101155 -0.0015544684 0.91203225
vn 0.52104396 0.0001283387 0.8535298
vn 0.36971068 0.014005701 0.9290413
vn 0.15511048 0.076863706 0.9849024
vn 0.38980445 0.11078614 0.9142094
vn 0.6770235 -0.0066781463 0.7359311
vn 0.47886604 0.4881653 0.7296451
vn 0.68852633 0.15847982 0.7076833
vn 0.37075472 0.07202917 0.9259334
vn 0.38088363 0.45675653 0.80392855
vn 0.5498241 0.18251753 0.81509554
vn 0.78590345 -0.06560536 0.61485904
vn 0.5155044 -0.58730686 0.6239598
vn 0.02301056 0.006291404 0.99971545
vn 0.019287407 0.41075146 0.9115433
vn 0.51286334 0.62059426 0.5931559
vn 0.53592104 0.647515 0.5417684
vn 0.11141221 0.004795362 0.99376273
vn -0.024230195 -0.5292247 0.84813565
vn 0.46411243 0.88436675 0.049950868
vn 0.6386326 -0.71704733 0.2792696
vn 0.5180685 -0.6972139 0.49547738
vn 0.4934649 -0.6986502 0.51805437
vn 0.21406813 -0.572315 0.7915999
vn 0.72440505 -0.21311621 0.6556057
vn 0.67899716 -0.2678968 0.683516
vn 0.6421708 -0.15606071 0.75050765
vn -0.017175464 -0.18326752 0.982913
vn 0.075464115 -0.022482693 0.996895
vn 0.5511786 -0.29692203 0.7797689
vn 0.65971917 -0.3291272 0.6756078
vn 0.695758 -0.013359807 0.71815205
vn 0.7010148 -0.058668688 0.71072936
vn 0.7138519 -0.0389732 0.69921136
vn 0.71258944 0.12021582 0.6912051
vn 0.69119173 -0.027964734 0.7221302
vn 0.7139412 0.07186837 0.69650763
vn 0.7142598 -0.03812446 0.6988415
vn 0.7061739 0.03823274 0.7070054
vn 0.706664 -0.000759882 0.70754886
vn 0.7022665 0.00405527 0.7119026
vn 0.70764434 0.0004824854 0.70656866
vn 0.7104445 0.00357908 0.7037441
vn 0.64065355 -0.008416841 0.76778394
vn 0.61098397 -0.0023169208 0.7916396
vn -0.07647266 0.0033469014 0.9970661
vn 0.11211164 0.081727915 0.990329
vn 0.617455 0.18172568 0.7653268
vn 0.57347035 0.5578309 0.59996367
vn 0.7011453 0.15809724 0.6952701
vn 0.72843397 -0.012305242 0.6850055
vn 0.7079704 -0.0010488384 0.70624137
vn 0.7116461 0.0037815545 0.70252794
vn 0.7019257 0.15117608 0.6960216
vn 0.66301745 0.051503133 0.74683017
vn 0.2634719 0.310754 0.91324395
vn 0.58980566 0.15651405 0.7922327
vn 0.7052863 0.08828466 0.7034039
vn 0.51646656 0.4754204 0.71220624
vn 0.60638005 0.45220816 0.65407264
vn 0.14258401 0.39644313 0.9069193
vn 0.45179588 0.6724877 0.5862088
vn 0.29346523 -0.018132947 0.95579773
vn 0.4306742 0.05755694 0.9006703
vn 0.13182431 0.049962975 0.9900132
vn 0.5401863 0.6756291 0.5017212
vn 0.48672715 0.6647351 0.5667662
vn 0.50203687 0.7133748 0.48893297
vn 0.47105902 0.77024364 0.4299164
vn 0.71221244 0.3720766 0.59524155
vn 0.70482117 0.01605156 0.7092034
vn 0.76991695 0.17987442 0.6122688
vn 0.8392246 0.46296015 0.2852543
vn 0.58858234 0.5166262 0.62182647
vn 0.77227443 0.6082079 -0.1835084
vn 0.98100233 0.12350257 0.14960447
vn 0.7134962 -0.0000001868022 0.7006591
vn 0.92995894 0.20006531 0.3084643
vn 0.70427835 0.6252507 0.33623433
vn 0.8865979 0.043081317 0.4605303
vn 0.798495 0.33885497 0.4975772
vn 0.47034943 0.7241864 0.5043069
vn 0.48984078 0.73509365 0.46871454
vn 0.43809816 0.5362442 0.7214653
vn 0.70677936 0.0017655602 0.70743185
vn 0.7110818 0.043550797 0.7017592
vn 0.61903954 0.60281545 0.5033921
vn 0.699327 0.059490953 0.712322
vn 0.66211975 0.7308333 0.16577138
vn -0.0034308247 0.94685376 0.3216461
vn 0.13272834 0.98904675 0.06457339
vn -0.08107262 0.9948684 0.060531635
vn 0.33811146 0.9395391 0.054285623
vn 0.16207384 0.98579323 0.044088032
vn -0.031407334 -0.7735255 0.6329865
vn 0.048536975 -0.7133697 0.69910496
vn -0.018669002 -0.5306692 0.84737337
vn -0.10004252 -0.44453573 0.890157
vn -0.13024713 0.092524886 0.9871549
vn -0.03196827 0.018417858 0.9993192
vn 0.079620324 0.5826077 0.80884415
vn -0.045207523 0.37570187 0.9256373
vn -0.2538051 0.5958724 0.761918
vn -0.26980296 0.6218815 0.7351665
vn -0.22531158 0.34382954 0.91160077
vn 0.3725291 0.49910715 0.78237724
vn 0.4096375 0.21079986 0.88755876
vn 0.16345647 0.24738112 0.9550312
vn 0.44108334 -0.018343585 0.89727867
vn 0.44364572 0.17386973 0.8791745
vn 0.25556293 0.015590606 0.9666667
vn -0.42286777 0.090300106 0.90168107
vn 0.4673508 -0.02192412 0.8838001
vn -0.32862604 0.008656162 0.94442046
vn 0.43685806 -0.07297265 0.8965657
vn 0.42025152 0.0064721685 0.9073846
vn -0.4533989 -0.04755209 0.8900383
vn 0.25853372 -0.03407769 0.965401
vn -0.53358394 -0.025128089 0.84537375
vn -0.36738557 -0.08490948 0.9261848
vn 0.32331952 -0.012760526 0.9462038
vn -0.43542725 -0.14217779 0.88892555
vn 0.3591441 0.0469834 0.93209875
vn 0.5753278 -0.35992622 0.7344733
vn -0.13657382 -0.34618774 0.9281711
vn -0.045190103 -0.4091506 0.91134715
vn -0.029107362 -0.23213367 0.97224826
vn 0.09738313 0.0069446946 0.99522275
vn 0.99793965 -0.031932324 0.055648968
vn -0.3640005 0.0062303487 0.9313779
vn -0.36553952 -0.5013855 0.78421515
vn -0.2359503 -0.83659494 0.4944051
vn -0.47541735 -0.06770656 0.8771512
vn -0.41121575 0.34565032 0.8434616
vn -0.47790548 0.12705804 0.8691735
vn -0.25340116 0.04513953 0.9663075
vn -0.42744958 0.023985937 0.9037209
vn -0.29737908 0.0051628295 0.95474553
vn -0.44331738 -0.0085184695 0.8963242
vn -0.41807765 -0.020701954 0.90817535
vn -0.43071976 -0.009108314 0.9024398
vn -0.23909318 0.05666085 0.96934205
vn -0.03761752 0.01795991 0.9991308
vn 0.10938129 -0.13247044 0.9851332
vn -0.42337883 -0.10390191 0.8999749
vn -0.15027237 0.06804232 0.9863004
vn -0.1480742 0.06741638 0.98667574
vn 0.11920893 0.053617295 0.9914204
vn 0.080094546 0.23111328 0.9696244
vn 0.07604082 -0.03699062 0.99641836
vn -0.5659561 -0.011642073 0.82435316
vn -0.62626 0.136525 0.76756716
vn -0.6134111 0.46977234 0.6348549
vn -0.4319323 0.11950403 0.89395374
vn -0.2064144 0.60278046 0.77074564
vn -0.21345499 -0.04746534 0.97579914
vn -0.5385302 -0.090705 0.8377099
vn -0.5015695 -0.29686952 0.8125863
vn 0.026968345 -0.2953247 0.95501626
vn -0.36370358 -0.65671915 0.66063577
vn -0.57281977 -0.5491577 0.6085256
vn 0.021661118 -0.2176618 0.9757839
vn -0.5321571 -0.6506588 0.541712
vn -0.6124802 -0.62474686 0.48431325
vn -0.5483851 -0.6178462 0.5635068
vn -0.74100655 -0.54935527 0.38615817
vn -0.7867221 -0.36997136 0.49415535
vn -0.6687688 -0.6739898 0.31382486
vn -0.46926895 0.059286498 0.88106287
vn -0.4916193 -0.004363112 0.8707993
vn -0.45994255 0.007326871 0.8879185
vn -0.75711656 0.19483821 0.6235484
vn -0.746374 0.58616626 0.31517446
vn -0.86398757 0.1909509 0.4659005
vn -0.56523883 0.6277057 0.5352482
vn -0.47782442 0.75775206 0.44440475
vn -0.72509956 0.45787564 0.5143739
vn -0.52666605 0.6866793 0.50109327
vn -0.6729459 0.098415226 0.73311543
vn -0.61411697 0.26296404 0.7441171
vn 0.002649636 0.8174599 0.5759794
vn -0.74731314 0.30559373 0.59003013
vn -0.74774903 0.13223812 0.65068
vn -0.3293109 0.84863514 0.41397187
vn -0.93536896 0.26745012 0.2314202
vn -0.93108994 0.31319156 0.18703635
vn -0.21074991 0.44023663 0.8727979
vn -0.6921909 -0.0074705333 0.7216758
vn -0.213711 0.20349857 0.95546633
vn -0.6809096 0.24280414 0.6909474
vn -0.7418568 0.015001978 0.6703905
vn -0.76406807 0.06967904 0.64136165
vn -0.34734553 0.90891474 0.2307057
vn -0.16877091 0.942526 0.28837672
vn -0.7006736 -0.14545456 0.698498
vn -0.6612901 -0.22874905 0.71440136
vn -0.71275854 -0.21526681 0.6675593
vn -0.5583239 0.8294167 0.018504543
vn -0.96649617 -0.09491823 0.23848623
vn -0.71051115 -0.012940984 0.70356697
vn -0.7108059 -0.15144148 0.68689185
vn -0.5575777 0.45582667 0.6937789
vn -0.32564655 0.554021 0.7661691
vn -0.6988853 -0.015801508 0.71505916
vn -0.7752313 -0.103224315 0.6231863
vn -0.70659286 -0.18383643 0.68332326
vn -0.66020983 0.2701507 0.7008149
vn -0.73168194 0.23012245 0.641627
vn -0.6576714 0.25965896 0.70713896
vn -0.72651744 0.11135869 0.67806464
vn -0.66596335 0.41000935 0.62320554
vn -0.52395016 0.64550126 0.5557017
vn -0.63426536 0.42805046 0.6438014
vn -0.7088344 0.17415255 0.6835384
vn -0.68988794 -0.05629193 0.7217242
vn -0.69500333 -0.043819487 0.71767
vn -0.66028184 -0.09065885 0.7455259
vn -0.7228741 -0.17175594 0.6692928
vn -0.6208706 0.15454958 0.76852727
vn -0.71134585 -0.14016326 0.6887244
vn -0.6348198 0.030670049 0.7720513
vn -0.48667362 0.53800815 0.6882558
vn -0.11967191 0.3460284 0.9305606
vn -0.033219237 0.70117784 0.71221215
vn -0.13048391 0.017128637 0.99130243
vn -0.093122244 0.053466596 0.99421805
vn -0.097875215 0.03979572 0.9944027
vn -0.06691014 0.006214963 0.9977397
vn -0.07444841 -0.012660521 0.9971445
vn -0.5105702 0.13844204 0.8486176
vn 0 0 0
vn 0.6467342 0.7478958 0.14962222
vn -0.68377256 0.1724849 -0.7090162
vn 0.42720357 0.52075416 -0.73912936
vn -0.6055016 0.07964452 -0.79184884
vn -0.55696374 0.35449547 -0.7510821
vn -0.651341 0.087182075 -0.75376
vn -0.6055016 0.07964452 -0.79184884
vn -0.68377256 0.1724849 -0.7090162
vn -0.33732757 0.0745441 -0.93843126
vn 0.42720357 0.52075416 -0.73912936
vn -0.66758984 0.13040562 0.7330199
vn -0.63907075 -0.008608819 0.7690998
vn -0.6408923 0.3607327 0.6775905
vn -0.60591215 0.44012085 0.6626946
vn -0.6781773 -0.06890964 0.7316604
vn -0.6955469 0.121495254 0.7081337
vn -0.47944048 -0.7040196 0.523921
vn -0.5497563 0.642077 0.53432673
vn -0.755379 0.010314273 0.655207
vn -0.72281426 0.018610138 0.6907917
vn -0.5522753 0.3034146 0.7764867
vn -0.45920056 -0.76799893 0.4464442
vn 0.12766482 -0.9902022 0.05658034
vn 0.36270183 -0.9309741 0.04164786
vn 0.1880351 -0.9748236 -0.11984072
vn 0.33676496 -0.940456 0.046172407
vn 0.02399855 -0.90668577 -0.42112347
vn 0.1880351 -0.9748236 -0.11984072
vn 0.36270183 -0.9309741 0.04164786
vn 0.33676496 -0.940456 0.046172407
vn -0.651341 0.087182075 -0.75376
vn -0.68377256 0.1724849 -0.7090162
vn 0.6467342 0.7478958 0.14962222
vn -0.55696374 0.35449547 -0.7510821
vn -0.051933393 0.2237594 0.9732598
vn -0.2538051 0.5958724 0.761918
vn 0.09484804 0.19930953 0.9753356
vn -0.26980296 0.6218815 0.7351665
vn -0.22531158 0.34382954 0.91160077
vn -0.36917445 0.09597797 0.92439085
vn -0.42286777 0.090300106 0.90168107
vn -0.33925807 -0.018879566 0.9405039
vn -0.32862604 0.008656162 0.94442046
vn -0.4533989 -0.04755209 0.8900383
vn -0.32956505 -0.016666222 0.94398576
vn -0.53358394 -0.025128089 0.84537375
vn -0.2830537 0.018879417 0.9589182
vn -0.36738557 -0.08490948 0.9261848
vn -0.34582776 0.024877891 0.93796813
vn -0.43542725 -0.14217779 0.88892555
vn 0.021077616 -0.016730329 0.99963784
vn 0.07226464 -0.14915793 0.9861692
vn -0.6576714 0.25965896 0.70713896
vn -0.52395016 0.64550126 0.5557017
vn -0.5522753 0.3034146 0.7764867
vn -0.72281426 0.018610138 0.6907917
vn -0.45920056 -0.76799893 0.4464442
vn -0.755379 0.010314273 0.655207
vn -0.73168194 0.23012245 0.641627
vn 0.7276446 -0.22099894 -0.6493788
vn 0.70010304 -0.26420653 -0.66336316
vn 0.09471051 0.9923098 -0.07969432
vn 0.7055331 -0.24635483 -0.664479
vn 0.70075583 -0.26098767 -0.6639478
vn 0.5974142 -0.09819334 -0.79589844
vn 0.76220495 -0.14197972 -0.63157374
vn 0.8020868 0.07589442 -0.5923655
vn 0.46411243 0.88436675 0.049950868
vn 0.5308134 0.5591299 0.6368759
vn 0.38088363 0.45675653 0.80392855
vn 0.70397484 0.24917108 0.6650813
vn -0.047433622 -0.9597166 -0.27693686
vn -0.03044091 -0.9991813 0.026648192
vn 0.17366028 -0.9819781 0.07457248
vn -0.047433622 -0.9597166 -0.27693686
vn -0.15639591 -0.9740671 -0.16350411
vn -0.14361577 -0.97358286 -0.17751302
vn 0.6043341 -0.79669684 -0.007375253
vn 0.17366028 -0.9819781 0.07457248
vn 0.18024041 -0.9828188 0.039756894
vn 0.023751866 0.99964315 0.012225098
vn 0.25949836 0.93624675 -0.23685995
vn 0.19394267 0.9517404 -0.23785815
vn -0.028149527 0.997682 0.061953437
vn 0.12766482 -0.9902022 0.05658034
vn 0.20357507 -0.97888625 -0.018408867
vn 0.21391265 -0.97476256 0.063869715
vn 0.17245264 -0.9777788 0.119200386
vn 0.09709104 -0.9895673 0.106442265
vn 0.06231205 -0.99802715 0.007681148
vn 0.0040917983 -0.9996404 -0.026501775
vn 0.76478225 -0.63729423 0.09467931
vn -0.15639591 -0.9740671 -0.16350411
vn 0.6043341 -0.79669684 -0.007375253
vn 0.23346971 -0.9713151 0.045154463
vn 0.12466765 -0.99210775 -0.013424629
vn 0.18024041 -0.9828188 0.039756894
vn -0.714601 0.27931115 0.6413507
vn -0.5755929 0.32039747 0.75235516
vn -0.51737857 0.6244081 0.5851785
vn -0.1252321 0.46321902 0.87735116
vn -0.52739286 0.6928163 0.4917949
vn -0.62622374 0.46607953 0.624991
vn -0.9743783 0.2020138 0.09888077
vn -0.8271222 0.48354217 0.28645393
vn -0.61241746 0.37415627 0.6963849
vn -0.7380227 0.21088001 0.6409775
vn -0.8883377 -0.0003479466 0.45919064
vn -0.213711 0.20349857 0.95546633
vn -0.32564655 0.554021 0.7661691
vn -0.5575777 0.45582667 0.6937789
vn -0.7221412 0.1389182 0.67765313
vn -0.6576059 0.14266464 0.73973054
vn -0.97982144 -0.17302527 0.10006071
vn -0.6617011 0.03508945 0.7489462
vn -0.70550317 0.12628737 0.69736415
vn -0.9896295 -0.11309138 0.08856541
vn -0.58070725 -0.6718101 0.4598372
vn -0.84494483 -0.522821 0.11281133
vn -0.9906742 -0.13528286 -0.016222177
vn -0.98306704 -0.17386664 0.057875276
vn -0.9993645 -0.005145229 0.035272658
vn -0.9963212 0.00035764964 0.08569696
vn -0.99976754 0.021305654 -0.003307831
vn -0.9924103 -0.06439879 0.104759894
vn -0.99054384 -0.0865198 0.10647665
vn -0.34734553 0.90891474 0.2307057
vn -0.2986882 0.910981 0.2844275
vn -0.3841655 0.8974894 0.21663241
vn -0.54936546 0.5255924 0.649577
vn -0.16877091 0.942526 0.28837672
vn -0.04143849 0.97451955 0.2204415
vn -0.21074991 0.44023663 0.8727979
vn -0.5583239 0.8294167 0.018504543
vn -0.5405999 0.7220907 0.43166742
vn -0.6809096 0.24280414 0.6909474
vn -0.93536896 0.26745012 0.2314202
vn -0.93108994 0.31319156 0.18703635
vn -0.96649617 -0.09491823 0.23848623
vn -0.7924057 -0.48426017 0.37092492
vn -0.5291418 -0.83152276 0.16905278
vn -0.46720642 -0.80274373 0.370568
vn -0.646069 -0.46895918 0.6022227
vn -0.4078431 -0.81779015 0.40605813
vn -0.62994605 -0.46745625 0.6202037
vn -0.71322995 0.04548181 0.69945294
vn -0.7526017 0.023246339 0.6580656
vn -0.7061654 0.3764931 0.5996527
vn -0.7137551 0.340816 0.61188084
vn -0.7281373 0.18161158 0.6609337
vn -0.7141379 0.03748592 0.6990006
vn -0.63703066 0.23333532 0.73467445
vn -0.6165624 0.40057454 0.6777838
vn -0.6768065 0.2732603 0.6835655
vn -0.674845 0.42207584 0.60533977
vn -0.6567571 -0.0058184606 0.7540797
vn -0.6959576 -0.023206607 0.7177078
vn -0.70695686 -0.0010013505 0.70725596
vn -0.7179969 0.00042873158 0.6960462
vn -0.60163885 -0.529431 0.5981083
vn -0.4144066 -0.8025339 0.42919278
vn -0.6173174 0.23769285 0.74994755
vn -0.79706305 0.11636676 0.5925785
vn -0.59912544 0.38349372 0.702838
vn -0.71276236 0.23523615 0.6607827
vn -0.78901297 0.14347166 0.59738964
vn -0.72691154 0.3016915 0.61691314
vn -0.6576265 0.003778583 0.75333464
vn -0.70377636 -0.15035959 0.6943276
vn -0.7591525 0.013482418 0.6507732
vn -0.7378557 0.1861757 0.64877397
vn -0.60662985 -0.5216309 0.5999179
vn -0.5937677 -0.5371395 0.59910023
vn -0.81822556 -0.0047330754 0.57487786
vn -0.7166322 0.010987287 0.69736475
vn -0.7476278 -0.012541603 0.66399956
vn -0.8513854 -0.0088999225 0.52446514
vn -0.56352186 -0.012638339 0.8260045
vn -0.5479331 0.026013296 0.83611757
vn -0.73036087 -0.018247401 0.6828177
vn -0.7791545 -0.19331779 0.59627724
vn -0.6184797 -0.3483486 0.7043693
vn -0.6966704 0.008361492 0.71734256
vn -0.74732614 -0.060943093 0.66165674
vn -0.7190359 -0.12167727 0.68423826
vn -0.73328906 -0.0066832593 0.6798842
vn -0.7253964 0.13745224 0.67446786
vn -0.64700985 0.28671506 0.7065216
vn -0.6531841 0.35749033 0.6674962
vn -0.6684902 0.32686847 0.66804034
vn -0.7126314 0.22346537 0.664996
vn -0.70248234 0.27877077 0.65483236
vn -0.62032 0.31259325 0.7193667
vn -0.72373784 -0.001966152 0.69007224
vn -0.71446735 -0.09661162 0.6929665
vn -0.6124802 -0.62474686 0.48431325
vn -0.5321571 -0.6506588 0.541712
vn -0.6851933 0.3394434 0.6444287
vn -0.6894173 0.24550298 0.6814925
vn -0.5805388 0.15181687 0.79995394
vn -0.69760376 -0.1664327 0.6968853
vn -0.697494 -0.10890348 0.70826703
vn -0.7867221 -0.36997136 0.49415535
vn -0.5825685 -0.34341672 0.7366674
vn -0.4303722 -0.6682568 0.60680526
vn -0.26142532 -0.7185762 0.64444166
vn -0.5675024 -0.3329138 0.7530667
vn -0.5913294 -0.5357207 0.602771
vn -0.69378614 -0.06850879 0.71691513
vn -0.7030196 -0.035629172 0.7102774
vn -0.45864263 -0.7610405 0.4587639
vn -0.40708134 -0.8264374 0.38895503
vn -0.42484358 -0.6636401 0.6157027
vn -0.6759666 -0.14619873 0.7222846
vn -0.70048094 -0.09775507 0.7069444
vn -0.5346216 -0.6424469 0.5490371
vn -0.84494483 -0.522821 0.11281133
vn -0.9906742 -0.13528286 -0.016222177
vn -0.74006855 0.016599298 0.6723265
vn -0.9993645 -0.005145229 0.035272658
vn -0.7528324 0.0136344815 0.658071
vn -0.99976754 0.021305654 -0.003307831
vn -0.714601 0.27931115 0.6413507
vn -0.9743783 0.2020138 0.09888077
vn -0.7026533 0.014697861 0.7113806
vn -0.5755929 0.32039747 0.75235516
vn -0.6576059 0.14266464 0.73973054
vn -0.7013358 0.015208906 0.7126688
vn -0.54936546 0.5255924 0.649577
vn -0.68972415 0.20691928 0.6938768
vn -0.65269613 0.29235542 0.6989392
vn -0.65193444 0.319004 0.68790835
vn -0.66426545 0.22471589 0.7129195
vn -0.67815983 0.008186891 0.7348689
vn -0.70781916 0.0004983275 0.7063935
vn -0.6846092 -0.0060004583 0.72888565
vn -0.70845383 -0.015783112 0.70558065
vn -0.5015695 -0.29686952 0.8125863
vn -0.6362694 0.02196015 0.77115434
vn -0.67538524 0.027731897 0.7369435
vn 0.021661118 -0.2176618 0.9757839
vn -0.67635256 -0.11579238 0.7274196
vn -0.57281977 -0.5491577 0.6085256
vn -0.29737908 0.0051628295 0.95474553
vn -0.44331738 -0.0085184695 0.8963242
vn -0.6910325 -0.029651538 0.72221524
vn -0.67406625 -0.1439267 0.72451353
vn -0.59206194 -0.52693367 0.60975695
vn -0.5516411 -0.5588538 0.61917245
vn -0.41121575 0.34565032 0.8434616
vn -0.47541735 -0.06770656 0.8771512
vn -0.42744958 0.023985937 0.9037209
vn -0.25340116 0.04513953 0.9663075
vn -0.2741656 -0.90102947 0.33612365
vn -0.32209784 -0.8863162 0.33271104
vn -0.42337883 -0.10390191 0.8999749
vn 0.10938129 -0.13247044 0.9851332
vn -0.41807765 -0.020701954 0.90817535
vn -0.7144553 -0.0445603 0.69826066
vn -0.61444557 -0.45144343 0.6470359
vn -0.69176185 -0.058557533 0.71974754
vn -0.5867962 -0.5553888 0.58924824
vn -0.6910587 0.19920774 0.69480515
vn -0.7103712 0.23396862 0.6638008
vn -0.5405999 0.7220907 0.43166742
vn -0.3841655 0.8974894 0.21663241
vn -0.93536896 0.26745012 0.2314202
vn -0.6973263 0.20700744 0.68620986
vn -0.7411018 0.059008755 0.6687945
vn -0.75711656 0.19483821 0.6235484
vn -0.71193737 -0.007947239 0.702198
vn -0.70700413 -0.00068509526 0.70720905
vn -0.6063746 0.0026531797 0.79517466
vn -0.5659561 -0.011642073 0.82435316
vn -0.5385302 -0.090705 0.8377099
vn -0.7152612 -0.089498095 0.6931028
vn -0.7207377 -0.13183327 0.68055654
vn -0.5483851 -0.6178462 0.5635068
vn -0.36370358 -0.65671915 0.66063577
vn -0.74100655 -0.54935527 0.38615817
vn -0.03761752 0.01795991 0.9991308
vn 0.07604082 -0.03699062 0.99641836
vn -0.7144943 -0.042561688 0.6983455
vn -0.62626 0.136525 0.76756716
vn -0.5101101 -0.6823597 0.52361524
vn -0.58070725 -0.6718101 0.4598372
vn -0.2359503 -0.83659494 0.4944051
vn -0.70328426 0.0112872375 0.7108191
vn -0.69007653 -0.079315424 0.71937716
vn -0.40788266 -0.8191666 0.40323415
vn -0.5235236 -0.64516467 0.556494
vn -0.5405769 -0.6853632 0.48790774
vn -0.43137684 -0.7893978 0.4367667
vn -0.4352518 -0.6539855 0.6187559
vn -0.6998138 -0.008112762 0.71427923
vn -0.86398757 0.1909509 0.4659005
vn -0.7025846 -0.07606773 0.7075228
vn -0.38205677 -0.84508204 0.37399057
vn -0.5828592 -0.5693077 0.57979643
vn -0.8061356 0.106045164 0.582151
vn -0.7082479 -0.01757361 0.7057451
vn -0.57415986 -0.57492876 0.58292145
vn -0.5718405 -0.57664776 0.583503
vn -0.3088742 -0.89403677 0.32449183
vn -0.47790548 0.12705804 0.8691735
vn -0.36553952 -0.5013855 0.78421515
vn -0.23909318 0.05666085 0.96934205
vn -0.43071976 -0.009108314 0.9024398
vn -0.68866163 -0.067156665 0.72196615
vn -0.7307697 -0.11282017 0.6732364
vn -0.7087352 0.000157229 0.70547456
vn -0.6687688 -0.6739898 0.31382486
vn -0.7677358 -0.3278448 0.55054474
vn -0.7487393 -0.005881993 0.6628385
vn -0.7408408 0.091729514 0.6653876
vn -0.8620955 0.03946421 0.5052068
vn -0.8245307 0.012352282 0.5656823
vn -0.7348832 0.052912775 0.6761264
vn -0.70550317 0.12628737 0.69736415
vn -0.97982144 -0.17302527 0.10006071
vn -0.85262465 0.044861764 0.52059454
vn -0.6617011 0.03508945 0.7489462
vn -0.77321446 -0.010172272 0.63406307
vn -0.9896295 -0.11309138 0.08856541
vn -0.8811798 -0.014658438 0.472554
vn -0.98306704 -0.17386664 0.057875276
vn -0.88531387 -0.07048509 0.45962068
vn -0.9963212 0.00035764964 0.08569696
vn -0.8652571 0.015279093 0.5010955
vn -0.9924103 -0.06439879 0.104759894
vn -0.84795064 -0.03524181 0.52890235
vn -0.99054384 -0.0865198 0.10647665
vn -0.8883377 -0.0003479466 0.45919064
vn -0.89376384 0.019475553 0.44811484
vn -0.7380227 0.21088001 0.6409775
vn -0.877566 0.041050486 0.4776953
vn -0.71529347 -0.0032938498 0.6988164
vn -0.9586931 -0.024040293 0.28342476
vn -0.6695703 -0.0756278 0.7388884
vn -0.61241746 0.37415627 0.6963849
vn -0.7589553 -0.15286623 0.6329445
vn 0 0 0
vn -0.86968374 0.2152185 0.44421974
vn -0.69242626 -0.12526959 0.71053034
vn -0.62622374 0.46607953 0.624991
vn -0.72456133 0.12350118 0.6780548
vn -0.66758984 0.13040562 0.7330199
vn -0.5727194 0.60692376 0.5510318
vn -0.5497563 0.642077 0.53432673
vn -0.5945276 0.62031555 0.51161075
vn -0.63907075 -0.008608819 0.7690998
vn -0.7076089 -0.0069624986 0.70657
vn -0.680973 -0.0117867775 0.7322136
vn -0.6781773 -0.06890964 0.7316604
vn -0.6955469 0.121495254 0.7081337
vn -0.6988853 -0.015801508 0.71505916
vn -0.6687976 0.10486676 0.7360113
vn -0.71051115 -0.012940984 0.70356697
vn -0.60591215 0.44012085 0.6626946
vn -0.6554213 0.3840058 0.65035564
vn -0.755379 0.010314273 0.655207
vn -0.7108059 -0.15144148 0.68689185
vn -0.5522753 0.3034146 0.7764867
vn -0.6612901 -0.22874905 0.71440136
vn -0.5575777 0.45582667 0.6937789
vn -0.7221412 0.1389182 0.67765313
vn -0.74152714 0.078138344 0.66635716
vn -0.72482467 -0.10049014 0.68156505
vn -0.61116767 -0.5135953 0.6022408
vn -0.36762175 -0.8496162 0.3781621
vn -0.35800162 -0.85738885 0.3697556
vn -0.68431675 0.112015665 0.72052974
vn -0.2986882 0.910981 0.2844275
vn -0.69216233 -0.09271935 0.7157614
vn -0.7025512 -0.13592409 0.6985316
vn -0.6136733 -0.48610556 0.6221788
vn -0.60271066 -0.52576095 0.6002627
vn -0.39585587 -0.8384188 0.37463588
vn -0.73168194 0.23012245 0.641627
vn -0.6137048 -0.48876068 0.6200641
vn -0.8909084 0.32807854 0.31408066
vn -0.68112296 -0.099946216 0.7253153
vn 0 0 0
vn 0 0 0
vn -0.6730292 0.670423 0.3123535
vn -0.68112296 -0.099946216 0.7253153
vn 0 0 0
vn -0.73036087 -0.018247401 0.6828177
vn -0.6695703 -0.0756278 0.7388884
vn -0.7589553 -0.15286623 0.6329445
vn -0.72456133 0.12350118 0.6780548
vn -0.74152714 0.078138344 0.66635716
vn 0 0 0
vn 0.19353011 0.4050216 -0.8935903
vn 0.45880294 0.06434522 -0.88620514
vn 0.28542233 0.15595277 -0.9456283
vn 0.22517228 0.49544773 -0.83894515
vn 0.6259476 0.25773203 -0.7360461
vn 0.41868046 0.71359557 -0.56168324
vn 0.22517228 0.49544773 -0.83894515
vn 0.35839275 0.8936262 -0.2701607
vn 0.5601778 0.5769781 -0.594388
vn 0.5445707 0.3892955 -0.74289423
vn 0.48775807 0.75649244 -0.4356734
vn 0.58094215 0.5694279 -0.5815996
vn 0.7730518 0.43381616 -0.46281147
vn 0.69978315 0.1932278 -0.68772566
vn 0.58374316 0.14549524 -0.798796
vn 0.007166823 0.39353627 -0.9192811
vn 0.38937247 0.6801927 -0.6210692
vn -0.24141344 -0.08072882 -0.96705866
vn 0.5574804 0.60135555 -0.57235223
vn 0.680706 0.19189782 -0.70697564
vn 0.6617094 0.6581502 -0.3591364
vn 0.7984771 0.19885963 -0.5682334
vn 0.7138936 -0.0075896494 -0.700213
vn 0.72260296 -0.0076504806 -0.691221
vn 0.84796584 0.5214362 -0.09517457
vn 0.71693206 0.44356763 -0.5378254
vn 0.7119847 0.0044057886 -0.70218116
vn 0.7429609 -0.012948304 -0.6692096
vn 0.76030797 -0.2086077 -0.61515415
vn 0.64497614 -0.44910562 -0.6183121
vn 0.6754185 -0.29579547 -0.6755108
vn 0.6674579 -0.026428055 -0.7441784
vn 0.21884437 -0.3605975 -0.9066844
vn 0.2307585 -0.0006731819 -0.97301084
vn 0.7584911 -0.38984197 -0.5222207
vn 0.7236178 -0.057788733 -0.6877774
vn -0.13892229 0.045722514 -0.9892472
vn 0.69274515 0.031025747 -0.7205148
vn 0 0 0
vn 0.66387624 -0.069994435 -0.74455965
vn 0.5794413 -0.53105295 -0.618248
vn 0.6696499 -0.05222035 -0.74083877
vn 0.5820897 -0.5562752 -0.5930679
vn 0.6823607 0.01550538 -0.7308512
vn 0.6679237 0.0134133035 -0.7441089
vn 0.70995474 -0.09724688 -0.69750077
vn 0.6097963 -0.4935839 -0.62009954
vn 0.70312595 -0.0682192 -0.7077853
vn 0.5482734 -0.41368964 -0.726813
vn 0.5240954 0.65359217 -0.54602313
vn 0.61588013 0.5495413 -0.5645317
vn 0.6161295 0.4653728 -0.63546246
vn 0.6884481 -0.028505769 -0.72472525
vn 0.61092013 -0.27261886 -0.7432735
vn 0.7171726 0.017914388 -0.6966653
vn 0.6943765 0.03826292 -0.7185939
vn 0.6543459 0.011803004 -0.7561032
vn 0.80378854 0.07963148 -0.5895616
vn 0.7101919 -0.0018677766 -0.70400566
vn 0.67668605 -0.3014506 -0.6717317
vn 0.8889869 -0.16283548 -0.42800346
vn 0.88369274 0.013687961 -0.46786729
vn 0.8904033 -0.0051026638 -0.4551439
vn 0.70707494 0.00031376127 -0.70713854
vn 0.9572463 0.024082987 0.28826988
vn 0.9139595 -0.25991055 0.31164804
vn 0.91346484 -0.03444716 0.405457
vn 0.85777634 0.095165126 -0.50513697
vn 0.7005622 0.12068548 -0.7033119
vn 0.7004317 0.4078502 -0.5857078
vn 0.63669735 0.4690762 -0.6120327
vn 0.61540407 0.19478685 -0.7637643
vn 0.4482159 0.37261397 -0.8125647
vn 0.41868046 0.71359557 -0.56168324
vn 0.48775807 0.75649244 -0.4356734
vn 0.7730518 0.43381616 -0.46281147
vn 0.9293973 0.18093337 0.32168892
vn 0.19353011 0.4050216 -0.8935903
vn 0.22517228 0.49544773 -0.83894515
vn 0.97687274 0.024228986 0.21244423
vn 0.70672524 0.00055521453 -0.7074879
vn 0.6478032 0.33211362 -0.6856031
vn 0.35839275 0.8936262 -0.2701607
vn -0.70276505 0.1817066 -0.68782556
vn -0.7388922 0.036332443 -0.67284346
vn -0.7437372 0.48713472 -0.45777148
vn -0.7057064 0.054300565 -0.7064205
vn -0.9351015 0.33006912 -0.12899423
vn -0.9219566 0.24142109 -0.30283967
vn -0.23399323 0.958848 -0.16080311
vn -0.3745301 0.92161375 -0.101761125
vn -0.7076512 0.0027030825 -0.70655674
vn -0.7059332 -0.0011176239 -0.7082775
vn -0.38690817 0.5884476 -0.70995176
vn -0.6835084 -0.18262401 -0.70672816
vn -0.67253375 -0.23962586 -0.7001984
vn -0.31695476 0.010401735 -0.9483836
vn -0.7409943 -0.047888964 -0.66980153
vn -0.7611518 -0.27088615 -0.589295
vn -0.29516554 0.07716124 -0.9523253
vn -0.635757 -0.1475609 -0.7576535
vn -0.68668926 -0.29505175 -0.6643812
vn -0.76146376 -0.19195564 -0.61913323
vn -0.69972044 0.13375518 -0.7017841
vn -0.72227556 -0.014223458 -0.6914591
vn -0.75099146 0.041454576 -0.6590094
vn -0.70093215 0.027773257 -0.712687
vn -0.69631594 -0.011671689 -0.7176405
vn -0.6221576 -0.22356473 -0.7502925
vn -0.72590023 0.05620486 -0.6854997
vn -0.77949387 -0.13175583 -0.6123967
vn -0.80343497 -0.14147432 -0.5783401
vn -0.772952 -0.05966771 -0.63165253
vn -0.7957072 -0.06648443 -0.60202146
vn -0.651341 0.087182075 -0.75376
vn -0.6055016 0.07964452 -0.79184884
vn -0.5497574 -0.0072575784 -0.8352928
vn -0.15246938 0.009703421 -0.98826057
vn -0.33732757 0.0745441 -0.93843126
vn -0.5536147 0.043159235 -0.83165383
vn -0.56606644 0.45080775 -0.69017476
vn -0.23525406 0.30157882 -0.923962
vn -0.4966882 -0.017023921 -0.8677621
vn -0.4412326 -0.11422603 -0.8900934
vn 0.22498687 0.11639075 -0.9673852
vn -0.43576774 0.01604955 -0.89991605
vn -0.7611345 -0.010155912 -0.64851457
vn -0.66375667 0.009579769 -0.7478872
vn -0.27777672 -0.0067381696 -0.960622
vn 0.41268796 -0.018178642 -0.910691
vn 0.22537453 -0.12397781 -0.9663518
vn -0.38537738 -0.0036296502 -0.9227519
vn 0.20759292 -0.026694117 -0.97785103
vn -0.4573634 0.0067133824 -0.88925457
vn -0.25475955 0.21185535 -0.943512
vn 0.4063737 0.02384736 -0.9133957
vn -0.12140088 -0.040191535 -0.9917895
vn -0.40262753 0.020448431 -0.9151355
vn -0.5119799 0.049589463 -0.85756487
vn -0.08946951 0.095843576 -0.99136734
vn -0.27696672 -0.014557287 -0.96076924
vn -0.6050695 0.5484135 -0.5771772
vn -0.47665352 0.67424226 -0.5640911
vn -0.38585284 -0.8447369 -0.37086007
vn -0.70605946 0.054801125 -0.70602894
vn -0.6876307 0.15489478 -0.7093459
vn -0.5979104 0.4899694 -0.63437617
vn -0.40942624 0.46647134 -0.7840757
vn -0.610849 -0.043649416 -0.79054296
vn -0.3543255 0.011382588 -0.9350529
vn -0.2691089 -0.250175 -0.93004996
vn -0.69997615 -0.18488471 -0.6898196
vn -0.63860327 -0.00040259614 -0.769536
vn -0.3437346 0.010953835 -0.93900293
vn -0.62258554 0.0034424511 -0.7825442
vn -0.3820356 0.015658421 -0.9240149
vn -0.674194 0.1762666 -0.71721166
vn -0.53888834 0.22281785 -0.81237406
vn -0.6049573 -0.006772962 -0.7962291
vn -0.6462568 0.007593566 -0.7630822
vn -0.608414 0.27380827 -0.7448903
vn -0.56893927 0.31938607 -0.75782627
vn -0.66114104 0.3484545 -0.66443354
vn -0.6817675 0.2326705 -0.6935831
vn -0.6869123 0.35690498 -0.6330642
vn -0.68263555 0.19249737 -0.70494926
vn -0.7082312 -0.00031522004 -0.70598054
vn -0.70776 -0.00023278236 -0.70645297
vn -0.7261659 0.0010989369 -0.68751866
vn -0.7053041 -0.008234552 -0.70885706
vn -0.7192148 -0.05573823 -0.6925484
vn -0.6434808 -0.40473995 -0.6497061
vn -0.5475576 -0.6624042 -0.5112743
vn -0.6143087 -0.46268642 -0.6391761
vn -0.7385644 -0.37875342 -0.55773515
vn -0.74247825 -0.05889831 -0.66727585
vn -0.7328293 0.007210738 -0.6803743
vn -0.70840687 -0.00005790653 -0.7058043
vn -0.67677486 -0.3072329 -0.669017
vn -0.71927667 -0.21749605 -0.6598004
vn -0.72655386 0.28914985 -0.62330717
vn -0.53275204 -0.6689426 -0.51835424
vn -0.5374123 -0.6390924 -0.5502263
vn -0.6652232 -0.31274053 -0.67799073
vn -0.6909769 0.27787167 -0.66733664
vn -0.70815355 -0.001100564 -0.7060576
vn -0.69492066 -0.082433715 -0.7143458
vn -0.5922224 -0.5418141 -0.5964144
vn 0.13287085 -0.09398215 -0.98666745
vn -0.7814263 0.092833295 -0.61705345
vn -0.5659892 0.54208404 -0.62112886
vn -0.62385297 -0.028592285 -0.78101856
vn -0.709826 -0.43716082 -0.552302
vn -0.6221981 0.005295191 -0.7828419
vn -0.6398733 0.2207569 -0.73609
vn -0.63044524 0.13125749 -0.7650557
vn -0.65186477 0.30592513 -0.69388914
vn -0.6908927 0.25080416 -0.6780594
vn -0.7158276 0.27524233 -0.6417418
vn -0.7689513 0.003201333 -0.63929933
vn -0.77017295 0.28266189 -0.5717831
vn -0.76287955 -0.009692789 -0.646468
vn -0.62988627 0.3862741 -0.6738217
vn -0.7044172 0.03733423 -0.7088036
vn -0.795219 0.039241843 -0.6050511
vn -0.69339824 0.043091875 -0.7192649
vn -0.65498435 -0.00650485 -0.75561446
vn -0.69677055 -0.009584608 -0.7172301
vn -0.7007357 0.0013398275 -0.71341974
vn -0.62290627 0.27272567 -0.7332179
vn -0.6547661 -0.20797476 -0.72665524
vn -0.80289716 -0.036866896 -0.5949765
vn -0.6667474 -0.16966142 -0.72571546
vn -0.7886537 -0.0022122727 -0.6148337
vn -0.6702356 0.3280282 -0.66571903
vn -0.6997965 0.015683938 -0.71417004
vn -0.6466962 0.37064967 -0.66663545
vn -0.7035319 0.025388226 -0.71021
vn -0.6387195 0.36255515 -0.6786687
vn -0.667148 0.2665398 -0.6956077
vn -0.66558677 -0.32614368 -0.67128575
vn -0.6624553 -0.2925317 -0.68962175
vn -0.5035354 -0.70426804 -0.5004584
vn -0.51394427 -0.68881047 -0.5112743
vn -0.5179674 -0.6781309 -0.5213906
vn -0.66563654 -0.33351195 -0.667606
vn -0.48816982 -0.72773045 -0.48176613
vn -0.6927865 -0.20034605 -0.6927541
vn -0.73412335 -0.28895035 -0.61446774
vn -0.5566479 -0.70161736 -0.44483277
vn -0.65999025 0.45390102 -0.5986541
vn -0.6816818 0.4112204 -0.605151
vn -0.79791915 0.024497835 -0.6022665
vn -0.6529447 0.3337754 -0.679895
vn -0.6712591 0.287402 -0.6832359
vn -0.7004236 0.013069473 -0.7136077
vn -0.6386254 0.33279112 -0.6938355
vn -0.7146026 0.046826497 -0.6979616
vn -0.61058784 -0.49443266 -0.61864275
vn -0.6484672 -0.38141373 -0.65879726
vn -0.6867669 0.34690368 -0.63875586
vn -0.8876369 -0.32320762 -0.3280816
vn -0.66925603 -0.66972953 -0.32180542
vn -0.43120676 -0.76480275 -0.47868302
vn -0.25747278 -0.74004495 -0.6213222
vn -0.6813335 -0.2621756 -0.6834096
vn -0.483749 -0.7666117 -0.42224798
vn -0.7536812 -0.07767691 -0.65263385
vn -0.6169842 -0.7242585 -0.3078639
vn -0.707894 0.0002554924 -0.7063186
vn -0.70808905 0.004404411 -0.7061094
vn -0.5548297 -0.25469133 -0.79202044
vn -0.61910176 -0.048849847 -0.78378993
vn -0.7287961 -0.24861057 -0.6380039
vn -0.6556586 -0.36589292 -0.66048026
vn -0.6091595 -0.034503493 -0.79229677
vn -0.6642673 -0.40905195 -0.62564003
vn -0.6820417 -0.19587387 -0.7045939
vn -0.5721538 -0.5742348 -0.58557194
vn -0.80422914 0.3179576 -0.502114
vn -0.67281747 0.6525797 -0.3485059
vn -0.5168194 0.6494643 -0.55775785
vn 0.4351838 -0.09551963 -0.89526033
vn -0.8990515 0.39746872 -0.18364389
vn -0.9651741 0.03616011 0.25909743
vn -0.7057305 0.19102386 -0.68224216
vn -0.70883834 0.055995148 -0.7031449
vn -0.883316 0.017356064 -0.46845672
vn -0.92760175 0.029130833 -0.37243313
vn -0.6965771 0.009127314 -0.7174239
vn -0.956121 0.001186753 -0.29296955
vn -0.74273306 -0.042415857 -0.6682428
vn -0.8507815 0.019036662 0.52517474
vn -0.8987366 -0.01300998 0.43829584
vn -0.9528672 0.0029661246 -0.3033732
vn -0.79581344 0.007153683 -0.6054996
vn -0.79573333 -0.042300854 0.60416806
vn -0.9591289 -0.20089538 0.1992807
vn -0.98852515 0.08869362 0.122276045
vn -0.985638 0.04421616 0.16298033
vn -0.7641012 -0.012364033 -0.6449779
vn -0.95168185 0.047583297 -0.30337688
vn -0.88044804 -0.011110201 0.4740125
vn -0.66754776 -0.09702629 -0.738218
vn -0.85054976 -0.0016030611 -0.5258922
vn -0.94206583 -0.32924324 0.064115845
vn -0.9416688 -0.12150497 -0.3138413
vn -0.99770516 -0.06400204 -0.022093879
vn -0.80208004 -0.024231227 -0.5967248
vn -0.9760706 -0.017819135 -0.21672258
vn -0.9133 0.00905806 -0.40718675
vn -0.7319874 -0.078614496 -0.67676747
vn -0.9123672 0.015624648 -0.40907452
vn -0.9307695 0.20878005 -0.30013177
vn -0.9608707 0.033004798 0.27502397
vn -0.83893377 0.009990063 -0.5441418
vn -0.80680037 0.06782776 -0.5869178
vn -0.9360678 -0.019657495 0.35126996
vn -0.949732 -0.22178835 -0.2209503
vn -0.64204645 0.33127347 -0.6914002
vn -0.8038989 -0.030965092 -0.59395945
vn -0.5208917 -0.68264824 -0.5125068
vn -0.7083598 -0.00034438443 -0.7058515
vn -0.502289 -0.6545216 -0.5650728
vn -0.9188419 -0.033472165 0.39320368
vn -0.68377256 0.1724849 -0.7090162
vn -0.8189211 0.48937345 -0.29980302
vn 0 0 0
vn -0.9458892 0.3244413 0.0056084716
vn -0.717991 0.69511974 -0.036020327
vn -0.9351015 0.33006912 -0.12899423
vn 0 0 0
vn -0.4319323 0.11950403 0.89395374
vn -0.45994255 0.007326871 0.8879185
vn 0 0 0
vn 0.4990611 0.00019214649 -0.8665668
vn 0.5307289 0.01229855 -0.84745246
vn 0.71135837 -0.002475402 -0.70282507
vn 0.70387113 -0.0030411358 -0.7103212
vn 0.4394602 -0.27723566 -0.8544092
vn 0.112005204 0.46465206 -0.8783811
vn 0.71227944 0.0015186097 -0.70189434
vn 0.605133 -0.35586452 -0.71216184
vn 0.69827205 -0.031232215 -0.7151508
vn 0.5568457 -0.5796558 -0.59491336
vn 0.67763054 -0.48924166 -0.5490532
vn 0.74152195 -0.12966365 -0.65827996
vn 0.76309603 -0.39096242 -0.51461905
vn 0.73443305 -0.08075896 -0.6738591
vn 0.70473653 0.0022356156 -0.70946556
vn 0.5515628 0.00667986 -0.8341066
vn -0.0967671 0.10093965 -0.9901754
vn -0.42490953 -0.05035329 -0.9038343
vn 0.24764119 0.15153793 -0.9569274
vn 0.7446182 -0.0021569557 -0.66748714
vn 0.72506934 0.0007951781 -0.6886754
vn 0.6590868 -0.01076687 -0.7519898
vn 0.7612599 -0.33307615 -0.55636644
vn 0.7040595 0.020829052 -0.70983547
vn 0.59061396 -0.30878165 -0.7455394
vn 0.6371911 0.04597945 -0.76933306
vn 0.648396 -0.17017479 -0.74203986
vn 0.6506286 0.104950994 -0.7521088
vn 0.68744725 0.14592777 -0.7114221
vn 0.7459906 -0.04770027 -0.66424596
vn 0.57973576 -0.4131195 -0.70230955
vn 0.5362744 -0.54634166 -0.6433666
vn 0.7628969 -0.18967183 -0.618072
vn 0.7972898 -0.004188877 -0.60358214
vn 0.6750303 0.061675612 -0.7352076
vn 0.7204803 0.040667526 -0.6922819
vn 0.7976878 -0.0035922863 -0.6030599
vn 0.76296616 0.24313861 -0.598971
vn 0.6640183 0.2083889 -0.71809036
vn 0.7606305 -0.0046133804 -0.64916867
vn 0.6551358 0.33691263 -0.67622995
vn 0.5995857 0.44334775 -0.6662881
vn 0.6843932 0.30948824 -0.6601689
vn 0.67936397 -0.3124177 -0.66397274
vn 0.69038117 -0.23214717 -0.6851872
vn 0.67613757 -0.2956536 -0.6748533
vn 0.5684838 -0.59796244 -0.56503725
vn 0.5461515 -0.6266168 -0.5559406
vn 0.7009698 -0.20970571 -0.6816633
vn 0.6729086 -0.28826827 -0.6812455
vn 0.5488105 -0.6390325 -0.53892905
vn 0.5507421 -0.60575867 -0.57422954
vn 0.67759717 -0.19453241 -0.70923847
vn 0.33218303 -0.8742358 -0.35407084
vn 0.30065882 -0.90553826 -0.29934055
vn 0.6483075 0.37123358 -0.66474277
vn 0.67696553 -0.19262972 -0.7103601
vn 0.5492617 -0.636086 -0.5419467
vn 0.5472536 -0.6319924 -0.548725
vn 0.6329263 0.40111807 -0.6621998
vn 0.6253039 0.47508675 -0.61910224
vn 0.6864279 0.29270545 -0.6656878
vn 0.68912417 0.30899042 -0.6554638
vn 0.46131843 0.4680879 -0.75371015
vn 0.5295332 0.12032589 -0.839712
vn 0.72468835 0.027981177 -0.68850845
vn 0.62574965 0.37625462 -0.68327874
vn 0.68787915 -0.24818255 -0.68207604
vn 0.71498066 0.23587207 -0.65815425
vn 0.26512715 -0.92108953 -0.2851345
vn 0.66155857 0.40934452 -0.62831306
vn 0.76322544 -0.004910935 -0.6461136
vn 0.69587207 0.17819203 -0.69570804
vn 0.6413162 -0.41396853 -0.64602137
vn 0.6964932 0.17788169 -0.6951657
vn 0.66480297 -0.38557732 -0.6398181
vn 0.49246493 -0.71989757 -0.48910707
vn 0.4979823 -0.6963743 -0.51679444
vn 0.6224422 0.38639745 -0.6806341
vn 0.45957148 -0.7477227 -0.47927538
vn 0.698282 -0.42066026 -0.57917804
vn 0.46874827 -0.8048079 -0.36408693
vn 0.7536585 0.14229415 -0.64167845
vn 0.8195288 -0.48155946 -0.31060106
vn 0.5513046 -0.8292921 -0.09131176
vn 0.8455759 -0.53299016 -0.030378925
vn 0.62896955 -0.7758418 -0.049667105
vn 0.9228699 0.35680798 0.14491089
vn 0.73578787 0.00043650018 -0.67721194
vn 0.71543586 0.02348601 -0.69828355
vn 0.71954966 0.007827457 -0.69439685
vn 0.69143414 0.049699064 -0.720728
vn 0.72926265 0.045777332 -0.6827008
vn 0.69559103 -0.049344175 -0.71674144
vn 0.63075966 0.37031803 -0.6819141
vn 0.657979 0.38752937 -0.645666
vn 0.6877595 -0.027417544 -0.72542065
vn 0.6690985 0.10264902 -0.73605055
vn 0.5343808 -0.5612538 -0.6320058
vn 0.59239185 -0.5441187 -0.59414375
vn 0.45590407 -0.18916847 -0.8696935
vn 0.3807094 -0.5868208 -0.71463394
vn 0.64033145 0.31730217 -0.6994962
vn 0.6068961 0.31249645 -0.7307688
vn 0.71073735 0.19276659 -0.6765305
vn 0.83607155 0.20815614 -0.5075977
vn 0.62063485 0.31556708 -0.7177951
vn 0.5469701 0.40214792 -0.7342348
vn 0.7626466 0.01604447 -0.64661634
vn 0.52982146 -0.66175365 -0.53044444
vn 0.69392484 0.031241054 -0.7193694
vn 0.5868159 0.37885734 -0.7156216
vn 0.5632033 -0.59717375 -0.5711266
vn 0.73127824 0.017527983 -0.68185407
vn 0.70104885 0.08085858 -0.7085142
vn 0.9107405 0.12350901 -0.39407778
vn 0.6791894 -0.15479447 -0.71745414
vn 0.6887074 0.025356112 -0.72459584
vn 0.6686949 0.0060104495 -0.7435126
vn 0.67252403 -0.17032915 -0.72020787
vn 0.713165 -0.010728148 -0.7009141
vn 0.7150102 -0.00023350852 -0.69911397
vn 0.76154023 0.0031253237 -0.6481101
vn 0.83132946 -0.29761568 -0.4693786
vn 0.7649071 0.0081077395 -0.6440895
vn 0.9951129 -0.071546525 -0.068054914
vn 0.9304237 0.004161448 -0.36646202
vn 0.91827565 0.03550359 -0.39434665
vn 0.8910533 0.010813327 0.4537698
vn 0.8946834 0.04882015 0.44402498
vn 0.8282957 0.02252998 0.559838
vn 0.9054109 0.020719502 -0.42403048
vn 0.79549414 -0.022479743 -0.60554415
vn 0.9996755 0.019506097 -0.016381495
vn 0.9706729 -0.02331691 -0.23927057
vn 0.46826 -0.7380625 -0.48579448
vn 0.956343 -0.022983223 -0.29134154
vn 0.7847206 -0.013086262 -0.61971146
vn 0.78916746 -0.015205223 -0.6139899
vn 0.9538387 -0.013810477 -0.30000174
vn 0.72062504 0.010989393 -0.6932379
vn 0.8933479 -0.005585293 -0.44933093
vn 0.77230763 -0.078910515 -0.63032854
vn 0.9028748 -0.005991543 -0.4298618
vn 0.861396 0.04349078 -0.50606865
vn 0.7730518 0.43381616 -0.46281147
vn 0.82977027 0.016299454 -0.557867
vn 0.69978315 0.1932278 -0.68772566
vn 0.63722736 -0.064283654 -0.7679902
vn 0.8406801 0.008820984 -0.5414602
vn 0.5445707 0.3892955 -0.74289423
vn 0.596985 -0.16488957 -0.7851244
vn 0.5601778 0.5769781 -0.594388
vn 0.6559899 -0.17804047 -0.73347044
vn 0.7607115 -0.037503283 -0.6480058
vn 0.58094215 0.5694279 -0.5815996
vn 0.6259476 0.25773203 -0.7360461
vn 0.7600996 -0.0909705 -0.6434073
vn 0.61273354 -0.26479816 -0.744607
vn 0.6913955 -0.16786876 -0.7027036
vn 0.6330939 0.34218848 -0.6943336
vn 0.66565865 0.3692203 -0.6485175
vn 0.6676731 -0.075094685 -0.74065745
vn 0.53572875 -0.018405193 -0.8441895
vn 0.73647726 0.015580415 -0.6762829
vn 0.6836143 -0.124929115 -0.71907175
vn 0.68804324 0.057918284 -0.7233547
vn 0.6957334 -0.17907482 -0.69562
vn 0.7006104 -0.10172369 -0.70625585
vn 0.68085396 -0.16478695 -0.7136408
vn 0.6652782 -0.121756405 -0.73660046
vn 0.70340854 0.09936155 -0.70380664
vn 0.6352194 0.4478981 -0.6291928
vn 0.95641387 -0.13377523 -0.25957027
vn 0.87303066 0.0059957756 0.4876284
vn 0.36161602 -0.86416984 -0.34992048
vn 0.6663592 0.01073828 -0.74555355
vn 0.6625385 0.08124138 -0.744609
vn 0.8100379 0.051727436 -0.5840915
vn 0.7636269 0.38115865 -0.521145
vn 0.61394846 0.51883996 -0.5948717
vn 0.7491709 0.013050306 -0.6622482
vn 0.99384934 0.033955783 -0.10540645
vn 0.6533679 0.3383796 -0.67720723
vn 0.5785849 -0.57921684 -0.57423633
vn 0.6710183 0.25771534 -0.6952102
vn 0.97681135 0.2103278 0.040023174
vn 0.48358297 0.31835005 0.81535316
vn 0.58125824 0.0016449104 -0.8137175
vn 0.6898499 -0.10716952 -0.7159761
vn 0.7446182 -0.0021569557 -0.66748714
vn 0.72926265 0.045777332 -0.6827008
vn 0.72468835 0.027981177 -0.68850845
vn 0.7626466 0.01604447 -0.64661634
vn 0.71954966 0.007827457 -0.69439685
vn 0.71543586 0.02348601 -0.69828355
vn 0.73127824 0.017527983 -0.68185407
vn 0.30065882 -0.90553826 -0.29934055
vn 0.5461515 -0.6266168 -0.5559406
vn 0.19491358 -0.95382553 -0.22852916
vn 0.3636986 -0.8515528 -0.37759927
vn 0.5492617 -0.636086 -0.5419467
vn 0.2325538 -0.94895613 -0.2130752
vn 0.5684838 -0.59796244 -0.56503725
vn 0.30824864 -0.9069618 -0.2870594
vn 0.5472536 -0.6319924 -0.548725
vn 0.52982146 -0.66175365 -0.53044444
vn 0.14119036 -0.979744 -0.14201055
vn 0.2605076 -0.92717016 -0.26924205
vn 0.49246493 -0.71989757 -0.48910707
vn 0.11578638 -0.9888299 -0.093855865
vn 0.4979823 -0.6963743 -0.51679444
vn 0.46874827 -0.8048079 -0.36408693
vn 0.07011633 -0.99687606 -0.036356427
vn 0.5488105 -0.6390325 -0.53892905
vn -0.34194526 -0.66401136 -0.66495293
vn -0.6049573 -0.006772962 -0.7962291
vn -0.37907264 -0.17623651 -0.90842974
vn -0.059989404 -0.61104614 -0.7893186
vn -0.034541395 -0.052864492 -0.99800414
vn 0.023549 -0.64325255 -0.7652918
vn -0.045136873 -0.5303648 -0.8465671
vn 0.05411694 -0.7666818 -0.63974243
vn -0.096892506 -0.7458927 -0.65898097
vn -0.019438345 -0.8918377 -0.4519377
vn -0.03080463 -0.99286383 -0.11520605
vn -0.14408894 -0.9241526 -0.35380834
vn 0.009944498 0.3192313 -0.9476247
vn 0.06972708 -0.06059811 -0.99572384
vn 0.084553026 -0.58573145 -0.8060828
vn 0.45590407 -0.18916847 -0.8696935
vn -0.09437821 -0.7533517 -0.65081024
vn 0.17798854 -0.84317464 -0.5073229
vn -0.05130601 -0.8990552 -0.4348189
vn 0.32203886 -0.90160567 -0.28878754
vn 0.5343808 -0.5612538 -0.6320058
vn 0.59239185 -0.5441187 -0.59414375
vn 0.22568054 -0.935485 -0.27191198
vn 0.5785849 -0.57921684 -0.57423633
vn 0.36161602 -0.86416984 -0.34992048
vn 0.3807094 -0.5868208 -0.71463394
vn -0.51394427 -0.68881047 -0.5112743
vn -0.5035354 -0.70426804 -0.5004584
vn -0.18940488 -0.96328753 -0.19027057
vn -0.19433397 -0.96535623 -0.17413129
vn 0.032667585 -0.99861735 0.041185852
vn 0.034230515 -0.9981782 0.04968488
vn -0.13920766 -0.9809788 -0.13528448
vn 0.038923074 -0.9990892 0.01748844
vn -0.5566479 -0.70161736 -0.44483277
vn -0.2509005 -0.9323054 -0.26049098
vn -0.5179674 -0.6781309 -0.5213906
vn 0.012167236 -0.9997304 0.019775318
vn -0.23639706 -0.95800644 -0.16229634
vn 0.01453836 -0.99979234 0.014279925
vn -0.48816982 -0.72773045 -0.48176613
vn -0.110872865 -0.98630524 -0.12210308
vn -0.14094377 -0.9806457 -0.1359002
vn -0.48185316 -0.74251753 -0.46527973
vn 0.039224863 -0.9986374 0.034420222
vn -0.004732864 -0.9999677 -0.006497356
vn -0.17494841 -0.9794493 -0.10036004
vn -0.14361577 -0.97358286 -0.17751302
vn -0.15639591 -0.9740671 -0.16350411
vn -0.005161393 -0.9943291 -0.1062213
vn 0.23346971 -0.9713151 0.045154463
vn 0.10189704 -0.99065125 0.09070364
vn 0.009904592 -0.9990892 -0.041506022
vn -0.024024699 -0.9995507 -0.017921977
vn 0.082545064 -0.9732823 0.21426135
vn 0.011796774 -0.99942553 0.03177151
vn -0.06530242 -0.9923283 0.10497723
vn 0.76478225 -0.63729423 0.09467931
vn -0.09742258 -0.96952593 0.22478512
vn 0.06017222 -0.9829307 0.17385772
vn 0.029061602 -0.99903566 -0.032911073
vn -0.012646209 -0.999049 0.041726798
vn -0.007455133 -0.99997145 0.0012565628
vn -0.0071043177 -0.99938846 0.034237254
vn -0.0124622965 -0.9999216 -0.0011871927
vn 0.0001720759 -0.99999934 -0.0011573856
vn 0.041488513 -0.998743 -0.028126592
vn 0.12466765 -0.99210775 -0.013424629
vn 0.00011285186 -1 0.00017960934
vn 0.00016583162 -1 0.000044208977
vn 0.00020570823 -1 0.00005383973
vn 0.00019008298 -0.999999 0.0014308204
vn 0.00018336072 -1 0.000069592716
vn 0.057085533 -0.9970428 -0.051449005
vn 0.00020534727 -1 0.00008126463
vn 0.039191596 -0.99920166 -0.0077506085
vn 0.112974145 -0.9934105 -0.01929573
vn 0.03225513 -0.9985724 0.042576388
vn 0.00008943032 -1 0.000044024884
vn 0.0000048149027 -1 0.00004650741
vn 0.000025287576 -1 0.000029536954
vn -0.00013641028 -1 0.00015182729
vn -0.0001353741 -1 0.000110482484
vn 0.000037920803 -1 0.0000070431097
vn -0.000021264406 -1 0.00002334648
vn -0.000161056 -0.99999994 0.00019264074
vn 0.0000620743 -1 0.000028943428
vn 0.00003834826 -1 0.000107954664
vn -0.0000022552554 -1 -0.000053504347
vn 0.007592517 -0.9964404 -0.08395724
vn -0.0000072904704 -1 0.00015682579
vn 0.020015193 -0.9971892 -0.07220111
vn 0.03931912 -0.96440697 -0.26148275
vn 0.10613516 -0.9882132 -0.11031765
vn 0.081575826 -0.98704624 -0.13814883
vn -0.00020834258 -0.99999994 0.0003008126
vn 0.00000414862 -0.9999999 0.0005224821
vn 0.00028880365 -0.9999998 0.0004971518
vn -0.013050486 -0.9985627 -0.05198316
vn -0.00012474909 -0.99999976 0.00065333775
vn -0.00059636484 -0.9999943 -0.003331254
vn 0.041621562 -0.9989917 -0.016826699
vn 0.15732679 -0.9866784 -0.041399673
vn 0.0016480865 -0.9999986 0.0001432479
vn -0.06188162 -0.98248225 -0.175782
vn -0.056801535 -0.9917873 -0.1145927
vn 0.027896171 -0.9986244 0.044397373
vn -0.00023151709 -0.99999994 0.00014935914
vn -0.00029256448 -0.99999994 0.0001707445
vn -0.00018826635 -0.99999994 0.0002618099
vn 0.00003675074 -1 0.00009945594
vn -0.00014722429 -1 -0.000009060092
vn -0.00009193613 -0.9999998 0.0005553734
vn -0.000041589105 -1 0.00011088644
vn -0.000073591116 -1 0.000051431216
vn -0.00022709735 -0.99999994 -0.00016267513
vn -0.00012712699 -0.99999994 0.00026424986
vn 0.00018312776 -1 0.000028115286
vn 0.06939212 -0.9939719 -0.08488018
vn -0.08043229 -0.9960734 -0.03699207
vn -0.1232703 -0.9888966 -0.082993254
vn -0.00021628126 -0.99999994 0.00015334031
vn -0.0007395818 -0.9999997 0.00017229575
vn -0.00076924195 -0.99999946 0.00069959037
vn 0.08654088 -0.97983956 0.18006964
vn 0.00003808502 -0.99999994 0.00026706123
vn 0.0014407528 -0.9999955 0.0026201133
vn 0.00007751047 -0.9986077 0.052751396
vn -0.000022327462 -0.9999999 0.0005448463
vn 0.000051100644 -1 -0.00002548764
vn -0.0007441571 -0.99999934 0.0008827522
vn 0.02591973 -0.9915758 0.126908
vn 0.0048839673 -0.99994403 0.009382287
vn 0.058737867 -0.9982174 0.010577744
vn -0.012896143 -0.999758 0.017820813
vn -0.041528717 -0.9982637 0.041772194
vn -0.0011065073 -0.99999875 0.0011234265
vn -0.0015148538 -0.9999976 0.0015738645
vn -0.00094863033 -0.99999803 0.0017584221
vn -0.025276672 -0.99915916 0.032281917
vn -0.016172117 -0.9997437 0.015844455
vn -0.009835996 -0.99994403 -0.0039039582
vn -0.008255043 -0.9999366 0.0076583032
vn -0.030796863 -0.9993759 0.017304875
vn 0.107609354 -0.9731091 0.20366362
vn 0.09846537 -0.96345055 0.24913372
vn -0.07336875 -0.98594797 -0.15007864
vn -0.048691414 -0.9943082 -0.09476522
vn -0.13433877 -0.96497375 -0.2253415
vn -0.1620223 -0.9615971 -0.22153963
vn -0.14527655 -0.9152051 -0.37589133
vn -0.025640326 -0.99530697 -0.09330916
vn -0.015599563 -0.99709576 0.07454295
vn -0.071314566 -0.99745077 0.0024982304
vn -0.27034497 -0.96015674 -0.070800245
vn -0.0055656405 -0.99997944 -0.0031847074
vn -0.055124056 -0.9977857 0.03721637
vn -0.056126554 -0.9957373 -0.07319133
vn 0.015863193 -0.99979776 -0.01236138
vn -0.046810783 -0.9987857 0.015358228
vn -0.009963415 -0.99994576 -0.003044085
vn 0.11162961 -0.9875281 0.11102778
vn 0.10110276 -0.9936517 0.049341112
vn 0.07996095 -0.99023026 0.11423778
vn 0.1263125 -0.98489374 0.118446246
vn 0.12889339 -0.9910794 0.033884045
vn 0.15672176 -0.9872724 0.027045857
vn 0.3725433 -0.8721486 0.3171252
vn 0.2536264 -0.9217091 0.2934723
vn 0.34757686 -0.8895491 0.2964671
vn 0.080454536 -0.9896884 0.11850729
vn 0.06883282 -0.9945412 0.0784203
vn -0.00012236013 -0.9999999 0.0004953894
vn -0.000053285614 -0.99999976 0.0006583851
vn -0.025220672 -0.9953647 0.092806004
vn -0.00010916021 -1 0.00019388931
vn 0.08490406 -0.99218214 0.09146504
vn 0.18024041 -0.9828188 0.039756894
vn 0.17366028 -0.9819781 0.07457248
vn -0.03044091 -0.9991813 0.026648192
vn -0.133833 -0.9909214 0.012788878
vn 0.021570155 -0.99950916 0.022718709
vn -0.18272838 -0.9831279 -0.008358763
vn -0.12099049 -0.9920469 0.034703016
vn 0.0631154 -0.9938276 0.091231786
vn -0.004030858 -0.99987894 -0.015029826
vn -0.09093062 -0.9795935 -0.17924342
vn -0.30107218 -0.9535969 -0.0029082287
vn 0.0030318033 -0.9982027 0.05985135
vn 0.06706356 -0.99751914 -0.021402467
vn -0.013622692 -0.99900675 -0.0424262
vn 0.21430516 -0.9604075 0.17801881
vn 0.10966438 -0.98936516 0.09555273
vn 0.19456613 -0.96083504 0.19733244
vn 0.17133233 -0.96909684 0.17747264
vn 0.02758971 -0.9983398 0.050562114
vn 0.007491154 -0.9998075 0.018134749
vn 0.20620748 -0.94602114 0.25004506
vn 0.24198627 -0.9284014 0.28198126
vn 0.116216965 -0.9839674 0.13528378
vn 0.08523559 -0.9717636 0.22002353
vn -0.06248011 -0.9910697 -0.11780118
vn -0.047433622 -0.9597166 -0.27693686
vn 0.11320999 -0.9935659 -0.0031988334
vn 0.19491358 -0.95382553 -0.22852916
vn 0.30065882 -0.90553826 -0.29934055
vn 0.3636986 -0.8515528 -0.37759927
vn -0.015862677 -0.987832 0.15471363
vn 0.18798919 -0.9619466 0.19828951
vn 0.055899203 -0.99839246 -0.009366068
vn 0.07369145 -0.9794461 0.18776298
vn -0.19687791 -0.9240378 -0.32770896
vn -0.022189958 -0.99930125 -0.030076586
vn -0.062654324 -0.99766356 0.027237717
vn -0.13429977 -0.9819098 -0.1334793
vn 0.038523912 -0.9986622 0.034492813
vn -0.058943056 -0.9951199 -0.079133436
vn 0.044458065 -0.99770224 0.051124282
vn 0.29052162 -0.9251897 0.24417473
vn -0.023454882 -0.9988176 0.04258138
vn -0.029354474 -0.9986046 0.043899644
vn -0.0005928138 -0.99999976 0.00040943094
vn -0.01228774 -0.9999244 0.00043240772
vn 0.01928999 -0.989001 -0.14664578
vn 0.05579175 -0.99758524 0.041363817
vn -0.06800333 -0.997684 0.0014609449
vn -0.0005260056 -0.9999999 0.00013561264
vn -0.017412618 -0.9996656 0.019116018
vn -0.021485634 -0.99331224 -0.113442354
vn -0.00087112706 -0.9999991 0.0009984437
vn -0.020297168 -0.9995221 0.023315737
vn 0.24835119 -0.9289615 0.27450347
vn -0.0010834228 -0.99999934 -0.00031151788
vn -0.02065305 -0.9996634 0.015701672
vn -0.00011850138 -0.9999999 -0.00045936223
vn 0.0025771176 -0.99996746 -0.0076456033
vn 0.020598605 -0.9997777 0.004499007
vn 0.37783906 -0.85879517 0.3459892
vn 0.038987547 -0.9985592 0.036871724
vn -0.0004981216 -0.9999997 0.0005378403
vn -0.014238975 -0.9985395 -0.052115813
vn -0.0011997141 -0.9999983 -0.0014352872
vn -0.04342711 -0.9747962 -0.21882987
vn 0.011326935 -0.9976828 -0.067087606
vn -0.00018009359 -1 -0.00003457166
vn -0.0036215803 -0.9999876 0.0034190197
vn -0.010095795 -0.9998882 0.011029821
vn -0.04068136 -0.9983051 0.0416175
vn -0.049269352 -0.9980801 0.037532613
vn 0.11578638 -0.9888299 -0.093855865
vn 0.2605076 -0.92717016 -0.26924205
vn -0.0021165065 -0.9999972 0.0010653842
vn 0.12419274 -0.99053276 -0.058489237
vn -0.0049598813 -0.9999877 -0.000059990547
vn 0.11047533 -0.9936609 -0.020811783
vn -0.03093017 -0.9992816 0.0219015
vn 0.14119036 -0.979744 -0.14201055
vn -0.024719333 -0.9996738 -0.006423391
vn 0.08656002 -0.9962032 -0.009306561
vn 0.051211122 -0.99859554 -0.013577231
vn 0.20357507 -0.97888625 -0.018408867
vn 0.25505918 -0.96646273 0.02990986
vn 0.12766482 -0.9902022 0.05658034
vn 0.06231205 -0.99802715 0.007681148
vn 0.1880351 -0.9748236 -0.11984072
vn -0.00012538843 -1 0.00020188921
vn -0.01010793 -0.9999486 0.00078370253
vn -0.03441034 -0.9988259 -0.03409847
vn -0.051609147 -0.99822927 -0.029577753
vn 0.055726923 -0.99759555 -0.041202016
vn -0.00019623469 -1 -0.00010874847
vn -0.014861836 -0.9997147 0.01869981
vn 0.011763158 -0.99992764 -0.0025248034
vn -0.6556586 -0.36589292 -0.66048026
vn -0.6927865 -0.20034605 -0.6927541
vn 0.067035824 -0.9965735 0.04845024
vn -0.000083992 -0.99999994 -0.00040123056
vn -0.00013393552 -0.9999999 -0.0004217559
vn 0.0014565312 -0.9999988 0.00046401343
vn 0.0033067386 -0.9999915 0.0024804051
vn 0.012880853 -0.9998156 0.014244801
vn 0.018239524 -0.99888134 0.043628477
vn -0.20500708 -0.96197397 -0.1804943
vn -0.19080892 -0.9626871 -0.19189999
vn 0.0053049326 -0.9999631 0.006760571
vn 0.0053522014 -0.99997157 0.0053093396
vn -0.0006965258 -0.9999927 -0.0037511298
vn 0.006593949 -0.99996173 0.005751639
vn -0.18818161 -0.9605702 -0.20467666
vn -0.32006845 -0.8895172 -0.3260603
vn -0.0059946645 -0.9997516 -0.021464964
vn -0.05662646 -0.9884416 -0.14062956
vn -0.5374123 -0.6390924 -0.5502263
vn -0.5922224 -0.5418141 -0.5964144
vn 0.006948897 -0.9995853 0.027946375
vn -0.14408894 -0.9241526 -0.35380834
vn -0.22231424 -0.95049757 -0.2170962
vn -0.012849755 -0.9997292 -0.019399857
vn -0.5721538 -0.5742348 -0.58557194
vn -0.019438345 -0.8918377 -0.4519377
vn -0.03080463 -0.99286383 -0.11520605
vn -0.0026400615 -0.9959097 0.09031538
vn 0.01529331 -0.99975693 0.015881743
vn -0.05130601 -0.8990552 -0.4348189
vn 0.17798854 -0.84317464 -0.5073229
vn -0.09437821 -0.7533517 -0.65081024
vn 0.22568054 -0.935485 -0.27191198
vn 0.0017623033 -0.99905056 0.043530237
vn -0.502289 -0.6545216 -0.5650728
vn -0.34194526 -0.66401136 -0.66495293
vn -0.6049573 -0.006772962 -0.7962291
vn -0.6462568 0.007593566 -0.7630822
vn -0.5208917 -0.68264824 -0.5125068
vn -0.03482604 -0.9988953 0.031548858
vn 0.024477802 -0.9993885 -0.024968455
vn 0.025036914 -0.99938947 -0.024367934
vn -0.025419464 -0.9994176 0.022767523
vn -0.0060317055 -0.99996376 -0.0060048136
vn 0.30824864 -0.9069618 -0.2870594
vn -0.19219452 -0.9813144 -0.009127446
vn 0.0016878113 -0.99994916 0.00994199
vn -0.00082622777 -0.9999996 0.00032921502
vn 0.010114891 -0.99990785 0.00905497
vn -0.12357277 -0.9715544 -0.20201932
vn -0.018415999 -0.9998252 0.0032322416
vn 0.07011633 -0.99687606 -0.036356427
vn -0.015813248 -0.9997952 0.012630126
vn -0.06672602 -0.9905281 -0.12000714
vn 0.027655715 -0.99919844 0.028941289
vn -0.00039697162 -0.9999965 0.0026162586
vn -0.16731311 -0.98501205 -0.041923035
vn 0.26512715 -0.92108953 -0.2851345
vn 0.36161602 -0.86416984 -0.34992048
vn 0.03236274 -0.9993722 0.014416852
vn 0.008264341 -0.99843085 0.0553857
vn 0.0062415283 -0.99738365 -0.07202
vn 0.07362148 -0.9972783 0.0039850255
vn 0.02646349 -0.9996066 -0.009293326
vn 0.016115991 -0.9998701 0.0002163156
vn 0.06034984 -0.99662757 0.05560027
vn 0.021849541 -0.9997156 -0.009551953
vn -0.32598254 -0.94537205 0.0026575723
vn -0.08598972 -0.9959974 0.024391042
vn 0.032268077 -0.99861705 -0.041506227
vn -0.098228686 -0.993966 0.048812956
vn 0.012297083 -0.9998916 -0.008100837
vn -0.5291418 -0.83152276 0.16905278
vn -0.68610984 -0.71924645 0.109260276
vn -0.46720642 -0.80274373 0.370568
vn -0.4078431 -0.81779015 0.40605813
vn -0.032261997 -0.99903387 0.029842015
vn -0.07399734 -0.9950949 0.06565484
vn -0.4144066 -0.8025339 0.42919278
vn -0.09282292 -0.9903401 0.10300638
vn -0.43137684 -0.7893978 0.4367667
vn -0.09707305 -0.9910334 0.091813475
vn -0.40708134 -0.8264374 0.38895503
vn -0.13662954 -0.9814523 0.13447593
vn -0.45864263 -0.7610405 0.4587639
vn 0.01120153 -0.9995334 -0.028417116
vn -0.02159583 -0.9993601 0.028513733
vn -0.017067371 -0.9997919 0.011171897
vn -0.020112079 -0.999535 0.022918189
vn -0.070156865 -0.99573874 0.05985301
vn -0.080414295 -0.9962192 0.03287506
vn -0.015433862 -0.99978334 0.013968322
vn -0.12584096 -0.9898716 0.06571336
vn -0.074495696 -0.9924267 0.097670995
vn 0.16314818 -0.98613435 -0.030358866
vn -0.014147454 -0.99530935 0.09570332
vn -0.106117256 -0.98933446 0.099782236
vn -0.08031578 -0.9926606 0.090411805
vn -0.034739666 -0.9987456 0.03605986
vn 0.08282289 -0.9939577 0.07203106
vn 0.010959387 -0.99931216 0.035426907
vn 0.047177296 -0.98779875 0.14841813
vn 0.02060559 -0.99552375 0.0922383
vn 0.005624474 -0.999778 0.020305788
vn -0.028048104 -0.9990555 0.03318818
vn 0.024770537 -0.9994928 0.020012248
vn -0.10608843 -0.9837962 0.14453474
vn -0.17625599 -0.9789474 0.10293608
vn -0.40788266 -0.8191666 0.40323415
vn -0.39585587 -0.8384188 0.37463588
vn 0.55525076 -0.8246505 -0.10792632
vn 0.050435178 -0.99800783 -0.03790268
vn 0.04226979 -0.99821657 -0.0421532
vn 0.037821367 -0.9983864 -0.042357426
vn -0.7268336 -0.68679106 0.005563545
vn -0.48300242 -0.8755351 -0.012125217
vn -0.76186204 -0.64570224 -0.051330347
vn 0.039833296 -0.99830157 -0.042512175
vn -0.14543456 -0.989302 -0.011416419
vn 0.0038303395 -0.9997455 0.02223149
vn -0.028582638 -0.998037 -0.05572467
vn 0.008086971 -0.9998291 -0.016623277
vn -0.0056904163 -0.9999062 -0.012458923
vn 0.33218303 -0.8742358 -0.35407084
vn 0.2325538 -0.94895613 -0.2130752
vn -0.33153978 -0.88024884 -0.33947507
vn -0.032943826 -0.9990195 0.029576097
vn -0.17042579 -0.96244067 0.21133623
vn -0.35007548 -0.927423 0.13165751
vn -0.16940312 -0.97355866 -0.15325196
vn 0.04589497 -0.99725795 0.058053304
vn -0.010002769 -0.96136135 -0.2751077
vn -0.019297322 -0.9966463 0.07952201
vn 0.075439855 -0.9358883 -0.34412494
vn 0.028826803 -0.99722034 -0.06870685
vn 0.0460917 -0.9609034 -0.27302042
vn 0.025896534 -0.9913707 -0.12850496
vn -0.027655734 -0.97438425 -0.22318277
vn -0.14062302 -0.9780802 -0.15357152
vn -0.04391755 -0.95916146 -0.27942905
vn -0.0671114 -0.994896 -0.075352885
vn -0.017326605 -0.9997389 -0.014898081
vn -0.08618248 -0.95417297 -0.28657728
vn 0.11132312 -0.9861919 0.12260755
vn -0.031172726 -0.9991989 0.025095906
vn 0.24420664 -0.9697057 -0.0058265817
vn 0.04027269 -0.9987594 0.02928833
vn 0.5513046 -0.8292921 -0.09131176
vn 0.46874827 -0.8048079 -0.36408693
vn 0.62896955 -0.7758418 -0.049667105
vn 0.31098697 -0.9497035 0.036746386
vn -0.06659728 -0.99614114 0.05716371
vn 0.5749259 -0.580959 0.5761482
vn 0.5651999 -0.57943916 0.5871962
vn 0.007056138 -0.99983865 0.01651921
vn 0.27737427 -0.9286804 0.24620362
vn 0.1770869 -0.94306695 0.2815403
vn 0.022941625 -0.99973005 0.0036815756
vn -0.008272448 -0.9951657 0.09786127
vn 0.056393705 -0.85195345 0.5205719
vn -0.03369636 -0.8043431 0.5932088
vn 0.06608572 -0.9518195 0.29945347
vn 0.053548124 -0.8693716 0.491249
vn 0.048536975 -0.7133697 0.69910496
vn -0.018669002 -0.5306692 0.84737337
vn -0.024230195 -0.5292247 0.84813565
vn -0.031407334 -0.7735255 0.6329865
vn -0.00023229721 -0.9604878 0.27832207
vn -0.062226556 -0.99242604 0.105917245
vn -0.2359503 -0.83659494 0.4944051
vn -0.2741656 -0.90102947 0.33612365
vn -0.036349956 -0.9992949 -0.009403363
vn -0.06614038 -0.99763817 0.01853411
vn -0.03390143 -0.9988888 0.032740306
vn -0.19876422 -0.973785 0.11061459
vn -0.053306494 -0.9717257 0.23001637
vn -0.029804237 -0.9986265 0.04309181
vn -0.05851038 -0.9974709 0.040352304
vn -0.017082674 -0.99926823 0.03422192
vn -0.32209784 -0.8863162 0.33271104
vn -0.0021880688 -0.9634106 0.26802084
vn -0.21337749 -0.9764887 -0.0306564
vn 0.17792132 -0.5657472 0.80515474
vn 0.058549147 -0.97810364 0.1997131
vn 0.04405629 -0.99699986 0.063642524
vn 0.59532243 -0.54668355 0.58883643
vn 0.0025304926 -0.9998084 -0.01941295
vn 0.003260181 -0.9999398 -0.0104760025
vn -0.0013166438 -0.9996572 -0.026147282
vn -0.0016585217 -0.99987847 -0.015502974
vn -0.007874189 -0.9998909 -0.012496148
vn -0.15163139 -0.98477805 0.0849712
vn 0.15819235 -0.98502415 -0.068575725
vn -0.04477525 -0.99527186 0.086192526
vn 0.0085123535 -0.99785686 0.06487855
vn 0.32695135 -0.9450229 0.00587565
vn 0.085299976 -0.9947141 0.057164297
vn 0.49078953 -0.8678626 -0.077072136
vn 0.41801074 -0.8556302 0.30522776
vn 0.66711324 -0.7172942 0.20111936
vn 0.7565005 -0.6532746 0.030647883
vn 0.004833117 -0.9999382 -0.01001255
vn -0.38205677 -0.84508204 0.37399057
vn 0.01905027 -0.99957466 0.02208077
vn 0.005886258 -0.99989855 0.012968693
vn -0.017458664 -0.99780595 0.06386287
vn -0.0757433 -0.99711543 0.0048743277
vn 0.031943463 -0.99876285 0.03811018
vn -0.44339767 -0.7813007 -0.4392809
vn -0.6484672 -0.38141373 -0.65879726
vn 0.35052505 -0.8708892 0.34450573
vn 0.2657053 -0.92235076 0.2804813
vn -0.015006295 -0.9997933 -0.013716732
vn 0.0040917983 -0.9996404 -0.026501775
vn -0.36762175 -0.8496162 0.3781621
vn -0.35800162 -0.85738885 0.3697556
vn -0.15084797 -0.9691035 -0.19514933
vn 0.007294202 -0.9993823 -0.034376893
vn -0.3381155 -0.8769852 -0.34143057
vn 0.0062763058 -0.9998261 -0.017561052
vn -0.002378649 -0.9999967 -0.0009748639
vn -0.0057259495 -0.99997145 -0.0049356893
vn 0.17245264 -0.9777788 0.119200386
vn -0.13676657 -0.92487806 -0.3548175
vn 0.39062026 -0.91819936 0.06577073
vn 0.32203886 -0.90160567 -0.28878754
vn 0.031566016 -0.9993851 0.015262875
vn 0.20370793 -0.9682027 0.14521238
vn 0.24870653 -0.9644468 0.08937273
vn -0.030505834 -0.99876624 0.039184414
vn -0.0019093005 -0.99682665 0.07957995
vn 0.0019028173 -0.98290884 -0.18408324
vn 0.09566583 -0.99508816 0.025447935
vn -0.00076315296 -0.9998119 -0.019380681
vn -0.004191795 -0.99994856 0.009233946
vn -0.14734788 -0.98533523 -0.08604102
vn -0.61058784 -0.49443266 -0.61864275
vn 0.1250683 -0.9921194 -0.007555419
vn 0.29840344 -0.858944 0.41613773
vn 0.15448356 -0.9708723 0.18314432
vn 0.041508842 -0.9943208 -0.09799573
vn -0.3088742 -0.89403677 0.32449183
vn -0.06555036 -0.9931392 -0.096838586
vn -0.14745022 -0.9804781 -0.13008106
vn -0.3319997 -0.9358753 -0.1179561
vn -0.66925603 -0.66972953 -0.32180542
vn 0.049394976 -0.99311274 0.106241114
vn 0.011050062 -0.9882079 0.15271917
vn 0 0 0
vn -0.012109135 -0.9978481 -0.06444045
vn -0.006777285 -0.99966365 -0.025032397
vn -0.33098155 -0.9418315 0.058348604
vn -0.53275204 -0.6689426 -0.51835424
vn 0.064090095 -0.99680316 -0.0477059
vn 0.44612432 -0.5723476 0.68803436
vn 0.46538684 -0.748594 0.47225216
vn 0.67728007 -0.7350833 -0.030729165
vn 0.02399855 -0.90668577 -0.42112347
vn -0.06445123 -0.9782025 -0.19739763
vn 0.16046402 -0.9674309 0.19577724
vn 0.021535356 -0.9995696 0.019921165
vn 0.00072516646 -0.9999951 0.0030501601
vn -0.105180904 -0.96248966 -0.25010118
vn -0.096503876 -0.9841001 -0.14911066
vn -0.015355756 -0.9994907 0.027974151
vn -0.0026793699 -0.9999259 -0.011873196
vn -0.009516506 -0.99907213 -0.042003695
vn -0.0149476025 -0.998096 -0.059841506
vn -0.053855702 -0.9913508 -0.11967933
vn -0.020973444 -0.9991435 0.03567081
vn 0.22834101 -0.9572901 0.17735834
vn 0.02060559 -0.99552375 0.0922383
vn 0.0085123535 -0.99785686 0.06487855
vn -0.020973444 -0.9991435 0.03567081
vn 0.011050062 -0.9882079 0.15271917
vn -0.04477525 -0.99527186 0.086192526
vn -0.014147454 -0.99530935 0.09570332
vn 0 0 0
vn -0.16731311 -0.98501205 -0.041923035
vn -0.062654324 -0.99766356 0.027237717
vn -0.18272838 -0.9831279 -0.008358763
vn -0.022189958 -0.99930125 -0.030076586
vn -0.19219452 -0.9813144 -0.009127446
vn 0.116216965 -0.9839674 0.13528378
vn 0.10110276 -0.9936517 0.049341112
vn 0.1317746 -0.96390057 0.2313681
vn 0.08523559 -0.9717636 0.22002353
vn 0.1263125 -0.98489374 0.118446246
vn 0.04027269 -0.9987594 0.02928833
vn 0.02399855 -0.90668577 -0.42112347
vn 0.33676496 -0.940456 0.046172407
vn -0.06445123 -0.9782025 -0.19739763
vn 0.12766482 -0.9902022 0.05658034
vn -0.056126554 -0.9957373 -0.07319133
vn 0.09566583 -0.99508816 0.025447935
vn 0.1250683 -0.9921194 -0.007555419
vn 0.09709104 -0.9895673 0.106442265
vn 0.17245264 -0.9777788 0.119200386
vn 0.24870653 -0.9644468 0.08937273
vn 0.06883282 -0.9945412 0.0784203
vn -0.22303396 0.95711946 -0.18487342
vn 0.1372235 0.9895729 0.04376307
vn -0.31562588 0.894717 -0.31600916
vn 0.23582426 0.968813 0.07608081
vn -0.039841935 0.9986677 -0.03279336
vn -0.39404532 0.8264567 -0.40211636
vn -0.17868252 0.96713406 -0.1808986
vn -0.4182909 0.8041123 -0.42241699
vn -0.22845203 0.9479753 -0.22170368
vn -0.4448055 0.7808768 -0.43861085
vn 0.12492854 0.98686177 0.102453336
vn 0.06453668 0.995831 0.06446446
vn 0.06481422 0.9902636 0.12319541
vn 0.07405154 0.9912966 0.108845904
vn -0.29896152 0.90767825 -0.29452026
vn -0.4451513 0.7774951 -0.44423157
vn -0.4353715 0.79672873 -0.419136
vn -0.17697626 0.9393828 -0.29366538
vn 0.23481649 0.95429176 0.18490106
vn 0.036795966 0.99205035 -0.120341934
vn -0.5069653 0.7830396 -0.36032644
vn 0.17310765 0.9676884 0.18333846
vn 0.07384213 0.98955876 0.123777255
vn -0.27855054 0.9578315 -0.070486896
vn -0.06457939 0.9969355 -0.04414855
vn 0.13205002 0.98984814 0.052568797
vn 0.09768366 0.9856472 -0.13768636
vn 0.16637863 0.9701899 -0.17620914
vn 0.4419086 0.8970329 -0.00698086
vn 0.23483436 0.9413001 0.24250136
vn 0.0063123885 0.9956368 0.09309937
vn 0.13223705 0.9713952 0.19724277
vn -0.011551017 0.96043867 0.27825192
vn 0.022226823 0.99744755 0.0678558
vn 0.010604876 0.83709484 -0.546955
vn 0.006618987 0.8809855 -0.47309694
vn 0.100781895 0.9753902 0.19610457
vn -0.06453325 0.9979059 0.0043927906
vn -0.29088265 0.9536767 -0.07673345
vn -0.3878095 0.921693 -0.009262296
vn -0.18697631 0.9818646 0.031333156
vn 0.33342302 0.91298133 0.23514722
vn -0.10869419 0.9924714 0.056445755
vn 0.049302537 0.7062877 -0.706206
vn -0.18401319 0.9712061 0.15132017
vn -0.05380638 0.96096945 0.27137172
vn -0.29460093 0.919517 0.26019
vn -0.057237 0.9983038 -0.010654842
vn 0.12443999 0.979944 -0.15564218
vn 0.07434119 0.9957605 -0.05417024
vn -0.119442336 0.98266155 0.14180928
vn 0.21435952 0.95412886 -0.20901713
vn 0.24098244 0.93997735 -0.24159887
vn -0.28359717 0.9162255 0.2830256
vn -0.23703876 0.95126826 0.19723415
vn 0.24578792 0.9331045 -0.26249617
vn 0.4676881 0.74714166 -0.4722787
vn 0.47426304 0.7509859 -0.45945048
vn 0.6330939 0.34218848 -0.6943336
vn 0.66565865 0.3692203 -0.6485175
vn 0.18172456 0.9651269 -0.18843105
vn -0.20400737 0.9449234 0.25593126
vn -0.18493009 0.9772566 0.103780806
vn 0.21794222 0.95574164 -0.19763367
vn 0.082333066 0.99658805 -0.005792942
vn 0.3651549 0.9124969 -0.18442142
vn -0.2557374 0.9654003 0.05099738
vn -0.5621614 0.8238834 0.07204691
vn 0.08102673 0.99526983 0.05359732
vn 0.26066223 0.9654264 0.0026580906
vn -0.2504514 0.96454 -0.083286785
vn -0.2616442 0.96493506 -0.021039192
vn 0.10335157 0.98754275 0.11864974
vn 0.42171305 0.90404266 -0.069749296
vn -0.3680602 0.87833464 0.3050573
vn -0.26030207 0.933332 0.24725333
vn 0.4595077 0.7516911 -0.47308895
vn 0.6352194 0.4478981 -0.6291928
vn 0.49643436 0.7608265 -0.41796637
vn 0.2708151 0.9389741 -0.2121011
vn 0.4064594 0.8184922 -0.40603122
vn 0.59545696 0.76238894 -0.25336546
vn 0.67153674 0.5525439 -0.49369392
vn 0.34106535 0.9079886 -0.24337438
vn 0.48919484 0.86863625 -0.078482546
vn 0.09327712 0.9955921 -0.009785139
vn 0.0153012695 0.9998277 -0.010510759
vn 0.50798947 0.85953957 0.05602163
vn 0.3213848 0.9468738 0.011911272
vn -0.15143707 0.97255135 -0.1766655
vn -0.24770701 0.9562073 -0.15591322
vn 0.14898069 0.9888092 0.007813398
vn -0.14956318 0.98558724 0.07904873
vn 0.3881886 0.8368523 -0.38598943
vn 0.33615237 0.88181233 -0.33076975
vn -0.0060290657 0.9999556 -0.0072431755
vn 0.03633821 0.9987635 -0.03392666
vn -0.16812028 0.9729291 -0.15856999
vn -0.18873453 0.9389128 -0.2877882
vn 0.07755085 0.9573485 -0.27833366
vn -0.07554577 0.92611766 -0.36959285
vn -0.42729717 0.78886133 -0.44171813
vn -0.34302852 0.8271739 -0.44510084
vn -0.2804478 0.8261656 -0.48867106
vn -0.23440674 0.943995 -0.2322216
vn 0.17042893 0.84611684 -0.50501513
vn 0.042078376 0.84647757 -0.530759
vn 0.021864392 0.49245197 -0.870065
vn 0.27587944 0.566826 -0.7762724
vn 0.36411682 0.8142133 -0.4521899
vn -0.1717041 0.9560423 0.23769897
vn 0.5749245 0.6196924 -0.53426874
vn 0.49954703 0.539965 -0.6774146
vn 0.18170315 0.9525491 -0.24420106
vn 0.27684447 0.92128366 -0.27311826
vn 0.18098487 0.9743515 -0.13372934
vn 0.058160793 0.99740195 -0.042505573
vn -0.017567653 0.99984145 0.0029064363
vn 0.2920875 0.9050002 -0.3092888
vn 0.3186775 0.89132184 -0.32247478
vn -0.114359625 0.987205 0.111122094
vn 0.25949836 0.93624675 -0.23685995
vn -0.18113796 0.96342385 0.19749297
vn 0.023751866 0.99964315 0.012225098
vn 0.0024613596 0.9992071 -0.039738193
vn 0.19394267 0.9517404 -0.23785815
vn -0.18649082 0.96736884 0.17151865
vn 0.08003211 0.9826829 -0.16712019
vn -0.07763841 0.9902452 0.11570084
vn 0.09214745 0.9919517 -0.08683731
vn -0.028149527 0.997682 0.061953437
vn 0.14708611 0.9739549 -0.17256151
vn -0.016225008 0.9753609 0.22001791
vn 0.00839382 0.9933845 -0.114528775
vn -0.23907827 0.80637455 0.5409267
vn 0.034349043 0.80620605 0.5906369
vn -0.19782612 0.979653 0.03383479
vn -0.11227135 0.9916845 0.062905066
vn -0.24481782 0.93728054 0.2481319
vn -0.22388865 0.94924027 0.22094525
vn 0.27105412 0.9572039 -0.10144135
vn -0.22785002 0.9521619 0.20364693
vn -0.4349507 0.7871584 -0.43726364
vn 0.4761506 0.74132925 -0.4729816
vn 0.029455865 0.87867147 0.47651735
vn 0.4934317 0.710706 -0.5014201
vn -0.13520126 0.97275686 -0.18832068
vn -0.00038200675 0.053973034 -0.9985423
vn 0.060929153 0.9863192 0.15317355
vn -0.08001599 0.97364897 -0.21355355
vn -0.043969516 0.9799375 -0.19439432
vn -0.20428617 0.9701989 -0.13031176
vn -0.12894118 0.9839132 -0.12364862
vn -0.20089366 0.9697161 -0.13889758
vn 0.0619379 0.9953248 0.074109495
vn 0.16261481 0.97401816 0.15762301
vn 0.07821731 0.83827245 0.53961223
vn 0.41138983 0.8088516 0.42013982
vn -0.17348857 0.97151685 -0.161421
vn 0.61394846 0.51883996 -0.5948717
vn -0.3411573 0.8878874 0.3086545
vn 0.552614 0.62461454 -0.551792
vn -0.047119554 0.8072776 -0.58828783
vn -0.048789687 0.48016724 -0.875819
vn -0.40942624 0.46647134 -0.7840757
vn 0.098239 0.9923011 0.07541643
vn -0.04788478 0.9813785 0.18601969
vn 0.34775183 0.6770053 -0.64863896
vn 0.44515726 0.7819175 -0.43639436
vn 0.5378674 0.77960014 -0.320815
vn 0.7636269 0.38115865 -0.521145
vn 0.23993056 0.94682693 0.21436445
vn -0.23309986 0.9569999 -0.17267215
vn -0.103981905 0.98852855 -0.10954039
vn 0.24832733 0.94034344 0.23256774
vn -0.1340713 0.97018486 -0.20190635
vn 0.25710583 0.93312126 0.251359
vn 0.8483582 0.49881527 -0.17740248
vn 0.60521173 0.7869872 -0.119874604
vn -0.020602835 0.86333406 0.504212
vn 0.20837991 0.95472765 0.21230392
vn 0.25118387 0.9310986 0.26450354
vn 0.5024934 0.6835068 -0.5294515
vn 0.25043482 0.9196798 0.3024424
vn 0.5172368 0.85385907 0.058230046
vn -0.48460272 0.6943327 0.532036
vn -0.17348857 0.97151685 -0.161421
vn -0.7033563 0.055153064 -0.7086946
vn -0.20089366 0.9697161 -0.13889758
vn -0.17373572 0.9722984 -0.15637052
vn -0.08599151 0.99187034 -0.09380157
vn -0.23466569 0.9354292 -0.26439396
vn 0.036795966 0.99205035 -0.120341934
vn -0.26995757 0.6013859 -0.75196934
vn 0.010604876 0.83709484 -0.546955
vn 0.0063123885 0.9956368 0.09309937
vn -0.008304009 0.78704464 -0.6168402
vn -0.18218555 0.8721731 -0.45400718
vn -0.0032254723 0.67633814 -0.73658425
vn -0.059050325 0.9509523 -0.30364907
vn 0.006618987 0.8809855 -0.47309694
vn 0.049302537 0.7062877 -0.706206
vn -0.10037034 0.9949085 0.009103835
vn -0.58386064 0.80820936 -0.07684002
vn -0.53392625 0.83653337 0.12302304
vn -0.4218602 0.9053715 -0.04833659
vn -0.46948737 0.8816921 0.04691111
vn -0.13850464 0.9882767 -0.064230554
vn -0.064910874 0.9973815 -0.031885702
vn -0.4150658 0.9069584 -0.07174159
vn -0.13583577 0.98732406 -0.08209658
vn -0.10425691 0.99044585 -0.090263724
vn -0.03239752 0.9994017 -0.012112708
vn 0.017830089 0.99982786 0.005136755
vn 0.5208617 0.69257236 0.49904576
vn -0.030280767 0.98618716 -0.16284339
vn -0.024589628 0.9972896 -0.06934544
vn -0.018551007 0.99739754 -0.069670424
vn 0.09276715 0.81828254 0.5672812
vn -0.02990614 0.9356323 -0.35170707
vn 0.023690358 0.9490516 -0.31422892
vn 0.09036399 0.7179889 -0.6901639
vn 0.11388468 0.9621981 -0.24739662
vn 0.34775183 0.6770053 -0.64863896
vn 0.39554802 0.70645016 -0.5869156
vn -0.057237 0.9983038 -0.010654842
vn -0.10869419 0.9924714 0.056445755
vn 0.08392799 0.9650552 0.24824284
vn 0.028183738 0.73102736 0.68176585
vn 0.11547628 0.718617 0.68575126
vn -0.004393396 0.9460138 0.32409653
vn 0.0037995854 0.54065293 0.8412372
vn -0.27197358 0.77587503 0.5692524
vn -0.04125751 0.67956746 0.732452
vn -0.030821906 0.9711502 0.23646833
vn -0.10072884 0.9871744 0.12385638
vn 0.0021227067 0.99926233 0.03834503
vn -0.34163752 0.8735212 0.3467629
vn -0.14291099 0.9825155 0.11933011
vn 0.032556273 0.99809504 -0.05240605
vn -0.1055571 0.99100965 0.08220424
vn -0.2671079 0.93260586 0.24269246
vn -0.09274693 0.9955087 0.018985432
vn 0.1527239 0.9878292 -0.029476812
vn 0.113560185 0.99159414 -0.062008876
vn 0.31087762 0.9503217 -0.015616399
vn 0.85085523 0.5250755 0.018468166
vn 0.26695597 0.961831 0.060130272
vn 0.78750384 0.58647454 0.18943419
vn -0.03700465 0.9976948 0.056883484
vn 0.49105325 0.82005215 0.29390678
vn 0.40532 0.8115592 0.42081755
vn 0.44357312 0.55725783 0.70193064
vn -0.077704385 0.7450877 0.6624246
vn -0.0049445876 0.9361509 0.35156372
vn 0.023181312 0.9949002 -0.09816408
vn 0.04317536 0.9979617 -0.046993457
vn 0.1623777 0.9658788 -0.20177141
vn 0.062135737 0.9966731 -0.052742947
vn 0.51602465 0.6630532 -0.5422905
vn 0.34106535 0.9079886 -0.24337438
vn 0.67153674 0.5525439 -0.49369392
vn 0.1639304 0.9701032 0.1789597
vn 0.41230136 0.75225437 0.513927
vn 0.4190377 0.80599993 0.4180568
vn 0.1794746 0.9664506 0.18374483
vn 0.45203942 0.86105007 0.23292308
vn 0.07198698 0.99389297 0.083633915
vn 0.06803394 0.99584466 0.06053706
vn 0.010369997 0.99993366 -0.0050124764
vn -0.36938834 0.8510611 -0.3731584
vn -0.36351222 0.8430757 -0.39633596
vn 0.0026907276 0.99920666 0.039734133
vn -0.25352094 0.8573893 -0.44789597
vn -0.0042377743 0.99671805 0.08084074
vn -0.019010631 0.9013393 -0.43269628
vn -0.32355726 0.5684041 -0.7564572
vn 0.0074272086 0.99988353 0.013334607
vn -0.009435745 0.80244535 -0.59665096
vn 0.028905116 0.5149 -0.85676277
vn 0.12572655 0.8768541 -0.46402547
vn 0.16259351 0.58055145 -0.79782414
vn 0.3447974 0.7925267 -0.5030071
vn 0.021770583 0.9994401 -0.02540884
vn 0.47073856 0.63684744 -0.6105985
vn 0.10544982 0.9537267 -0.28157723
vn 0.58500254 0.5605539 -0.5861325
vn 0.5324051 0.635728 -0.5589228
vn 0.19278225 0.9588447 -0.20845108
vn 0.5865042 0.669772 -0.45543185
vn 0.67126185 0.62690043 -0.3954787
vn 0.77155125 0.615581 -0.1605265
vn -0.13552499 0.9353174 0.3268246
vn -0.18970758 0.9526722 0.23754309
vn -0.14695334 0.9791833 0.14001702
vn 0.08833394 0.9945367 -0.055623095
vn -0.098155335 0.9940711 0.046777684
vn 0.48919484 0.86863625 -0.078482546
vn 0.19774678 0.9802449 -0.0040217894
vn 0.26501238 0.960006 0.09031597
vn 0.65995383 0.7481435 0.06886366
vn 0.3502413 0.9364097 0.021630334
vn 0.5257821 0.8504939 0.014603461
vn 0.034173444 0.9993875 0.007540045
vn 0.2733738 0.9612699 -0.035026766
vn -0.50868255 0.8291934 -0.23169011
vn -0.7120031 0.70195264 -0.017721556
vn -0.05776155 0.99832964 0.0012556326
vn 0.11824713 0.98416454 -0.1320521
vn 0.054512534 0.99688995 -0.056910243
vn 0.054666825 0.8888114 -0.45500088
vn 0.0032302956 0.53470314 -0.8450338
vn 0.008706365 0.89674747 -0.44245693
vn -0.7953576 0.49522713 0.34950882
vn -0.70977026 0.7039682 0.025590971
vn 0.064045236 0.9410137 0.33225206
vn 0.5749245 0.6196924 -0.53426874
vn 0.49643436 0.7608265 -0.41796637
vn 0.7159727 0.68870515 -0.11431638
vn 0.601265 0.7959995 0.06975087
vn 0.7061867 0.6899893 0.15879248
vn -0.020602835 0.86333406 0.504212
vn 0.07821731 0.83827245 0.53961223
vn 0.029455865 0.87867147 0.47651735
vn 0.034349043 0.80620605 0.5906369
vn -0.23907827 0.80637455 0.5409267
vn 0.5548046 0.65663886 0.5108985
vn 0.5833065 0.7357371 0.34415773
vn 0.40369767 0.8637496 0.30160362
vn 0.661114 0.6143189 0.4307442
vn -0.48460272 0.6943327 0.532036
vn 0.023751866 0.99964315 0.012225098
vn -0.5727598 0.6596659 0.4866078
vn 0.0024613596 0.9992071 -0.039738193
vn -0.19782612 0.979653 0.03383479
vn -0.77145684 0.6037847 0.20074458
vn -0.5069653 0.7830396 -0.36032644
vn -0.5454141 0.64503247 -0.5352164
vn -0.4353715 0.79672873 -0.419136
vn -0.61660135 0.7319794 -0.2898429
vn -0.535346 0.5774363 -0.61641866
vn -0.17697626 0.9393828 -0.29366538
vn -0.6313793 0.7723737 0.069275066
vn -0.11227135 0.9916845 0.062905066
vn -0.5927889 0.7989927 -0.10105436
vn -0.27855054 0.9578315 -0.070486896
vn 0.09768366 0.9856472 -0.13768636
vn -0.54146844 0.6108274 -0.57766926
vn -0.52441376 0.5999518 -0.6041921
vn -0.6968724 0.63256663 -0.33797672
vn -0.7084838 0.7001474 -0.08856826
vn -0.74088776 0.67082596 0.032830566
vn -0.2865547 0.9157959 -0.28143236
vn -0.13670799 0.9703104 -0.19952102
vn -0.5866507 0.75315404 0.2976574
vn -0.17348857 0.97151685 -0.161421
vn -0.13112804 0.9526206 -0.27444378
vn -0.7033563 0.055153064 -0.7086946
vn 0.41138983 0.8088516 0.42013982
vn 0.08578497 0.9912849 0.0999757
vn -0.1340713 0.97018486 -0.20190635
vn -0.27039415 0.91658354 -0.2945532
vn -0.15143707 0.97255135 -0.1766655
vn 0.5672641 0.7534548 0.33244148
vn 0.5531682 0.5979614 0.5800406
vn 0.50798947 0.85953957 0.05602163
vn 0.59545696 0.76238894 -0.25336546
vn 0.3213848 0.9468738 0.011911272
vn -0.23309986 0.9569999 -0.17267215
vn -0.24770701 0.9562073 -0.15591322
vn -0.2504514 0.96454 -0.083286785
vn -0.2616442 0.96493506 -0.021039192
vn -0.103981905 0.98852855 -0.10954039
vn -0.20089366 0.9697161 -0.13889758
vn 0.6340307 0.37630278 0.6755748
vn 0.09567706 0.7197521 0.68760663
vn -0.1502553 0.5717433 0.8065562
vn -0.021995194 0.5188962 0.85455424
vn 0.322189 0.8096981 0.49049282
vn 0.3236693 0.9249533 0.19924754
vn -0.09106146 0.949785 0.2993597
vn 0.072521135 0.780941 0.6203804
vn -0.019134525 0.999758 0.010853357
vn 0.021345966 0.99784976 0.061969183
vn 0.024496013 0.9989737 0.03809825
vn -0.1961665 0.76108336 0.61828053
vn -0.04722743 0.9978282 0.045918733
vn -0.1650061 0.46983016 0.8671981
vn -0.5122206 0.53557587 0.6714078
vn -0.1935672 0.9799264 -0.04770748
vn -0.20624864 0.9545609 -0.21511625
vn -0.14681081 0.98813885 -0.04503487
vn -0.51086 0.6965895 0.5037709
vn -0.03404768 0.9988026 0.03513041
vn -0.40318105 0.731688 0.549616
vn -0.069591805 0.9965592 0.04501912
vn -0.58010143 0.6184628 0.5300813
vn -0.030170195 0.9995161 0.0075650085
vn 0.05548366 0.99798167 0.030888813
vn 0.042463206 0.9990665 -0.007942725
vn 0.0006715784 0.99999905 0.0012143904
vn 0.0004002797 0.9999998 0.0004452813
vn -0.0005953737 0.99999976 -0.00042522023
vn -0.00072545354 0.9999981 -0.0018172442
vn 0.00033983105 0.9999996 0.0008139657
vn 0.0008883699 0.9999982 0.0016845918
vn 0.00054332434 0.99999726 0.002290114
vn 0.0010168615 0.9999983 0.001557049
vn 0.00016192287 0.9999991 0.0013136879
vn 0.0011858688 0.999998 0.0016214543
vn 0.0009092214 0.99999875 0.0013045485
vn 0.00034871773 0.9999995 0.00091076683
vn 0.00048274847 0.9999996 0.00073983526
vn 0.0001045364 0.99999946 0.0010342052
vn 0.0004328129 0.99999803 0.0019252464
vn 0.00013267389 0.99999964 0.0008267785
vn 0.000021826685 0.9999996 0.0009102098
vn 0.00011018361 0.99999905 0.0013694667
vn 0.00013428547 0.9999996 0.00087482174
vn 0.00017720685 0.9999994 0.0010856566
vn 0.00008851306 0.9999994 0.0010880007
vn 0.00025887263 0.9999994 0.0010574915
vn 0.00025039687 0.99999994 -0.000036239275
vn 0.0003091309 0.99999934 0.0011253984
vn 0.00039945805 0.99999917 0.0012375662
vn 0.00035807895 0.99999994 0.000050008002
vn 0.00039862393 0.999999 0.0013798535
vn 0.0018590986 0.9999971 0.0015539092
vn 0.00017626521 0.9999988 0.0015374282
vn -0.000047399088 0.99999934 0.0011313424
vn 0.00043065756 0.9999984 0.0017449181
vn 0.0003672197 0.9999997 0.0007180008
vn 0.00023457399 0.9999973 0.0022941541
vn 0.0018651081 0.99999756 0.0012110827
vn -0.00010300064 0.9999983 0.0018474316
vn 0.00017858004 0.9999966 0.0026031418
vn 0.00035088792 0.9999995 0.00087934546
vn -0.00023877602 0.99999994 -0.0001694366
vn -0.0010342571 0.99999803 -0.0016899568
vn 0.00069904694 0.9999926 -0.003776626
vn -0.003525062 0.99998546 -0.004083158
vn -0.0020632993 0.99998283 -0.0054839696
vn -0.00033565576 0.99999994 0.00012291294
vn -0.000029264862 0.9999999 0.00051520637
vn 0.00017309518 0.9999997 -0.00078888366
vn 0.0009348564 0.99999934 0.0006639007
vn 0.00014054045 1 -0.00015028747
vn -0.949732 -0.22178835 -0.2209503
vn -0.6169842 -0.7242585 -0.3078639
vn -0.7536812 -0.07767691 -0.65263385
vn 0 0 0
vn -0.949732 -0.22178835 -0.2209503
vn -0.6169842 -0.7242585 -0.3078639
vn 0 0 0
vn -0.2691089 -0.250175 -0.93004996
vn 0 0 0
vn 0.13287085 -0.09398215 -0.98666745
vn -0.2691089 -0.250175 -0.93004996
vn 0.13287085 -0.09398215 -0.98666745
vn 0 0 0
vn -0.80422914 0.3179576 -0.502114
vn -0.9864014 0.15392575 -0.057612084
vn -0.90993655 0.4138634 -0.027065862
vn 0 0 0
vn -0.80422914 0.3179576 -0.502114
vn 0 0 0
vn -0.90993655 0.4138634 -0.027065862
vn 0.8211997 0.15598077 0.54890895
vn -0.2684676 0.048891284 -0.96204716
vn 0.64205253 -0.03527893 0.7658485
vn 0 0 0
vn 0.8211997 0.15598077 0.54890895
vn 0 0 0
vn 0.64205253 -0.03527893 0.7658485
vn -0.94206583 -0.32924324 0.064115845
vn 0 0 0
vn -0.99770516 -0.06400204 -0.022093879
vn 0.25302115 0.45096654 -0.8559261
vn 0.5469701 0.40214792 -0.7342348
vn 0.45590407 -0.18916847 -0.8696935
vn 0.06972708 -0.06059811 -0.99572384
vn 0.6690985 0.10264902 -0.73605055
vn 0.63075966 0.37031803 -0.6819141
vn 0.013726275 0.47799444 -0.8782556
vn 0.24764119 0.15153793 -0.9569274
vn 0.38882765 0.009865404 -0.9212577
vn 0.48140734 0.03403041 -0.87583613
vn -0.41656852 0.020895481 -0.90886414
vn -0.57533 -0.0278795 -0.81744605
vn -0.49924937 0.016848236 -0.8662945
vn 0.56308633 -0.000759644 -0.8263978
vn -0.32618034 -0.109010994 -0.9390011
vn 0.625442 -0.17686073 -0.7599622
vn -0.37443247 -0.0045378096 -0.9272431
vn -0.36246827 0.0003960251 -0.93199605
vn 0.43969885 -0.0077331318 -0.898112
vn 0.548136 0.027219117 -0.8359462
vn 0.4063737 0.02384736 -0.9133957
vn 0.20759292 -0.026694117 -0.97785103
vn 0.51931316 0.013394481 -0.854479
vn 0.54851305 0.02334411 -0.835816
vn 0.41963637 0.33731264 -0.84268945
vn -0.3437346 0.010953835 -0.93900293
vn -0.3820356 0.015658421 -0.9240149
vn 0.1917055 0.26395974 -0.94529057
vn 0.1270328 0.64713764 -0.75171506
vn -0.53888834 0.22281785 -0.81237406
vn -0.3543255 0.011382588 -0.9350529
vn 0.48882693 0.04161235 -0.8713878
vn 0.41268796 -0.018178642 -0.910691
vn 0.005138687 0.088130966 -0.99609566
vn -0.27777672 -0.0067381696 -0.960622
vn -0.36598247 -0.01987676 -0.93040943
vn -0.42490953 -0.05035329 -0.9038343
vn 0.5307289 0.01229855 -0.84745246
vn 0.045256834 0.41885385 -0.9069252
vn 0.046335805 0.36394432 -0.93026745
vn -0.18622962 0.42963403 -0.88359106
vn -0.06520473 0.29375106 -0.9536554
vn 0.013726275 0.47799444 -0.8782556
vn 0.24764119 0.15153793 -0.9569274
vn -0.0967671 0.10093965 -0.9901754
vn 0.009944498 0.3192313 -0.9476247
vn -0.034541395 -0.052864492 -0.99800414
vn -0.11128399 0.30711323 -0.94514406
vn -0.37907264 -0.17623651 -0.90842974
vn -0.4000016 -0.040482387 -0.91561997
vn 0.5923139 -0.006175787 -0.8056836
vn -0.40262753 0.020448431 -0.9151355
vn -0.42058787 0.28771156 -0.8604231
vn 0.4990611 0.00019214649 -0.8665668
vn 0.4306676 0.0028590003 -0.9025061
vn -0.29017392 -0.0738543 -0.9541198
vn 0.33249113 0.009601606 -0.94305754
vn -0.061267983 -0.098527566 -0.9932465
vn 0.26531044 -0.004284626 -0.9641535
vn 0.0012050638 0.028198658 -0.9996016
vn 0.09898894 0.021487366 -0.99485654
vn -0.03342463 0.034909535 -0.9988314
vn -0.0018691819 0.0443586 -0.9990139
vn 0.023803266 0.017017435 -0.9995718
vn -0.15246938 0.009703421 -0.98826057
vn -0.27696672 -0.014557287 -0.96076924
vn -0.013172673 0.011270773 -0.99984974
vn -0.017276026 -0.17875236 -0.9837424
vn 0.22463998 0.12125528 -0.96686816
vn 0.021864392 0.49245197 -0.870065
vn 0.27587944 0.566826 -0.7762724
vn 0.019419601 0.020198632 -0.9996074
vn -0.33732757 0.0745441 -0.93843126
vn -0.048789687 0.48016724 -0.875819
vn -0.40942624 0.46647134 -0.7840757
vn -0.12140088 -0.040191535 -0.9917895
vn -0.017659059 -0.3728512 -0.9277231
vn 0.22537453 -0.12397781 -0.9663518
vn 0.06972708 -0.06059811 -0.99572384
vn 0.25302115 0.45096654 -0.8559261
vn -0.0012649903 -0.23821823 -0.97121084
vn -0.4000016 -0.040482387 -0.91561997
vn 0.005138687 0.088130966 -0.99609566
vn 0.41268796 -0.018178642 -0.910691
vn 0.22537453 -0.12397781 -0.9663518
vn -0.62988627 0.3862741 -0.6738217
vn -0.7007357 0.0013398275 -0.71341974
vn -0.7044172 0.03733423 -0.7088036
vn 0 0 0
vn -0.62988627 0.3862741 -0.6738217
vn -0.7007357 0.0013398275 -0.71341974
vn 0 0 0
vn 0.9002953 0.07009555 0.4295986
vn -0.24118167 -0.10551698 0.9647267
vn 0.8211997 0.15598077 0.54890895
vn 0.7046158 0.003541901 0.70958024
vn 0 0 0
vn 0.7361065 -0.1497507 0.66009235
vn 0.8211997 0.15598077 0.54890895
vn 0.9002953 0.07009555 0.4295986
vn 0 0 0
usemtl material_0
f 1/1/1 2/2/2 3/3/3 4/4/4
f 1/1/1 4/4/4 3/3/3
f 5/5/5 6/6/6 7/7/7
f 8/8/8 9/9/9 10/10/10
f 11/11/11 12/12/12 13/13/13
f 14/14/14 17/17/17 15/15/15 16/16/16
f 18/18/18 19/19/19 20/20/20
f 21/21/21 22/22/22 23/23/23
f 24/24/24 25/25/25 26/26/26 27/27/27
f 28/28/28 24/24/24 27/27/27
f 29/29/29 30/30/30 31/31/31
f 32/32/32 33/33/33 34/34/34
f 35/35/35 38/38/38 36/36/36 37/37/37
f 36/36/36 38/38/38 35/35/35
f 39/39/39 40/40/40 41/41/41
f 42/42/42 43/43/43 44/44/44
f 42/42/42 44/44/44 43/43/43
f 45/45/45 46/46/46 47/47/47
f 48/48/48 49/49/49 50/50/50 52/52/52
f 50/50/50 49/49/49 51/51/51 63/63/63
f 53/53/53 52/52/52 50/50/50 66/66/66
f 54/54/54 48/48/48 52/52/52 55/55/55
f 56/56/56 55/55/55 52/52/52 53/53/53
f 56/56/56 53/53/53 57/57/57 59/59/59
f 53/53/53 66/66/66 58/58/58 57/57/57
f 51/51/51 60/60/60 61/61/61 63/63/63
f 60/60/60 80/80/80 62/62/62 61/61/61
f 63/63/63 61/61/61 64/64/64 65/65/65
f 50/50/50 63/63/63 65/65/65 66/66/66
f 66/66/66 65/65/65 67/67/67 58/58/58
f 68/68/68 58/58/58 67/67/67 69/69/69
f 57/57/57 58/58/58 68/68/68 77/77/77
f 67/67/67 89/89/89 70/70/70 69/69/69
f 68/68/68 69/69/69 71/71/71 73/73/73
f 69/69/69 70/70/70 72/72/72 71/71/71
f 73/73/73 71/71/71 74/74/74 76/76/76
f 68/68/68 73/73/73 75/75/75 77/77/77
f 75/75/75 73/73/73 76/76/76 96/96/96
f 78/78/78 102/102/102 79/79/79 80/80/80
f 79/79/79 81/81/81 62/62/62 80/80/80
f 79/79/79 105/105/105 82/82/82 81/81/81
f 83/83/83 62/62/62 81/81/81 84/84/84
f 61/61/61 62/62/62 83/83/83 64/64/64
f 82/82/82 86/86/86 84/84/84 81/81/81
f 83/83/83 84/84/84 85/85/85 87/87/87
f 85/85/85 84/84/84 86/86/86 111/111/111
f 88/88/88 87/87/87 85/85/85 113/113/113
f 88/88/88 83/83/83 87/87/87
f 88/88/88 89/89/89 64/64/64 83/83/83
f 67/67/67 65/65/65 64/64/64 89/89/89
f 71/71/71 72/72/72 90/90/90 74/74/74
f 74/74/74 90/90/90 91/91/91 92/92/92
f 92/92/92 91/91/91 93/93/93 95/95/95
f 76/76/76 74/74/74 92/92/92 94/94/94
f 94/94/94 92/92/92 95/95/95 98/98/98
f 96/96/96 76/76/76 94/94/94 97/97/97
f 97/97/97 94/94/94 98/98/98 99/99/99
f 98/98/98 124/124/124 100/100/100 99/99/99
f 78/78/78 101/101/101 102/102/102
f 103/103/103 102/102/102 101/101/101
f 79/79/79 102/102/102 104/104/104 105/105/105
f 103/103/103 135/135/135 104/104/104 102/102/102
f 104/104/104 136/136/136 106/106/106 105/105/105
f 82/82/82 105/105/105 106/106/106 107/107/107
f 108/108/108 107/107/107 106/106/106 137/137/137
f 108/108/108 82/82/82 107/107/107
f 108/108/108 109/109/109 86/86/86 82/82/82
f 110/110/110 111/111/111 86/86/86 109/109/109
f 110/110/110 145/145/145 112/112/112 111/111/111
f 85/85/85 111/111/111 112/112/112 113/113/113
f 114/114/114 115/115/115 116/116/116 157/157/157
f 117/117/117 114/114/114 118/118/118 119/119/119
f 93/93/93 117/117/117 119/119/119 120/120/120
f 120/120/120 119/119/119 121/121/121 164/164/164
f 95/95/95 93/93/93 120/120/120 122/122/122
f 120/120/120 164/164/164 123/123/123 122/122/122
f 98/98/98 95/95/95 122/122/122 124/124/124
f 124/124/124 122/122/122 123/123/123 125/125/125
f 100/100/100 124/124/124 125/125/125 126/126/126
f 126/126/126 125/125/125 127/127/127 128/128/128
f 123/123/123 166/166/166 127/127/127 125/125/125
f 129/129/129 130/130/130 131/131/131 169/169/169
f 129/129/129 169/169/169 132/132/132 133/133/133
f 134/134/134 133/133/133 132/132/132 167/167/167
f 135/135/135 134/134/134 136/136/136 104/104/104
f 137/137/137 106/106/106 136/136/136 138/138/138
f 134/134/134 167/167/167 138/138/138 136/136/136
f 137/137/137 138/138/138 139/139/139
f 139/139/139 138/138/138 140/140/140 174/174/174
f 108/108/108 137/137/137 139/139/139 141/141/141
f 139/139/139 174/174/174 142/142/142 141/141/141
f 110/110/110 141/141/141 143/143/143 145/145/145
f 141/141/141 142/142/142 144/144/144 143/143/143
f 143/143/143 151/151/151 146/146/146 145/145/145
f 112/112/112 145/145/145 146/146/146 147/147/147
f 148/148/148 149/149/149 147/147/147 146/146/146
f 150/150/150 148/148/148 146/146/146 151/151/151
f 150/150/150 149/149/149 148/148/148
f 150/150/150 151/151/151 152/152/152 154/154/154
f 152/152/152 151/151/151 153/153/153 178/178/178
f 155/155/155 154/154/154 152/152/152 182/182/182
f 150/150/150 154/154/154 155/155/155 156/156/156
f 114/114/114 157/157/157 158/158/158 118/118/118
f 118/118/118 158/158/158 159/159/159 160/160/160
f 160/160/160 159/159/159 161/161/161 163/163/163
f 118/118/118 160/160/160 121/121/121 119/119/119
f 160/160/160 163/163/163 162/162/162 121/121/121
f 162/162/162 165/165/165 164/164/164 121/121/121
f 123/123/123 164/164/164 165/165/165 166/166/166
f 167/167/167 132/132/132 168/168/168 170/170/170
f 138/138/138 167/167/167 170/170/170 140/140/140
f 170/170/170 172/172/172 171/171/171 140/140/140
f 140/140/140 171/171/171 173/173/173 174/174/174
f 174/174/174 173/173/173 175/175/175 142/142/142
f 175/175/175 176/176/176 144/144/144 142/142/142
f 176/176/176 177/177/177 153/153/153 144/144/144
f 143/143/143 144/144/144 153/153/153 151/151/151
f 177/177/177 179/179/179 178/178/178 153/153/153
f 152/152/152 178/178/178 180/180/180 182/182/182
f 178/178/178 179/179/179 181/181/181 180/180/180
f 182/182/182 180/180/180 183/183/183 188/188/188
f 155/155/155 182/182/182 184/184/184
f 185/185/185 184/184/184 182/182/182 188/188/188
f 186/186/186 187/187/187 185/185/185 188/188/188
f 189/189/189 183/183/183 190/190/190 191/191/191
f 180/180/180 181/181/181 190/190/190 183/183/183
f 189/189/189 191/191/191 192/192/192 193/193/193
f 108/108/108 141/141/141 110/110/110 109/109/109
f 194/194/194 195/195/195 187/187/187 186/186/186
f 196/196/196 194/194/194 197/197/197
f 194/194/194 186/186/186 197/197/197
f 198/198/198 199/199/199 115/115/115 114/114/114
f 198/198/198 114/114/114 117/117/117
f 198/198/198 117/117/117 93/93/93 91/91/91
f 88/88/88 200/200/200 70/70/70 89/89/89
f 201/201/201 72/72/72 70/70/70 200/200/200
f 202/202/202 203/203/203 201/201/201 200/200/200
f 198/198/198 204/204/204 205/205/205 115/115/115
f 201/201/201 204/204/204 90/90/90 72/72/72
f 198/198/198 91/91/91 90/90/90 204/204/204
f 88/88/88 206/206/206 202/202/202 200/200/200
f 88/88/88 113/113/113 206/206/206
f 207/207/207 208/208/208 209/209/209 54/54/54
f 209/209/209 210/210/210 48/48/48 54/54/54
f 211/211/211 49/49/49 48/48/48 210/210/210
f 211/211/211 213/213/213 51/51/51 49/49/49
f 212/212/212 215/215/215 213/213/213 214/214/214
f 213/213/213 215/215/215 60/60/60 51/51/51
f 212/212/212 78/78/78 215/215/215
f 78/78/78 80/80/80 60/60/60 215/215/215
f 216/216/216 217/217/217 218/218/218 222/222/222
f 219/219/219 221/221/221 220/220/220 216/216/216
f 219/219/219 216/216/216 222/222/222
f 219/219/219 222/222/222 130/130/130 129/129/129
f 218/218/218 225/225/225 130/130/130 222/222/222
f 219/219/219 129/129/129 221/221/221
f 223/223/223 221/221/221 129/129/129 133/133/133
f 224/224/224 223/223/223 133/133/133 134/134/134
f 225/225/225 226/226/226 131/131/131 130/130/130
f 128/128/128 127/127/127 227/227/227 239/239/239
f 166/166/166 165/165/165 228/228/228 229/229/229
f 166/166/166 229/229/229 227/227/227 127/127/127
f 230/230/230 231/231/231 227/227/227 229/229/229
f 232/232/232 230/230/230 229/229/229 228/228/228
f 232/232/232 228/228/228 233/233/233
f 234/234/234 233/233/233 228/228/228 237/237/237
f 163/163/163 161/161/161 235/235/235 236/236/236
f 162/162/162 163/163/163 236/236/236 237/237/237
f 162/162/162 237/237/237 228/228/228 165/165/165
f 238/238/238 239/239/239 227/227/227 231/231/231
f 240/240/240 241/241/241 242/242/242 243/243/243
f 244/244/244 248/248/248 240/240/240 243/243/243
f 245/245/245 244/244/244 243/243/243 246/246/246
f 246/246/246 243/243/243 242/242/242 247/247/247
f 241/241/241 220/220/220 249/249/249 242/242/242
f 250/250/250 216/216/216 220/220/220 241/241/241
f 248/248/248 251/251/251 252/252/252 240/240/240
f 240/240/240 252/252/252 250/250/250 241/241/241
f 245/245/245 246/246/246 253/253/253
f 247/247/247 242/242/242 249/249/249 101/101/101
f 224/224/224 249/249/249 220/220/220 221/221/221
f 224/224/224 101/101/101 249/249/249
f 224/224/224 135/135/135 103/103/103 101/101/101
f 224/224/224 134/134/134 135/135/135
f 254/254/254 244/244/244 245/245/245 255/255/255
f 207/207/207 54/54/54 256/256/256
f 54/54/54 55/55/55 257/257/257 256/256/256
f 258/258/258 257/257/257 55/55/55 56/56/56
f 57/57/57 77/77/77 259/259/259 59/59/59
f 258/258/258 56/56/56 59/59/59 260/260/260
f 260/260/260 59/59/59 259/259/259 261/261/261
f 259/259/259 77/77/77 75/75/75 262/262/262
f 75/75/75 96/96/96 263/263/263 262/262/262
f 261/261/261 259/259/259 262/262/262 264/264/264
f 264/264/264 262/262/262 263/263/263 265/265/265
f 265/265/265 263/263/263 266/266/266 267/267/267
f 267/267/267 266/266/266 268/268/268 269/269/269
f 96/96/96 97/97/97 266/266/266 263/263/263
f 266/266/266 97/97/97 99/99/99 268/268/268
f 268/268/268 99/99/99 100/100/100 270/270/270
f 270/270/270 100/100/100 126/126/126 272/272/272
f 268/268/268 270/270/270 271/271/271 269/269/269
f 271/271/271 270/270/270 272/272/272 273/273/273
f 272/272/272 126/126/126 128/128/128 274/274/274
f 275/275/275 274/274/274 128/128/128 239/239/239
f 272/272/272 274/274/274 276/276/276 273/273/273
f 275/275/275 277/277/277 276/276/276 274/274/274
f 131/131/131 226/226/226 278/278/278 280/280/280
f 279/279/279 291/291/291 278/278/278 226/226/226
f 278/278/278 293/293/293 281/281/281 280/280/280
f 282/282/282 169/169/169 131/131/131 280/280/280
f 282/282/282 280/280/280 281/281/281 168/168/168
f 170/170/170 168/168/168 281/281/281 172/172/172
f 282/282/282 168/168/168 132/132/132 169/169/169
f 283/283/283 284/284/284 285/285/285 286/286/286
f 285/285/285 302/302/302 287/287/287 286/286/286
f 288/288/288 283/283/283 286/286/286 289/289/289
f 290/290/290 289/289/289 286/286/286 287/287/287
f 279/279/279 288/288/288 289/289/289 291/291/291
f 290/290/290 292/292/292 291/291/291 289/289/289
f 278/278/278 291/291/291 292/292/292 293/293/293
f 294/294/294 297/297/297 295/295/295 296/296/296
f 296/296/296 295/295/295 298/298/298 300/300/300
f 295/295/295 311/311/311 299/299/299 298/298/298
f 300/300/300 298/298/298 301/301/301 303/303/303
f 285/285/285 296/296/296 300/300/300 302/302/302
f 302/302/302 300/300/300 303/303/303 318/318/318
f 304/304/304 305/305/305 306/306/306 308/308/308
f 305/305/305 312/312/312 307/307/307 306/306/306
f 309/309/309 308/308/308 306/306/306 317/317/317
f 304/304/304 308/308/308 299/299/299 311/311/311
f 310/310/310 299/299/299 308/308/308 309/309/309
f 298/298/298 299/299/299 310/310/310 301/301/301
f 312/312/312 313/313/313 314/314/314 307/307/307
f 307/307/307 314/314/314 315/315/315 316/316/316
f 306/306/306 307/307/307 316/316/316 317/317/317
f 319/319/319 285/285/285 284/284/284 320/320/320
f 319/319/319 294/294/294 296/296/296 285/285/285
f 321/321/321 324/324/324 322/322/322 323/323/323
f 325/325/325 327/327/327 326/326/326 323/323/323
f 321/321/321 323/323/323 326/326/326
f 328/328/328 331/331/331 329/329/329 330/330/330
f 332/332/332 328/328/328 330/330/330 335/335/335
f 332/332/332 335/335/335 333/333/333 334/334/334
f 331/331/331 337/337/337 336/336/336 329/329/329
f 337/337/337 339/339/339 338/338/338 336/336/336
f 325/325/325 323/323/323 334/334/334 333/333/333
f 340/340/340 341/341/341 328/328/328 332/332/332
f 341/341/341 342/342/342 331/331/331 328/328/328
f 342/342/342 343/343/343 337/337/337 331/331/331
f 344/344/344 340/340/340 332/332/332 334/334/334
f 345/345/345 339/339/339 337/337/337 343/343/343
f 322/322/322 324/324/324 344/344/344 334/334/334
f 322/322/322 334/334/334 323/323/323
f 346/346/346 248/248/248 244/244/244 338/338/338
f 345/345/345 346/346/346 339/339/339
f 346/346/346 338/338/338 339/339/339
f 347/347/347 335/335/335 330/330/330 348/348/348
f 348/348/348 330/330/330 329/329/329 349/349/349
f 329/329/329 336/336/336 350/350/350 349/349/349
f 350/350/350 336/336/336 338/338/338 351/351/351
f 352/352/352 333/333/333 335/335/335 347/347/347
f 353/353/353 325/325/325 333/333/333 352/352/352
f 354/354/354 327/327/327 325/325/325 353/353/353
f 254/254/254 351/351/351 338/338/338 244/244/244
f 355/355/355 356/356/356 357/357/357 324/324/324
f 324/324/324 357/357/357 358/358/358 344/344/344
f 344/344/344 358/358/358 359/359/359 340/340/340
f 340/340/340 359/359/359 360/360/360 341/341/341
f 360/360/360 361/361/361 342/342/342 341/341/341
f 342/342/342 361/361/361 362/362/362 343/343/343
f 345/345/345 343/343/343 362/362/362 363/363/363
f 345/345/345 363/363/363 364/364/364 251/251/251
f 364/364/364 365/365/365 252/252/252 251/251/251
f 345/345/345 251/251/251 248/248/248 346/346/346
f 365/365/365 366/366/366 250/250/250 252/252/252
f 366/366/366 217/217/217 216/216/216 250/250/250
f 355/355/355 367/367/367 368/368/368 369/369/369
f 355/355/355 324/324/324 367/367/367
f 321/321/321 367/367/367 324/324/324
f 370/370/370 371/371/371 372/372/372
f 373/373/373 326/326/326 327/327/327 371/371/371
f 321/321/321 326/326/326 373/373/373 368/368/368
f 372/372/372 371/371/371 327/327/327 354/354/354
f 374/374/374 372/372/372 354/354/354
f 375/375/375 378/378/378 376/376/376 377/377/377
f 379/379/379 376/376/376 378/378/378 380/380/380
f 375/375/375 377/377/377 381/381/381 382/382/382
f 370/370/370 381/381/381 377/377/377 371/371/371
f 373/373/373 371/371/371 377/377/377 376/376/376
f 374/374/374 381/381/381 370/370/370
f 373/373/373 376/376/376 379/379/379 368/368/368
f 368/368/368 379/379/379 383/383/383 369/369/369
f 379/379/379 380/380/380 384/384/384 383/383/383
f 196/196/196 188/188/188 183/183/183
f 321/321/321 368/368/368 367/367/367 385/385/385
f 386/386/386 391/391/391 387/387/387 388/388/388
f 389/389/389 394/394/394 390/390/390 391/391/391
f 391/391/391 390/390/390 392/392/392 387/387/387
f 392/392/392 390/390/390 393/393/393 395/395/395
f 394/394/394 398/398/398 393/393/393 390/390/390
f 396/396/396 397/397/397 395/395/395 393/393/393
f 396/396/396 393/393/393 398/398/398 399/399/399
f 386/386/386 400/400/400 389/389/389 391/391/391
f 401/401/401 404/404/404 402/402/402 403/403/403
f 401/401/401 387/387/387 404/404/404
f 401/401/401 405/405/405 388/388/388 387/387/387
f 401/401/401 403/403/403 406/406/406
f 407/407/407 414/414/414 408/408/408 409/409/409
f 410/410/410 411/411/411 409/409/409 420/420/420
f 412/412/412 413/413/413 414/414/414
f 415/415/415 414/414/414 413/413/413
f 415/415/415 416/416/416 408/408/408 414/414/414
f 417/417/417 418/418/418 408/408/408 416/416/416
f 417/417/417 422/422/422 419/419/419 418/418/418
f 409/409/409 408/408/408 418/418/418 420/420/420
f 420/420/420 418/418/418 421/421/421 425/425/425
f 419/419/419 423/423/423 424/424/424 421/421/421
f 419/419/419 421/421/421 418/418/418
f 420/420/420 425/425/425 426/426/426
f 427/427/427 407/407/407 409/409/409 411/411/411
f 410/410/410 428/428/428 411/411/411
f 410/410/410 429/429/429 428/428/428
f 427/427/427 411/411/411 428/428/428 430/430/430
f 427/427/427 430/430/430 431/431/431
f 415/415/415 413/413/413 432/432/432 433/433/433
f 415/415/415 433/433/433 434/434/434
f 415/415/415 434/434/434 435/435/435 416/416/416
f 417/417/417 416/416/416 435/435/435 436/436/436
f 419/419/419 422/422/422 436/436/436
f 417/417/417 436/436/436 422/422/422
f 431/431/431 437/437/437 412/412/412
f 412/412/412 433/433/433 432/432/432 413/413/413
f 438/438/438 434/434/434 433/433/433
f 412/412/412 437/437/437 438/438/438 433/433/433
f 439/439/439 454/454/454 440/440/440 441/441/441
f 442/442/442 443/443/443 441/441/441 444/444/444
f 444/444/444 441/441/441 440/440/440 455/455/455
f 442/442/442 444/444/444 445/445/445 447/447/447
f 446/446/446 445/445/445 444/444/444 455/455/455
f 442/442/442 447/447/447 448/448/448 449/449/449
f 450/450/450 451/451/451 452/452/452 453/453/453
f 453/453/453 452/452/452 454/454/454 439/439/439
f 456/456/456 457/457/457 458/458/458 459/459/459
f 460/460/460 461/461/461 462/462/462 464/464/464
f 462/462/462 461/461/461 463/463/463 465/465/465
f 466/466/466 469/469/469 467/467/467 468/468/468
f 470/470/470 471/471/471 472/472/472 473/473/473
f 474/474/474 475/475/475 476/476/476
f 477/477/477 474/474/474 476/476/476
f 478/478/478 479/479/479 476/476/476
f 480/480/480 481/481/481 482/482/482
f 481/481/481 483/483/483 482/482/482
f 480/480/480 482/482/482 484/484/484
f 475/475/475 480/480/480 484/484/484
f 475/475/475 484/484/484 476/476/476
f 484/484/484 478/478/478 476/476/476
f 481/481/481 485/485/485 483/483/483
f 486/486/486 487/487/487 483/483/483
f 485/485/485 486/486/486 483/483/483
f 488/488/488 489/489/489 476/476/476 479/479/479
f 477/477/477 476/476/476 489/489/489
f 490/490/490 491/491/491 492/492/492 493/493/493
f 494/494/494 495/495/495 496/496/496 497/497/497
f 498/498/498 499/499/499 500/500/500 501/501/501
f 502/502/502 501/501/501 500/500/500 508/508/508
f 502/502/502 508/508/508 503/503/503 504/504/504
f 505/505/505 506/506/506 500/500/500 499/499/499
f 500/500/500 506/506/506 507/507/507 508/508/508
f 503/503/503 508/508/508 507/507/507 509/509/509
f 510/510/510 511/511/511 503/503/503 509/509/509
f 510/510/510 512/512/512 513/513/513 511/511/511
f 512/512/512 519/519/519 514/514/514 513/513/513
f 515/515/515 511/511/511 513/513/513 516/516/516
f 504/504/504 503/503/503 511/511/511 515/515/515
f 517/517/517 516/516/516 513/513/513 514/514/514
f 518/518/518 514/514/514 519/519/519 520/520/520
f 518/518/518 520/520/520 521/521/521 522/522/522
f 522/522/522 521/521/521 523/523/523 526/526/526
f 524/524/524 518/518/518 522/522/522 525/525/525
f 524/524/524 535/535/535 514/514/514 518/518/518
f 525/525/525 522/522/522 526/526/526 530/530/530
f 523/523/523 527/527/527 528/528/528 526/526/526
f 529/529/529 528/528/528 527/527/527 532/532/532
f 530/530/530 526/526/526 528/528/528 531/531/531
f 529/529/529 533/533/533 531/531/531 528/528/528
f 534/534/534 531/531/531 533/533/533
f 517/517/517 514/514/514 535/535/535
f 536/536/536 539/539/539 537/537/537 538/538/538
f 536/536/536 538/538/538 540/540/540 541/541/541
f 540/540/540 542/542/542 541/541/541
f 536/536/536 541/541/541 542/542/542
f 543/543/543 544/544/544 545/545/545 548/548/548
f 529/529/529 532/532/532 544/544/544 533/533/533
f 534/534/534 533/533/533 544/544/544 543/543/543
f 540/540/540 546/546/546 547/547/547 542/542/542
f 546/546/546 548/548/548 545/545/545 547/547/547
f 549/549/549 550/550/550 551/551/551 552/552/552
f 549/549/549 553/553/553 550/550/550
f 554/554/554 558/558/558 555/555/555 556/556/556
f 557/557/557 555/555/555 558/558/558 570/570/570
f 559/559/559 560/560/560 561/561/561 564/564/564
f 559/559/559 564/564/564 562/562/562 563/563/563
f 565/565/565 566/566/566 563/563/563 562/562/562
f 565/565/565 562/562/562 567/567/567 569/569/569
f 568/568/568 567/567/567 562/562/562 564/564/564
f 554/554/554 556/556/556 566/566/566 565/565/565
f 571/571/571 572/572/572 573/573/573 574/574/574
f 571/571/571 560/560/560 572/572/572
f 573/573/573 590/590/590 575/575/575 574/574/574
f 571/571/571 574/574/574 576/576/576 578/578/578
f 574/574/574 575/575/575 577/577/577 576/576/576
f 579/579/579 578/578/578 576/576/576
f 580/580/580 561/561/561 581/581/581 578/578/578
f 571/571/571 581/581/581 561/561/561 560/560/560
f 582/582/582 561/561/561 580/580/580
f 582/582/582 568/568/568 564/564/564 561/561/561
f 582/582/582 580/580/580 583/583/583 584/584/584
f 580/580/580 578/578/578 583/583/583
f 585/585/585 600/600/600 584/584/584 583/583/583
f 586/586/586 587/587/587 588/588/588 577/577/577
f 589/589/589 586/586/586 577/577/577 575/575/575
f 579/579/579 576/576/576 577/577/577 588/588/588
f 579/579/579 588/588/588 591/591/591
f 592/592/592 591/591/591 588/588/588 601/601/601
f 579/579/579 593/593/593 594/594/594 578/578/578
f 592/592/592 594/594/594 593/593/593
f 585/585/585 583/583/583 578/578/578 594/594/594
f 585/585/585 594/594/594 595/595/595 596/596/596
f 592/592/592 606/606/606 595/595/595 594/594/594
f 596/596/596 595/595/595 597/597/597 614/614/614
f 585/585/585 596/596/596 598/598/598 600/600/600
f 599/599/599 598/598/598 596/596/596 614/614/614
f 601/601/601 602/602/602 603/603/603 604/604/604
f 601/601/601 588/588/588 587/587/587 602/602/602
f 605/605/605 604/604/604 603/603/603 632/632/632
f 606/606/606 601/601/601 604/604/604 607/607/607
f 592/592/592 601/601/601 606/606/606
f 608/608/608 607/607/607 604/604/604 627/627/627
f 606/606/606 607/607/607 609/609/609 597/597/597
f 608/608/608 611/611/611 609/609/609 607/607/607
f 609/609/609 611/611/611 610/610/610 597/597/597
f 606/606/606 597/597/597 595/595/595
f 597/597/597 610/610/610 612/612/612 614/614/614
f 610/610/610 630/630/630 613/613/613 612/612/612
f 599/599/599 614/614/614 612/612/612 615/615/615
f 615/615/615 612/612/612 613/613/613 617/617/617
f 616/616/616 615/615/615 617/617/617 618/618/618
f 618/618/618 617/617/617 619/619/619 620/620/620
f 613/613/613 621/621/621 619/619/619 617/617/617
f 622/622/622 623/623/623 621/621/621 631/631/631
f 624/624/624 627/627/627 625/625/625 626/626/626
f 605/605/605 625/625/625 627/627/627 604/604/604
f 627/627/627 628/628/628 608/608/608
f 627/627/627 624/624/624 629/629/629 628/628/628
f 608/608/608 628/628/628 629/629/629 611/611/611
f 613/613/613 630/630/630 631/631/631 621/621/621
f 605/605/605 633/633/633 626/626/626 625/625/625
f 634/634/634 637/637/637 635/635/635 636/636/636
f 638/638/638 639/639/639 640/640/640 641/641/641
f 642/642/642 643/643/643 644/644/644 645/645/645
f 646/646/646 647/647/647 648/648/648
f 649/649/649 652/652/652 650/650/650 651/651/651
f 653/653/653 654/654/654 655/655/655
f 656/656/656 667/667/667 657/657/657 658/658/658
f 659/659/659 658/658/658 657/657/657 670/670/670
f 659/659/659 670/670/670 660/660/660 661/661/661
f 662/662/662 663/663/663 661/661/661 660/660/660
f 664/664/664 665/665/665 666/666/666 682/682/682
f 656/656/656 665/665/665 664/664/664 667/667/667
f 667/667/667 664/664/664 668/668/668 671/671/671
f 669/669/669 657/657/657 667/667/667 671/671/671
f 670/670/670 657/657/657 669/669/669 676/676/676
f 669/669/669 671/671/671 672/672/672 674/674/674
f 671/671/671 668/668/668 673/673/673 672/672/672
f 674/674/674 672/672/672 675/675/675 693/693/693
f 676/676/676 669/669/669 674/674/674 677/677/677
f 678/678/678 681/681/681 679/679/679 680/680/680
f 666/666/666 680/680/680 679/679/679 682/682/682
f 682/682/682 679/679/679 683/683/683 684/684/684
f 664/664/664 682/682/682 684/684/684 668/668/668
f 668/668/668 684/684/684 685/685/685 673/673/673
f 684/684/684 683/683/683 686/686/686 685/685/685
f 673/673/673 685/685/685 687/687/687 688/688/688
f 686/686/686 716/716/716 687/687/687 685/685/685
f 688/688/688 687/687/687 689/689/689 690/690/690
f 672/672/672 673/673/673 688/688/688 675/675/675
f 675/675/675 688/688/688 690/690/690 691/691/691
f 690/690/690 722/722/722 692/692/692 691/691/691
f 694/694/694 695/695/695 696/696/696
f 697/697/697 698/698/698 699/699/699 701/701/701
f 698/698/698 746/746/746 700/700/700 699/699/699
f 701/701/701 699/699/699 700/700/700 702/702/702
f 702/702/702 700/700/700 703/703/703 707/707/707
f 704/704/704 701/701/701 702/702/702 706/706/706
f 705/705/705 838/838/838 701/701/701 704/704/704
f 706/706/706 702/702/702 707/707/707 711/711/711
f 708/708/708 704/704/704 706/706/706 710/710/710
f 709/709/709 705/705/705 704/704/704 708/708/708
f 710/710/710 706/706/706 711/711/711 715/715/715
f 712/712/712 708/708/708 710/710/710 714/714/714
f 713/713/713 709/709/709 708/708/708 712/712/712
f 714/714/714 710/710/710 715/715/715 718/718/718
f 716/716/716 712/712/712 714/714/714 717/717/717
f 713/713/713 712/712/712 716/716/716 686/686/686
f 717/717/717 714/714/714 718/718/718 719/719/719
f 689/689/689 687/687/687 716/716/716 717/717/717
f 689/689/689 717/717/717 719/719/719 720/720/720
f 720/720/720 719/719/719 721/721/721 723/723/723
f 690/690/690 689/689/689 720/720/720 722/722/722
f 722/722/722 720/720/720 723/723/723 731/731/731
f 692/692/692 722/722/722 724/724/724
f 722/722/722 725/725/725 724/724/724
f 692/692/692 724/724/724 726/726/726
f 727/727/727 728/728/728 729/729/729
f 728/728/728 727/727/727 730/730/730 734/734/734
f 731/731/731 727/727/727 729/729/729
f 731/731/731 723/723/723 732/732/732 727/727/727
f 731/731/731 729/729/729 725/725/725
f 722/722/722 731/731/731 725/725/725
f 727/727/727 732/732/732 733/733/733 730/730/730
f 735/735/735 728/728/728 734/734/734 736/736/736
f 737/737/737 738/738/738 739/739/739 741/741/741
f 740/740/740 776/776/776 739/739/739 738/738/738
f 741/741/741 739/739/739 742/742/742 744/744/744
f 743/743/743 737/737/737 741/741/741
f 743/743/743 741/741/741 744/744/744 745/745/745
f 746/746/746 747/747/747 703/703/703 700/700/700
f 747/747/747 749/749/749 748/748/748 703/703/703
f 707/707/707 703/703/703 748/748/748 750/750/750
f 750/750/750 748/748/748 751/751/751 754/754/754
f 752/752/752 711/711/711 707/707/707 750/750/750
f 752/752/752 750/750/750 753/753/753
f 753/753/753 750/750/750 754/754/754 785/785/785
f 752/752/752 755/755/755 715/715/715 711/711/711
f 718/718/718 715/715/715 755/755/755 756/756/756
f 719/719/719 718/718/718 756/756/756 721/721/721
f 721/721/721 756/756/756 757/757/757 758/758/758
f 759/759/759 760/760/760 761/761/761
f 762/762/762 763/763/763 760/760/760 805/805/805
f 764/764/764 763/763/763 762/762/762 765/765/765
f 766/766/766 765/765/765 762/762/762 807/807/807
f 767/767/767 764/764/764 765/765/765 768/768/768
f 769/769/769 767/767/767 768/768/768 770/770/770
f 771/771/771 826/826/826 770/770/770 768/768/768
f 772/772/772 769/769/769 770/770/770 774/774/774
f 772/772/772 778/778/778 773/773/773 769/769/769
f 775/775/775 774/774/774 770/770/770 826/826/826
f 772/772/772 774/774/774 776/776/776 740/740/740
f 776/776/776 774/774/774 775/775/775 779/779/779
f 772/772/772 740/740/740 777/777/777 778/778/778
f 776/776/776 779/779/779 742/742/742 739/739/739
f 749/749/749 780/780/780 751/751/751 748/748/748
f 751/751/751 780/780/780 781/781/781 782/782/782
f 766/766/766 784/784/784 782/782/782 781/781/781
f 754/754/754 751/751/751 782/782/782 783/783/783
f 783/783/783 782/782/782 784/784/784 809/809/809
f 785/785/785 754/754/754 783/783/783 786/786/786
f 787/787/787 786/786/786 783/783/783 809/809/809
f 788/788/788 822/822/822 789/789/789 790/790/790
f 791/791/791 790/790/790 789/789/789 792/792/792
f 791/791/791 792/792/792 793/793/793
f 791/791/791 793/793/793 794/794/794 795/795/795
f 796/796/796 797/797/797 798/798/798 823/823/823
f 799/799/799 800/800/800 797/797/797 796/796/796
f 801/801/801 799/799/799 796/796/796 802/802/802
f 803/803/803 802/802/802 796/796/796 823/823/823
f 759/759/759 761/761/761 801/801/801 802/802/802
f 759/759/759 802/802/802 804/804/804
f 804/804/804 802/802/802 803/803/803 824/824/824
f 759/759/759 804/804/804 805/805/805 760/760/760
f 804/804/804 824/824/824 806/806/806 805/805/805
f 762/762/762 805/805/805 806/806/806 807/807/807
f 808/808/808 807/807/807 806/806/806 825/825/825
f 766/766/766 807/807/807 808/808/808 784/784/784
f 809/809/809 784/784/784 808/808/808 810/810/810
f 808/808/808 825/825/825 811/811/811 810/810/810
f 787/787/787 809/809/809 810/810/810 812/812/812
f 811/811/811 825/825/825 813/813/813 814/814/814
f 813/813/813 817/817/817 815/815/815 814/814/814
f 816/816/816 815/815/815 817/817/817 818/818/818
f 818/818/818 817/817/817 803/803/803 823/823/823
f 816/816/816 818/818/818 819/819/819
f 819/819/819 818/818/818 820/820/820 821/821/821
f 816/816/816 819/819/819 821/821/821 789/789/789
f 816/816/816 789/789/789 822/822/822
f 818/818/818 823/823/823 798/798/798 820/820/820
f 824/824/824 803/803/803 817/817/817 813/813/813
f 806/806/806 824/824/824 813/813/813 825/825/825
f 713/713/713 686/686/686 683/683/683 827/827/827
f 681/681/681 827/827/827 683/683/683 679/679/679
f 713/713/713 827/827/827 828/828/828 709/709/709
f 829/829/829 828/828/828 827/827/827 681/681/681
f 830/830/830 705/705/705 709/709/709 828/828/828
f 830/830/830 828/828/828 829/829/829 831/831/831
f 832/832/832 834/834/834 831/831/831 829/829/829
f 830/830/830 831/831/831 833/833/833 835/835/835
f 834/834/834 841/841/841 833/833/833 831/831/831
f 835/835/835 833/833/833 836/836/836 694/694/694
f 830/830/830 835/835/835 837/837/837 838/838/838
f 838/838/838 837/837/837 835/835/835 694/694/694
f 830/830/830 838/838/838 705/705/705
f 701/701/701 838/838/838 694/694/694
f 839/839/839 840/840/840 694/694/694 836/836/836
f 833/833/833 841/841/841 839/839/839 836/836/836
f 842/842/842 839/839/839 841/841/841 843/843/843
f 842/842/842 845/845/845 840/840/840 839/839/839
f 844/844/844 843/843/843 841/841/841 834/834/834
f 845/845/845 846/846/846 695/695/695 840/840/840
f 694/694/694 840/840/840 695/695/695
f 847/847/847 695/695/695 846/846/846 848/848/848
f 695/695/695 847/847/847 696/696/696
f 678/678/678 832/832/832 829/829/829 681/681/681
f 743/743/743 849/849/849 850/850/850 737/737/737
f 851/851/851 852/852/852 832/832/832 678/678/678
f 852/852/852 844/844/844 834/834/834 832/832/832
f 696/696/696 849/849/849 743/743/743
f 694/694/694 696/696/696 743/743/743
f 697/697/697 694/694/694 743/743/743
f 697/697/697 701/701/701 694/694/694
f 743/743/743 745/745/745 853/853/853 697/697/697
f 752/752/752 753/753/753 854/854/854 855/855/855
f 856/856/856 857/857/857 855/855/855 854/854/854
f 752/752/752 855/855/855 755/755/755
f 756/756/756 755/755/755 855/855/855 757/757/757
f 753/753/753 785/785/785 858/858/858 854/854/854
f 785/785/785 786/786/786 859/859/859 858/858/858
f 787/787/787 864/864/864 859/859/859 786/786/786
f 860/860/860 858/858/858 859/859/859 861/861/861
f 856/856/856 854/854/854 858/858/858 860/860/860
f 787/787/787 812/812/812 862/862/862 864/864/864
f 863/863/863 862/862/862 812/812/812 865/865/865
f 801/801/801 866/866/866 867/867/867 799/799/799
f 868/868/868 866/866/866 801/801/801 761/761/761
f 869/869/869 868/868/868 761/761/761 760/760/760
f 870/870/870 869/869/869 760/760/760 763/763/763
f 764/764/764 871/871/871 870/870/870 763/763/763
f 872/872/872 871/871/871 764/764/764 767/767/767
f 773/773/773 872/872/872 767/767/767 769/769/769
f 853/853/853 698/698/698 697/697/697
f 853/853/853 874/874/874 873/873/873 698/698/698
f 745/745/745 744/744/744 874/874/874 853/853/853
f 874/874/874 744/744/744 742/742/742 875/875/875
f 698/698/698 875/875/875 746/746/746
f 746/746/746 875/875/875 876/876/876 747/747/747
f 875/875/875 742/742/742 779/779/779 876/876/876
f 779/779/779 775/775/775 877/877/877 876/876/876
f 747/747/747 876/876/876 877/877/877 749/749/749
f 749/749/749 877/877/877 878/878/878 780/780/780
f 877/877/877 775/775/775 826/826/826 878/878/878
f 879/879/879 781/781/781 780/780/780 878/878/878
f 879/879/879 878/878/878 826/826/826 771/771/771
f 766/766/766 771/771/771 768/768/768 765/765/765
f 766/766/766 781/781/781 879/879/879 771/771/771
f 880/880/880 883/883/883 881/881/881 882/882/882
f 883/883/883 884/884/884 885/885/885 887/887/887
f 886/886/886 884/884/884 883/883/883 880/880/880
f 888/888/888 887/887/887 885/885/885
f 883/883/883 887/887/887 889/889/889 881/881/881
f 887/887/887 891/891/891 890/890/890 889/889/889
f 891/891/891 892/892/892 795/795/795 794/794/794
f 888/888/888 892/892/892 891/891/891 887/887/887
f 891/891/891 794/794/794 893/893/893 890/890/890
f 894/894/894 905/905/905 895/895/895 896/896/896
f 897/897/897 898/898/898 896/896/896 895/895/895
f 899/899/899 900/900/900 898/898/898 800/800/800
f 792/792/792 789/789/789 821/821/821 903/903/903
f 793/793/793 792/792/792 901/901/901 902/902/902
f 893/893/893 794/794/794 793/793/793 902/902/902
f 901/901/901 792/792/792 903/903/903 904/904/904
f 904/904/904 903/903/903 905/905/905 894/894/894
f 903/903/903 821/821/821 820/820/820 905/905/905
f 905/905/905 820/820/820 798/798/798 895/895/895
f 897/897/897 895/895/895 798/798/798 797/797/797
f 897/897/897 797/797/797 800/800/800 898/898/898
f 906/906/906 907/907/907 908/908/908
f 908/908/908 910/910/910 909/909/909 906/906/906
f 909/909/909 912/912/912 911/911/911 906/906/906
f 911/911/911 912/912/912 884/884/884 886/886/886
f 913/913/913 914/914/914 915/915/915 908/908/908
f 908/908/908 915/915/915 916/916/916 910/910/910
f 910/910/910 916/916/916 917/917/917 918/918/918
f 918/918/918 917/917/917 919/919/919 921/921/921
f 910/910/910 918/918/918 920/920/920 912/912/912
f 920/920/920 918/918/918 921/921/921 925/925/925
f 920/920/920 885/885/885 884/884/884 912/912/912
f 920/920/920 925/925/925 888/888/888 885/885/885
f 921/921/921 919/919/919 922/922/922 923/923/923
f 924/924/924 923/923/923 922/922/922 941/941/941
f 924/924/924 926/926/926 925/925/925 921/921/921
f 888/888/888 925/925/925 926/926/926 795/795/795
f 791/791/791 795/795/795 926/926/926 936/936/936
f 888/888/888 795/795/795 892/892/892
f 927/927/927 928/928/928 929/929/929 931/931/931
f 930/930/930 939/939/939 928/928/928 927/927/927
f 932/932/932 934/934/934 931/931/931 929/929/929
f 933/933/933 927/927/927 931/931/931
f 933/933/933 930/930/930 927/927/927
f 933/933/933 931/931/931 788/788/788
f 788/788/788 931/931/931 934/934/934 822/822/822
f 933/933/933 788/788/788 935/935/935
f 933/933/933 935/935/935 930/930/930
f 935/935/935 937/937/937 936/936/936 930/930/930
f 938/938/938 930/930/930 936/936/936 926/926/926
f 938/938/938 940/940/940 939/939/939 930/930/930
f 924/924/924 938/938/938 926/926/926
f 791/791/791 936/936/936 937/937/937 935/935/935
f 924/924/924 941/941/941 940/940/940 938/938/938
f 812/812/812 810/810/810 811/811/811 865/865/865
f 932/932/932 865/865/865 811/811/811 814/814/814
f 932/932/932 814/814/814 815/815/815 934/934/934
f 816/816/816 822/822/822 934/934/934 815/815/815
f 924/924/924 938/938/938 942/942/942
f 677/677/677 674/674/674 693/693/693 973/973/973
f 676/676/676 677/677/677 943/943/943 945/945/945
f 677/677/677 973/973/973 944/944/944 943/943/943
f 946/946/946 945/945/945 943/943/943 1001/1001/1001
f 670/670/670 676/676/676 945/945/945 660/660/660
f 662/662/662 660/660/660 945/945/945 946/946/946
f 947/947/947 662/662/662 946/946/946 948/948/948
f 946/946/946 1001/1001/1001 949/949/949 948/948/948
f 950/950/950 947/947/947 948/948/948 951/951/951
f 952/952/952 951/951/951 948/948/948 949/949/949
f 950/950/950 951/951/951 953/953/953 955/955/955
f 954/954/954 953/953/953 951/951/951 952/952/952
f 956/956/956 957/957/957 955/955/955 953/953/953
f 958/958/958 963/963/963 959/959/959 956/956/956
f 954/954/954 952/952/952 960/960/960 958/958/958
f 960/960/960 962/962/962 961/961/961 958/958/958
f 963/963/963 958/958/958 961/961/961 964/964/964
f 965/965/965 964/964/964 961/961/961 995/995/995
f 966/966/966 1007/1007/1007 967/967/967 968/968/968
f 968/968/968 967/967/967 969/969/969 970/970/970
f 675/675/675 691/691/691 971/971/971 693/693/693
f 971/971/971 691/691/691 692/692/692 976/976/976
f 972/972/972 973/973/973 693/693/693 971/971/971
f 974/974/974 972/972/972 971/971/971 976/976/976
f 975/975/975 972/972/972 974/974/974 980/980/980
f 974/974/974 976/976/976 977/977/977 978/978/978
f 726/726/726 1016/1016/1016 977/977/977 976/976/976
f 979/979/979 980/980/980 974/974/974 978/978/978
f 981/981/981 980/980/980 979/979/979 982/982/982
f 983/983/983 981/981/981 982/982/982 984/984/984
f 985/985/985 996/996/996 983/983/983 984/984/984
f 985/985/985 986/986/986 987/987/987 991/991/991
f 987/987/987 988/988/988 989/989/989 991/991/991
f 989/989/989 988/988/988 990/990/990 1005/1005/1005
f 992/992/992 991/991/991 989/989/989 1002/1002/1002
f 985/985/985 991/991/991 993/993/993
f 994/994/994 993/993/993 991/991/991 992/992/992
f 985/985/985 993/993/993 995/995/995 996/996/996
f 965/965/965 995/995/995 993/993/993 994/994/994
f 961/961/961 962/962/962 996/996/996 995/995/995
f 983/983/983 996/996/996 962/962/962 997/997/997
f 960/960/960 999/999/999 997/997/997 962/962/962
f 983/983/983 997/997/997 998/998/998 981/981/981
f 999/999/999 1000/1000/1000 998/998/998 997/997/997
f 998/998/998 975/975/975 980/980/980 981/981/981
f 1000/1000/1000 944/944/944 975/975/975 998/998/998
f 999/999/999 949/949/949 1001/1001/1001 1000/1000/1000
f 1001/1001/1001 943/943/943 944/944/944 1000/1000/1000
f 952/952/952 949/949/949 999/999/999 960/960/960
f 975/975/975 944/944/944 973/973/973 972/972/972
f 1003/1003/1003 1002/1002/1002 989/989/989 1005/1005/1005
f 1004/1004/1004 1003/1003/1003 1005/1005/1005 1006/1006/1006
f 1006/1006/1006 1005/1005/1005 990/990/990 1018/1018/1018
f 1004/1004/1004 1006/1006/1006 1007/1007/1007 966/966/966
f 1008/1008/1008 1007/1007/1007 1006/1006/1006 1018/1018/1018
f 1008/1008/1008 1009/1009/1009 967/967/967 1007/1007/1007
f 1009/1009/1009 1010/1010/1010 969/969/969 967/967/967
f 1009/1009/1009 1019/1019/1019 1011/1011/1011 1010/1010/1010
f 1012/1012/1012 969/969/969 1010/1010/1010 913/913/913
f 1012/1012/1012 1015/1015/1015 1013/1013/1013 969/969/969
f 913/913/913 1010/1010/1010 1011/1011/1011 914/914/914
f 1012/1012/1012 913/913/913 1014/1014/1014 907/907/907
f 906/906/906 1015/1015/1015 1012/1012/1012 907/907/907
f 726/726/726 976/976/976 692/692/692
f 1017/1017/1017 977/977/977 1016/1016/1016
f 1017/1017/1017 728/728/728 735/735/735 977/977/977
f 1017/1017/1017 1016/1016/1016 729/729/729
f 1011/1011/1011 1020/1020/1020 915/915/915 914/914/914
f 1021/1021/1021 916/916/916 915/915/915 1020/1020/1020
f 906/906/906 1022/1022/1022 1013/1013/1013 1015/1015/1015
f 970/970/970 969/969/969 1013/1013/1013 1022/1022/1022
f 959/959/959 1023/1023/1023 957/957/957 956/956/956
f 728/728/728 1017/1017/1017 729/729/729
f 913/913/913 908/908/908 1024/1024/1024 1014/1014/1014
f 978/978/978 977/977/977 735/735/735 1025/1025/1025
f 979/979/979 978/978/978 1025/1025/1025 1026/1026/1026
f 982/982/982 979/979/979 1026/1026/1026 1027/1027/1027
f 984/984/984 982/982/982 1027/1027/1027 1028/1028/1028
f 985/985/985 984/984/984 1028/1028/1028 987/987/987
f 1026/1026/1026 1025/1025/1025 1029/1029/1029 1030/1030/1030
f 1027/1027/1027 1026/1026/1026 1030/1030/1030 1031/1031/1031
f 1028/1028/1028 1027/1027/1027 1031/1031/1031 1032/1032/1032
f 988/988/988 1032/1032/1032 1033/1033/1033 990/990/990
f 1008/1008/1008 1051/1051/1051 1019/1019/1019 1009/1009/1009
f 723/723/723 721/721/721 758/758/758 732/732/732
f 732/732/732 758/758/758 1034/1034/1034 733/733/733
f 758/758/758 757/757/757 1035/1035/1035 1034/1034/1034
f 733/733/733 1034/1034/1034 1036/1036/1036 1037/1037/1037
f 730/730/730 733/733/733 1037/1037/1037 1038/1038/1038
f 1038/1038/1038 1037/1037/1037 1039/1039/1039 1041/1041/1041
f 734/734/734 730/730/730 1038/1038/1038 1040/1040/1040
f 1040/1040/1040 1038/1038/1038 1041/1041/1041 1043/1043/1043
f 736/736/736 734/734/734 1040/1040/1040 1042/1042/1042
f 1042/1042/1042 1040/1040/1040 1043/1043/1043 1045/1045/1045
f 1029/1029/1029 736/736/736 1042/1042/1042 1044/1044/1044
f 1025/1025/1025 735/735/735 736/736/736 1029/1029/1029
f 1044/1044/1044 1042/1042/1042 1045/1045/1045 1075/1075/1075
f 1029/1029/1029 1044/1044/1044 1046/1046/1046 1030/1030/1030
f 1044/1044/1044 1075/1075/1075 1047/1047/1047 1046/1046/1046
f 1031/1031/1031 1030/1030/1030 1046/1046/1046 1048/1048/1048
f 1048/1048/1048 1046/1046/1046 1047/1047/1047 1049/1049/1049
f 1031/1031/1031 1048/1048/1048 1033/1033/1033 1032/1032/1032
f 1033/1033/1033 1048/1048/1048 1049/1049/1049 1050/1050/1050
f 1051/1051/1051 1050/1050/1050 1049/1049/1049 1052/1052/1052
f 1018/1018/1018 990/990/990 1033/1033/1033 1050/1050/1050
f 1008/1008/1008 1018/1018/1018 1050/1050/1050 1051/1051/1051
f 1019/1019/1019 1051/1051/1051 1052/1052/1052 1053/1053/1053
f 1053/1053/1053 1052/1052/1052 1054/1054/1054 1078/1078/1078
f 1011/1011/1011 1019/1019/1019 1053/1053/1053 1020/1020/1020
f 1053/1053/1053 1078/1078/1078 1021/1021/1021 1020/1020/1020
f 1021/1021/1021 1083/1083/1083 917/917/917 916/916/916
f 1035/1035/1035 757/757/757 855/855/855 857/857/857
f 1035/1035/1035 857/857/857 1055/1055/1055 1056/1056/1056
f 856/856/856 860/860/860 1055/1055/1055 857/857/857
f 1056/1056/1056 1055/1055/1055 1057/1057/1057 1059/1059/1059
f 1034/1034/1034 1035/1035/1035 1056/1056/1056 1036/1036/1036
f 1058/1058/1058 1036/1036/1036 1056/1056/1056 1059/1059/1059
f 1039/1039/1039 1037/1037/1037 1036/1036/1036 1058/1058/1058
f 1060/1060/1060 1058/1058/1058 1059/1059/1059 1061/1061/1061
f 1060/1060/1060 1071/1071/1071 1039/1039/1039 1058/1058/1058
f 1059/1059/1059 1057/1057/1057 1062/1062/1062 1061/1061/1061
f 1060/1060/1060 1061/1061/1061 1063/1063/1063 1065/1065/1065
f 1061/1061/1061 1062/1062/1062 1064/1064/1064 1063/1063/1063
f 1065/1065/1065 1063/1063/1063 1066/1066/1066 1088/1088/1088
f 1060/1060/1060 1065/1065/1065 1067/1067/1067 1069/1069/1069
f 1065/1065/1065 1088/1088/1088 1068/1068/1068 1067/1067/1067
f 1070/1070/1070 1069/1069/1069 1067/1067/1067 1090/1090/1090
f 1041/1041/1041 1039/1039/1039 1071/1071/1071 1072/1072/1072
f 1043/1043/1043 1041/1041/1041 1072/1072/1072 1073/1073/1073
f 1043/1043/1043 1073/1073/1073 1074/1074/1074 1045/1045/1045
f 1075/1075/1075 1045/1045/1045 1074/1074/1074 1076/1076/1076
f 1047/1047/1047 1075/1075/1075 1076/1076/1076 1054/1054/1054
f 1077/1077/1077 1078/1078/1078 1054/1054/1054 1076/1076/1076
f 1049/1049/1049 1047/1047/1047 1054/1054/1054 1052/1052/1052
f 1077/1077/1077 1076/1076/1076 1079/1079/1079
f 1080/1080/1080 1092/1092/1092 1081/1081/1081 1082/1082/1082
f 1077/1077/1077 1082/1082/1082 1083/1083/1083
f 917/917/917 1083/1083/1083 1082/1082/1082 919/919/919
f 1077/1077/1077 1083/1083/1083 1021/1021/1021 1078/1078/1078
f 919/919/919 1082/1082/1082 1081/1081/1081 922/922/922
f 1081/1081/1081 1089/1089/1089 941/941/941 922/922/922
f 861/861/861 859/859/859 864/864/864 1084/1084/1084
f 1055/1055/1055 860/860/860 861/861/861 1057/1057/1057
f 1057/1057/1057 861/861/861 1084/1084/1084 1062/1062/1062
f 1062/1062/1062 1084/1084/1084 1085/1085/1085 1064/1064/1064
f 1084/1084/1084 864/864/864 862/862/862 1085/1085/1085
f 1064/1064/1064 1085/1085/1085 1086/1086/1086 1087/1087/1087
f 863/863/863 1086/1086/1086 1085/1085/1085 862/862/862
f 932/932/932 929/929/929 1087/1087/1087 1086/1086/1086
f 1063/1063/1063 1064/1064/1064 1087/1087/1087 1066/1066/1066
f 928/928/928 1066/1066/1066 1087/1087/1087 929/929/929
f 1088/1088/1088 1066/1066/1066 928/928/928 939/939/939
f 940/940/940 1068/1068/1068 1088/1088/1088 939/939/939
f 941/941/941 1089/1089/1089 1068/1068/1068 940/940/940
f 1089/1089/1089 1090/1090/1090 1067/1067/1067 1068/1068/1068
f 1081/1081/1081 1092/1092/1092 1090/1090/1090 1089/1089/1089
f 1091/1091/1091 1070/1070/1070 1090/1090/1090 1092/1092/1092
f 1093/1093/1093 1091/1091/1091 1092/1092/1092 1080/1080/1080
f 863/863/863 865/865/865 932/932/932 1086/1086/1086
f 987/987/987 1028/1028/1028 1032/1032/1032 988/988/988
f 1094/1094/1094 1069/1069/1069 1070/1070/1070 1095/1095/1095
f 1094/1094/1094 1095/1095/1095 1096/1096/1096
f 1060/1060/1060 1096/1096/1096 1071/1071/1071
f 1072/1072/1072 1071/1071/1071 1096/1096/1096 1095/1095/1095
f 1073/1073/1073 1072/1072/1072 1095/1095/1095 1098/1098/1098
f 1073/1073/1073 1098/1098/1098 1097/1097/1097 1074/1074/1074
f 1079/1079/1079 1076/1076/1076 1074/1074/1074 1097/1097/1097
f 1077/1077/1077 1079/1079/1079 1080/1080/1080 1082/1082/1082
f 1093/1093/1093 1080/1080/1080 1079/1079/1079 1097/1097/1097
f 1098/1098/1098 1095/1095/1095 1070/1070/1070 1091/1091/1091
f 1093/1093/1093 1097/1097/1097 1098/1098/1098 1091/1091/1091
f 1060/1060/1060 1069/1069/1069 1094/1094/1094 1096/1096/1096
f 1099/1099/1099 1100/1100/1100 1101/1101/1101 1102/1102/1102
f 1103/1103/1103 1102/1102/1102 1101/1101/1101 1104/1104/1104
f 1104/1104/1104 1101/1101/1101 1023/1023/1023 959/959/959
f 1105/1105/1105 1106/1106/1106 1103/1103/1103 1104/1104/1104
f 1105/1105/1105 1104/1104/1104 959/959/959 1107/1107/1107
f 1105/1105/1105 1107/1107/1107 1108/1108/1108 1109/1109/1109
f 1105/1105/1105 1109/1109/1109 1110/1110/1110
f 1109/1109/1109 1116/1116/1116 1111/1111/1111 1110/1110/1110
f 1105/1105/1105 1110/1110/1110 1112/1112/1112 1106/1106/1106
f 1112/1112/1112 1110/1110/1110 1111/1111/1111 1114/1114/1114
f 1113/1113/1113 1114/1114/1114 1111/1111/1111 1115/1115/1115
f 1116/1116/1116 1118/1118/1118 1115/1115/1115 1111/1111/1111
f 1113/1113/1113 1115/1115/1115 1117/1117/1117 1119/1119/1119
f 1117/1117/1117 1115/1115/1115 1118/1118/1118 1121/1121/1121
f 1120/1120/1120 1119/1119/1119 1117/1117/1117 1122/1122/1122
f 1122/1122/1122 1117/1117/1117 1121/1121/1121 1123/1123/1123
f 1122/1122/1122 1123/1123/1123 1124/1124/1124 1125/1125/1125
f 1126/1126/1126 1129/1129/1129 1125/1125/1125 1124/1124/1124
f 1120/1120/1120 1122/1122/1122 1125/1125/1125 1127/1127/1127
f 1128/1128/1128 1127/1127/1127 1125/1125/1125 1129/1129/1129
f 1128/1128/1128 1129/1129/1129 1130/1130/1130 1131/1131/1131
f 1004/1004/1004 1130/1130/1130 1129/1129/1129 1126/1126/1126
f 1128/1128/1128 1133/1133/1133 1132/1132/1132 1127/1127/1127
f 1128/1128/1128 1131/1131/1131 1133/1133/1133
f 1132/1132/1132 1133/1133/1133 1131/1131/1131 1134/1134/1134
f 1135/1135/1135 1136/1136/1136 1099/1099/1099 1102/1102/1102
f 1135/1135/1135 1102/1102/1102 1103/1103/1103 1137/1137/1137
f 1138/1138/1138 1137/1137/1137 1103/1103/1103 1106/1106/1106
f 1138/1138/1138 1106/1106/1106 1112/1112/1112 1139/1139/1139
f 1112/1112/1112 1114/1114/1114 1140/1140/1140 1139/1139/1139
f 1113/1113/1113 1141/1141/1141 1140/1140/1140 1114/1114/1114
f 1113/1113/1113 1119/1119/1119 1142/1142/1142 1141/1141/1141
f 1120/1120/1120 1143/1143/1143 1142/1142/1142 1119/1119/1119
f 1120/1120/1120 1127/1127/1127 1144/1144/1144 1143/1143/1143
f 1127/1127/1127 1132/1132/1132 1145/1145/1145 1144/1144/1144
f 1132/1132/1132 1134/1134/1134 1145/1145/1145
f 1146/1146/1146 1147/1147/1147 1148/1148/1148 1149/1149/1149
f 1150/1150/1150 1154/1154/1154 1147/1147/1147 1146/1146/1146
f 1150/1150/1150 1151/1151/1151 1152/1152/1152 1154/1154/1154
f 1151/1151/1151 1160/1160/1160 1153/1153/1153 1152/1152/1152
f 1155/1155/1155 1154/1154/1154 1152/1152/1152 1156/1156/1156
f 1156/1156/1156 1152/1152/1152 1153/1153/1153 1157/1157/1157
f 1158/1158/1158 1159/1159/1159 1153/1153/1153 1160/1160/1160
f 1161/1161/1161 1148/1148/1148 1147/1147/1147
f 1162/1162/1162 1163/1163/1163 1164/1164/1164 1165/1165/1165
f 1161/1161/1161 1164/1164/1164 1163/1163/1163 1148/1148/1148
f 1162/1162/1162 1166/1166/1166 1163/1163/1163
f 1166/1166/1166 1148/1148/1148 1163/1163/1163
f 1167/1167/1167 1165/1165/1165 1164/1164/1164 1169/1169/1169
f 1168/1168/1168 1167/1167/1167 1169/1169/1169 1170/1170/1170
f 1171/1171/1171 1168/1168/1168 1170/1170/1170 1172/1172/1172
f 1150/1150/1150 1146/1146/1146 1145/1145/1145 1134/1134/1134
f 1150/1150/1150 1134/1134/1134 1173/1173/1173 1151/1151/1151
f 1151/1151/1151 1173/1173/1173 1174/1174/1174 1160/1160/1160
f 1158/1158/1158 1160/1160/1160 1174/1174/1174 1175/1175/1175
f 1176/1176/1176 1179/1179/1179 1177/1177/1177 1178/1178/1178
f 1159/1159/1159 1180/1180/1180 1157/1157/1157 1153/1153/1153
f 1176/1176/1176 1156/1156/1156 1157/1157/1157 1179/1179/1179
f 1179/1179/1179 1157/1157/1157 1180/1180/1180 1182/1182/1182
f 1179/1179/1179 1182/1182/1182 1181/1181/1181 1177/1177/1177
f 1182/1182/1182 1184/1184/1184 1183/1183/1183 1181/1181/1181
f 1185/1185/1185 1159/1159/1159 1158/1158/1158 1186/1186/1186
f 1185/1185/1185 1186/1186/1186 1187/1187/1187 1188/1188/1188
f 1187/1187/1187 1184/1184/1184 1188/1188/1188
f 1185/1185/1185 1188/1188/1188 1180/1180/1180 1159/1159/1159
f 1182/1182/1182 1180/1180/1180 1188/1188/1188 1184/1184/1184
f 1189/1189/1189 1178/1178/1178 1177/1177/1177 1190/1190/1190
f 1191/1191/1191 1194/1194/1194 1192/1192/1192 1193/1193/1193
f 1194/1194/1194 1196/1196/1196 1195/1195/1195 1192/1192/1192
f 1197/1197/1197 1196/1196/1196 1194/1194/1194 1198/1198/1198
f 1193/1193/1193 1192/1192/1192 1199/1199/1199 1200/1200/1200
f 1195/1195/1195 1201/1201/1201 1199/1199/1199 1192/1192/1192
f 1202/1202/1202 1203/1203/1203 1196/1196/1196 1197/1197/1197
f 1203/1203/1203 1190/1190/1190 1195/1195/1195 1196/1196/1196
f 1204/1204/1204 1199/1199/1199 1201/1201/1201 1205/1205/1205
f 1193/1193/1193 1200/1200/1200 1206/1206/1206 1207/1207/1207
f 1208/1208/1208 1200/1200/1200 1199/1199/1199 1204/1204/1204
f 1195/1195/1195 1190/1190/1190 1209/1209/1209 1201/1201/1201
f 1205/1205/1205 1201/1201/1201 1209/1209/1209 1210/1210/1210
f 1211/1211/1211 1212/1212/1212 1205/1205/1205 1210/1210/1210
f 1211/1211/1211 1214/1214/1214 1213/1213/1213 1212/1212/1212
f 1213/1213/1213 1214/1214/1214 1215/1215/1215 1216/1216/1216
f 1214/1214/1214 1218/1218/1218 1217/1217/1217 1215/1215/1215
f 1211/1211/1211 1219/1219/1219 1218/1218/1218 1214/1214/1214
f 1211/1211/1211 1210/1210/1210 1183/1183/1183 1219/1219/1219
f 1219/1219/1219 1221/1221/1221 1220/1220/1220 1218/1218/1218
f 1218/1218/1218 1220/1220/1220 1222/1222/1222 1223/1223/1223
f 1224/1224/1224 1222/1222/1222 1220/1220/1220 1221/1221/1221
f 1224/1224/1224 1225/1225/1225 1223/1223/1223 1222/1222/1222
f 1190/1190/1190 1177/1177/1177 1181/1181/1181 1209/1209/1209
f 1210/1210/1210 1209/1209/1209 1181/1181/1181 1183/1183/1183
f 1218/1218/1218 1223/1223/1223 1226/1226/1226 1217/1217/1217
f 1226/1226/1226 1223/1223/1223 1227/1227/1227 1228/1228/1228
f 1227/1227/1227 911/911/911 886/886/886 1228/1228/1228
f 1229/1229/1229 1227/1227/1227 1223/1223/1223 1225/1225/1225
f 1229/1229/1229 906/906/906 911/911/911 1227/1227/1227
f 1187/1187/1187 1224/1224/1224 1221/1221/1221 1184/1184/1184
f 1187/1187/1187 1225/1225/1225 1224/1224/1224
f 1229/1229/1229 1230/1230/1230 1022/1022/1022 906/906/906
f 1231/1231/1231 970/970/970 1022/1022/1022 1230/1230/1230
f 1232/1232/1232 968/968/968 970/970/970 1231/1231/1231
f 1232/1232/1232 1233/1233/1233 966/966/966 968/968/968
f 1173/1173/1173 1233/1233/1233 1232/1232/1232 1174/1174/1174
f 1134/1134/1134 1131/1131/1131 1233/1233/1233 1173/1173/1173
f 1130/1130/1130 966/966/966 1233/1233/1233 1131/1131/1131
f 1004/1004/1004 966/966/966 1130/1130/1130
f 1174/1174/1174 1232/1232/1232 1231/1231/1231 1175/1175/1175
f 1219/1219/1219 1183/1183/1183 1184/1184/1184 1221/1221/1221
f 1234/1234/1234 1230/1230/1230 1229/1229/1229 1225/1225/1225
f 1187/1187/1187 1186/1186/1186 1234/1234/1234 1225/1225/1225
f 1234/1234/1234 1175/1175/1175 1231/1231/1231 1230/1230/1230
f 1158/1158/1158 1235/1235/1235 1175/1175/1175 1234/1234/1234
f 1158/1158/1158 1234/1234/1234 1186/1186/1186
f 1236/1236/1236 1237/1237/1237 1238/1238/1238 1239/1239/1239
f 1239/1239/1239 1241/1241/1241 1240/1240/1240 1236/1236/1236
f 1242/1242/1242 1245/1245/1245 1243/1243/1243 1244/1244/1244
f 1246/1246/1246 1247/1247/1247 1248/1248/1248 1253/1253/1253
f 1249/1249/1249 1252/1252/1252 1250/1250/1250 1251/1251/1251
f 1252/1252/1252 1248/1248/1248 1247/1247/1247 1250/1250/1250
f 1254/1254/1254 1257/1257/1257 1255/1255/1255 1256/1256/1256
f 1258/1258/1258 1261/1261/1261 1259/1259/1259 1260/1260/1260
f 1262/1262/1262 1263/1263/1263 1264/1264/1264 1265/1265/1265
f 1266/1266/1266 1267/1267/1267 1268/1268/1268 1269/1269/1269
f 1270/1270/1270 1273/1273/1273 1271/1271/1271 1272/1272/1272
f 1274/1274/1274 1273/1273/1273 1270/1270/1270 1275/1275/1275
f 1274/1274/1274 1275/1275/1275 1276/1276/1276
f 1277/1277/1277 1278/1278/1278 1276/1276/1276 1275/1275/1275
f 1277/1277/1277 1280/1280/1280 1279/1279/1279 1278/1278/1278
f 1280/1280/1280 1282/1282/1282 1281/1281/1281 1279/1279/1279
f 1282/1282/1282 1284/1284/1284 1283/1283/1283 1281/1281/1281
f 1285/1285/1285 1283/1283/1283 1284/1284/1284 1286/1286/1286
f 1287/1287/1287 1285/1285/1285 1286/1286/1286
f 1288/1288/1288 1289/1289/1289 1290/1290/1290 1291/1291/1291
f 1288/1288/1288 1291/1291/1291 1292/1292/1292
f 1293/1293/1293 1294/1294/1294 1288/1288/1288 1292/1292/1292
f 1295/1295/1295 1296/1296/1296 1297/1297/1297 1299/1299/1299
f 1298/1298/1298 1299/1299/1299 1297/1297/1297 1296/1296/1296
f 1300/1300/1300 1301/1301/1301 1302/1302/1302
f 1303/1303/1303 1306/1306/1306 1304/1304/1304 1305/1305/1305
f 1307/1307/1307 1308/1308/1308 1309/1309/1309
f 1310/1310/1310 1313/1313/1313 1311/1311/1311 1312/1312/1312
f 1313/1313/1313 1310/1310/1310 1314/1314/1314 1315/1315/1315
f 1316/1316/1316 1317/1317/1317 1318/1318/1318 1319/1319/1319
f 1320/1320/1320 1321/1321/1321 1322/1322/1322 1324/1324/1324
f 1323/1323/1323 1324/1324/1324 1322/1322/1322 1321/1321/1321
f 1323/1323/1323 1321/1321/1321 1325/1325/1325 1326/1326/1326
f 1327/1327/1327 1328/1328/1328 1329/1329/1329
f 1327/1327/1327 1329/1329/1329 1330/1330/1330
f 1329/1329/1329 1332/1332/1332 1331/1331/1331 1330/1330/1330
f 1333/1333/1333 1334/1334/1334 1335/1335/1335 1337/1337/1337
f 1336/1336/1336 1345/1345/1345 1335/1335/1335 1334/1334/1334
f 1335/1335/1335 1347/1347/1347 1338/1338/1338 1337/1337/1337
f 1339/1339/1339 1333/1333/1333 1337/1337/1337 1340/1340/1340
f 1341/1341/1341 1340/1340/1340 1337/1337/1337 1338/1338/1338
f 1342/1342/1342 1343/1343/1343 1340/1340/1340 1341/1341/1341
f 1336/1336/1336 1344/1344/1344 1345/1345/1345
f 1335/1335/1335 1345/1345/1345 1346/1346/1346 1347/1347/1347
f 1336/1336/1336 1334/1334/1334 1348/1348/1348
f 1349/1349/1349 1352/1352/1352 1350/1350/1350 1351/1351/1351
f 1349/1349/1349 1353/1353/1353 1354/1354/1354 1352/1352/1352
f 1352/1352/1352 1354/1354/1354 1355/1355/1355 1356/1356/1356
f 1356/1356/1356 1355/1355/1355 1357/1357/1357 1358/1358/1358
f 1358/1358/1358 1357/1357/1357 1359/1359/1359 1360/1360/1360
f 1360/1360/1360 1359/1359/1359 1339/1339/1339 1361/1361/1361
f 1361/1361/1361 1339/1339/1339 1340/1340/1340 1343/1343/1343
f 1362/1362/1362 1366/1366/1366 1363/1363/1363 1364/1364/1364
f 1365/1365/1365 1363/1363/1363 1366/1366/1366 1367/1367/1367
f 1368/1368/1368 1367/1367/1367 1366/1366/1366 1371/1371/1371
f 1336/1336/1336 1348/1348/1348 1365/1365/1365 1367/1367/1367
f 1369/1369/1369 1362/1362/1362 1364/1364/1364 1370/1370/1370
f 1336/1336/1336 1367/1367/1367 1368/1368/1368 1344/1344/1344
f 1372/1372/1372 1373/1373/1373 1374/1374/1374
f 1372/1372/1372 1374/1374/1374 1369/1369/1369 1370/1370/1370
f 1375/1375/1375 1376/1376/1376 1377/1377/1377 1378/1378/1378
f 1379/1379/1379 1380/1380/1380 1378/1378/1378 1377/1377/1377
f 1380/1380/1380 1382/1382/1382 1381/1381/1381 1378/1378/1378
f 1383/1383/1383 1381/1381/1381 1382/1382/1382 1384/1384/1384
f 1383/1383/1383 1384/1384/1384 1385/1385/1385 1386/1386/1386
f 1384/1384/1384 1388/1388/1388 1387/1387/1387 1385/1385/1385
f 1388/1388/1388 1390/1390/1390 1389/1389/1389 1387/1387/1387
f 1385/1385/1385 1387/1387/1387 1391/1391/1391 1393/1393/1393
f 1389/1389/1389 1392/1392/1392 1391/1391/1391 1387/1387/1387
f 1386/1386/1386 1385/1385/1385 1393/1393/1393 1394/1394/1394
f 1379/1379/1379 1396/1396/1396 1395/1395/1395 1380/1380/1380
f 1397/1397/1397 1383/1383/1383 1386/1386/1386 1398/1398/1398
f 1399/1399/1399 1400/1400/1400 1389/1389/1389 1390/1390/1390
f 1399/1399/1399 1402/1402/1402 1401/1401/1401 1400/1400/1400
f 1399/1399/1399 1404/1404/1404 1403/1403/1403 1402/1402/1402
f 1402/1402/1402 1403/1403/1403 1405/1405/1405 1406/1406/1406
f 1407/1407/1407 1408/1408/1408 1403/1403/1403 1404/1404/1404
f 1400/1400/1400 1401/1401/1401 1409/1409/1409 1549/1549/1549
f 1401/1401/1401 1550/1550/1550 1410/1410/1410 1409/1409/1409
f 1409/1409/1409 1410/1410/1410 1411/1411/1411 1412/1412/1412
f 1410/1410/1410 1414/1414/1414 1413/1413/1413 1411/1411/1411
f 1415/1415/1415 1549/1549/1549 1409/1409/1409 1412/1412/1412
f 1415/1415/1415 1412/1412/1412 1416/1416/1416 1417/1417/1417
f 1413/1413/1413 1414/1414/1414 1418/1418/1418 1419/1419/1419
f 1418/1418/1418 1421/1421/1421 1420/1420/1420 1419/1419/1419
f 1418/1418/1418 1423/1423/1423 1422/1422/1422 1421/1421/1421
f 1424/1424/1424 1422/1422/1422 1423/1423/1423 1425/1425/1425
f 1424/1424/1424 1427/1427/1427 1426/1426/1426 1422/1422/1422
f 1428/1428/1428 1425/1425/1425 1423/1423/1423 1435/1435/1435
f 1422/1422/1422 1426/1426/1426 1429/1429/1429 1421/1421/1421
f 1430/1430/1430 1436/1436/1436 1424/1424/1424 1425/1425/1425
f 1419/1419/1419 1420/1420/1420 1431/1431/1431 1438/1438/1438
f 1420/1420/1420 1545/1545/1545 1432/1432/1432 1431/1431/1431
f 1426/1426/1426 1427/1427/1427 1433/1433/1433 1434/1434/1434
f 1418/1418/1418 1414/1414/1414 1435/1435/1435 1423/1423/1423
f 1436/1436/1436 1437/1437/1437 1427/1427/1427 1424/1424/1424
f 1413/1413/1413 1419/1419/1419 1438/1438/1438 1439/1439/1439
f 1417/1417/1417 1416/1416/1416 1440/1440/1440 1441/1441/1441
f 1442/1442/1442 1441/1441/1441 1440/1440/1440 1443/1443/1443
f 1442/1442/1442 1443/1443/1443 1444/1444/1444 1445/1445/1445
f 1407/1407/1407 1447/1447/1447 1446/1446/1446 1408/1408/1408
f 1448/1448/1448 1441/1441/1441 1442/1442/1442 1449/1449/1449
f 1448/1448/1448 1449/1449/1449 1450/1450/1450 1451/1451/1451
f 1452/1452/1452 1451/1451/1451 1450/1450/1450 1453/1453/1453
f 1453/1453/1453 1450/1450/1450 1454/1454/1454 1455/1455/1455
f 1455/1455/1455 1454/1454/1454 1456/1456/1456 1457/1457/1457
f 1457/1457/1457 1456/1456/1456 1458/1458/1458 1459/1459/1459
f 1460/1460/1460 1461/1461/1461 1458/1458/1458 1456/1456/1456
f 1460/1460/1460 1463/1463/1463 1462/1462/1462 1461/1461/1461
f 1463/1463/1463 1523/1523/1523 1464/1464/1464 1462/1462/1462
f 1433/1433/1433 1466/1466/1466 1465/1465/1465 1434/1434/1434
f 1467/1467/1467 1468/1468/1468 1465/1465/1465 1466/1466/1466
f 1465/1465/1465 1468/1468/1468 1469/1469/1469 1470/1470/1470
f 1470/1470/1470 1469/1469/1469 1471/1471/1471 1472/1472/1472
f 1473/1473/1473 1472/1472/1472 1471/1471/1471 1474/1474/1474
f 1473/1473/1473 1474/1474/1474 1475/1475/1475 1476/1476/1476
f 1473/1473/1473 1478/1478/1478 1477/1477/1477 1472/1472/1472
f 1479/1479/1479 1480/1480/1480 1475/1475/1475 1474/1474/1474
f 1467/1467/1467 1466/1466/1466 1481/1481/1481 1482/1482/1482
f 1483/1483/1483 1484/1484/1484 1482/1482/1482 1481/1481/1481
f 1485/1485/1485 1540/1540/1540 1468/1468/1468 1467/1467/1467
f 1482/1482/1482 1486/1486/1486 1485/1485/1485 1467/1467/1467
f 1469/1469/1469 1488/1488/1488 1487/1487/1487 1471/1471/1471
f 1487/1487/1487 1479/1479/1479 1474/1474/1474 1471/1471/1471
f 1483/1483/1483 1490/1490/1490 1489/1489/1489 1484/1484/1484
f 1476/1476/1476 1475/1475/1475 1491/1491/1491 1492/1492/1492
f 1491/1491/1491 1475/1475/1475 1480/1480/1480 1493/1493/1493
f 1443/1443/1443 1495/1495/1495 1494/1494/1494 1444/1444/1444
f 1495/1495/1495 1497/1497/1497 1496/1496/1496 1494/1494/1494
f 1494/1494/1494 1496/1496/1496 1498/1498/1498 1607/1607/1607
f 1496/1496/1496 1518/1518/1518 1499/1499/1499 1498/1498/1498
f 1498/1498/1498 1499/1499/1499 1500/1500/1500 1501/1501/1501
f 1502/1502/1502 1500/1500/1500 1499/1499/1499 1503/1503/1503
f 1502/1502/1502 1503/1503/1503 1504/1504/1504 1505/1505/1505
f 1506/1506/1506 1507/1507/1507 1504/1504/1504 1503/1503/1503
f 1504/1504/1504 1507/1507/1507 1508/1508/1508 1509/1509/1509
f 1510/1510/1510 1508/1508/1508 1507/1507/1507 1511/1511/1511
f 1506/1506/1506 1512/1512/1512 1511/1511/1511 1507/1507/1507
f 1510/1510/1510 1511/1511/1511 1513/1513/1513 1514/1514/1514
f 1515/1515/1515 1513/1513/1513 1511/1511/1511 1512/1512/1512
f 1509/1509/1509 1508/1508/1508 1516/1516/1516 1517/1517/1517
f 1510/1510/1510 1516/1516/1516 1508/1508/1508
f 1497/1497/1497 1548/1548/1548 1518/1518/1518 1496/1496/1496
f 1518/1518/1518 1506/1506/1506 1503/1503/1503 1499/1499/1499
f 1504/1504/1504 1509/1509/1509 1519/1519/1519 1505/1505/1505
f 1520/1520/1520 1529/1529/1529 1448/1448/1448 1451/1451/1451
f 1520/1520/1520 1451/1451/1451 1452/1452/1452 1521/1521/1521
f 1484/1484/1484 1489/1489/1489 1522/1522/1522 1541/1541/1541
f 1445/1445/1445 1444/1444/1444 1523/1523/1523 1463/1463/1463
f 1406/1406/1406 1405/1405/1405 1524/1524/1524 1428/1428/1428
f 1524/1524/1524 1430/1430/1430 1425/1425/1425 1428/1428/1428
f 1525/1525/1525 1615/1615/1615 1408/1408/1408 1446/1446/1446
f 1416/1416/1416 1544/1544/1544 1526/1526/1526 1440/1440/1440
f 1443/1443/1443 1440/1440/1440 1526/1526/1526 1495/1495/1495
f 1526/1526/1526 1527/1527/1527 1497/1497/1497 1495/1495/1495
f 1528/1528/1528 1447/1447/1447 1407/1407/1407 1611/1611/1611
f 1529/1529/1529 1417/1417/1417 1441/1441/1441 1448/1448/1448
f 1442/1442/1442 1445/1445/1445 1530/1530/1530 1449/1449/1449
f 1450/1450/1450 1449/1449/1449 1530/1530/1530 1454/1454/1454
f 1530/1530/1530 1460/1460/1460 1456/1456/1456 1454/1454/1454
f 1530/1530/1530 1445/1445/1445 1463/1463/1463 1460/1460/1460
f 1502/1502/1502 1505/1505/1505 1531/1531/1531
f 1532/1532/1532 1382/1382/1382 1380/1380/1380 1395/1395/1395
f 1384/1384/1384 1382/1382/1382 1532/1532/1532 1388/1388/1388
f 1532/1532/1532 1536/1536/1536 1390/1390/1390 1388/1388/1388
f 1533/1533/1533 1490/1490/1490 1483/1483/1483 1534/1534/1534
f 1535/1535/1535 1375/1375/1375 1378/1378/1378 1381/1381/1381
f 1535/1535/1535 1381/1381/1381 1383/1383/1383 1397/1397/1397
f 1399/1399/1399 1390/1390/1390 1536/1536/1536 1404/1404/1404
f 1436/1436/1436 1538/1538/1538 1537/1537/1537 1437/1437/1437
f 1537/1537/1537 1539/1539/1539 1533/1533/1533 1534/1534/1534
f 1469/1469/1469 1468/1468/1468 1540/1540/1540 1488/1488/1488
f 1482/1482/1482 1484/1484/1484 1541/1541/1541 1486/1486/1486
f 1542/1542/1542 1491/1491/1491 1493/1493/1493 1543/1543/1543
f 1412/1412/1412 1411/1411/1411 1544/1544/1544 1416/1416/1416
f 1413/1413/1413 1439/1439/1439 1544/1544/1544 1411/1411/1411
f 1421/1421/1421 1429/1429/1429 1545/1545/1545 1420/1420/1420
f 1545/1545/1545 1477/1477/1477 1478/1478/1478 1432/1432/1432
f 1426/1426/1426 1434/1434/1434 1546/1546/1546 1429/1429/1429
f 1546/1546/1546 1434/1434/1434 1465/1465/1465 1470/1470/1470
f 1546/1546/1546 1470/1470/1470 1472/1472/1472 1477/1477/1477
f 1439/1439/1439 1438/1438/1438 1547/1547/1547 1527/1527/1527
f 1497/1497/1497 1527/1527/1527 1547/1547/1547 1548/1548/1548
f 1548/1548/1548 1512/1512/1512 1506/1506/1506 1518/1518/1518
f 1548/1548/1548 1547/1547/1547 1515/1515/1515 1512/1512/1512
f 1389/1389/1389 1400/1400/1400 1549/1549/1549 1392/1392/1392
f 1402/1402/1402 1406/1406/1406 1550/1550/1550 1401/1401/1401
f 1550/1550/1550 1435/1435/1435 1414/1414/1414 1410/1410/1410
f 1386/1386/1386 1394/1394/1394 1551/1551/1551 1398/1398/1398
f 1394/1394/1394 1553/1553/1553 1552/1552/1552 1551/1551/1551
f 1554/1554/1554 1552/1552/1552 1553/1553/1553
f 1555/1555/1555 1554/1554/1554 1553/1553/1553 1603/1603/1603
f 1554/1554/1554 1557/1557/1557 1556/1556/1556 1552/1552/1552
f 1557/1557/1557 1559/1559/1559 1558/1558/1558 1556/1556/1556
f 1559/1559/1559 1561/1561/1561 1560/1560/1560 1558/1558/1558
f 1561/1561/1561 1563/1563/1563 1562/1562/1562 1560/1560/1560
f 1563/1563/1563 1565/1565/1565 1564/1564/1564 1562/1562/1562
f 1565/1565/1565 1567/1567/1567 1566/1566/1566 1564/1564/1564
f 1566/1566/1566 1567/1567/1567 1568/1568/1568 1569/1569/1569
f 1569/1569/1569 1568/1568/1568 1570/1570/1570 1571/1571/1571
f 1572/1572/1572 1573/1573/1573 1571/1571/1571 1570/1570/1570
f 1574/1574/1574 1572/1572/1572 1570/1570/1570 1575/1575/1575
f 1574/1574/1574 1575/1575/1575 1576/1576/1576 1577/1577/1577
f 1572/1572/1572 1602/1602/1602 1578/1578/1578 1573/1573/1573
f 1579/1579/1579 1576/1576/1576 1575/1575/1575 1580/1580/1580
f 1579/1579/1579 1582/1582/1582 1581/1581/1581 1576/1576/1576
f 1582/1582/1582 1584/1584/1584 1583/1583/1583 1581/1581/1581
f 1585/1585/1585 1602/1602/1602 1581/1581/1581 1583/1583/1583
f 1579/1579/1579 1587/1587/1587 1586/1586/1586 1582/1582/1582
f 1588/1588/1588 1589/1589/1589 1586/1586/1586 1587/1587/1587
f 1588/1588/1588 1591/1591/1591 1590/1590/1590 1589/1589/1589
f 1591/1591/1591 1593/1593/1593 1592/1592/1592 1590/1590/1590
f 1594/1594/1594 1590/1590/1590 1592/1592/1592 1595/1595/1595
f 1596/1596/1596 1592/1592/1592 1593/1593/1593 1597/1597/1597
f 1596/1596/1596 1598/1598/1598 1595/1595/1595 1592/1592/1592
f 1588/1588/1588 1600/1600/1600 1599/1599/1599 1591/1591/1591
f 1579/1579/1579 1580/1580/1580 1601/1601/1601 1587/1587/1587
f 1588/1588/1588 1587/1587/1587 1601/1601/1601 1600/1600/1600
f 1574/1574/1574 1602/1602/1602 1572/1572/1572
f 1394/1394/1394 1393/1393/1393 1603/1603/1603 1553/1553/1553
f 1603/1603/1603 1609/1609/1609 1520/1520/1520 1521/1521/1521
f 1604/1604/1604 1538/1538/1538 1436/1436/1436 1430/1430/1430
f 1605/1605/1605 1606/1606/1606 1538/1538/1538 1604/1604/1604
f 1606/1606/1606 1539/1539/1539 1537/1537/1537 1538/1538/1538
f 1444/1444/1444 1494/1494/1494 1607/1607/1607 1523/1523/1523
f 1607/1607/1607 1498/1498/1498 1501/1501/1501 1608/1608/1608
f 1464/1464/1464 1523/1523/1523 1607/1607/1607 1608/1608/1608
f 1393/1393/1393 1391/1391/1391 1609/1609/1609 1603/1603/1603
f 1610/1610/1610 1433/1433/1433 1427/1427/1427 1437/1437/1437
f 1610/1610/1610 1481/1481/1481 1466/1466/1466 1433/1433/1433
f 1610/1610/1610 1534/1534/1534 1483/1483/1483 1481/1481/1481
f 1537/1537/1537 1534/1534/1534 1610/1610/1610 1437/1437/1437
f 1396/1396/1396 1528/1528/1528 1611/1611/1611 1395/1395/1395
f 1611/1611/1611 1407/1407/1407 1404/1404/1404 1536/1536/1536
f 1532/1532/1532 1395/1395/1395 1611/1611/1611 1536/1536/1536
f 1612/1612/1612 1604/1604/1604 1430/1430/1430 1524/1524/1524
f 1612/1612/1612 1613/1613/1613 1605/1605/1605 1604/1604/1604
f 1596/1596/1596 1597/1597/1597 1614/1614/1614
f 1403/1403/1403 1408/1408/1408 1615/1615/1615 1405/1405/1405
f 1615/1615/1615 1612/1612/1612 1524/1524/1524 1405/1405/1405
f 1535/1535/1535 1397/1397/1397 1616/1616/1616
f 1617/1617/1617 1609/1609/1609 1391/1391/1391 1392/1392/1392
f 1617/1617/1617 1415/1415/1415 1417/1417/1417 1529/1529/1529
f 1617/1617/1617 1529/1529/1529 1520/1520/1520 1609/1609/1609
f 1617/1617/1617 1392/1392/1392 1549/1549/1549 1415/1415/1415
f 1617/1617/1617 1415/1415/1415 1618/1618/1618 1619/1619/1619
f 1525/1525/1525 1613/1613/1613 1612/1612/1612 1615/1615/1615
f 1406/1406/1406 1428/1428/1428 1435/1435/1435 1550/1550/1550
f 1578/1578/1578 1602/1602/1602 1585/1585/1585 1620/1620/1620
f 1526/1526/1526 1544/1544/1544 1439/1439/1439 1527/1527/1527
f 1429/1429/1429 1546/1546/1546 1477/1477/1477 1545/1545/1545
f 1555/1555/1555 1603/1603/1603 1521/1521/1521
f 1621/1621/1621 1622/1622/1622 1623/1623/1623
f 1624/1624/1624 1625/1625/1625 1626/1626/1626 1627/1627/1627
f 1624/1624/1624 1628/1628/1628 1625/1625/1625
f 1629/1629/1629 1630/1630/1630 1631/1631/1631 1632/1632/1632
f 1633/1633/1633 1640/1640/1640 1634/1634/1634 1635/1635/1635
f 1636/1636/1636 1639/1639/1639 1637/1637/1637 1638/1638/1638
f 1637/1637/1637 1639/1639/1639 1634/1634/1634 1640/1640/1640
f 1641/1641/1641 1636/1636/1636 1638/1638/1638 1642/1642/1642
f 1643/1643/1643 1646/1646/1646 1644/1644/1644 1645/1645/1645
f 1643/1643/1643 1645/1645/1645 1647/1647/1647 1648/1648/1648
f 1648/1648/1648 1647/1647/1647 1649/1649/1649 1650/1650/1650
f 1651/1651/1651 1648/1648/1648 1650/1650/1650 1652/1652/1652
f 1653/1653/1653 1654/1654/1654 1650/1650/1650 1649/1649/1649
f 1655/1655/1655 1651/1651/1651 1652/1652/1652 1656/1656/1656
f 1655/1655/1655 1656/1656/1656 1657/1657/1657 1658/1658/1658
f 1659/1659/1659 1660/1660/1660 1655/1655/1655 1658/1658/1658
f 1661/1661/1661 1662/1662/1662 1660/1660/1660 1659/1659/1659
f 1663/1663/1663 1657/1657/1657 1656/1656/1656 1664/1664/1664
f 1665/1665/1665 1646/1646/1646 1643/1643/1643 1685/1685/1685
f 1666/1666/1666 1656/1656/1656 1652/1652/1652 1686/1686/1686
f 1666/1666/1666 1667/1667/1667 1664/1664/1664 1656/1656/1656
f 1663/1663/1663 1664/1664/1664 1668/1668/1668 1669/1669/1669
f 1669/1669/1669 1668/1668/1668 1670/1670/1670 1671/1671/1671
f 1668/1668/1668 1673/1673/1673 1672/1672/1672 1670/1670/1670
f 1671/1671/1671 1670/1670/1670 1674/1674/1674 1675/1675/1675
f 1675/1675/1675 1674/1674/1674 1676/1676/1676 1677/1677/1677
f 1673/1673/1673 1679/1679/1679 1678/1678/1678 1672/1672/1672
f 1672/1672/1672 1678/1678/1678 1680/1680/1680 1683/1683/1683
f 1677/1677/1677 1676/1676/1676 1681/1681/1681 1682/1682/1682
f 1670/1670/1670 1672/1672/1672 1683/1683/1683 1674/1674/1674
f 1676/1676/1676 1674/1674/1674 1683/1683/1683 1684/1684/1684
f 1685/1685/1685 1643/1643/1643 1648/1648/1648 1651/1651/1651
f 1655/1655/1655 1660/1660/1660 1685/1685/1685 1651/1651/1651
f 1662/1662/1662 1665/1665/1665 1685/1685/1685 1660/1660/1660
f 1686/1686/1686 1652/1652/1652 1650/1650/1650 1654/1654/1654
f 1682/1682/1682 1681/1681/1681 1687/1687/1687 1688/1688/1688
f 1687/1687/1687 1690/1690/1690 1689/1689/1689 1688/1688/1688
f 1687/1687/1687 1692/1692/1692 1691/1691/1691 1690/1690/1690
f 1689/1689/1689 1690/1690/1690 1693/1693/1693 1694/1694/1694
f 1691/1691/1691 1695/1695/1695 1693/1693/1693 1690/1690/1690
f 1692/1692/1692 1697/1697/1697 1696/1696/1696 1691/1691/1691
f 1697/1697/1697 1699/1699/1699 1698/1698/1698 1696/1696/1696
f 1700/1700/1700 1701/1701/1701 1699/1699/1699 1697/1697/1697
f 1699/1699/1699 1701/1701/1701 1702/1702/1702 1703/1703/1703
f 1704/1704/1704 1698/1698/1698 1699/1699/1699 1703/1703/1703
f 1705/1705/1705 1708/1708/1708 1696/1696/1696 1698/1698/1698
f 1706/1706/1706 1701/1701/1701 1700/1700/1700 1710/1710/1710
f 1706/1706/1706 1707/1707/1707 1702/1702/1702 1701/1701/1701
f 1691/1691/1691 1696/1696/1696 1708/1708/1708 1695/1695/1695
f 1676/1676/1676 1684/1684/1684 1709/1709/1709 1681/1681/1681
f 1687/1687/1687 1681/1681/1681 1709/1709/1709 1692/1692/1692
f 1709/1709/1709 1700/1700/1700 1697/1697/1697 1692/1692/1692
f 1683/1683/1683 1680/1680/1680 1710/1710/1710 1684/1684/1684
f 1704/1704/1704 1703/1703/1703 1711/1711/1711
f 1684/1684/1684 1710/1710/1710 1700/1700/1700 1709/1709/1709
f 1712/1712/1712 1715/1715/1715 1713/1713/1713 1714/1714/1714
f 1713/1713/1713 1717/1717/1717 1716/1716/1716 1714/1714/1714
f 1718/1718/1718 1712/1712/1712 1714/1714/1714 1719/1719/1719
f 1720/1720/1720 1721/1721/1721 1713/1713/1713 1715/1715/1715
f 1722/1722/1722 1725/1725/1725 1715/1715/1715 1712/1712/1712
f 1720/1720/1720 1724/1724/1724 1723/1723/1723 1721/1721/1721
f 1725/1725/1725 1728/1728/1728 1720/1720/1720 1715/1715/1715
f 1713/1713/1713 1721/1721/1721 1726/1726/1726 1717/1717/1717
f 1726/1726/1726 1721/1721/1721 1723/1723/1723 1727/1727/1727
f 1728/1728/1728 1729/1729/1729 1724/1724/1724 1720/1720/1720
f 1730/1730/1730 1818/1818/1818 1726/1726/1726 1727/1727/1727
f 1731/1731/1731 1732/1732/1732 1730/1730/1730 1727/1727/1727
f 1732/1732/1732 1734/1734/1734 1733/1733/1733 1730/1730/1730
f 1730/1730/1730 1733/1733/1733 1735/1735/1735 1818/1818/1818
f 1733/1733/1733 1737/1737/1737 1736/1736/1736 1735/1735/1735
f 1738/1738/1738 1736/1736/1736 1737/1737/1737 1739/1739/1739
f 1738/1738/1738 1741/1741/1741 1740/1740/1740 1736/1736/1736
f 1742/1742/1742 1740/1740/1740 1741/1741/1741 1743/1743/1743
f 1744/1744/1744 1745/1745/1745 1742/1742/1742 1743/1743/1743
f 1744/1744/1744 1747/1747/1747 1746/1746/1746 1745/1745/1745
f 1742/1742/1742 1745/1745/1745 1748/1748/1748 1749/1749/1749
f 1750/1750/1750 1749/1749/1749 1748/1748/1748 1751/1751/1751
f 1752/1752/1752 1753/1753/1753 1750/1750/1750 1751/1751/1751
f 1752/1752/1752 1751/1751/1751 1754/1754/1754 1755/1755/1755
f 1756/1756/1756 1755/1755/1755 1754/1754/1754 1757/1757/1757
f 1758/1758/1758 1757/1757/1757 1754/1754/1754 1759/1759/1759
f 1760/1760/1760 1756/1756/1756 1757/1757/1757 1761/1761/1761
f 1762/1762/1762 1763/1763/1763 1756/1756/1756 1760/1760/1760
f 1764/1764/1764 1766/1766/1766 1760/1760/1760 1761/1761/1761
f 1748/1748/1748 1769/1769/1769 1765/1765/1765 1751/1751/1751
f 1754/1754/1754 1751/1751/1751 1765/1765/1765 1759/1759/1759
f 1762/1762/1762 1760/1760/1760 1766/1766/1766 1767/1767/1767
f 1768/1768/1768 1755/1755/1755 1756/1756/1756 1763/1763/1763
f 1745/1745/1745 1746/1746/1746 1769/1769/1769 1748/1748/1748
f 1736/1736/1736 1740/1740/1740 1770/1770/1770 1771/1771/1771
f 1742/1742/1742 1749/1749/1749 1770/1770/1770 1740/1740/1740
f 1752/1752/1752 1755/1755/1755 1772/1772/1772
f 1773/1773/1773 1737/1737/1737 1733/1733/1733 1734/1734/1734
f 1774/1774/1774 1731/1731/1731 1727/1727/1727 1723/1723/1723
f 1738/1738/1738 1775/1775/1775 1741/1741/1741
f 1743/1743/1743 1741/1741/1741 1775/1775/1775 1776/1776/1776
f 1777/1777/1777 1767/1767/1767 1766/1766/1766 1778/1778/1778
f 1779/1779/1779 1762/1762/1762 1767/1767/1767
f 1779/1779/1779 1767/1767/1767 1777/1777/1777 1780/1780/1780
f 1781/1781/1781 1777/1777/1777 1778/1778/1778 1782/1782/1782
f 1783/1783/1783 1781/1781/1781 1782/1782/1782 1784/1784/1784
f 1785/1785/1785 1783/1783/1783 1784/1784/1784 1786/1786/1786
f 1787/1787/1787 1788/1788/1788 1785/1785/1785 1786/1786/1786
f 1788/1788/1788 1790/1790/1790 1789/1789/1789 1785/1785/1785
f 1790/1790/1790 1792/1792/1792 1791/1791/1791 1789/1789/1789
f 1793/1793/1793 1794/1794/1794 1791/1791/1791 1792/1792/1792
f 1794/1794/1794 1796/1796/1796 1795/1795/1795 1791/1791/1791
f 1794/1794/1794 1813/1813/1813 1797/1797/1797 1796/1796/1796
f 1797/1797/1797 1799/1799/1799 1798/1798/1798 1796/1796/1796
f 1799/1799/1799 1801/1801/1801 1800/1800/1800 1798/1798/1798
f 1798/1798/1798 1800/1800/1800 1802/1802/1802 1806/1806/1806
f 1799/1799/1799 1804/1804/1804 1803/1803/1803 1801/1801/1801
f 1797/1797/1797 1805/1805/1805 1804/1804/1804 1799/1799/1799
f 1796/1796/1796 1798/1798/1798 1806/1806/1806 1795/1795/1795
f 1807/1807/1807 1793/1793/1793 1792/1792/1792 1812/1812/1812
f 1808/1808/1808 1809/1809/1809 1793/1793/1793 1807/1807/1807
f 1808/1808/1808 1807/1807/1807 1810/1810/1810 1811/1811/1811
f 1790/1790/1790 1788/1788/1788 1812/1812/1812 1792/1792/1792
f 1793/1793/1793 1809/1809/1809 1813/1813/1813 1794/1794/1794
f 1814/1814/1814 1931/1931/1931 1781/1781/1781 1783/1783/1783
f 1785/1785/1785 1789/1789/1789 1814/1814/1814 1783/1783/1783
f 1791/1791/1791 1795/1795/1795 1814/1814/1814 1789/1789/1789
f 1815/1815/1815 1928/1928/1928 1809/1809/1809 1808/1808/1808
f 1815/1815/1815 1808/1808/1808 1811/1811/1811 1816/1816/1816
f 1779/1779/1779 1817/1817/1817 1762/1762/1762
f 1717/1717/1717 1726/1726/1726 1818/1818/1818 1889/1889/1889
f 1738/1738/1738 1819/1819/1819 1775/1775/1775
f 1820/1820/1820 1821/1821/1821 1803/1803/1803 1804/1804/1804
f 1820/1820/1820 1804/1804/1804 1805/1805/1805 1822/1822/1822
f 1823/1823/1823 1822/1822/1822 1805/1805/1805 1894/1894/1894
f 1824/1824/1824 1884/1884/1884 1822/1822/1822 1823/1823/1823
f 1825/1825/1825 1826/1826/1826 1824/1824/1824 1823/1823/1823
f 1827/1827/1827 1828/1828/1828 1824/1824/1824 1826/1826/1826
f 1829/1829/1829 1830/1830/1830 1828/1828/1828 1827/1827/1827
f 1831/1831/1831 1832/1832/1832 1830/1830/1830 1829/1829/1829
f 1832/1832/1832 1834/1834/1834 1833/1833/1833 1830/1830/1830
f 1832/1832/1832 1836/1836/1836 1835/1835/1835 1834/1834/1834
f 1837/1837/1837 1838/1838/1838 1836/1836/1836 1832/1832/1832
f 1839/1839/1839 1840/1840/1840 1833/1833/1833 1834/1834/1834
f 1835/1835/1835 1841/1841/1841 1839/1839/1839 1834/1834/1834
f 1830/1830/1830 1833/1833/1833 1842/1842/1842 1828/1828/1828
f 1843/1843/1843 1844/1844/1844 1836/1836/1836 1838/1838/1838
f 1845/1845/1845 1846/1846/1846 1844/1844/1844 1843/1843/1843
f 1845/1845/1845 1843/1843/1843 1847/1847/1847 1848/1848/1848
f 1849/1849/1849 1848/1848/1848 1847/1847/1847 1850/1850/1850
f 1849/1849/1849 1850/1850/1850 1851/1851/1851 1852/1852/1852
f 1850/1850/1850 1854/1854/1854 1853/1853/1853 1851/1851/1851
f 1854/1854/1854 1856/1856/1856 1855/1855/1855 1853/1853/1853
f 1857/1857/1857 1859/1859/1859 1848/1848/1848 1849/1849/1849
f 1857/1857/1857 1849/1849/1849 1852/1852/1852 1858/1858/1858
f 1845/1845/1845 1848/1848/1848 1859/1859/1859 1860/1860/1860
f 1845/1845/1845 1860/1860/1860 1861/1861/1861 1846/1846/1846
f 1843/1843/1843 1838/1838/1838 1862/1862/1862 1847/1847/1847
f 1850/1850/1850 1847/1847/1847 1862/1862/1862 1854/1854/1854
f 1862/1862/1862 1863/1863/1863 1856/1856/1856 1854/1854/1854
f 1864/1864/1864 1827/1827/1827 1826/1826/1826 1866/1866/1866
f 1865/1865/1865 1825/1825/1825 1823/1823/1823 1894/1894/1894
f 1825/1825/1825 1886/1886/1886 1866/1866/1866 1826/1826/1826
f 1864/1864/1864 1866/1866/1866 1867/1867/1867 1868/1868/1868
f 1869/1869/1869 1864/1864/1864 1868/1868/1868 1883/1883/1883
f 1870/1870/1870 1857/1857/1857 1858/1858/1858 1871/1871/1871
f 1872/1872/1872 1873/1873/1873 1839/1839/1839 1841/1841/1841
f 1874/1874/1874 1875/1875/1875 1872/1872/1872 1841/1841/1841
f 1876/1876/1876 1877/1877/1877 1875/1875/1875 1874/1874/1874
f 1878/1878/1878 1835/1835/1835 1836/1836/1836 1844/1844/1844
f 1878/1878/1878 1874/1874/1874 1841/1841/1841 1835/1835/1835
f 1846/1846/1846 1879/1879/1879 1878/1878/1878 1844/1844/1844
f 1876/1876/1876 1874/1874/1874 1878/1878/1878 1879/1879/1879
f 1820/1820/1820 1881/1881/1881 1880/1880/1880 1821/1821/1821
f 1882/1882/1882 1880/1880/1880 1881/1881/1881 1929/1929/1929
f 1863/1863/1863 1869/1869/1869 1883/1883/1883 1856/1856/1856
f 1820/1820/1820 1822/1822/1822 1884/1884/1884 1881/1881/1881
f 1828/1828/1828 1842/1842/1842 1884/1884/1884 1824/1824/1824
f 1839/1839/1839 1873/1873/1873 1885/1885/1885 1840/1840/1840
f 1886/1886/1886 1815/1815/1815 1816/1816/1816 1887/1887/1887
f 1865/1865/1865 1886/1886/1886 1825/1825/1825
f 1867/1867/1867 1866/1866/1866 1886/1886/1886 1887/1887/1887
f 1888/1888/1888 1859/1859/1859 1857/1857/1857 1870/1870/1870
f 1888/1888/1888 1892/1892/1892 1860/1860/1860 1859/1859/1859
f 1889/1889/1889 1818/1818/1818 1735/1735/1735 1890/1890/1890
f 1890/1890/1890 1735/1735/1735 1736/1736/1736 1771/1771/1771
f 1891/1891/1891 1772/1772/1772 1755/1755/1755 1768/1768/1768
f 1892/1892/1892 1893/1893/1893 1861/1861/1861 1860/1860/1860
f 1797/1797/1797 1813/1813/1813 1894/1894/1894 1805/1805/1805
f 1876/1876/1876 1879/1879/1879 1895/1895/1895
f 1879/1879/1879 1924/1924/1924 1896/1896/1896 1895/1895/1895
f 1895/1895/1895 1896/1896/1896 1897/1897/1897 1898/1898/1898
f 1898/1898/1898 1897/1897/1897 1899/1899/1899 1900/1900/1900
f 1901/1901/1901 1902/1902/1902 1899/1899/1899 1897/1897/1897
f 1900/1900/1900 1899/1899/1899 1903/1903/1903 1904/1904/1904
f 1903/1903/1903 1899/1899/1899 1902/1902/1902 1905/1905/1905
f 1906/1906/1906 1900/1900/1900 1904/1904/1904 1907/1907/1907
f 1908/1908/1908 1907/1907/1907 1904/1904/1904 1909/1909/1909
f 1903/1903/1903 1910/1910/1910 1909/1909/1909 1904/1904/1904
f 1911/1911/1911 1901/1901/1901 1897/1897/1897 1896/1896/1896
f 1912/1912/1912 1898/1898/1898 1900/1900/1900 1906/1906/1906
f 1909/1909/1909 1910/1910/1910 1913/1913/1913 1925/1925/1925
f 1914/1914/1914 1915/1915/1915 1913/1913/1913 1910/1910/1910
f 1914/1914/1914 1916/1916/1916 1915/1915/1915
f 1915/1915/1915 1918/1918/1918 1917/1917/1917 1913/1913/1913
f 1917/1917/1917 1918/1918/1918 1919/1919/1919 1920/1920/1920
f 1921/1921/1921 1925/1925/1925 1913/1913/1913 1917/1917/1917
f 1921/1921/1921 1917/1917/1917 1920/1920/1920 1922/1922/1922
f 1903/1903/1903 1905/1905/1905 1923/1923/1923 1910/1910/1910
f 1914/1914/1914 1910/1910/1910 1923/1923/1923
f 1846/1846/1846 1861/1861/1861 1924/1924/1924 1879/1879/1879
f 1893/1893/1893 1933/1933/1933 1924/1924/1924 1861/1861/1861
f 1908/1908/1908 1909/1909/1909 1925/1925/1925 1926/1926/1926
f 1927/1927/1927 1876/1876/1876 1895/1895/1895 1898/1898/1898
f 1927/1927/1927 1898/1898/1898 1912/1912/1912
f 1928/1928/1928 1894/1894/1894 1813/1813/1813 1809/1809/1809
f 1865/1865/1865 1894/1894/1894 1928/1928/1928
f 1833/1833/1833 1840/1840/1840 1929/1929/1929 1842/1842/1842
f 1929/1929/1929 1881/1881/1881 1884/1884/1884 1842/1842/1842
f 1885/1885/1885 1882/1882/1882 1929/1929/1929 1840/1840/1840
f 1807/1807/1807 1812/1812/1812 1930/1930/1930 1810/1810/1810
f 1931/1931/1931 1780/1780/1780 1777/1777/1777 1781/1781/1781
f 1795/1795/1795 1806/1806/1806 1931/1931/1931 1814/1814/1814
f 1812/1812/1812 1788/1788/1788 1932/1932/1932 1930/1930/1930
f 1933/1933/1933 1911/1911/1911 1896/1896/1896 1924/1924/1924
f 1865/1865/1865 1928/1928/1928 1815/1815/1815 1886/1886/1886
f 1743/1743/1743 1776/1776/1776 1747/1747/1747 1934/1934/1934
f 1806/1806/1806 1802/1802/1802 1780/1780/1780 1931/1931/1931
f 1831/1831/1831 1838/1838/1838 1837/1837/1837
f 1831/1831/1831 1863/1863/1863 1862/1862/1862 1838/1838/1838
f 1935/1935/1935 1936/1936/1936 1937/1937/1937
f 1938/1938/1938 1939/1939/1939 1940/1940/1940
f 1941/1941/1941 1942/1942/1942 1943/1943/1943
f 1944/1944/1944 1945/1945/1945 1946/1946/1946 1947/1947/1947
f 1945/1945/1945 1949/1949/1949 1948/1948/1948 1946/1946/1946
f 1950/1950/1950 1946/1946/1946 1948/1948/1948 1951/1951/1951
f 1952/1952/1952 1950/1950/1950 1951/1951/1951 1953/1953/1953
f 1952/1952/1952 1953/1953/1953 1954/1954/1954 1955/1955/1955
f 1955/1955/1955 1954/1954/1954 1956/1956/1956 1957/1957/1957
f 1944/1944/1944 1947/1947/1947 1958/1958/1958 1959/1959/1959
f 1944/1944/1944 1959/1959/1959 1960/1960/1960 1961/1961/1961
f 1962/1962/1962 1960/1960/1960 1959/1959/1959 1971/1971/1971
f 1963/1963/1963 1952/1952/1952 1955/1955/1955
f 1963/1963/1963 1955/1955/1955 1957/1957/1957 1964/1964/1964
f 1956/1956/1956 1966/1966/1966 1965/1965/1965 1957/1957/1957
f 1967/1967/1967 1947/1947/1947 1946/1946/1946 1950/1950/1950
f 1952/1952/1952 2033/2033/2033 1967/1967/1967 1950/1950/1950
f 1968/1968/1968 1969/1969/1969 1965/1965/1965 1966/1966/1966
f 1970/1970/1970 1969/1969/1969 1968/1968/1968
f 1971/1971/1971 1959/1959/1959 1958/1958/1958 1972/1972/1972
f 1970/1970/1970 1974/1974/1974 1973/1973/1973 1969/1969/1969
f 1973/1973/1973 1974/1974/1974 1975/1975/1975 1976/1976/1976
f 1969/1969/1969 1973/1973/1973 1977/1977/1977 1978/1978/1978
f 1979/1979/1979 1978/1978/1978 1977/1977/1977 1980/1980/1980
f 1979/1979/1979 1980/1980/1980 1981/1981/1981 1982/1982/1982
f 1981/1981/1981 1980/1980/1980 1983/1983/1983 1984/1984/1984
f 1981/1981/1981 1984/1984/1984 1985/1985/1985 1986/1986/1986
f 1987/1987/1987 1986/1986/1986 1985/1985/1985 1989/1989/1989
f 1988/1988/1988 2014/2014/2014 1986/1986/1986 1987/1987/1987
f 1990/1990/1990 1988/1988/1988 1987/1987/1987 2001/2001/2001
f 1991/1991/1991 1992/1992/1992 1988/1988/1988 1990/1990/1990
f 1991/1991/1991 1994/1994/1994 1993/1993/1993 1992/1992/1992
f 1995/1995/1995 1996/1996/1996 1993/1993/1993 1994/1994/1994
f 1997/1997/1997 1995/1995/1995 1994/1994/1994 1998/1998/1998
f 1989/1989/1989 1985/1985/1985 1999/1999/1999 2000/2000/2000
f 2001/2001/2001 1987/1987/1987 1989/1989/1989 2002/2002/2002
f 1996/1996/1996 2004/2004/2004 2003/2003/2003 1993/1993/1993
f 2004/2004/2004 2006/2006/2006 2005/2005/2005 2003/2003/2003
f 2003/2003/2003 2005/2005/2005 2007/2007/2007 1982/1982/1982
f 2005/2005/2005 2036/2036/2036 2008/2008/2008 2007/2007/2007
f 2009/2009/2009 2036/2036/2036 2005/2005/2005 2006/2006/2006
f 2010/2010/2010 2004/2004/2004 1996/1996/1996 2011/2011/2011
f 2010/2010/2010 2012/2012/2012 2006/2006/2006 2004/2004/2004
f 2013/2013/2013 2056/2056/2056 1995/1995/1995 1997/1997/1997
f 1981/1981/1981 1986/1986/1986 2014/2014/2014 1982/1982/1982
f 2015/2015/2015 1977/1977/1977 1973/1973/1973 1976/1976/1976
f 1980/1980/1980 1977/1977/1977 2015/2015/2015 1983/1983/1983
f 2000/2000/2000 1999/1999/1999 2016/2016/2016 2017/2017/2017
f 2017/2017/2017 2016/2016/2016 2018/2018/2018 2019/2019/2019
f 2020/2020/2020 2021/2021/2021 2017/2017/2017 2019/2019/2019
f 2022/2022/2022 1984/1984/1984 1983/1983/1983 2120/2120/2120
f 2022/2022/2022 1999/1999/1999 1985/1985/1985 1984/1984/1984
f 1976/1976/1976 1975/1975/1975 2023/2023/2023 2060/2060/2060
f 2020/2020/2020 2019/2019/2019 2024/2024/2024 2025/2025/2025
f 2019/2019/2019 2018/2018/2018 2026/2026/2026 2024/2024/2024
f 2025/2025/2025 2024/2024/2024 2027/2027/2027 2028/2028/2028
f 2028/2028/2028 2027/2027/2027 2029/2029/2029 2030/2030/2030
f 2027/2027/2027 2059/2059/2059 2031/2031/2031 2029/2029/2029
f 2009/2009/2009 2006/2006/2006 2032/2032/2032
f 1963/1963/1963 2034/2034/2034 2033/2033/2033 1952/1952/1952
f 2035/2035/2035 1967/1967/1967 2033/2033/2033 2057/2057/2057
f 1963/1963/1963 1964/1964/1964 2036/2036/2036
f 2037/2037/2037 1958/1958/1958 1947/1947/1947 1967/1967/1967
f 2037/2037/2037 2129/2129/2129 1972/1972/1972 1958/1958/1958
f 2037/2037/2037 1967/1967/1967 2035/2035/2035
f 2038/2038/2038 1971/1971/1971 1972/1972/1972 2039/2039/2039
f 2038/2038/2038 2039/2039/2039 2040/2040/2040 2041/2041/2041
f 2042/2042/2042 2041/2041/2041 2040/2040/2040 2043/2043/2043
f 2042/2042/2042 2045/2045/2045 2044/2044/2044 2041/2041/2041
f 2046/2046/2046 2047/2047/2047 2026/2026/2026 2018/2018/2018
f 2046/2046/2046 2048/2048/2048 2047/2047/2047
f 2026/2026/2026 2047/2047/2047 2048/2048/2048 2049/2049/2049
f 2046/2046/2046 2018/2018/2018 2050/2050/2050
f 2051/2051/2051 1962/1962/1962 1971/1971/1971 2038/2038/2038
f 1963/1963/1963 2052/2052/2052 2034/2034/2034
f 1989/1989/1989 2000/2000/2000 2053/2053/2053 2002/2002/2002
f 2053/2053/2053 2000/2000/2000 2017/2017/2017 2021/2021/2021
f 2010/2010/2010 2011/2011/2011 2054/2054/2054 2055/2055/2055
f 2039/2039/2039 2055/2055/2055 2054/2054/2054 2040/2040/2040
f 2043/2043/2043 2040/2040/2040 2054/2054/2054 2128/2128/2128
f 2056/2056/2056 2011/2011/2011 1996/1996/1996 1995/1995/1995
f 2057/2057/2057 2032/2032/2032 2006/2006/2006 2012/2012/2012
f 2009/2009/2009 2032/2032/2032 2057/2057/2057
f 2046/2046/2046 2050/2050/2050 2058/2058/2058 2048/2048/2048
f 2024/2024/2024 2026/2026/2026 2059/2059/2059 2027/2027/2027
f 2059/2059/2059 2026/2026/2026 2049/2049/2049 2130/2130/2130
f 2015/2015/2015 1976/1976/1976 2060/2060/2060 2061/2061/2061
f 2060/2060/2060 2063/2063/2063 2062/2062/2062 2061/2061/2061
f 2062/2062/2062 2063/2063/2063 2064/2064/2064 2065/2065/2065
f 2065/2065/2065 2064/2064/2064 2066/2066/2066 2125/2125/2125
f 2067/2067/2067 2064/2064/2064 2063/2063/2063 2079/2079/2079
f 2067/2067/2067 2066/2066/2066 2064/2064/2064
f 2067/2067/2067 2069/2069/2069 2068/2068/2068 2066/2066/2066
f 2066/2066/2066 2068/2068/2068 2070/2070/2070 2071/2071/2071
f 2072/2072/2072 2073/2073/2073 2071/2071/2071 2070/2070/2070
f 2074/2074/2074 2075/2075/2075 2071/2071/2071 2073/2073/2073
f 2069/2069/2069 2077/2077/2077 2076/2076/2076 2068/2068/2068
f 2076/2076/2076 2078/2078/2078 2070/2070/2070 2068/2068/2068
f 2060/2060/2060 2023/2023/2023 2079/2079/2079 2063/2063/2063
f 2076/2076/2076 2081/2081/2081 2080/2080/2080 2078/2078/2078
f 2080/2080/2080 2081/2081/2081 2082/2082/2082 2083/2083/2083
f 2084/2084/2084 2082/2082/2082 2081/2081/2081 2126/2126/2126
f 2082/2082/2082 2086/2086/2086 2085/2085/2085 2083/2083/2083
f 2084/2084/2084 2086/2086/2086 2082/2082/2082
f 2086/2086/2086 2088/2088/2088 2087/2087/2087 2085/2085/2085
f 2089/2089/2089 2088/2088/2088 2086/2086/2086 2117/2117/2117
f 2088/2088/2088 2091/2091/2091 2090/2090/2090 2087/2087/2087
f 2089/2089/2089 2091/2091/2091 2088/2088/2088
f 2092/2092/2092 2093/2093/2093 2090/2090/2090 2091/2091/2091
f 2092/2092/2092 2091/2091/2091 2094/2094/2094 2095/2095/2095
f 2096/2096/2096 2097/2097/2097 2095/2095/2095 2094/2094/2094
f 2096/2096/2096 2099/2099/2099 2098/2098/2098 2097/2097/2097
f 2100/2100/2100 2101/2101/2101 2098/2098/2098 2099/2099/2099
f 2098/2098/2098 2103/2103/2103 2102/2102/2102 2097/2097/2097
f 2103/2103/2103 2105/2105/2105 2104/2104/2104 2102/2102/2102
f 2106/2106/2106 2107/2107/2107 2101/2101/2101 2100/2100/2100
f 2108/2108/2108 2103/2103/2103 2098/2098/2098 2101/2101/2101
f 2108/2108/2108 2105/2105/2105 2103/2103/2103
f 2106/2106/2106 2100/2100/2100 2109/2109/2109
f 2110/2110/2110 2106/2106/2106 2109/2109/2109 2111/2111/2111
f 2112/2112/2112 2110/2110/2110 2111/2111/2111 2113/2113/2113
f 2092/2092/2092 2095/2095/2095 2114/2114/2114 2115/2115/2115
f 2097/2097/2097 2102/2102/2102 2114/2114/2114 2095/2095/2095
f 2104/2104/2104 2116/2116/2116 2114/2114/2114 2102/2102/2102
f 2084/2084/2084 2118/2118/2118 2117/2117/2117 2086/2086/2086
f 2119/2119/2119 2128/2128/2128 2056/2056/2056 2013/2013/2013
f 2015/2015/2015 2061/2061/2061 2120/2120/2120 1983/1983/1983
f 2120/2120/2120 2061/2061/2061 2062/2062/2062 2121/2121/2121
f 2092/2092/2092 2115/2115/2115 2122/2122/2122 2093/2093/2093
f 2115/2115/2115 2124/2124/2124 2123/2123/2123 2122/2122/2122
f 2114/2114/2114 2116/2116/2116 2124/2124/2124 2115/2115/2115
f 2125/2125/2125 2075/2075/2075 2049/2049/2049 2048/2048/2048
f 2058/2058/2058 2065/2065/2065 2125/2125/2125 2048/2048/2048
f 2125/2125/2125 2066/2066/2066 2071/2071/2071 2075/2075/2075
f 2126/2126/2126 2081/2081/2081 2076/2076/2076 2077/2077/2077
f 2084/2084/2084 2126/2126/2126 2118/2118/2118
f 2127/2127/2127 2016/2016/2016 1999/1999/1999 2022/2022/2022
f 2127/2127/2127 2050/2050/2050 2018/2018/2018 2016/2016/2016
f 2127/2127/2127 2121/2121/2121 2058/2058/2058 2050/2050/2050
f 2127/2127/2127 2022/2022/2022 2120/2120/2120 2121/2121/2121
f 2128/2128/2128 2054/2054/2054 2011/2011/2011 2056/2056/2056
f 2010/2010/2010 2055/2055/2055 2129/2129/2129 2012/2012/2012
f 2039/2039/2039 1972/1972/1972 2129/2129/2129 2055/2055/2055
f 2031/2031/2031 2059/2059/2059 2130/2130/2130 2131/2131/2131
f 2130/2130/2130 2049/2049/2049 2075/2075/2075 2074/2074/2074
f 2132/2132/2132 1964/1964/1964 1957/1957/1957 1965/1965/1965
f 2132/2132/2132 1965/1965/1965 1969/1969/1969 1978/1978/1978
f 1979/1979/1979 2008/2008/2008 2132/2132/2132 1978/1978/1978
f 2036/2036/2036 1964/1964/1964 2132/2132/2132 2008/2008/2008
f 2057/2057/2057 2012/2012/2012 2133/2133/2133
f 2035/2035/2035 2057/2057/2057 2133/2133/2133
f 1988/1988/1988 1992/1992/1992 1982/1982/1982 2014/2014/2014
f 1993/1993/1993 2003/2003/2003 1982/1982/1982 1992/1992/1992
f 2037/2037/2037 2012/2012/2012 2129/2129/2129
f 2058/2058/2058 2121/2121/2121 2062/2062/2062 2065/2065/2065
f 2134/2134/2134 2135/2135/2135 2136/2136/2136
f 2134/2134/2134 2136/2136/2136 2137/2137/2137
f 2136/2136/2136 2139/2139/2139 2138/2138/2138 2137/2137/2137
f 2136/2136/2136 2140/2140/2140 2139/2139/2139
f 2141/2141/2141 2158/2158/2158 2142/2142/2142 2143/2143/2143
f 2144/2144/2144 2143/2143/2143 2142/2142/2142 2147/2147/2147
f 2144/2144/2144 2147/2147/2147 2145/2145/2145 2146/2146/2146
f 2148/2148/2148 2146/2146/2146 2145/2145/2145 2149/2149/2149
f 2148/2148/2148 2149/2149/2149 2150/2150/2150 2151/2151/2151
f 2152/2152/2152 2151/2151/2151 2150/2150/2150 2155/2155/2155
f 2152/2152/2152 2155/2155/2155 2153/2153/2153 2154/2154/2154
f 2154/2154/2154 2153/2153/2153 2156/2156/2156 2157/2157/2157
f 2159/2159/2159 2160/2160/2160 2161/2161/2161 2162/2162/2162
f 2162/2162/2162 2161/2161/2161 2163/2163/2163 2164/2164/2164
f 2165/2165/2165 2164/2164/2164 2163/2163/2163 2171/2171/2171
f 2162/2162/2162 2164/2164/2164 2166/2166/2166 2168/2168/2168
f 2167/2167/2167 2166/2166/2166 2164/2164/2164 2165/2165/2165
f 2169/2169/2169 2168/2168/2168 2166/2166/2166 2177/2177/2177
f 2159/2159/2159 2162/2162/2162 2168/2168/2168 2170/2170/2170
f 2165/2165/2165 2171/2171/2171 2172/2172/2172 2173/2173/2173
f 2174/2174/2174 2184/2184/2184 2173/2173/2173 2172/2172/2172
f 2167/2167/2167 2165/2165/2165 2173/2173/2173 2175/2175/2175
f 2176/2176/2176 2175/2175/2175 2173/2173/2173 2184/2184/2184
f 2167/2167/2167 2175/2175/2175 2177/2177/2177 2166/2166/2166
f 2178/2178/2178 2181/2181/2181 2179/2179/2179 2180/2180/2180
f 2178/2178/2178 2180/2180/2180 2182/2182/2182 2183/2183/2183
f 2176/2176/2176 2184/2184/2184 2179/2179/2179 2181/2181/2181
f 2185/2185/2185 2186/2186/2186 2187/2187/2187 2188/2188/2188
f 2188/2188/2188 2187/2187/2187 2189/2189/2189 2190/2190/2190
f 2191/2191/2191 2188/2188/2188 2190/2190/2190 2192/2192/2192
f 2193/2193/2193 2185/2185/2185 2188/2188/2188 2191/2191/2191
f 2186/2186/2186 2195/2195/2195 2194/2194/2194 2187/2187/2187
f 2189/2189/2189 2197/2197/2197 2196/2196/2196 2190/2190/2190
f 2192/2192/2192 2190/2190/2190 2196/2196/2196 2198/2198/2198
f 2199/2199/2199 2200/2200/2200 2194/2194/2194 2195/2195/2195
f 2199/2199/2199 2202/2202/2202 2201/2201/2201 2200/2200/2200
f 2201/2201/2201 2204/2204/2204 2203/2203/2203 2200/2200/2200
f 2205/2205/2205 2203/2203/2203 2204/2204/2204 2206/2206/2206
f 2205/2205/2205 2206/2206/2206 2207/2207/2207 2208/2208/2208
f 2209/2209/2209 2208/2208/2208 2207/2207/2207
f 2209/2209/2209 2211/2211/2211 2210/2210/2210 2208/2208/2208
f 2210/2210/2210 2213/2213/2213 2212/2212/2212 2208/2208/2208
f 2214/2214/2214 2213/2213/2213 2210/2210/2210 2215/2215/2215
f 2216/2216/2216 2209/2209/2209 2207/2207/2207
f 2217/2217/2217 2212/2212/2212 2213/2213/2213 2218/2218/2218
f 2209/2209/2209 2219/2219/2219 2211/2211/2211
f 2214/2214/2214 2215/2215/2215 2220/2220/2220 2221/2221/2221
f 2222/2222/2222 2218/2218/2218 2213/2213/2213 2214/2214/2214
f 2222/2222/2222 2214/2214/2214 2221/2221/2221 2223/2223/2223
f 2221/2221/2221 2220/2220/2220 2224/2224/2224 2653/2653/2653
f 2209/2209/2209 2226/2226/2226 2225/2225/2225 2219/2219/2219
f 2219/2219/2219 2225/2225/2225 2227/2227/2227 2228/2228/2228
f 2227/2227/2227 2230/2230/2230 2229/2229/2229 2228/2228/2228
f 2219/2219/2219 2228/2228/2228 2231/2231/2231 2232/2232/2232
f 2232/2232/2232 2231/2231/2231 2233/2233/2233 2234/2234/2234
f 2235/2235/2235 2232/2232/2232 2234/2234/2234 2236/2236/2236
f 2231/2231/2231 2276/2276/2276 2237/2237/2237 2233/2233/2233
f 2238/2238/2238 2233/2233/2233 2237/2237/2237 2239/2239/2239
f 2237/2237/2237 2241/2241/2241 2240/2240/2240 2239/2239/2239
f 2238/2238/2238 2239/2239/2239 2242/2242/2242 2243/2243/2243
f 2242/2242/2242 2239/2239/2239 2240/2240/2240 2244/2244/2244
f 2243/2243/2243 2242/2242/2242 2245/2245/2245 2246/2246/2246
f 2247/2247/2247 2243/2243/2243 2246/2246/2246 2248/2248/2248
f 2242/2242/2242 2244/2244/2244 2249/2249/2249 2245/2245/2245
f 2250/2250/2250 2247/2247/2247 2248/2248/2248 2251/2251/2251
f 2252/2252/2252 2251/2251/2251 2248/2248/2248 2253/2253/2253
f 2240/2240/2240 2266/2266/2266 2254/2254/2254 2244/2244/2244
f 2249/2249/2249 2244/2244/2244 2254/2254/2254 2255/2255/2255
f 2249/2249/2249 2255/2255/2255 2256/2256/2256 2259/2259/2259
f 2248/2248/2248 2246/2246/2246 2257/2257/2257 2253/2253/2253
f 2255/2255/2255 2271/2271/2271 2258/2258/2258 2256/2256/2256
f 2245/2245/2245 2249/2249/2249 2259/2259/2259 2683/2683/2683
f 2252/2252/2252 2253/2253/2253 2260/2260/2260 2261/2261/2261
f 2262/2262/2262 2234/2234/2234 2233/2233/2233 2238/2238/2238
f 2236/2236/2236 2234/2234/2234 2262/2262/2262 2488/2488/2488
f 2262/2262/2262 2238/2238/2238 2243/2243/2243 2247/2247/2247
f 2263/2263/2263 2264/2264/2264 2250/2250/2250 2251/2251/2251
f 2263/2263/2263 2251/2251/2251 2252/2252/2252 2265/2265/2265
f 2241/2241/2241 2267/2267/2267 2266/2266/2266 2240/2240/2240
f 2241/2241/2241 2269/2269/2269 2268/2268/2268 2267/2267/2267
f 2266/2266/2266 2272/2272/2272 2270/2270/2270 2254/2254/2254
f 2254/2254/2254 2270/2270/2270 2271/2271/2271 2255/2255/2255
f 2267/2267/2267 2273/2273/2273 2272/2272/2272 2266/2266/2266
f 2272/2272/2272 2334/2334/2334 2274/2274/2274 2270/2270/2270
f 2267/2267/2267 2268/2268/2268 2275/2275/2275 2273/2273/2273
f 2228/2228/2228 2229/2229/2229 2276/2276/2276 2231/2231/2231
f 2276/2276/2276 2269/2269/2269 2241/2241/2241 2237/2237/2237
f 2260/2260/2260 2278/2278/2278 2277/2277/2277 2261/2261/2261
f 2260/2260/2260 2682/2682/2682 2279/2279/2279 2278/2278/2278
f 2270/2270/2270 2274/2274/2274 2280/2280/2280 2271/2271/2271
f 2274/2274/2274 2282/2282/2282 2281/2281/2281 2280/2280/2280
f 2227/2227/2227 2369/2369/2369 2283/2283/2283 2230/2230/2230
f 2230/2230/2230 2285/2285/2285 2284/2284/2284 2229/2229/2229
f 2284/2284/2284 2331/2331/2331 2268/2268/2268 2269/2269/2269
f 2284/2284/2284 2285/2285/2285 2286/2286/2286 2331/2331/2331
f 2273/2273/2273 2275/2275/2275 2287/2287/2287 2288/2288/2288
f 2287/2287/2287 2290/2290/2290 2289/2289/2289 2288/2288/2288
f 2290/2290/2290 2292/2292/2292 2291/2291/2291 2289/2289/2289
f 2291/2291/2291 2292/2292/2292 2293/2293/2293 2294/2294/2294
f 2295/2295/2295 2289/2289/2289 2291/2291/2291 2296/2296/2296
f 2295/2295/2295 2296/2296/2296 2297/2297/2297 2282/2282/2282
f 2296/2296/2296 2472/2472/2472 2298/2298/2298 2297/2297/2297
f 2297/2297/2297 2298/2298/2298 2299/2299/2299 2380/2380/2380
f 2294/2294/2294 2293/2293/2293 2300/2300/2300 2301/2301/2301
f 2294/2294/2294 2301/2301/2301 2302/2302/2302 2472/2472/2472
f 2230/2230/2230 2283/2283/2283 2303/2303/2303 2285/2285/2285
f 2303/2303/2303 2304/2304/2304 2286/2286/2286 2285/2285/2285
f 2305/2305/2305 2256/2256/2256 2258/2258/2258 2306/2306/2306
f 2259/2259/2259 2256/2256/2256 2305/2305/2305 2307/2307/2307
f 2308/2308/2308 2307/2307/2307 2305/2305/2305 2309/2309/2309
f 2308/2308/2308 2309/2309/2309 2310/2310/2310 2311/2311/2311
f 2308/2308/2308 2311/2311/2311 2312/2312/2312 2313/2313/2313
f 2311/2311/2311 2315/2315/2315 2314/2314/2314 2312/2312/2312
f 2309/2309/2309 2370/2370/2370 2316/2316/2316 2310/2310/2310
f 2311/2311/2311 2310/2310/2310 2317/2317/2317 2315/2315/2315
f 2314/2314/2314 2315/2315/2315 2318/2318/2318 2319/2319/2319
f 2319/2319/2319 2318/2318/2318 2320/2320/2320 2321/2321/2321
f 2321/2321/2321 2320/2320/2320 2322/2322/2322 2323/2323/2323
f 2320/2320/2320 2325/2325/2325 2324/2324/2324 2322/2322/2322
f 2322/2322/2322 2324/2324/2324 2326/2326/2326 2327/2327/2327
f 2324/2324/2324 2329/2329/2329 2328/2328/2328 2326/2326/2326
f 2325/2325/2325 2330/2330/2330 2329/2329/2329 2324/2324/2324
f 2331/2331/2331 2332/2332/2332 2275/2275/2275 2268/2268/2268
f 2275/2275/2275 2332/2332/2332 2333/2333/2333 2287/2287/2287
f 2333/2333/2333 2425/2425/2425 2290/2290/2290 2287/2287/2287
f 2273/2273/2273 2288/2288/2288 2334/2334/2334 2272/2272/2272
f 2334/2334/2334 2295/2295/2295 2282/2282/2282 2274/2274/2274
f 2334/2334/2334 2288/2288/2288 2289/2289/2289 2295/2295/2295
f 2226/2226/2226 2336/2336/2336 2335/2335/2335 2225/2225/2225
f 2337/2337/2337 2338/2338/2338 2335/2335/2335 2336/2336/2336
f 2277/2277/2277 2278/2278/2278 2339/2339/2339 2340/2340/2340
f 2340/2340/2340 2339/2339/2339 2341/2341/2341 2342/2342/2342
f 2343/2343/2343 2340/2340/2340 2342/2342/2342 2344/2344/2344
f 2342/2342/2342 2346/2346/2346 2345/2345/2345 2344/2344/2344
f 2347/2347/2347 2348/2348/2348 2345/2345/2345 2346/2346/2346
f 2349/2349/2349 2344/2344/2344 2345/2345/2345 2575/2575/2575
f 2347/2347/2347 2351/2351/2351 2350/2350/2350 2348/2348/2348
f 2347/2347/2347 2353/2353/2353 2352/2352/2352 2351/2351/2351
f 2354/2354/2354 2350/2350/2350 2351/2351/2351 2355/2355/2355
f 2354/2354/2354 2355/2355/2355 2356/2356/2356 2357/2357/2357
f 2358/2358/2358 2359/2359/2359 2352/2352/2352 2353/2353/2353
f 2204/2204/2204 2374/2374/2374 2360/2360/2360 2206/2206/2206
f 2361/2361/2361 2206/2206/2206 2360/2360/2360 2338/2338/2338
f 2362/2362/2362 2686/2686/2686 2261/2261/2261 2277/2277/2277
f 2362/2362/2362 2277/2277/2277 2340/2340/2340 2343/2343/2343
f 2300/2300/2300 2364/2364/2364 2363/2363/2363 2301/2301/2301
f 2302/2302/2302 2301/2301/2301 2363/2363/2363 2365/2365/2365
f 2217/2217/2217 2218/2218/2218 2366/2366/2366 2624/2624/2624
f 2348/2348/2348 2350/2350/2350 2367/2367/2367 2368/2368/2368
f 2367/2367/2367 2350/2350/2350 2354/2354/2354 2376/2376/2376
f 2225/2225/2225 2335/2335/2335 2369/2369/2369 2227/2227/2227
f 2305/2305/2305 2306/2306/2306 2370/2370/2370 2309/2309/2309
f 2314/2314/2314 2319/2319/2319 2371/2371/2371 2372/2372/2372
f 2371/2371/2371 2319/2319/2319 2321/2321/2321
f 2308/2308/2308 2313/2313/2313 2373/2373/2373 2307/2307/2307
f 2201/2201/2201 2375/2375/2375 2374/2374/2374 2204/2204/2204
f 2376/2376/2376 2354/2354/2354 2357/2357/2357 2377/2377/2377
f 2298/2298/2298 2379/2379/2379 2378/2378/2378 2299/2299/2299
f 2282/2282/2282 2297/2297/2297 2380/2380/2380 2281/2281/2281
f 2292/2292/2292 2382/2382/2382 2381/2381/2381 2293/2293/2293
f 2331/2331/2331 2286/2286/2286 2383/2383/2383 2332/2332/2332
f 2383/2383/2383 2384/2384/2384 2333/2333/2333 2332/2332/2332
f 2385/2385/2385 2386/2386/2386 2381/2381/2381 2382/2382/2382
f 2387/2387/2387 2385/2385/2385 2382/2382/2382 2425/2425/2425
f 2388/2388/2388 2389/2389/2389 2386/2386/2386 2385/2385/2385
f 2322/2322/2322 2327/2327/2327 2390/2390/2390 2323/2323/2323
f 2391/2391/2391 2392/2392/2392 2389/2389/2389 2388/2388/2388
f 2393/2393/2393 2391/2391/2391 2388/2388/2388 2394/2394/2394
f 2394/2394/2394 2388/2388/2388 2385/2385/2385 2387/2387/2387
f 2395/2395/2395 2355/2355/2355 2351/2351/2351 2352/2352/2352
f 2395/2395/2395 2396/2396/2396 2356/2356/2356 2355/2355/2355
f 2359/2359/2359 2579/2579/2579 2395/2395/2395 2352/2352/2352
f 2187/2187/2187 2194/2194/2194 2397/2397/2397 2189/2189/2189
f 2397/2397/2397 2194/2194/2194 2200/2200/2200 2203/2203/2203
f 2397/2397/2397 2203/2203/2203 2205/2205/2205 2649/2649/2649
f 2271/2271/2271 2280/2280/2280 2398/2398/2398 2258/2258/2258
f 2398/2398/2398 2280/2280/2280 2281/2281/2281 2480/2480/2480
f 2306/2306/2306 2258/2258/2258 2398/2398/2398 2399/2399/2399
f 2398/2398/2398 2480/2480/2480 2400/2400/2400 2399/2399/2399
f 2399/2399/2399 2400/2400/2400 2401/2401/2401 2656/2656/2656
f 2400/2400/2400 2403/2403/2403 2402/2402/2402 2401/2401/2401
f 2403/2403/2403 2405/2405/2405 2404/2404/2404 2402/2402/2402
f 2405/2405/2405 2407/2407/2407 2406/2406/2406 2404/2404/2404
f 2407/2407/2407 2409/2409/2409 2408/2408/2408 2406/2406/2406
f 2402/2402/2402 2404/2404/2404 2410/2410/2410 2411/2411/2411
f 2411/2411/2411 2410/2410/2410 2412/2412/2412 2413/2413/2413
f 2404/2404/2404 2406/2406/2406 2414/2414/2414 2410/2410/2410
f 2407/2407/2407 2475/2475/2475 2415/2415/2415 2409/2409/2409
f 2413/2413/2413 2412/2412/2412 2416/2416/2416 2417/2417/2417
f 2412/2412/2412 2577/2577/2577 2418/2418/2418 2416/2416/2416
f 2413/2413/2413 2417/2417/2417 2419/2419/2419 2420/2420/2420
f 2421/2421/2421 2423/2423/2423 2420/2420/2420 2419/2419/2419
f 2422/2422/2422 2419/2419/2419 2417/2417/2417 2426/2426/2426
f 2423/2423/2423 2401/2401/2401 2402/2402/2402 2411/2411/2411
f 2423/2423/2423 2411/2411/2411 2413/2413/2413 2420/2420/2420
f 2424/2424/2424 2485/2485/2485 2405/2405/2405 2403/2403/2403
f 2425/2425/2425 2382/2382/2382 2292/2292/2292 2290/2290/2290
f 2384/2384/2384 2387/2387/2387 2425/2425/2425 2333/2333/2333
f 2416/2416/2416 2427/2427/2427 2426/2426/2426 2417/2417/2417
f 2383/2383/2383 2434/2434/2434 2428/2428/2428 2384/2384/2384
f 2428/2428/2428 2394/2394/2394 2387/2387/2387 2384/2384/2384
f 2429/2429/2429 2430/2430/2430 2392/2392/2392 2391/2391/2391
f 2389/2389/2389 2474/2474/2474 2431/2431/2431 2386/2386/2386
f 2199/2199/2199 2433/2433/2433 2432/2432/2432 2202/2202/2202
f 2286/2286/2286 2304/2304/2304 2434/2434/2434 2383/2383/2383
f 2435/2435/2435 2429/2429/2429 2391/2391/2391 2393/2393/2393
f 2436/2436/2436 2435/2435/2435 2393/2393/2393 2650/2650/2650
f 2437/2437/2437 2479/2479/2479 2429/2429/2429 2435/2435/2435
f 2436/2436/2436 2438/2438/2438 2437/2437/2437 2435/2435/2435
f 2439/2439/2439 2440/2440/2440 2437/2437/2437 2438/2438/2438
f 2441/2441/2441 2442/2442/2442 2440/2440/2440 2439/2439/2439
f 2443/2443/2443 2439/2439/2439 2438/2438/2438 2444/2444/2444
f 2445/2445/2445 2443/2443/2443 2444/2444/2444 2446/2446/2446
f 2447/2447/2447 2455/2455/2455 2443/2443/2443 2445/2445/2445
f 2448/2448/2448 2447/2447/2447 2445/2445/2445 2456/2456/2456
f 2449/2449/2449 2444/2444/2444 2438/2438/2438 2436/2436/2436
f 2446/2446/2446 2444/2444/2444 2449/2449/2449 2450/2450/2450
f 2448/2448/2448 2452/2452/2452 2451/2451/2451 2447/2447/2447
f 2442/2442/2442 2454/2454/2454 2453/2453/2453 2440/2440/2440
f 2455/2455/2455 2441/2441/2441 2439/2439/2439 2443/2443/2443
f 2451/2451/2451 2685/2685/2685 2455/2455/2455 2447/2447/2447
f 2456/2456/2456 2445/2445/2445 2446/2446/2446 2481/2481/2481
f 2457/2457/2457 2452/2452/2452 2448/2448/2448 2558/2558/2558
f 2453/2453/2453 2454/2454/2454 2458/2458/2458 2459/2459/2459
f 2453/2453/2453 2459/2459/2459 2460/2460/2460 2479/2479/2479
f 2459/2459/2459 2462/2462/2462 2461/2461/2461 2460/2460/2460
f 2462/2462/2462 2464/2464/2464 2463/2463/2463 2461/2461/2461
f 2461/2461/2461 2463/2463/2463 2465/2465/2465 2466/2466/2466
f 2460/2460/2460 2461/2461/2461 2466/2466/2466 2430/2430/2430
f 2467/2467/2467 2468/2468/2468 2454/2454/2454 2442/2442/2442
f 2467/2467/2467 2470/2470/2470 2469/2469/2469 2468/2468/2468
f 2471/2471/2471 2467/2467/2467 2442/2442/2442 2441/2441/2441
f 2291/2291/2291 2294/2294/2294 2472/2472/2472 2296/2296/2296
f 2472/2472/2472 2302/2302/2302 2379/2379/2379 2298/2298/2298
f 2473/2473/2473 2673/2673/2673 2304/2304/2304 2303/2303/2303
f 2392/2392/2392 2476/2476/2476 2474/2474/2474 2389/2389/2389
f 2299/2299/2299 2378/2378/2378 2475/2475/2475 2485/2485/2485
f 2430/2430/2430 2466/2466/2466 2476/2476/2476 2392/2392/2392
f 2379/2379/2379 2557/2557/2557 2477/2477/2477 2378/2378/2378
f 2342/2342/2342 2341/2341/2341 2478/2478/2478 2346/2346/2346
f 2347/2347/2347 2346/2346/2346 2478/2478/2478 2353/2353/2353
f 2478/2478/2478 2358/2358/2358 2353/2353/2353
f 2479/2479/2479 2460/2460/2460 2430/2430/2430 2429/2429/2429
f 2440/2440/2440 2453/2453/2453 2479/2479/2479 2437/2437/2437
f 2480/2480/2480 2281/2281/2281 2380/2380/2380 2424/2424/2424
f 2480/2480/2480 2424/2424/2424 2403/2403/2403 2400/2400/2400
f 2481/2481/2481 2446/2446/2446 2450/2450/2450 2482/2482/2482
f 2483/2483/2483 2215/2215/2215 2210/2210/2210 2211/2211/2211
f 2483/2483/2483 2211/2211/2211 2219/2219/2219 2232/2232/2232
f 2483/2483/2483 2220/2220/2220 2215/2215/2215
f 2483/2483/2483 2232/2232/2232 2235/2235/2235
f 2483/2483/2483 2235/2235/2235 2236/2236/2236 2220/2220/2220
f 2406/2406/2406 2408/2408/2408 2484/2484/2484 2414/2414/2414
f 2380/2380/2380 2299/2299/2299 2485/2485/2485 2424/2424/2424
f 2485/2485/2485 2475/2475/2475 2407/2407/2407 2405/2405/2405
f 2486/2486/2486 2487/2487/2487 2481/2481/2481 2482/2482/2482
f 2220/2220/2220 2236/2236/2236 2488/2488/2488 2224/2224/2224
f 2488/2488/2488 2262/2262/2262 2247/2247/2247 2250/2250/2250
f 2489/2489/2489 2339/2339/2339 2278/2278/2278 2279/2279/2279
f 2489/2489/2489 2279/2279/2279 2313/2313/2313 2312/2312/2312
f 2489/2489/2489 2312/2312/2312 2314/2314/2314 2372/2372/2372
f 2489/2489/2489 2341/2341/2341 2339/2339/2339
f 2474/2474/2474 2491/2491/2491 2490/2490/2490 2431/2431/2431
f 2492/2492/2492 2493/2493/2493 2192/2192/2192 2198/2198/2198
f 2494/2494/2494 2493/2493/2493 2492/2492/2492 2495/2495/2495
f 2496/2496/2496 2495/2495/2495 2492/2492/2492 2497/2497/2497
f 2498/2498/2498 2495/2495/2495 2496/2496/2496 2499/2499/2499
f 2500/2500/2500 2498/2498/2498 2499/2499/2499 2501/2501/2501
f 2501/2501/2501 2499/2499/2499 2502/2502/2502 2503/2503/2503
f 2499/2499/2499 2496/2496/2496 2504/2504/2504 2502/2502/2502
f 2505/2505/2505 2506/2506/2506 2500/2500/2500 2501/2501/2501
f 2505/2505/2505 2501/2501/2501 2503/2503/2503 2507/2507/2507
f 2508/2508/2508 2507/2507/2507 2503/2503/2503 2509/2509/2509
f 2508/2508/2508 2509/2509/2509 2510/2510/2510 2511/2511/2511
f 2511/2511/2511 2510/2510/2510 2512/2512/2512 2513/2513/2513
f 2513/2513/2513 2512/2512/2512 2514/2514/2514 2515/2515/2515
f 2515/2515/2515 2514/2514/2514 2516/2516/2516 2517/2517/2517
f 2514/2514/2514 2544/2544/2544 2518/2518/2518 2516/2516/2516
f 2518/2518/2518 2520/2520/2520 2519/2519/2519 2516/2516/2516
f 2519/2519/2519 2520/2520/2520 2521/2521/2521 2522/2522/2522
f 2522/2522/2522 2521/2521/2521 2523/2523/2523 2524/2524/2524
f 2521/2521/2521 2529/2529/2529 2525/2525/2525 2523/2523/2523
f 2526/2526/2526 2530/2530/2530 2523/2523/2523 2525/2525/2525
f 2527/2527/2527 2526/2526/2526 2525/2525/2525 2528/2528/2528
f 2520/2520/2520 2539/2539/2539 2529/2529/2529 2521/2521/2521
f 2524/2524/2524 2523/2523/2523 2530/2530/2530 2531/2531/2531
f 2527/2527/2527 2532/2532/2532 2526/2526/2526
f 2527/2527/2527 2534/2534/2534 2533/2533/2533 2532/2532/2532
f 2534/2534/2534 2535/2535/2535 2533/2533/2533
f 2532/2532/2532 2533/2533/2533 2536/2536/2536 2537/2537/2537
f 2535/2535/2535 2538/2538/2538 2536/2536/2536 2533/2533/2533
f 2518/2518/2518 2540/2540/2540 2539/2539/2539 2520/2520/2520
f 2541/2541/2541 2517/2517/2517 2516/2516/2516 2519/2519/2519
f 2541/2541/2541 2519/2519/2519 2522/2522/2522 2542/2542/2542
f 2527/2527/2527 2528/2528/2528 2543/2543/2543 2534/2534/2534
f 2512/2512/2512 2545/2545/2545 2544/2544/2544 2514/2514/2514
f 2510/2510/2510 2546/2546/2546 2545/2545/2545 2512/2512/2512
f 2509/2509/2509 2550/2550/2550 2546/2546/2546 2510/2510/2510
f 2547/2547/2547 2548/2548/2548 2500/2500/2500 2506/2506/2506
f 2549/2549/2549 2684/2684/2684 2548/2548/2548 2547/2547/2547
f 2503/2503/2503 2502/2502/2502 2550/2550/2550 2509/2509/2509
f 2551/2551/2551 2494/2494/2494 2495/2495/2495 2498/2498/2498
f 2551/2551/2551 2498/2498/2498 2500/2500/2500 2548/2548/2548
f 2492/2492/2492 2198/2198/2198 2552/2552/2552 2497/2497/2497
f 2553/2553/2553 2456/2456/2456 2481/2481/2481 2487/2487/2487
f 2496/2496/2496 2497/2497/2497 2554/2554/2554 2504/2504/2504
f 2293/2293/2293 2381/2381/2381 2555/2555/2555 2300/2300/2300
f 2555/2555/2555 2556/2556/2556 2364/2364/2364 2300/2300/2300
f 2386/2386/2386 2431/2431/2431 2555/2555/2555 2381/2381/2381
f 2490/2490/2490 2556/2556/2556 2555/2555/2555 2431/2431/2431
f 2302/2302/2302 2365/2365/2365 2557/2557/2557 2379/2379/2379
f 2558/2558/2558 2448/2448/2448 2456/2456/2456 2553/2553/2553
f 2559/2559/2559 2473/2473/2473 2303/2303/2303 2283/2283/2283
f 2559/2559/2559 2283/2283/2283 2369/2369/2369 2584/2584/2584
f 2559/2559/2559 2486/2486/2486 2482/2482/2482 2473/2473/2473
f 2540/2540/2540 2561/2561/2561 2560/2560/2560 2539/2539/2539
f 2562/2562/2562 2560/2560/2560 2561/2561/2561
f 2562/2562/2562 2564/2564/2564 2563/2563/2563 2560/2560/2560
f 2564/2564/2564 2566/2566/2566 2565/2565/2565 2563/2563/2563
f 2566/2566/2566 2568/2568/2568 2567/2567/2567 2565/2565/2565
f 2566/2566/2566 2570/2570/2570 2569/2569/2569 2568/2568/2568
f 2564/2564/2564 2572/2572/2572 2570/2570/2570 2566/2566/2566
f 2562/2562/2562 2561/2561/2561 2571/2571/2571 2572/2572/2572
f 2562/2562/2562 2572/2572/2572 2564/2564/2564
f 2573/2573/2573 2553/2553/2553 2487/2487/2487 2640/2640/2640
f 2546/2546/2546 2634/2634/2634 2574/2574/2574 2545/2545/2545
f 2575/2575/2575 2345/2345/2345 2348/2348/2348 2368/2368/2368
f 2576/2576/2576 2368/2368/2368 2367/2367/2367 2692/2692/2692
f 2410/2410/2410 2414/2414/2414 2577/2577/2577 2412/2412/2412
f 2484/2484/2484 2578/2578/2578 2577/2577/2577 2414/2414/2414
f 2579/2579/2579 2323/2323/2323 2390/2390/2390 2703/2703/2703
f 2484/2484/2484 2581/2581/2581 2580/2580/2580 2578/2578/2578
f 2578/2578/2578 2580/2580/2580 2582/2582/2582 2583/2583/2583
f 2577/2577/2577 2578/2578/2578 2583/2583/2583 2418/2418/2418
f 2584/2584/2584 2369/2369/2369 2335/2335/2335 2338/2338/2338
f 2585/2585/2585 2377/2377/2377 2357/2357/2357 2586/2586/2586
f 2587/2587/2587 2376/2376/2376 2377/2377/2377 2588/2588/2588
f 2587/2587/2587 2588/2588/2588 2589/2589/2589 2590/2590/2590
f 2591/2591/2591 2590/2590/2590 2589/2589/2589 2592/2592/2592
f 2591/2591/2591 2592/2592/2592 2593/2593/2593 2594/2594/2594
f 2595/2595/2595 2594/2594/2594 2593/2593/2593 2596/2596/2596
f 2593/2593/2593 2598/2598/2598 2597/2597/2597 2596/2596/2596
f 2595/2595/2595 2596/2596/2596 2599/2599/2599 2600/2600/2600
f 2601/2601/2601 2600/2600/2600 2599/2599/2599 2602/2602/2602
f 2603/2603/2603 2604/2604/2604 2601/2601/2601 2602/2602/2602
f 2604/2604/2604 2606/2606/2606 2605/2605/2605 2601/2601/2601
f 2607/2607/2607 2608/2608/2608 2605/2605/2605 2606/2606/2606
f 2609/2609/2609 2610/2610/2610 2607/2607/2607 2606/2606/2606
f 2611/2611/2611 2604/2604/2604 2603/2603/2603 2612/2612/2612
f 2611/2611/2611 2609/2609/2609 2606/2606/2606 2604/2604/2604
f 2607/2607/2607 2614/2614/2614 2613/2613/2613 2608/2608/2608
f 2593/2593/2593 2592/2592/2592 2615/2615/2615 2598/2598/2598
f 2616/2616/2616 2692/2692/2692 2587/2587/2587 2590/2590/2590
f 2616/2616/2616 2590/2590/2590 2591/2591/2591 2617/2617/2617
f 2608/2608/2608 2613/2613/2613 2616/2616/2616 2617/2617/2617
f 2618/2618/2618 2588/2588/2588 2377/2377/2377 2585/2585/2585
f 2618/2618/2618 2687/2687/2687 2589/2589/2589 2588/2588/2588
f 2504/2504/2504 2554/2554/2554 2619/2619/2619 2652/2652/2652
f 2554/2554/2554 2694/2694/2694 2620/2620/2620 2619/2619/2619
f 2619/2619/2619 2620/2620/2620 2621/2621/2621 2622/2622/2622
f 2620/2620/2620 2667/2667/2667 2623/2623/2623 2621/2621/2621
f 2197/2197/2197 2217/2217/2217 2624/2624/2624 2196/2196/2196
f 2198/2198/2198 2196/2196/2196 2624/2624/2624 2552/2552/2552
f 2416/2416/2416 2418/2418/2418 2625/2625/2625 2427/2427/2427
f 2626/2626/2626 2528/2528/2528 2525/2525/2525 2529/2529/2529
f 2626/2626/2626 2529/2529/2529 2539/2539/2539 2560/2560/2560
f 2626/2626/2626 2560/2560/2560 2563/2563/2563 2565/2565/2565
f 2626/2626/2626 2565/2565/2565 2567/2567/2567 2627/2627/2627
f 2427/2427/2427 2625/2625/2625 2628/2628/2628 2629/2629/2629
f 2630/2630/2630 2628/2628/2628 2625/2625/2625 2657/2657/2657
f 2628/2628/2628 2632/2632/2632 2631/2631/2631 2629/2629/2629
f 2630/2630/2630 2633/2633/2633 2632/2632/2632 2628/2628/2628
f 2550/2550/2550 2652/2652/2652 2634/2634/2634 2546/2546/2546
f 2635/2635/2635 2638/2638/2638 2611/2611/2611 2612/2612/2612
f 2422/2422/2422 2426/2426/2426 2636/2636/2636 2637/2637/2637
f 2427/2427/2427 2629/2629/2629 2636/2636/2636 2426/2426/2426
f 2636/2636/2636 2629/2629/2629 2631/2631/2631 2643/2643/2643
f 2638/2638/2638 2697/2697/2697 2609/2609/2609 2611/2611/2611
f 2639/2639/2639 2540/2540/2540 2518/2518/2518 2544/2544/2544
f 2545/2545/2545 2574/2574/2574 2639/2639/2639 2544/2544/2544
f 2639/2639/2639 2571/2571/2571 2561/2561/2561 2540/2540/2540
f 2375/2375/2375 2573/2573/2573 2640/2640/2640 2374/2374/2374
f 2640/2640/2640 2487/2487/2487 2486/2486/2486 2696/2696/2696
f 2201/2201/2201 2202/2202/2202 2641/2641/2641 2375/2375/2375
f 2641/2641/2641 2202/2202/2202 2432/2432/2432 2642/2642/2642
f 2637/2637/2637 2636/2636/2636 2643/2643/2643 2644/2644/2644
f 2645/2645/2645 2637/2637/2637 2644/2644/2644 2672/2672/2672
f 2646/2646/2646 2422/2422/2422 2637/2637/2637 2645/2645/2645
f 2522/2522/2522 2524/2524/2524 2647/2647/2647 2542/2542/2542
f 2647/2647/2647 2524/2524/2524 2531/2531/2531 2648/2648/2648
f 2189/2189/2189 2397/2397/2397 2649/2649/2649 2197/2197/2197
f 2649/2649/2649 2205/2205/2205 2208/2208/2208 2212/2212/2212
f 2650/2650/2650 2393/2393/2393 2394/2394/2394 2428/2428/2428
f 2449/2449/2449 2436/2436/2436 2650/2650/2650 2664/2664/2664
f 2651/2651/2651 2558/2558/2558 2553/2553/2553 2573/2573/2573
f 2502/2502/2502 2504/2504/2504 2652/2652/2652 2550/2550/2550
f 2652/2652/2652 2619/2619/2619 2622/2622/2622 2634/2634/2634
f 2223/2223/2223 2221/2221/2221 2653/2653/2653 2654/2654/2654
f 2655/2655/2655 2646/2646/2646 2645/2645/2645 2330/2330/2330
f 2306/2306/2306 2399/2399/2399 2656/2656/2656 2370/2370/2370
f 2418/2418/2418 2583/2583/2583 2657/2657/2657 2625/2625/2625
f 2466/2466/2466 2465/2465/2465 2658/2658/2658 2476/2476/2476
f 2474/2474/2474 2476/2476/2476 2658/2658/2658 2491/2491/2491
f 2315/2315/2315 2317/2317/2317 2659/2659/2659 2318/2318/2318
f 2320/2320/2320 2318/2318/2318 2659/2659/2659 2660/2660/2660
f 2659/2659/2659 2670/2670/2670 2661/2661/2661 2660/2660/2660
f 2648/2648/2648 2531/2531/2531 2662/2662/2662 2674/2674/2674
f 2526/2526/2526 2532/2532/2532 2663/2663/2663 2530/2530/2530
f 2531/2531/2531 2530/2530/2530 2663/2663/2663 2662/2662/2662
f 2664/2664/2664 2650/2650/2650 2428/2428/2428 2434/2434/2434
f 2450/2450/2450 2449/2449/2449 2664/2664/2664 2673/2673/2673
f 2310/2310/2310 2316/2316/2316 2665/2665/2665 2317/2317/2317
f 2666/2666/2666 2654/2654/2654 2569/2569/2569 2570/2570/2570
f 2621/2621/2621 2623/2623/2623 2666/2666/2666 2698/2698/2698
f 2667/2667/2667 2366/2366/2366 2218/2218/2218 2222/2222/2222
f 2667/2667/2667 2222/2222/2222 2223/2223/2223 2623/2623/2623
f 2537/2537/2537 2536/2536/2536 2668/2668/2668 2610/2610/2610
f 2668/2668/2668 2614/2614/2614 2607/2607/2607 2610/2610/2610
f 2669/2669/2669 2457/2457/2457 2558/2558/2558 2651/2651/2651
f 2641/2641/2641 2642/2642/2642 2669/2669/2669 2651/2651/2651
f 2317/2317/2317 2665/2665/2665 2670/2670/2670 2659/2659/2659
f 2320/2320/2320 2660/2660/2660 2671/2671/2671 2325/2325/2325
f 2671/2671/2671 2330/2330/2330 2325/2325/2325
f 2671/2671/2671 2660/2660/2660 2661/2661/2661 2330/2330/2330
f 2330/2330/2330 2645/2645/2645 2672/2672/2672 2329/2329/2329
f 2673/2673/2673 2664/2664/2664 2434/2434/2434 2304/2304/2304
f 2674/2674/2674 2662/2662/2662 2638/2638/2638 2635/2635/2635
f 2263/2263/2263 2676/2676/2676 2675/2675/2675 2264/2264/2264
f 2568/2568/2568 2569/2569/2569 2675/2675/2675 2676/2676/2676
f 2654/2654/2654 2653/2653/2653 2675/2675/2675 2569/2569/2569
f 2677/2677/2677 2191/2191/2191 2192/2192/2192 2493/2493/2493
f 2193/2193/2193 2191/2191/2191 2677/2677/2677 2678/2678/2678
f 2679/2679/2679 2343/2343/2343 2344/2344/2344 2349/2349/2349
f 2362/2362/2362 2343/2343/2343 2679/2679/2679 2680/2680/2680
f 2535/2535/2535 2679/2679/2679 2538/2538/2538
f 2535/2535/2535 2681/2681/2681 2680/2680/2680 2679/2679/2679
f 2253/2253/2253 2257/2257/2257 2682/2682/2682 2260/2260/2260
f 2246/2246/2246 2245/2245/2245 2683/2683/2683 2257/2257/2257
f 2683/2683/2683 2259/2259/2259 2307/2307/2307 2373/2373/2373
f 2684/2684/2684 2677/2677/2677 2493/2493/2493 2494/2494/2494
f 2551/2551/2551 2548/2548/2548 2684/2684/2684 2494/2494/2494
f 2685/2685/2685 2471/2471/2471 2441/2441/2441 2455/2455/2455
f 2252/2252/2252 2261/2261/2261 2686/2686/2686 2265/2265/2265
f 2592/2592/2592 2589/2589/2589 2687/2687/2687 2615/2615/2615
f 2329/2329/2329 2672/2672/2672 2688/2688/2688 2328/2328/2328
f 2583/2583/2583 2582/2582/2582 2689/2689/2689 2657/2657/2657
f 2630/2630/2630 2657/2657/2657 2689/2689/2689 2633/2633/2633
f 2690/2690/2690 2401/2401/2401 2423/2423/2423
f 2690/2690/2690 2691/2691/2691 2656/2656/2656 2401/2401/2401
f 2370/2370/2370 2656/2656/2656 2691/2691/2691 2316/2316/2316
f 2692/2692/2692 2367/2367/2367 2376/2376/2376 2587/2587/2587
f 2613/2613/2613 2576/2576/2576 2692/2692/2692 2616/2616/2616
f 2693/2693/2693 2617/2617/2617 2591/2591/2591 2594/2594/2594
f 2595/2595/2595 2600/2600/2600 2693/2693/2693 2594/2594/2594
f 2601/2601/2601 2605/2605/2605 2693/2693/2693 2600/2600/2600
f 2608/2608/2608 2617/2617/2617 2693/2693/2693 2605/2605/2605
f 2497/2497/2497 2552/2552/2552 2694/2694/2694 2554/2554/2554
f 2694/2694/2694 2552/2552/2552 2624/2624/2624 2366/2366/2366
f 2694/2694/2694 2366/2366/2366 2667/2667/2667 2620/2620/2620
f 2695/2695/2695 2575/2575/2575 2368/2368/2368 2576/2576/2576
f 2668/2668/2668 2701/2701/2701 2695/2695/2695 2614/2614/2614
f 2374/2374/2374 2640/2640/2640 2696/2696/2696 2360/2360/2360
f 2559/2559/2559 2584/2584/2584 2696/2696/2696 2486/2486/2486
f 2532/2532/2532 2537/2537/2537 2697/2697/2697 2663/2663/2663
f 2697/2697/2697 2537/2537/2537 2610/2610/2610 2609/2609/2609
f 2662/2662/2662 2663/2663/2663 2697/2697/2697 2638/2638/2638
f 2698/2698/2698 2666/2666/2666 2570/2570/2570 2572/2572/2572
f 2622/2622/2622 2621/2621/2621 2698/2698/2698 2699/2699/2699
f 2699/2699/2699 2698/2698/2698 2572/2572/2572 2571/2571/2571
f 2634/2634/2634 2622/2622/2622 2699/2699/2699 2574/2574/2574
f 2263/2263/2263 2265/2265/2265 2700/2700/2700 2676/2676/2676
f 2568/2568/2568 2676/2676/2676 2700/2700/2700 2567/2567/2567
f 2627/2627/2627 2567/2567/2567 2700/2700/2700 2702/2702/2702
f 2700/2700/2700 2265/2265/2265 2686/2686/2686 2702/2702/2702
f 2536/2536/2536 2538/2538/2538 2701/2701/2701 2668/2668/2668
f 2701/2701/2701 2349/2349/2349 2575/2575/2575 2695/2695/2695
f 2362/2362/2362 2680/2680/2680 2702/2702/2702 2686/2686/2686
f 2395/2395/2395 2579/2579/2579 2703/2703/2703 2396/2396/2396
f 2197/2197/2197 2649/2649/2649 2212/2212/2212 2217/2217/2217
f 2574/2574/2574 2699/2699/2699 2571/2571/2571 2639/2639/2639
f 2653/2653/2653 2224/2224/2224 2264/2264/2264 2675/2675/2675
f 2224/2224/2224 2488/2488/2488 2250/2250/2250 2264/2264/2264
f 2641/2641/2641 2651/2651/2651 2573/2573/2573 2375/2375/2375
f 2373/2373/2373 2313/2313/2313 2279/2279/2279 2682/2682/2682
f 2257/2257/2257 2683/2683/2683 2373/2373/2373 2682/2682/2682
f 2538/2538/2538 2679/2679/2679 2349/2349/2349 2701/2701/2701
f 2473/2473/2473 2482/2482/2482 2450/2450/2450 2673/2673/2673
f 2614/2614/2614 2695/2695/2695 2576/2576/2576 2613/2613/2613
f 2623/2623/2623 2223/2223/2223 2654/2654/2654 2666/2666/2666
f 2229/2229/2229 2284/2284/2284 2269/2269/2269 2276/2276/2276
f 2549/2549/2549 2678/2678/2678 2677/2677/2677 2684/2684/2684
f 2378/2378/2378 2477/2477/2477 2415/2415/2415 2475/2475/2475
f 2360/2360/2360 2696/2696/2696 2584/2584/2584 2338/2338/2338
f 2704/2704/2704 2705/2705/2705 2706/2706/2706 2707/2707/2707
f 2708/2708/2708 2705/2705/2705 2704/2704/2704 2709/2709/2709
f 2704/2704/2704 2707/2707/2707 2710/2710/2710
f 2711/2711/2711 2712/2712/2712 2713/2713/2713
f 2713/2713/2713 2712/2712/2712 2714/2714/2714 2715/2715/2715
f 2715/2715/2715 2714/2714/2714 2716/2716/2716
f 2714/2714/2714 2717/2717/2717 2716/2716/2716
f 2716/2716/2716 2717/2717/2717 2718/2718/2718 2719/2719/2719
f 2719/2719/2719 2718/2718/2718 2720/2720/2720 2721/2721/2721
f 2722/2722/2722 2723/2723/2723 2724/2724/2724
f 2725/2725/2725 2724/2724/2724 2723/2723/2723
f 2725/2725/2725 2727/2727/2727 2726/2726/2726 2724/2724/2724
f 2725/2725/2725 2729/2729/2729 2728/2728/2728 2727/2727/2727
f 2730/2730/2730 2731/2731/2731 2728/2728/2728 2729/2729/2729
f 2730/2730/2730 2732/2732/2732 2731/2731/2731
f 2733/2733/2733 2736/2736/2736 2734/2734/2734 2735/2735/2735
f 2735/2735/2735 2734/2734/2734 2737/2737/2737 2738/2738/2738
f 2738/2738/2738 2737/2737/2737 2739/2739/2739 2740/2740/2740
f 2740/2740/2740 2739/2739/2739 2741/2741/2741 2742/2742/2742
f 2739/2739/2739 2762/2762/2762 2743/2743/2743 2741/2741/2741
f 2741/2741/2741 2743/2743/2743 2744/2744/2744 2747/2747/2747
f 2745/2745/2745 2746/2746/2746 2744/2744/2744 2743/2743/2743
f 2742/2742/2742 2741/2741/2741 2747/2747/2747 2748/2748/2748
f 2749/2749/2749 2750/2750/2750 2746/2746/2746 2745/2745/2745
f 2750/2750/2750 2752/2752/2752 2751/2751/2751 2746/2746/2746
f 2745/2745/2745 2754/2754/2754 2753/2753/2753 2749/2749/2749
f 2755/2755/2755 2756/2756/2756 2753/2753/2753 2754/2754/2754
f 2755/2755/2755 2758/2758/2758 2757/2757/2757 2756/2756/2756
f 2759/2759/2759 2756/2756/2756 2757/2757/2757 2760/2760/2760
f 2760/2760/2760 2757/2757/2757 2758/2758/2758 2761/2761/2761
f 2737/2737/2737 2916/2916/2916 2762/2762/2762 2739/2739/2739
f 2745/2745/2745 2743/2743/2743 2762/2762/2762 2754/2754/2754
f 2751/2751/2751 2752/2752/2752 2763/2763/2763 2764/2764/2764
f 2765/2765/2765 2764/2764/2764 2763/2763/2763 2766/2766/2766
f 2767/2767/2767 2768/2768/2768 2766/2766/2766 2763/2763/2763
f 2765/2765/2765 2769/2769/2769 2764/2764/2764
f 2733/2733/2733 2771/2771/2771 2770/2770/2770 2736/2736/2736
f 2772/2772/2772 2773/2773/2773 2770/2770/2770 2771/2771/2771
f 2736/2736/2736 2917/2917/2917 2774/2774/2774 2734/2734/2734
f 2774/2774/2774 2916/2916/2916 2737/2737/2737 2734/2734/2734
f 2774/2774/2774 2758/2758/2758 2755/2755/2755 2916/2916/2916
f 2768/2768/2768 2776/2776/2776 2775/2775/2775 2766/2766/2766
f 2766/2766/2766 2775/2775/2775 2777/2777/2777 2778/2778/2778
f 2765/2765/2765 2766/2766/2766 2778/2778/2778
f 2775/2775/2775 2780/2780/2780 2779/2779/2779 2777/2777/2777
f 2777/2777/2777 2779/2779/2779 2781/2781/2781 2782/2782/2782
f 2781/2781/2781 2779/2779/2779 2783/2783/2783 2784/2784/2784
f 2783/2783/2783 2786/2786/2786 2785/2785/2785 2784/2784/2784
f 2787/2787/2787 2788/2788/2788 2785/2785/2785 2786/2786/2786
f 2785/2785/2785 2788/2788/2788 2789/2789/2789 2790/2790/2790
f 2791/2791/2791 2792/2792/2792 2790/2790/2790 2789/2789/2789
f 2787/2787/2787 2794/2794/2794 2793/2793/2793 2788/2788/2788
f 2793/2793/2793 2794/2794/2794 2795/2795/2795 2796/2796/2796
f 2797/2797/2797 2798/2798/2798 2796/2796/2796 2795/2795/2795
f 2799/2799/2799 2797/2797/2797 2795/2795/2795 2800/2800/2800
f 2801/2801/2801 2802/2802/2802 2797/2797/2797 2799/2799/2799
f 2803/2803/2803 2799/2799/2799 2800/2800/2800 2804/2804/2804
f 2803/2803/2803 2805/2805/2805 2801/2801/2801 2799/2799/2799
f 2797/2797/2797 2802/2802/2802 2806/2806/2806 2798/2798/2798
f 2787/2787/2787 2786/2786/2786 2807/2807/2807 2808/2808/2808
f 2788/2788/2788 2793/2793/2793 2809/2809/2809 2789/2789/2789
f 2791/2791/2791 2789/2789/2789 2809/2809/2809 2810/2810/2810
f 2811/2811/2811 2812/2812/2812 2808/2808/2808 2807/2807/2807
f 2781/2781/2781 2784/2784/2784 2813/2813/2813 2826/2826/2826
f 2813/2813/2813 2784/2784/2784 2785/2785/2785 2790/2790/2790
f 2811/2811/2811 2815/2815/2815 2814/2814/2814 2812/2812/2812
f 2816/2816/2816 2817/2817/2817 2814/2814/2814 2815/2815/2815
f 2818/2818/2818 2819/2819/2819 2812/2812/2812 2814/2814/2814
f 2818/2818/2818 2814/2814/2814 2820/2820/2820
f 2818/2818/2818 2820/2820/2820 2821/2821/2821 2822/2822/2822
f 2818/2818/2818 2822/2822/2822 2823/2823/2823
f 2736/2736/2736 2770/2770/2770 2824/2824/2824 2917/2917/2917
f 2773/2773/2773 2825/2825/2825 2824/2824/2824 2770/2770/2770
f 2782/2782/2782 2781/2781/2781 2826/2826/2826 2827/2827/2827
f 2765/2765/2765 2829/2829/2829 2828/2828/2828 2769/2769/2769
f 2830/2830/2830 2769/2769/2769 2828/2828/2828 2831/2831/2831
f 2831/2831/2831 2828/2828/2828 2832/2832/2832 2833/2833/2833
f 2834/2834/2834 2830/2830/2830 2831/2831/2831 2835/2835/2835
f 2835/2835/2835 2831/2831/2831 2833/2833/2833 2836/2836/2836
f 2837/2837/2837 2898/2898/2898 2769/2769/2769 2830/2830/2830
f 2837/2837/2837 2830/2830/2830 2834/2834/2834 2875/2875/2875
f 2833/2833/2833 2832/2832/2832 2838/2838/2838 2839/2839/2839
f 2840/2840/2840 2839/2839/2839 2838/2838/2838 2841/2841/2841
f 2832/2832/2832 2846/2846/2846 2842/2842/2842 2838/2838/2838
f 2843/2843/2843 2783/2783/2783 2779/2779/2779 2780/2780/2780
f 2843/2843/2843 2807/2807/2807 2786/2786/2786 2783/2783/2783
f 2843/2843/2843 2844/2844/2844 2811/2811/2811 2807/2807/2807
f 2838/2838/2838 2842/2842/2842 2845/2845/2845 2841/2841/2841
f 2828/2828/2828 2829/2829/2829 2846/2846/2846 2832/2832/2832
f 2829/2829/2829 2899/2899/2899 2847/2847/2847 2846/2846/2846
f 2848/2848/2848 2849/2849/2849 2759/2759/2759 2760/2760/2760
f 2759/2759/2759 2849/2849/2849 2850/2850/2850 2851/2851/2851
f 2850/2850/2850 2853/2853/2853 2852/2852/2852 2851/2851/2851
f 2853/2853/2853 2855/2855/2855 2854/2854/2854 2852/2852/2852
f 2856/2856/2856 2857/2857/2857 2852/2852/2852 2854/2854/2854
f 2851/2851/2851 2852/2852/2852 2857/2857/2857 2869/2869/2869
f 2855/2855/2855 2859/2859/2859 2858/2858/2858 2854/2854/2854
f 2859/2859/2859 2861/2861/2861 2860/2860/2860 2858/2858/2858
f 2858/2858/2858 2860/2860/2860 2862/2862/2862 2863/2863/2863
f 2864/2864/2864 2860/2860/2860 2861/2861/2861 2865/2865/2865
f 2864/2864/2864 2866/2866/2866 2862/2862/2862 2860/2860/2860
f 2867/2867/2867 2863/2863/2863 2862/2862/2862 2868/2868/2868
f 2759/2759/2759 2851/2851/2851 2869/2869/2869 2870/2870/2870
f 2871/2871/2871 2849/2849/2849 2848/2848/2848 2872/2872/2872
f 2873/2873/2873 2848/2848/2848 2760/2760/2760 2761/2761/2761
f 2873/2873/2873 2824/2824/2824 2825/2825/2825 2874/2874/2874
f 2873/2873/2873 2874/2874/2874 2872/2872/2872 2848/2848/2848
f 2747/2747/2747 2837/2837/2837 2875/2875/2875 2748/2748/2748
f 2846/2846/2846 2847/2847/2847 2876/2876/2876 2842/2842/2842
f 2862/2862/2862 2866/2866/2866 2877/2877/2877 2868/2868/2868
f 2827/2827/2827 2826/2826/2826 2878/2878/2878 2915/2915/2915
f 2864/2864/2864 2865/2865/2865 2879/2879/2879 2880/2880/2880
f 2879/2879/2879 2865/2865/2865 2881/2881/2881 2882/2882/2882
f 2879/2879/2879 2882/2882/2882 2883/2883/2883 2866/2866/2866
f 2882/2882/2882 2885/2885/2885 2884/2884/2884 2883/2883/2883
f 2886/2886/2886 2884/2884/2884 2885/2885/2885 2887/2887/2887
f 2882/2882/2882 2881/2881/2881 2888/2888/2888 2885/2885/2885
f 2886/2886/2886 2890/2890/2890 2889/2889/2889 2884/2884/2884
f 2891/2891/2891 2886/2886/2886 2887/2887/2887
f 2892/2892/2892 2810/2810/2810 2809/2809/2809 2901/2901/2901
f 2787/2787/2787 2808/2808/2808 2893/2893/2893 2794/2794/2794
f 2893/2893/2893 2800/2800/2800 2795/2795/2795 2794/2794/2794
f 2893/2893/2893 2819/2819/2819 2804/2804/2804 2800/2800/2800
f 2812/2812/2812 2819/2819/2819 2893/2893/2893 2808/2808/2808
f 2894/2894/2894 2813/2813/2813 2790/2790/2790 2792/2792/2792
f 2826/2826/2826 2813/2813/2813 2894/2894/2894 2878/2878/2878
f 2895/2895/2895 2836/2836/2836 2833/2833/2833 2839/2839/2839
f 2895/2895/2895 2839/2839/2839 2840/2840/2840 2896/2896/2896
f 2895/2895/2895 2896/2896/2896 2897/2897/2897 2836/2836/2836
f 2746/2746/2746 2751/2751/2751 2898/2898/2898 2744/2744/2744
f 2747/2747/2747 2744/2744/2744 2898/2898/2898 2837/2837/2837
f 2898/2898/2898 2751/2751/2751 2764/2764/2764 2769/2769/2769
f 2765/2765/2765 2778/2778/2778 2899/2899/2899 2829/2829/2829
f 2899/2899/2899 2778/2778/2778 2777/2777/2777 2782/2782/2782
f 2899/2899/2899 2782/2782/2782 2827/2827/2827 2847/2847/2847
f 2843/2843/2843 2780/2780/2780 2900/2900/2900 2844/2844/2844
f 2793/2793/2793 2796/2796/2796 2901/2901/2901 2809/2809/2809
f 2901/2901/2901 2796/2796/2796 2798/2798/2798 2902/2902/2902
f 2892/2892/2892 2901/2901/2901 2902/2902/2902 2903/2903/2903
f 2904/2904/2904 2805/2805/2805 2803/2803/2803 2905/2905/2905
f 2904/2904/2904 2905/2905/2905 2906/2906/2906 2907/2907/2907
f 2908/2908/2908 2909/2909/2909 2907/2907/2907 2906/2906/2906
f 2910/2910/2910 2903/2903/2903 2902/2902/2902 2911/2911/2911
f 2912/2912/2912 2877/2877/2877 2866/2866/2866 2883/2883/2883
f 2912/2912/2912 2883/2883/2883 2884/2884/2884 2889/2889/2889
f 2885/2885/2885 2888/2888/2888 2913/2913/2913 2887/2887/2887
f 2891/2891/2891 2887/2887/2887 2913/2913/2913 2914/2914/2914
f 2847/2847/2847 2827/2827/2827 2915/2915/2915 2876/2876/2876
f 2916/2916/2916 2755/2755/2755 2754/2754/2754 2762/2762/2762
f 2917/2917/2917 2761/2761/2761 2758/2758/2758 2774/2774/2774
f 2873/2873/2873 2761/2761/2761 2917/2917/2917 2824/2824/2824
f 2818/2818/2818 2823/2823/2823 2804/2804/2804 2819/2819/2819
f 2891/2891/2891 2914/2914/2914 2909/2909/2909 2908/2908/2908
f 2856/2856/2856 2863/2863/2863 2867/2867/2867 2918/2918/2918
f 2919/2919/2919 2920/2920/2920 2921/2921/2921
f 2922/2922/2922 2943/2943/2943 2923/2923/2923 2924/2924/2924
f 2925/2925/2925 2926/2926/2926 2927/2927/2927 2928/2928/2928
f 2926/2926/2926 2930/2930/2930 2929/2929/2929 2927/2927/2927
f 2927/2927/2927 2929/2929/2929 2931/2931/2931 2933/2933/2933
f 2932/2932/2932 2952/2952/2952 2931/2931/2931 2929/2929/2929
f 2931/2931/2931 2954/2954/2954 2934/2934/2934 2933/2933/2933
f 2935/2935/2935 2936/2936/2936 2937/2937/2937 2975/2975/2975
f 2938/2938/2938 2936/2936/2936 2935/2935/2935 2982/2982/2982
f 2939/2939/2939 2938/2938/2938 2940/2940/2940 2942/2942/2942
f 2938/2938/2938 2982/2982/2982 2941/2941/2941 2940/2940/2940
f 2940/2940/2940 2943/2943/2943 2922/2922/2922 2942/2942/2942
f 2940/2940/2940 2941/2941/2941 2944/2944/2944 2943/2943/2943
f 2943/2943/2943 2944/2944/2944 2945/2945/2945 2923/2923/2923
f 2923/2923/2923 2945/2945/2945 2946/2946/2946 2948/2948/2948
f 2946/2946/2946 2945/2945/2945 2947/2947/2947 2985/2985/2985
f 2948/2948/2948 2946/2946/2946 2949/2949/2949 2932/2932/2932
f 2924/2924/2924 2923/2923/2923 2948/2948/2948 2930/2930/2930
f 2948/2948/2948 2932/2932/2932 2929/2929/2929 2930/2930/2930
f 2932/2932/2932 2949/2949/2949 2950/2950/2950 2952/2952/2952
f 2951/2951/2951 2986/2986/2986 2950/2950/2950 2949/2949/2949
f 2950/2950/2950 2988/2988/2988 2953/2953/2953 2952/2952/2952
f 2931/2931/2931 2952/2952/2952 2953/2953/2953 2954/2954/2954
f 2954/2954/2954 2953/2953/2953 2955/2955/2955 2957/2957/2957
f 2954/2954/2954 2957/2957/2957 2956/2956/2956 2934/2934/2934
f 2934/2934/2934 2956/2956/2956 2958/2958/2958 2959/2959/2959
f 2960/2960/2960 3048/3048/3048 2961/2961/2961 2962/2962/2962
f 2963/2963/2963 2964/2964/2964 2961/2961/2961 3048/3048/3048
f 2965/2965/2965 2966/2966/2966 2967/2967/2967 2968/2968/2968
f 2963/2963/2963 2967/2967/2967 2966/2966/2966 2964/2964/2964
f 2968/2968/2968 2967/2967/2967 2969/2969/2969 3016/3016/3016
f 2970/2970/2970 2965/2965/2965 2968/2968/2968 2971/2971/2971
f 2972/2972/2972 2971/2971/2971 2968/2968/2968 3016/3016/3016
f 2970/2970/2970 2971/2971/2971 2973/2973/2973 2974/2974/2974
f 2972/2972/2972 2977/2977/2977 2973/2973/2973 2971/2971/2971
f 2975/2975/2975 2937/2937/2937 2974/2974/2974 2973/2973/2973
f 2935/2935/2935 2975/2975/2975 2976/2976/2976 2978/2978/2978
f 2975/2975/2975 2973/2973/2973 2977/2977/2977 2976/2976/2976
f 2976/2976/2976 3024/3024/3024 2979/2979/2979 2978/2978/2978
f 2935/2935/2935 2978/2978/2978 2980/2980/2980 2982/2982/2982
f 2978/2978/2978 2979/2979/2979 2981/2981/2981 2980/2980/2980
f 2982/2982/2982 2980/2980/2980 2983/2983/2983 2941/2941/2941
f 2941/2941/2941 2983/2983/2983 2984/2984/2984 2944/2944/2944
f 2984/2984/2984 2947/2947/2947 2945/2945/2945 2944/2944/2944
f 2946/2946/2946 2985/2985/2985 2951/2951/2951 2949/2949/2949
f 2950/2950/2950 2986/2986/2986 2987/2987/2987 2988/2988/2988
f 2987/2987/2987 3025/3025/3025 2989/2989/2989 2988/2988/2988
f 2988/2988/2988 2989/2989/2989 2955/2955/2955 2953/2953/2953
f 2989/2989/2989 2991/2991/2991 2990/2990/2990 2955/2955/2955
f 2955/2955/2955 2990/2990/2990 2992/2992/2992 2957/2957/2957
f 2992/2992/2992 2990/2990/2990 2993/2993/2993 2994/2994/2994
f 2991/2991/2991 3028/3028/3028 2993/2993/2993 2990/2990/2990
f 2995/2995/2995 2996/2996/2996 2997/2997/2997 2998/2998/2998
f 2996/2996/2996 2995/2995/2995 2960/2960/2960 2962/2962/2962
f 2998/2998/2998 2997/2997/2997 2999/2999/2999 3032/3032/3032
f 3000/3000/3000 2995/2995/2995 2998/2998/2998 3001/3001/3001
f 2960/2960/2960 2995/2995/2995 3000/3000/3000 3005/3005/3005
f 2998/2998/2998 3032/3032/3032 3002/3002/3002 3001/3001/3001
f 3000/3000/3000 3001/3001/3001 3003/3003/3003 3004/3004/3004
f 3003/3003/3003 3001/3001/3001 3002/3002/3002 3038/3038/3038
f 3005/3005/3005 3000/3000/3000 3004/3004/3004 3006/3006/3006
f 3007/3007/3007 3005/3005/3005 3006/3006/3006 3008/3008/3008
f 2960/2960/2960 3005/3005/3005 3007/3007/3007 3048/3048/3048
f 3008/3008/3008 3006/3006/3006 3009/3009/3009 3012/3012/3012
f 3010/3010/3010 3007/3007/3007 3008/3008/3008 3011/3011/3011
f 2963/2963/2963 3048/3048/3048 3007/3007/3007 3010/3010/3010
f 3011/3011/3011 3008/3008/3008 3012/3012/3012 3044/3044/3044
f 3010/3010/3010 3011/3011/3011 3013/3013/3013 2969/2969/2969
f 3014/3014/3014 3013/3013/3013 3011/3011/3011 3044/3044/3044
f 3015/3015/3015 3016/3016/3016 2969/2969/2969 3013/3013/3013
f 2963/2963/2963 3010/3010/3010 2969/2969/2969 2967/2967/2967
f 3015/3015/3015 3013/3013/3013 3014/3014/3014 3017/3017/3017
f 3017/3017/3017 3014/3014/3014 3018/3018/3018 3041/3041/3041
f 3019/3019/3019 3015/3015/3015 3017/3017/3017 3020/3020/3020
f 2972/2972/2972 3016/3016/3016 3015/3015/3015 3019/3019/3019
f 3017/3017/3017 3041/3041/3041 3021/3021/3021 3020/3020/3020
f 3019/3019/3019 3020/3020/3020 3022/3022/3022 3023/3023/3023
f 3022/3022/3022 3020/3020/3020 3021/3021/3021 3042/3042/3042
f 2972/2972/2972 3019/3019/3019 3023/3023/3023 2977/2977/2977
f 2977/2977/2977 3023/3023/3023 3024/3024/3024 2976/2976/2976
f 3025/3025/3025 3026/3026/3026 2991/2991/2991 2989/2989/2989
f 2991/2991/2991 3026/3026/3026 3027/3027/3027 3028/3028/3028
f 3029/3029/3029 3031/3031/3031 3028/3028/3028 3027/3027/3027
f 3028/3028/3028 3031/3031/3031 3030/3030/3030 2993/2993/2993
f 3032/3032/3032 2999/2999/2999 3033/3033/3033 3034/3034/3034
f 3034/3034/3034 3033/3033/3033 3035/3035/3035 3037/3037/3037
f 3032/3032/3032 3034/3034/3034 3036/3036/3036 3002/3002/3002
f 3036/3036/3036 3034/3034/3034 3037/3037/3037 3040/3040/3040
f 3038/3038/3038 3002/3002/3002 3036/3036/3036 3039/3039/3039
f 3039/3039/3039 3036/3036/3036 3040/3040/3040 3047/3047/3047
f 3014/3014/3014 3044/3044/3044 3043/3043/3043 3018/3018/3018
f 3044/3044/3044 3012/3012/3012 3045/3045/3045 3043/3043/3043
f 3029/3029/3029 3046/3046/3046 3047/3047/3047 3040/3040/3040
f 3029/3029/3029 3040/3040/3040 3037/3037/3037 3031/3031/3031
f 3031/3031/3031 3037/3037/3037 3035/3035/3035 3030/3030/3030
f 2957/2957/2957 2992/2992/2992 3049/3049/3049 2956/2956/2956
f 3050/3050/3050 3049/3049/3049 2992/2992/2992 2994/2994/2994
f 3051/3051/3051 3024/3024/3024 3023/3023/3023 3022/3022/3022
f 3051/3051/3051 3052/3052/3052 2979/2979/2979 3024/3024/3024
f 2979/2979/2979 3052/3052/3052 3053/3053/3053 2981/2981/2981
f 3054/3054/3054 3055/3055/3055 2962/2962/2962 2961/2961/2961
f 3054/3054/3054 2961/2961/2961 2964/2964/2964 3056/3056/3056
f 3056/3056/3056 2964/2964/2964 2966/2966/2966 3057/3057/3057
f 2965/2965/2965 3058/3058/3058 3057/3057/3057 2966/2966/2966
f 2983/2983/2983 3062/3062/3062 3059/3059/3059 2984/2984/2984
f 2984/2984/2984 3059/3059/3059 3060/3060/3060 2947/2947/2947
f 2981/2981/2981 3053/3053/3053 3061/3061/3061 3062/3062/3062
f 2983/2983/2983 2980/2980/2980 2981/2981/2981 3062/3062/3062
f 3063/3063/3063 3058/3058/3058 2965/2965/2965 2970/2970/2970
f 3064/3064/3064 3063/3063/3063 3065/3065/3065 3066/3066/3066
f 3065/3065/3065 3063/3063/3063 2970/2970/2970 2974/2974/2974
f 3067/3067/3067 3066/3066/3066 3065/3065/3065 3068/3068/3068
f 3065/3065/3065 2974/2974/2974 2937/2937/2937 3068/3068/3068
f 3069/3069/3069 3072/3072/3072 3070/3070/3070 3071/3071/3071
f 3072/3072/3072 2942/2942/2942 2922/2922/2922 3070/3070/3070
f 3070/3070/3070 2922/2922/2922 2924/2924/2924 3073/3073/3073
f 3073/3073/3073 2924/2924/2924 2930/2930/2930 2926/2926/2926
f 3071/3071/3071 3070/3070/3070 3073/3073/3073 3074/3074/3074
f 3074/3074/3074 3073/3073/3073 2926/2926/2926 2925/2925/2925
f 3067/3067/3067 3068/3068/3068 3075/3075/3075 3076/3076/3076
f 3076/3076/3076 3075/3075/3075 2939/2939/2939 3077/3077/3077
f 3078/3078/3078 3077/3077/3077 3072/3072/3072 3069/3069/3069
f 3075/3075/3075 3068/3068/3068 2937/2937/2937 2936/2936/2936
f 3075/3075/3075 2936/2936/2936 2938/2938/2938 2939/2939/2939
f 3077/3077/3077 2939/2939/2939 2942/2942/2942 3072/3072/3072
f 3079/3079/3079 3076/3076/3076 3077/3077/3077 3078/3078/3078
f 3004/3004/3004 3003/3003/3003 3080/3080/3080 3081/3081/3081
f 3006/3006/3006 3004/3004/3004 3081/3081/3081 3009/3009/3009
f 3082/3082/3082 3038/3038/3038 3039/3039/3039 3083/3083/3083
f 3003/3003/3003 3038/3038/3038 3082/3082/3082 3080/3080/3080
f 3084/3084/3084 3083/3083/3083 3039/3039/3039 3047/3047/3047
f 3009/3009/3009 3081/3081/3081 3085/3085/3085 3086/3086/3086
f 3045/3045/3045 3012/3012/3012 3009/3009/3009 3086/3086/3086
f 3046/3046/3046 3087/3087/3087 3084/3084/3084 3047/3047/3047
f 3088/3088/3088 3092/3092/3092 3089/3089/3089 3090/3090/3090
f 3091/3091/3091 3089/3089/3089 3092/3092/3092 3097/3097/3097
f 2996/2996/2996 2962/2962/2962 3055/3055/3055 3091/3091/3091
f 3088/3088/3088 3093/3093/3093 3094/3094/3094 3092/3092/3092
f 3093/3093/3093 3105/3105/3105 3095/3095/3095 3094/3094/3094
f 3092/3092/3092 3094/3094/3094 3096/3096/3096 3097/3097/3097
f 3096/3096/3096 3094/3094/3094 3095/3095/3095 3100/3100/3100
f 3096/3096/3096 2999/2999/2999 2997/2997/2997 3097/3097/3097
f 3097/3097/3097 2997/2997/2997 2996/2996/2996 3091/3091/3091
f 3030/3030/3030 3035/3035/3035 3098/3098/3098 3099/3099/3099
f 3033/3033/3033 3100/3100/3100 3098/3098/3098 3035/3035/3035
f 3095/3095/3095 3105/3105/3105 3101/3101/3101 3102/3102/3102
f 3102/3102/3102 3101/3101/3101 3103/3103/3103 3104/3104/3104
f 3096/3096/3096 3100/3100/3100 3033/3033/3033 2999/2999/2999
f 3106/3106/3106 3090/3090/3090 3089/3089/3089 3091/3091/3091
f 2947/2947/2947 3060/3060/3060 3107/3107/3107 2985/2985/2985
f 3108/3108/3108 3107/3107/3107 3060/3060/3060 3112/3112/3112
f 3108/3108/3108 2951/2951/2951 2985/2985/2985 3107/3107/3107
f 3108/3108/3108 3109/3109/3109 2986/2986/2986 2951/2951/2951
f 2986/2986/2986 3109/3109/3109 3110/3110/3110 2987/2987/2987
f 3062/3062/3062 3061/3061/3061 3111/3111/3111 3059/3059/3059
f 3059/3059/3059 3111/3111/3111 3112/3112/3112 3060/3060/3060
f 3108/3108/3108 3112/3112/3112 3113/3113/3113 3109/3109/3109
f 3114/3114/3114 3110/3110/3110 3109/3109/3109 3113/3113/3113
f 3114/3114/3114 3113/3113/3113 3115/3115/3115 3116/3116/3116
f 3114/3114/3114 3116/3116/3116 3117/3117/3117 3118/3118/3118
f 3118/3118/3118 3117/3117/3117 3119/3119/3119 3127/3127/3127
f 3114/3114/3114 3118/3118/3118 3120/3120/3120 3110/3110/3110
f 3118/3118/3118 3127/3127/3127 3121/3121/3121 3120/3120/3120
f 2987/2987/2987 3110/3110/3110 3120/3120/3120 3025/3025/3025
f 3025/3025/3025 3120/3120/3120 3121/3121/3121 3026/3026/3026
f 3121/3121/3121 3129/3129/3129 3027/3027/3027 3026/3026/3026
f 3122/3122/3122 3082/3082/3082 3083/3083/3083 3124/3124/3124
f 3123/3123/3123 3080/3080/3080 3082/3082/3082 3122/3122/3122
f 3124/3124/3124 3083/3083/3083 3084/3084/3084 3130/3130/3130
f 3085/3085/3085 3081/3081/3081 3080/3080/3080 3123/3123/3123
f 3125/3125/3125 3127/3127/3127 3119/3119/3119 3126/3126/3126
f 3125/3125/3125 3126/3126/3126 3128/3128/3128 3087/3087/3087
f 3128/3128/3128 3130/3130/3130 3084/3084/3084 3087/3087/3087
f 3125/3125/3125 3087/3087/3087 3046/3046/3046 3129/3129/3129
f 3129/3129/3129 3046/3046/3046 3029/3029/3029 3027/3027/3027
f 3125/3125/3125 3129/3129/3129 3121/3121/3121 3127/3127/3127
f 3051/3051/3051 3160/3160/3160 3131/3131/3131 3052/3052/3052
f 3061/3061/3061 3053/3053/3053 3132/3132/3132 3133/3133/3133
f 3111/3111/3111 3115/3115/3115 3113/3113/3113 3112/3112/3112
f 3133/3133/3133 3134/3134/3134 3116/3116/3116 3115/3115/3115
f 3134/3134/3134 3158/3158/3158 3117/3117/3117 3116/3116/3116
f 3135/3135/3135 3122/3122/3122 3124/3124/3124 3137/3137/3137
f 3136/3136/3136 3123/3123/3123 3122/3122/3122 3135/3135/3135
f 3137/3137/3137 3124/3124/3124 3130/3130/3130 3142/3142/3142
f 3138/3138/3138 3139/3139/3139 3135/3135/3135 3137/3137/3137
f 3140/3140/3140 3138/3138/3138 3137/3137/3137 3142/3142/3142
f 3140/3140/3140 3144/3144/3144 3141/3141/3141 3138/3138/3138
f 3140/3140/3140 3142/3142/3142 3143/3143/3143 3144/3144/3144
f 3143/3143/3143 3142/3142/3142 3130/3130/3130 3128/3128/3128
f 3144/3144/3144 3143/3143/3143 3145/3145/3145 3148/3148/3148
f 3146/3146/3146 3141/3141/3141 3144/3144/3144 3148/3148/3148
f 3146/3146/3146 3167/3167/3167 3147/3147/3147 3141/3141/3141
f 3149/3149/3149 3146/3146/3146 3148/3148/3148 3151/3151/3151
f 3150/3150/3150 3167/3167/3167 3146/3146/3146 3149/3149/3149
f 3151/3151/3151 3148/3148/3148 3145/3145/3145 3155/3155/3155
f 3152/3152/3152 3149/3149/3149 3151/3151/3151 3154/3154/3154
f 3153/3153/3153 3150/3150/3150 3149/3149/3149 3152/3152/3152
f 3154/3154/3154 3151/3151/3151 3155/3155/3155 3158/3158/3158
f 3156/3156/3156 3157/3157/3157 3152/3152/3152 3154/3154/3154
f 3156/3156/3156 3154/3154/3154 3158/3158/3158 3134/3134/3134
f 3132/3132/3132 3156/3156/3156 3134/3134/3134 3133/3133/3133
f 3131/3131/3131 3157/3157/3157 3156/3156/3156 3132/3132/3132
f 3061/3061/3061 3133/3133/3133 3115/3115/3115 3111/3111/3111
f 3131/3131/3131 3160/3160/3160 3159/3159/3159 3157/3157/3157
f 3159/3159/3159 3153/3153/3153 3152/3152/3152 3157/3157/3157
f 3159/3159/3159 3162/3162/3162 3161/3161/3161 3153/3153/3153
f 3153/3153/3153 3161/3161/3161 3163/3163/3163 3150/3150/3150
f 3164/3164/3164 3166/3166/3166 3163/3163/3163 3161/3161/3161
f 3150/3150/3150 3163/3163/3163 3165/3165/3165 3167/3167/3167
f 3166/3166/3166 3176/3176/3176 3165/3165/3165 3163/3163/3163
f 3168/3168/3168 3147/3147/3147 3167/3167/3167 3165/3165/3165
f 3168/3168/3168 3169/3169/3169 3139/3139/3139 3147/3147/3147
f 3138/3138/3138 3141/3141/3141 3147/3147/3147 3139/3139/3139
f 3168/3168/3168 3175/3175/3175 3170/3170/3170 3169/3169/3169
f 3169/3169/3169 3136/3136/3136 3135/3135/3135 3139/3139/3139
f 3170/3170/3170 3171/3171/3171 3136/3136/3136 3169/3169/3169
f 3172/3172/3172 3171/3171/3171 3170/3170/3170 3173/3173/3173
f 3171/3171/3171 3085/3085/3085 3123/3123/3123 3136/3136/3136
f 3172/3172/3172 3086/3086/3086 3085/3085/3085 3171/3171/3171
f 3172/3172/3172 3173/3173/3173 3045/3045/3045 3086/3086/3086
f 3174/3174/3174 3043/3043/3043 3045/3045/3045 3173/3173/3173
f 3174/3174/3174 3173/3173/3173 3170/3170/3170 3175/3175/3175
f 3174/3174/3174 3175/3175/3175 3176/3176/3176 3177/3177/3177
f 3176/3176/3176 3175/3175/3175 3168/3168/3168 3165/3165/3165
f 3177/3177/3177 3176/3176/3176 3166/3166/3166 3178/3178/3178
f 3018/3018/3018 3043/3043/3043 3174/3174/3174 3177/3177/3177
f 3041/3041/3041 3018/3018/3018 3177/3177/3177 3178/3178/3178
f 3041/3041/3041 3178/3178/3178 3179/3179/3179 3021/3021/3021
f 3164/3164/3164 3179/3179/3179 3178/3178/3178 3166/3166/3166
f 3042/3042/3042 3021/3021/3021 3179/3179/3179 3162/3162/3162
f 3164/3164/3164 3161/3161/3161 3162/3162/3162 3179/3179/3179
f 3042/3042/3042 3162/3162/3162 3159/3159/3159 3160/3160/3160
f 3051/3051/3051 3022/3022/3022 3042/3042/3042 3160/3160/3160
f 3158/3158/3158 3155/3155/3155 3119/3119/3119 3117/3117/3117
f 3155/3155/3155 3145/3145/3145 3126/3126/3126 3119/3119/3119
f 3145/3145/3145 3143/3143/3143 3128/3128/3128 3126/3126/3126
f 3052/3052/3052 3131/3131/3131 3132/3132/3132 3053/3053/3053
f 3180/3180/3180 3183/3183/3183 3181/3181/3181 3182/3182/3182
f 3184/3184/3184 3185/3185/3185 3186/3186/3186
f 3187/3187/3187 3188/3188/3188 3189/3189/3189
f 3190/3190/3190 3191/3191/3191 3192/3192/3192
f 3193/3193/3193 3194/3194/3194 3195/3195/3195 3196/3196/3196
f 3197/3197/3197 3198/3198/3198 3199/3199/3199
f 3200/3200/3200 3201/3201/3201 3202/3202/3202 3203/3203/3203
f 3204/3204/3204 3205/3205/3205 3206/3206/3206
f 3207/3207/3207 3208/3208/3208 3209/3209/3209
f 3210/3210/3210 3211/3211/3211 3212/3212/3212 3213/3213/3213
f 3211/3211/3211 3215/3215/3215 3214/3214/3214 3212/3212/3212
f 3216/3216/3216 3217/3217/3217 3211/3211/3211 3210/3210/3210
f 3218/3218/3218 3219/3219/3219 3220/3220/3220 3221/3221/3221
f 3219/3219/3219 3223/3223/3223 3222/3222/3222 3220/3220/3220
f 3223/3223/3223 3225/3225/3225 3224/3224/3224 3222/3222/3222
f 3226/3226/3226 3222/3222/3222 3224/3224/3224 3227/3227/3227
f 3226/3226/3226 3227/3227/3227 3228/3228/3228 3229/3229/3229
f 3230/3230/3230 3231/3231/3231 3225/3225/3225 3223/3223/3223
f 3232/3232/3232 3241/3241/3241 3219/3219/3219 3218/3218/3218
f 3233/3233/3233 3232/3232/3232 3218/3218/3218 3234/3234/3234
f 3233/3233/3233 3236/3236/3236 3235/3235/3235 3232/3232/3232
f 3237/3237/3237 3233/3233/3233 3234/3234/3234 3238/3238/3238
f 3237/3237/3237 3239/3239/3239 3236/3236/3236 3233/3233/3233
f 3232/3232/3232 3235/3235/3235 3240/3240/3240 3241/3241/3241
f 3241/3241/3241 3230/3230/3230 3223/3223/3223 3219/3219/3219
f 3242/3242/3242 3243/3243/3243 3224/3224/3224 3225/3225/3225
f 3242/3242/3242 3225/3225/3225 3231/3231/3231 3244/3244/3244
f 3245/3245/3245 3246/3246/3246 3221/3221/3221 3220/3220/3220
f 3245/3245/3245 3220/3220/3220 3222/3222/3222 3226/3226/3226
f 3245/3245/3245 3226/3226/3226 3229/3229/3229 3247/3247/3247
f 3237/3237/3237 3238/3238/3238 3248/3248/3248 3249/3249/3249
f 3248/3248/3248 3238/3238/3238 3250/3250/3250 3251/3251/3251
f 3252/3252/3252 3251/3251/3251 3250/3250/3250 3253/3253/3253
f 3250/3250/3250 3262/3262/3262 3254/3254/3254 3253/3253/3253
f 3249/3249/3249 3248/3248/3248 3255/3255/3255 3256/3256/3256
f 3237/3237/3237 3249/3249/3249 3257/3257/3257 3239/3239/3239
f 3257/3257/3257 3249/3249/3249 3256/3256/3256 3258/3258/3258
f 3259/3259/3259 3227/3227/3227 3224/3224/3224 3243/3243/3243
f 3259/3259/3259 3260/3260/3260 3228/3228/3228 3227/3227/3227
f 3241/3241/3241 3240/3240/3240 3261/3261/3261 3230/3230/3230
f 3218/3218/3218 3221/3221/3221 3262/3262/3262 3234/3234/3234
f 3238/3238/3238 3234/3234/3234 3262/3262/3262 3250/3250/3250
f 3262/3262/3262 3221/3221/3221 3246/3246/3246 3254/3254/3254
f 3245/3245/3245 3247/3247/3247 3263/3263/3263 3246/3246/3246
f 3259/3259/3259 3265/3265/3265 3264/3264/3264 3260/3260/3260
f 3265/3265/3265 3267/3267/3267 3266/3266/3266 3264/3264/3264
f 3267/3267/3267 3269/3269/3269 3268/3268/3268 3266/3266/3266
f 3269/3269/3269 3271/3271/3271 3270/3270/3270 3268/3268/3268
f 3272/3272/3272 3273/3273/3273 3271/3271/3271 3269/3269/3269
f 3274/3274/3274 3273/3273/3273 3272/3272/3272 3275/3275/3275
f 3273/3273/3273 3281/3281/3281 3276/3276/3276 3271/3271/3271
f 3277/3277/3277 3272/3272/3272 3269/3269/3269 3267/3267/3267
f 3271/3271/3271 3276/3276/3276 3278/3278/3278 3270/3270/3270
f 3279/3279/3279 3280/3280/3280 3278/3278/3278 3276/3276/3276
f 3274/3274/3274 3282/3282/3282 3281/3281/3281 3273/3273/3273
f 3281/3281/3281 3283/3283/3283 3279/3279/3279 3276/3276/3276
f 3282/3282/3282 3284/3284/3284 3283/3283/3283 3281/3281/3281
f 3285/3285/3285 3275/3275/3275 3272/3272/3272 3277/3277/3277
f 3286/3286/3286 3277/3277/3277 3267/3267/3267 3265/3265/3265
f 3286/3286/3286 3287/3287/3287 3285/3285/3285 3277/3277/3277
f 3252/3252/3252 3288/3288/3288 3255/3255/3255 3248/3248/3248
f 3289/3289/3289 3288/3288/3288 3252/3252/3252
f 3290/3290/3290 3291/3291/3291 3292/3292/3292
f 3290/3290/3290 3292/3292/3292 3293/3293/3293 3294/3294/3294
f 3295/3295/3295 3298/3298/3298 3296/3296/3296 3297/3297/3297
f 3299/3299/3299 3300/3300/3300 3301/3301/3301
f 3302/3302/3302 3303/3303/3303 3304/3304/3304
f 3305/3305/3305 3306/3306/3306 3307/3307/3307
f 3308/3308/3308 3309/3309/3309 3310/3310/3310
f 3308/3308/3308 3310/3310/3310 3309/3309/3309
