# exported by v3d-codec
mtllib model.mtl
o surface_9
v -0.14006245 0.7265482 -0.28099814
v -0.13850012 0.72700226 -0.28064683
v -0.13886622 0.72502196 -0.28562307
v -0.13909075 0.72534204 -0.28466672
v -0.21283604 0.6722696 -0.283683
v -0.2123094 0.68155533 -0.27678722
v -0.21750623 0.6938533 -0.29882655
v -0.21218973 0.6802777 -0.27918664
v 0.13605697 0.72664386 -0.28476128
v 0.11562231 0.7097961 -0.280182
v 0.111778334 0.697889 -0.28860456
v -0.065923125 0.24306375 -0.18999402
v -0.07437538 0.22291487 -0.19400631
v -0.07694402 0.21996352 -0.18292892
v 0.13605697 0.72664386 -0.28476128
v 0.14592938 0.7094926 -0.28258714
v 0.13632728 0.7193403 -0.27409098
v -0.083372734 0.06254858 -0.26109874
v -0.08850126 0.04287526 -0.26234153
v -0.08877466 0.056489587 -0.2593515
v 0.050499767 0.06178534 -0.24896552
v 0.09175703 0.0577057 -0.26026362
v 0.082247466 0.05949852 -0.25656328
v -0.051817797 0.003777355 -0.11673561
v -0.055915654 0.006611705 -0.07182039
v -0.051623195 0.002865702 -0.11101913
v 0.12888058 0.008636087 0.03368795
v 0.08826879 0.008193582 0.02826959
v 0.1225739 0.006136954 0.03832134
v 0.020166775 0.3159235 0.15375862
v 0.034296207 0.32079545 0.15372269
v 0.04917027 0.32419598 0.14868736
v 0.033364028 0.31706116 0.14865926
v -0.057563167 0.5374797 0.29128
v -0.05555729 0.5408247 0.29435283
v -0.047266178 0.5621243 0.30194128
v -0.09437304 0.96345174 0.19518325
v -0.052116867 0.96362823 0.21181482
v -0.08557643 0.9650136 0.20191258
v 0.082173266 0.9797609 0.0012423503
v 0.07069731 0.999469 -0.08666992
v 0.07832335 0.9889507 -0.04198141
v 0.30300915 0.6725476 0.19895259
v 0.30147493 0.67074347 0.24601215
v 0.30241454 0.673851 0.20088561
v -0.14006245 0.7265482 -0.28099814
v -0.13909075 0.72534204 -0.28466672
v -0.096469216 0.7400582 -0.27875692
v -0.13886622 0.72502196 -0.28562307
v -0.13886622 0.72502196 -0.28562307
v -0.13850012 0.72700226 -0.28064683
v -0.096469216 0.7400582 -0.27875692
v -0.10429813 0.7274452 -0.2968449
v -0.10295962 0.7236952 -0.28695333
v -0.096469216 0.7400582 -0.27875692
v -0.14886901 0.30864072 -0.08612355
v -0.16170804 0.31844717 -0.07775394
v -0.15431835 0.2974283 -0.08409828
v -0.21283604 0.6722696 -0.283683
v -0.21218973 0.6802777 -0.27918664
v -0.2123094 0.68155533 -0.27678722
v -0.30183756 0.47061726 -0.25526997
v -0.28007555 0.50215137 -0.27725953
v -0.28238004 0.46590874 -0.27403808
v -0.30313444 0.47054574 -0.22694707
v -0.30289364 0.5051713 -0.21377297
v -0.30147326 0.47112834 -0.19425897
v -0.30245697 0.5055521 -0.24992028
v -0.3022601 0.54206324 -0.24267368
v -0.2813183 0.54004186 -0.27555293
v -0.28043193 0.47918534 -0.164985
v -0.30235475 0.52439564 -0.1621035
v -0.30195683 0.4972458 -0.1780658
v -0.30287445 0.5406551 -0.19841117
v -0.3027814 0.5738202 -0.17247245
v -0.30263704 0.58176535 -0.23718263
v -0.30299795 0.5589513 -0.13780846
v -0.2846684 0.5300627 -0.11787659
v -0.28197765 0.59005857 -0.094646074
v -0.27827102 0.6256914 -0.09862401
v -0.29055852 0.64074445 -0.11022917
v -0.30272722 0.6298905 -0.18165419
v -0.2971447 0.62202746 -0.074030675
v -0.29720753 0.6585293 -0.09017439
v -0.2972051 0.6674334 -0.052344542
v -0.29719234 0.7022091 -0.111282654
v -0.28508282 0.6916904 -0.14257987
v -0.2971053 0.74637353 -0.13026547
v -0.302728 0.6768316 -0.1958538
v -0.3027287 0.72446334 -0.21359381
v -0.30279046 0.67108846 -0.24461113
v -0.29905754 0.7163311 -0.25426713
v -0.3029495 0.6254111 -0.23792239
v -0.27669746 0.6679323 -0.2791073
v -0.28097653 0.6241827 -0.2752743
v -0.28227955 0.5804977 -0.27417177
v -0.3011616 0.46716467 -0.07343673
v -0.30249393 0.47441548 -0.04152867
v -0.30268222 0.52631897 -0.04758
v -0.30272722 0.5286149 -0.012146495
v -0.3027448 0.5180581 -0.08049881
v -0.2770623 0.56833756 -0.057408124
v -0.30275935 0.4973461 -0.109621584
v -0.29531896 0.45349267 -0.10438101
v -0.30270398 0.4701361 -0.13625957
v -0.2813238 0.5063098 -0.14533317
v -0.27899337 0.56196266 -0.09461505
v -0.27640086 0.60054374 -0.06154812
v -0.28069383 0.5990066 -0.026652193
v -0.28594607 0.5701512 -0.019145701
v -0.29681122 0.6290065 -0.037445664
v -0.29717302 0.63111526 0.0028020826
v -0.2971776 0.6717502 -0.008665112
v -0.29710102 0.7163789 -0.020356525
v -0.29705322 0.7191061 0.030657472
v -0.29718572 0.7109256 -0.06951847
v -0.29709184 0.7615897 -0.03201142
v -0.29714286 0.75629413 -0.08362852
v -0.29691374 0.78820336 -0.14501894
v -0.29709697 0.79779685 -0.09371896
v -0.29749578 0.780825 -0.19159888
v -0.29777443 0.73483443 -0.17233749
v -0.29685277 0.8304474 -0.1535891
v -0.29637235 0.8372211 -0.10165562
v -0.29710025 0.8246763 -0.1998778
v -0.2968539 0.8704666 -0.15704249
v -0.28851885 0.780107 -0.2416968
v -0.29687202 0.8294315 -0.23731486
v -0.29469717 0.8747992 -0.24465248
v -0.29805058 0.77429616 -0.2507058
v -0.29065377 0.7583059 -0.26355118
v -0.26735872 0.75009143 -0.28703648
v -0.27122462 0.7096009 -0.28383732
v -0.30257177 0.47687596 0.02724566
v -0.3019781 0.4708142 0.06284308
v -0.30277228 0.52209544 0.062328078
v -0.30280274 0.52853876 0.024935275
v -0.27634197 0.56838685 0.017282747
v -0.30277473 0.47814798 -0.0077336393
v -0.2770157 0.6013942 0.012546714
v -0.28421557 0.6039471 0.05329004
v -0.2970599 0.63571167 0.045502488
v -0.29708302 0.67530084 0.03851131
v -0.29696423 0.6417508 0.08674213
v -0.29705036 0.7214167 0.08168674
v -0.29695165 0.6793645 0.08551755
v -0.29697752 0.76616573 0.073942125
v -0.29691958 0.72450215 0.12133502
v -0.297042 0.7639113 0.022139987
v -0.296974 0.80707556 0.067578696
v -0.29704255 0.80716234 0.015465607
v -0.29707676 0.804103 -0.04121782
v -0.29691803 0.84402376 0.009978004
v -0.29699528 0.8417953 -0.047484882
v -0.29693496 0.87759304 -0.052220307
v -0.29382432 0.8781077 0.0056136283
v -0.29678792 0.87653327 -0.10732041
v -0.28568614 0.9078636 -0.10781352
v -0.29281652 0.9057506 -0.1590045
v -0.27760524 0.9407379 -0.16226192
v -0.29626894 0.8931773 -0.19772172
v -0.29794413 0.8640982 -0.20017578
v -0.27513403 0.94293666 -0.21256922
v -0.29118282 0.9099105 -0.20653987
v -0.29395562 0.8904489 -0.21461095
v -0.30233645 0.4608545 0.16223057
v -0.2897309 0.46800393 0.17063084
v -0.28309667 0.50192857 0.14393587
v -0.29694992 0.51827407 0.14992435
v -0.29490215 0.5435487 0.102274396
v -0.29027128 0.5653641 0.1007408
v -0.30269426 0.5002495 0.10019847
v -0.27606058 0.56897426 0.05702016
v -0.27720988 0.5677843 0.08973051
v -0.28918952 0.6084752 0.09573811
v -0.29942304 0.6128915 0.10335215
v -0.29887497 0.64811647 0.12036359
v -0.3023218 0.6077574 0.104081176
v -0.29578483 0.5673384 0.118630596
v -0.30234593 0.57630265 0.16165686
v -0.3021838 0.6160739 0.15557152
v -0.3020385 0.61986816 0.20080748
v -0.30228686 0.65501827 0.15664868
v -0.30211025 0.6592976 0.19625731
v -0.30009657 0.69269973 0.1565842
v -0.3020181 0.6975734 0.19457744
v -0.29666835 0.68328726 0.124948874
v -0.29421675 0.73076314 0.15885326
v -0.29668295 0.7701795 0.15930122
v -0.3011136 0.73666084 0.19531645
v -0.2969039 0.7682789 0.11860593
v -0.29677016 0.80920243 0.15946653
v -0.2962938 0.80838317 0.11480381
v -0.29677165 0.8471339 0.11131072
v -0.29676545 0.8450303 0.06331498
v -0.29617512 0.883075 0.10974725
v -0.29623908 0.88018656 0.06024497
v -0.29633027 0.9126439 0.05825996
v -0.28192425 0.9116534 0.111024804
v -0.29723245 0.91153896 0.0018300706
v -0.28245884 0.9401661 0.054503668
v -0.29610974 0.9117162 -0.055744372
v -0.283113 0.93923897 -0.0013698542
v -0.2827586 0.9399268 -0.05722325
v -0.28036547 0.9423291 -0.10887308
v -0.28855252 0.46779498 0.26638857
v -0.26537323 0.4700571 0.28931716
v -0.26308417 0.503761 0.29271972
v -0.30225694 0.5043662 0.24941976
v -0.29911685 0.46310443 0.23956187
v -0.30100298 0.4583651 0.20551254
v -0.30244637 0.5091273 0.22817433
v -0.3008814 0.5426836 0.24793695
v -0.30243272 0.5169449 0.21190526
v -0.3025021 0.48706543 0.17975518
v -0.30235225 0.54518795 0.22020818
v -0.30238038 0.5400327 0.18185234
v -0.30214983 0.58111346 0.20801683
v -0.3021959 0.62026 0.23552676
v -0.30232924 0.58007544 0.24171229
v -0.30198288 0.66092056 0.23239033
v -0.2934618 0.660977 0.2607611
v -0.3019814 0.7005155 0.23086545
v -0.292808 0.7009003 0.2613235
v -0.30191332 0.7403718 0.23181364
v -0.28972048 0.7405079 0.2633199
v -0.29257149 0.77630866 0.23177736
v -0.293316 0.7738684 0.19752643
v -0.28068978 0.77555704 0.2607517
v -0.26525342 0.7378785 0.2880464
v -0.26373315 0.8021033 0.25105566
v -0.23480724 0.7899244 0.29230076
v -0.29670632 0.8072131 0.23676085
v -0.2643047 0.83537406 0.25626138
v -0.29669058 0.8091719 0.19950795
v -0.29535484 0.8427098 0.23966244
v -0.29686016 0.84707725 0.19988868
v -0.29679054 0.8486836 0.15714464
v -0.29672986 0.8843654 0.19711101
v -0.2968228 0.8860002 0.15423395
v -0.28135175 0.913075 0.15132053
v -0.28148675 0.9129958 0.19241486
v -0.29400176 0.87854314 0.23719598
v -0.27662635 0.9399878 0.19058622
v -0.2792105 0.935225 0.22792329
v -0.27687007 0.94150114 0.15000059
v -0.2541877 0.9613165 0.18933702
v -0.2795508 0.94104433 0.110289685
v -0.25553215 0.96297723 0.14793469
v -0.2589227 0.96077687 0.10154422
v -0.26221186 0.9629162 0.048859406
v -0.26026958 0.9595434 -0.004331862
v -0.28615332 0.50385094 0.2712103
v -0.26423317 0.5393896 0.292344
v -0.28593683 0.54060113 0.27097124
v -0.28874713 0.57849634 0.26747155
v -0.29192913 0.6194059 0.2635598
v -0.27144206 0.6176642 0.28402185
v -0.2729044 0.65923923 0.28188717
v -0.27053237 0.69884163 0.2835906
v -0.25302893 0.7730528 0.2904216
v -0.24785684 0.8273623 0.29249674
v -0.24873067 0.862919 0.28844875
v -0.26276255 0.86751115 0.2554244
v -0.23796804 0.8932483 0.2836048
v -0.2638976 0.8967807 0.25787672
v -0.28119302 0.90630317 0.22712436
v -0.26435965 0.92464936 0.26077235
v -0.25758332 0.94482577 0.2555085
v -0.25678068 0.9591863 0.22669196
v -0.22229712 0.9112924 0.2800724
v -0.22505027 0.9513589 0.26633793
v -0.26741552 0.57711965 0.28873077
v -0.2778839 0.45045573 -0.20861612
v -0.27651918 0.44977415 -0.17604263
v -0.28265375 0.44755214 -0.13919039
v -0.2721961 0.7820009 -0.23649995
v -0.26914465 0.7797346 -0.24934514
v -0.25491542 0.77977705 -0.27794474
v -0.28000355 0.6367679 -0.10686661
v -0.25927788 0.95826256 -0.056689374
v -0.2543779 0.962623 -0.11305531
v -0.24255389 0.9628099 -0.1724784
v -0.23694082 0.96282184 -0.22256172
v -0.27147645 0.9389151 -0.24979746
v -0.23571035 0.9506624 -0.26512694
v -0.23913753 0.57539165 0.30188218
v -0.24786392 0.6155527 0.3000755
v -0.23420373 0.5383855 0.30168107
v -0.25139326 0.6563305 0.29792848
v -0.2470844 0.6949316 0.30056414
v -0.2385848 0.73246896 0.30134767
v -0.23269957 0.5044696 0.30177188
v -0.23075123 0.47021598 0.3008542
v -0.2517624 0.5377039 -0.3003614
v -0.25075477 0.5791043 -0.2987955
v -0.25269002 0.49735028 -0.30021968
v -0.2549045 0.4611996 -0.28930765
v -0.2486785 0.6220177 -0.3012478
v -0.21750623 0.6938533 -0.29882655
v -0.24135903 0.66434187 -0.301642
v -0.2344723 0.74255407 -0.30152845
v -0.21283604 0.6722696 -0.283683
v -0.21312708 0.66472137 -0.28407156
v -0.20181172 0.69769734 -0.29624894
v -0.18451136 0.6930206 -0.2859809
v -0.18289289 0.6894438 -0.2848569
v -0.27893627 0.4546381 -0.24022914
v -0.25328207 0.4417492 -0.25896475
v -0.25116253 0.4230844 -0.22536482
v -0.22158234 0.43744063 -0.2672753
v -0.2196765 0.45699522 -0.29548115
v -0.22089176 0.41329333 -0.23964858
v -0.25640243 0.41912276 -0.18630931
v -0.25755233 0.42364326 -0.14346264
v -0.26506007 0.43354267 -0.10415964
v -0.22147216 0.41109452 -0.11252661
v -0.23419191 0.4094809 -0.087829724
v -0.27349174 0.4415604 -0.07170846
v -0.24877469 0.41516483 -0.070168674
v -0.22026561 0.3979447 -0.07534011
v -0.23404096 0.3861968 -0.09464371
v -0.25338835 0.42011803 -0.039565224
v -0.27781576 0.44805145 -0.03953928
v -0.22635843 0.4075511 -0.04091132
v -0.2268716 0.41267228 -0.15038474
v -0.20334388 0.3996494 -0.14385492
v -0.20114972 0.41124725 -0.11414568
v -0.21094364 0.41191104 -0.19572085
v -0.21167478 0.39131817 -0.19236387
v -0.25600255 0.42141047 -0.0060627484
v -0.2267649 0.4053849 -0.006771379
v -0.22675958 0.40916854 0.024356512
v -0.256837 0.4194939 0.027018212
v -0.25421357 0.41608286 0.061852567
v -0.22253442 0.4022958 0.055637237
v -0.22208938 0.39918113 0.049027562
v -0.22821665 0.41202888 0.11177561
v -0.23445323 0.39473268 0.095380634
v -0.2755878 0.44515523 0.06314029
v -0.26812327 0.43653682 0.100179136
v -0.25873297 0.425857 0.13731839
v -0.2993083 0.45910573 0.099992834
v -0.28519428 0.4492837 0.14206946
v -0.2805947 0.45059785 0.17478593
v -0.2539369 0.4176735 0.17036076
v -0.24785206 0.41592923 0.20004678
v -0.27467448 0.4444831 0.20125441
v -0.2717613 0.44225734 0.22823565
v -0.243773 0.41671062 0.22744696
v -0.2661165 0.44750902 0.250305
v -0.23245952 0.42526954 0.2515866
v -0.28035343 0.44732875 0.02799942
v -0.28192955 0.44680008 -0.006005755
v -0.16170804 0.31844717 -0.07775394
v -0.18676297 0.32535583 -0.1042483
v -0.17423724 0.31158638 -0.116736904
v -0.22188735 0.3253736 -0.095153734
v -0.20289598 0.34033045 -0.12072219
v -0.19030848 0.36272007 -0.123140715
v -0.21923558 0.33268535 -0.060951754
v -0.18774071 0.32530832 -0.03591
v -0.21748288 0.3328641 -0.03408468
v -0.15365753 0.32142705 -0.028646382
v -0.15544647 0.32025746 -0.0036533102
v -0.18866536 0.32533082 -0.06719919
v -0.18759379 0.3252586 -0.004335492
v -0.15231739 0.320832 0.024938723
v -0.21976425 0.33123058 -0.0056731836
v -0.21940362 0.33169788 0.024642382
v -0.18744451 0.3252349 0.026231378
v -0.18737683 0.32521388 0.058503143
v -0.21893415 0.33134037 0.057285834
v -0.17423251 0.32538515 0.10159496
v -0.22015315 0.32982147 0.08776411
v -0.22123645 0.32869712 0.11281736
v -0.18461925 0.33783183 0.11989062
v -0.15937804 0.32169214 0.054751508
v -0.148582 0.31629932 0.09703522
v -0.22038974 0.32938898 -0.08028398
v -0.2264626 0.35911506 -0.12029788
v -0.18873513 0.38852832 -0.121158406
v -0.21513794 0.38942158 -0.121387035
v -0.19811134 0.33798626 -0.13727896
v -0.21557346 0.35907155 -0.19124001
v -0.21477586 0.32263005 -0.18913397
v -0.20506415 0.36421537 -0.15559475
v -0.20706747 0.2860357 -0.18498811
v -0.20726807 0.29862237 -0.14822833
v -0.20252493 0.2777291 -0.15676816
v -0.17652243 0.28652185 -0.12057507
v -0.13946871 0.2838722 -0.1055453
v -0.21074618 0.39512044 -0.15186456
v -0.18165362 0.26358703 -0.16675845
v -0.14953414 0.2583732 -0.14447074
v -0.16560628 0.26807022 -0.1346983
v -0.14408515 0.2657185 -0.1161926
v -0.122072145 0.2622708 -0.12357834
v -0.13397563 0.26187778 -0.11166196
v -0.14445734 0.29588947 -0.095590055
v -0.23098937 0.35963595 -0.09043079
v -0.21915808 0.3638639 -0.070881195
v -0.22027285 0.37570006 -0.043643523
v -0.22452153 0.3637895 -0.020697784
v -0.22224067 0.36610955 -0.033154413
v -0.22458632 0.3631791 -0.006971017
v -0.22238424 0.36182976 0.008897222
v -0.22077313 0.3624035 0.056389075
v -0.22467653 0.3643192 0.01863276
v -0.23333241 0.36206657 0.08914334
v -0.224825 0.35681826 0.1206519
v -0.2218401 0.384521 0.12148072
v -0.18713874 0.6593183 -0.2974592
v -0.2740931 0.7854681 -0.23630394
v -0.27269095 0.7867361 -0.24681036
v -0.18687883 0.37972772 0.121998526
v -0.21945275 0.4085295 0.11609382
v -0.188681 0.3552348 0.12568973
v -0.18646441 0.40634713 0.118876554
v -0.212478 0.41114438 0.11403599
v -0.20304786 0.39400148 0.1612427
v -0.21009547 0.31641018 0.15029538
v -0.20536444 0.35617292 0.15130456
v -0.17749637 0.28839076 0.11640299
v -0.21565007 0.35410094 0.18063547
v -0.21557346 0.31552505 0.17706473
v -0.21231005 0.38839722 0.18018991
v -0.21583945 0.41278207 0.17455603
v -0.2070068 0.41424215 0.14310826
v -0.16163088 0.27783275 0.101699054
v -0.20414624 0.28004962 0.15555798
v -0.19191429 0.2792349 0.14182164
v -0.16513883 0.28002346 0.1307026
v -0.20220193 0.316984 0.20716153
v -0.20256895 0.35401464 0.20854963
v -0.20366867 0.38674164 0.20378184
v -0.21034573 0.41163424 0.19818723
v -0.20205534 0.2871902 0.18303537
v -0.19390365 0.28720188 0.196126
v -0.1593861 0.26165837 0.13887197
v -0.1426684 0.27267122 0.108417615
v -0.12491734 0.25842297 0.11910629
v -0.12205974 0.2619266 0.14568172
v -0.1419582 0.26112586 0.15818724
v -0.1626926 0.2613623 0.17923017
v -0.18032405 0.26676548 0.1568188
v -0.16705 0.28582332 0.19944553
v -0.20023032 0.28403306 0.15994333
v 0.27643144 0.7751225 -0.25546777
v 0.29886657 0.73484135 -0.24171764
v 0.2831875 0.7367052 -0.26763788
v 0.28227407 0.696168 -0.2694425
v 0.28171158 0.65427804 -0.2708996
v 0.29851955 0.6951308 -0.24394375
v 0.28060955 0.6082049 -0.2729448
v 0.29791367 0.6529586 -0.2466627
v 0.27893668 0.5604872 -0.2753622
v 0.29710507 0.6067691 -0.24907759
v 0.29808837 0.5615589 -0.25072914
v 0.30068415 0.5205406 -0.25206286
v 0.30094856 0.562389 -0.21906015
v 0.29934704 0.48331383 -0.25149927
v 0.30141383 0.5227046 -0.2186435
v 0.28867733 0.45680326 -0.25001034
v 0.30161607 0.4866132 -0.21822578
v 0.25827026 0.9323951 -0.26465005
v 0.27719343 0.90354806 -0.23587504
v 0.24830255 0.8965076 -0.26858833
v 0.27771473 0.90100867 -0.23064694
v 0.27891672 0.91188264 -0.21924214
v 0.26872408 0.9473607 -0.22427732
v 0.29421133 0.87836075 -0.22888167
v 0.2947681 0.8822808 -0.19751985
v 0.294438 0.84264016 -0.20403898
v 0.2948134 0.8384899 -0.23599854
v 0.29189622 0.79991555 -0.23625676
v 0.296933 0.7715436 -0.23901223
v 0.29487687 0.8022811 -0.20658208
v 0.29981935 0.7327701 -0.20958804
v 0.29603755 0.7680533 -0.20802647
v 0.3000478 0.69366163 -0.21230097
v 0.29442757 0.73143864 -0.17768537
v 0.3003838 0.6514936 -0.21563545
v 0.29993296 0.6917544 -0.17809185
v 0.30068117 0.6064296 -0.21851794
v 0.30021077 0.65054667 -0.18044785
v 0.3005836 0.60642016 -0.18217121
v 0.3008532 0.5624858 -0.18208069
v 0.3008073 0.56322974 -0.14463079
v 0.301126 0.5246778 -0.18266678
v 0.30131954 0.49043703 -0.18296802
v 0.29728675 0.5264331 -0.14535795
v 0.2955228 0.4564701 -0.21776716
v 0.29211217 0.462695 -0.18368378
v 0.29774743 0.46444768 -0.15065023
v 0.28028804 0.94106543 -0.090294056
v 0.2811126 0.94002885 -0.055890538
v 0.2950425 0.91442025 -0.0556646
v 0.2965091 0.9161369 -0.017900001
v 0.2960009 0.9148662 -0.091331415
v 0.2951923 0.8823866 -0.09188628
v 0.27881378 0.91167045 -0.11933395
v 0.27327102 0.94036555 -0.1164672
v 0.27851826 0.91202253 -0.15942287
v 0.2707711 0.945234 -0.16086255
v 0.29494733 0.8844011 -0.12736586
v 0.29493904 0.88487 -0.1636455
v 0.29497147 0.84620184 -0.13233161
v 0.27868086 0.9120587 -0.19311221
v 0.26860863 0.94703007 -0.19505326
v 0.29495448 0.8448879 -0.1686981
v 0.29495764 0.80371416 -0.17338462
v 0.2951342 0.7663852 -0.17552553
v 0.29497045 0.8075515 -0.13953963
v 0.29862255 0.76929736 -0.14730342
v 0.29862356 0.7286841 -0.14616705
v 0.29876828 0.72736406 -0.11090215
v 0.28962946 0.68866104 -0.14425132
v 0.30021882 0.6484155 -0.14499724
v 0.29893136 0.68435603 -0.11202503
v 0.30044043 0.60559905 -0.14393418
v 0.29624373 0.64484894 -0.11024824
v 0.29633605 0.561483 -0.10804375
v 0.30002016 0.6039528 -0.10687854
v 0.291093 0.6042169 -0.0707559
v 0.2988729 0.6414664 -0.070980705
v 0.29024106 0.5652256 -0.07055767
v 0.2932483 0.60405934 -0.028369552
v 0.300439 0.53517616 -0.07045019
v 0.2872215 0.57093835 -0.029443115
v 0.2954833 0.5298696 -0.109339125
v 0.3005095 0.49860415 -0.11054173
v 0.2927817 0.49466568 -0.14752702
v 0.2993207 0.46719652 -0.11049865
v 0.30047268 0.5010981 -0.070485644
v 0.3002445 0.46762943 -0.07112956
v 0.29989892 0.50404096 -0.029711032
v 0.2770788 0.46834463 0.27936485
v 0.2983126 0.4652469 0.24841815
v 0.30228972 0.5011418 0.24924368
v 0.29435265 0.91798717 0.022117337
v 0.29639792 0.8874662 0.023197792
v 0.28063446 0.94073033 -0.019047936
v 0.29620302 0.8901253 0.064294815
v 0.29543465 0.8852203 -0.017562637
v 0.29595137 0.8546405 0.023199301
v 0.29633188 0.8832898 -0.056113224
v 0.29618478 0.84962165 -0.058146756
v 0.2924987 0.84737474 -0.0944299
v 0.29880255 0.81430733 -0.06263033
v 0.2965228 0.85204303 -0.01858253
v 0.2965843 0.811548 -0.10108882
v 0.2987795 0.7712447 -0.10783882
v 0.29883426 0.77405465 -0.06754729
v 0.29883438 0.7276284 -0.0702754
v 0.29886383 0.77559817 -0.02320486
v 0.29885495 0.68184197 -0.07204093
v 0.29886997 0.7289788 -0.025857342
v 0.29888755 0.6824684 -0.027682573
v 0.29891998 0.6410266 -0.027561242
v 0.2989105 0.6862279 0.019391378
v 0.29407716 0.605742 0.016692352
v 0.29892796 0.6439654 0.018194012
v 0.2863691 0.57256335 0.0151750995
v 0.2923994 0.6069508 0.057568938
v 0.29895425 0.6472321 0.061149564
v 0.28623116 0.5723258 0.05673367
v 0.28711957 0.5994173 0.08828555
v 0.30023366 0.5431542 0.014003268
v 0.300245 0.5436316 0.056537263
v 0.2891782 0.5733068 0.09547818
v 0.29984164 0.50635165 0.013227755
v 0.3002053 0.5077462 0.05600642
v 0.298083 0.54187185 0.09890389
v 0.2991898 0.47081926 0.011937407
v 0.29986662 0.46948895 -0.030513305
v 0.3000661 0.4725452 0.05473722
v 0.30024576 0.50844175 0.09840215
v 0.30025506 0.47490415 0.09704873
v 0.29135436 0.5061245 0.13857059
v 0.2999941 0.47515258 0.14018786
v 0.30199236 0.50255007 0.17253095
v 0.29486686 0.53855115 0.13378052
v 0.29418707 0.4726372 0.17644742
v 0.3030784 0.5012166 0.21186148
v 0.30313444 0.5384725 0.17173074
v 0.30087417 0.4668678 0.21173556
v 0.30311066 0.5391574 0.2116003
v 0.3025288 0.53965247 0.24846263
v 0.3029937 0.5807923 0.21153532
v 0.27883035 0.50164515 0.27747947
v 0.27993912 0.53966886 0.2761914
v 0.30115557 0.58144253 0.24720748
v 0.27915984 0.91244847 0.18200342
v 0.26341492 0.95367813 0.1749523
v 0.25320172 0.9599355 0.2146919
v 0.29299986 0.9232668 0.10401279
v 0.2934367 0.9209925 0.0626778
v 0.2930801 0.8928009 0.10455544
v 0.2794178 0.9125606 0.13917412
v 0.2952357 0.86073446 0.1056771
v 0.29484308 0.85749084 0.064798996
v 0.29517317 0.89559597 0.14465515
v 0.29530525 0.86449814 0.14703582
v 0.2953666 0.8666262 0.1900782
v 0.29480922 0.82690877 0.106621034
v 0.29890585 0.8230876 0.06568365
v 0.29533863 0.8303733 0.14774121
v 0.2990806 0.7928934 0.107846476
v 0.29894787 0.78532743 0.067389056
v 0.29383224 0.7989888 0.14652751
v 0.29543406 0.83381575 0.1912648
v 0.29983908 0.77380514 0.14654067
v 0.2990061 0.7503985 0.109878816
v 0.29554886 0.79905117 0.18834141
v 0.29772806 0.75808173 0.18636788
v 0.2914747 0.80736125 0.22740553
v 0.29904574 0.7645513 0.15660447
v 0.30105054 0.7119231 0.17929935
v 0.29899424 0.6996707 0.10807021
v 0.29759836 0.70702505 0.14505307
v 0.29894978 0.69195324 0.06575089
v 0.29894865 0.7395212 0.06670523
v 0.2991383 0.65266985 0.10184889
v 0.2904743 0.6010359 0.08785196
v 0.30121356 0.660787 0.13845134
v 0.302818 0.57628655 0.13215214
v 0.30301672 0.6175164 0.13390799
v 0.30301285 0.5791035 0.17163087
v 0.30301744 0.6231859 0.17275432
v 0.30251294 0.62593687 0.2099686
v 0.30294126 0.62607443 0.2464023
v 0.30241454 0.673851 0.20088561
v 0.28062767 0.5813399 0.27528408
v 0.28103238 0.6254026 0.27443472
v 0.2798769 0.66936696 0.2750662
v 0.30126846 0.71326125 0.25106397
v 0.2769887 0.71153307 0.27754873
v 0.2789734 0.7781106 0.2532044
v 0.2967738 0.7542182 0.25655785
v 0.3028062 0.75725424 0.22137956
v 0.30274498 0.71361256 0.21488024
v 0.26443493 0.78820133 0.251623
v 0.29459637 0.8351228 0.23345149
v 0.29526806 0.86988753 0.2310563
v 0.2688895 0.90547776 0.25299385
v 0.2678573 0.8710098 0.25102052
v 0.28944397 0.90017784 0.22321399
v 0.2572254 0.9453758 0.2522707
v 0.2776842 0.93055487 0.21819048
v 0.29521388 0.8955798 0.18590362
v 0.26798522 0.94913197 0.13365719
v 0.30300915 0.6725476 0.19895259
v 0.30305856 0.66746074 0.17359209
v 0.30147493 0.67074347 0.24601215
v 0.29890865 0.73237514 0.02061602
v 0.2989018 0.7794972 0.02206013
v 0.29888386 0.81955326 0.02295266
v 0.29883927 0.81667006 -0.020608135
v 0.30020875 0.54044133 -0.02940316
v 0.26492822 0.9413656 -0.24870925
v 0.2386339 0.95363617 0.25813293
v 0.2786346 0.5161585 -0.27644172
v 0.25416028 0.5074299 -0.29742795
v 0.2557485 0.5611933 -0.29613125
v 0.26042598 0.73480994 -0.2904521
v 0.25288892 0.775766 -0.27715302
v 0.2594645 0.6968383 -0.2918363
v 0.25973475 0.65593594 -0.29267722
v 0.2593975 0.6103583 -0.29374444
v 0.27830637 0.48019624 -0.27734372
v 0.25736082 0.46930447 -0.2955331
v 0.26935112 0.4552481 -0.27374247
v 0.25719136 0.96091163 -0.09150972
v 0.2622158 0.96068126 -0.056584116
v 0.24861075 0.96280766 -0.12791447
v 0.2613837 0.9604808 -0.02084648
v 0.2566747 0.96027625 0.015406885
v 0.2785383 0.94334674 0.019406563
v 0.27561855 0.9468732 0.0584129
v 0.21806915 0.963073 0.2091089
v 0.22806679 0.963094 0.16630922
v 0.24980365 0.9634049 0.051391494
v 0.24504165 0.9632942 0.08956546
v 0.27289087 0.94990605 0.09832556
v 0.23779881 0.9631769 0.12800016
v 0.24630587 0.46219367 0.2985507
v 0.25042647 0.50001425 0.3010492
v 0.25242263 0.5389254 0.29856893
v 0.25365984 0.58119994 0.2960013
v 0.22115818 0.78264415 0.28733295
v 0.24511234 0.7492477 0.3002707
v 0.27139747 0.75310254 0.28254047
v 0.2475869 0.8771201 0.2792935
v 0.24995835 0.8332237 0.28170353
v 0.26894963 0.832981 0.25220668
v 0.21064885 0.9126408 0.279991
v 0.21699396 0.8829783 0.29551455
v 0.24127305 0.9134333 0.2762072
v 0.25468946 0.6248364 0.29465824
v 0.2529968 0.66695 0.29462102
v 0.2508052 0.70810485 0.2978477
v 0.24297811 0.78836465 0.26663247
v 0.2869922 0.7770997 0.25305963
v 0.26166695 0.44109377 -0.24740657
v 0.25306737 0.45026088 -0.27458116
v 0.23164685 0.44737807 -0.27443287
v 0.23025239 0.456452 -0.29821107
v 0.2053149 0.4486733 -0.2747467
v 0.22528765 0.42459136 -0.2559712
v 0.20200147 0.46855912 -0.30101946
v 0.23209082 0.4275497 -0.25197554
v 0.2729475 0.44787213 -0.2201796
v 0.25456786 0.42473882 -0.22229998
v 0.25446945 0.41845727 -0.18894522
v 0.27238423 0.4461173 -0.18607087
v 0.27521753 0.44496164 -0.14926884
v 0.25318503 0.41965038 -0.15037528
v 0.25466698 0.42369533 -0.11204698
v 0.20409836 0.41270602 0.20430635
v 0.19887862 0.40789562 0.19781062
v 0.20224339 0.4071942 0.19928223
v 0.20848216 0.41225162 0.15239549
v 0.23377936 0.41308144 0.18711661
v 0.26154745 0.4330719 0.13587223
v 0.22576977 0.41311535 0.22900225
v 0.2581827 0.42945683 0.18047656
v 0.18857077 0.41332915 0.23602061
v 0.21634385 0.42253658 0.25911748
v 0.15088414 0.41224426 0.21395753
v 0.13986737 0.42212337 0.25810543
v 0.16099831 0.4059084 0.20577092
v 0.11442465 0.40981007 0.18165362
v 0.12172318 0.4075379 0.2208288
v 0.1091857 0.41146335 0.22747624
v 0.10742405 0.35438034 0.22681701
v 0.27830303 0.44590363 -0.11125105
v 0.27868456 0.44843706 -0.07236667
v 0.25811327 0.42367452 -0.07396357
v 0.25546205 0.42365885 -0.035114508
v 0.22912392 0.4097342 -0.11077008
v 0.23100276 0.40525496 -0.07678787
v 0.20362554 0.3924546 0.121281974
v 0.19476977 0.38641348 0.13800012
v 0.22977905 0.40627426 0.11012489
v 0.23102124 0.41152057 0.11058103
v 0.25880378 0.43025988 0.08926512
v 0.22732106 0.4124627 0.08355389
v 0.285025 0.44961974 0.13784377
v 0.2844509 0.4492497 0.09474095
v 0.2757123 0.45521894 0.17700802
v 0.2549109 0.4248663 0.21853901
v 0.27589464 0.45150912 0.21302447
v 0.23875317 0.4278612 0.24541718
v 0.27385646 0.45185038 0.24367939
v 0.25970984 0.45566663 0.264296
v 0.23972476 0.44866347 0.27227223
v 0.18065758 0.42647457 0.25851429
v 0.2805133 0.44759354 0.010202774
v 0.2787928 0.44769 -0.032524765
v 0.28271532 0.44895735 0.052893262
v 0.2567441 0.42176175 0.00594498
v 0.25521052 0.42595634 0.05038618
v 0.2243782 0.40663695 0.043480407
v 0.22280253 0.40880185 0.00031547458
v 0.22462924 0.40840715 -0.03880987
v 0.18784249 0.40728182 0.12736422
v 0.21278772 0.3680374 0.06950101
v 0.21915847 0.3667625 0.07265619
v 0.02502149 0.4105874 -0.22409613
v -0.030666241 0.38634872 -0.21841006
v -0.032378837 0.41244107 -0.22899361
v 0.0021008062 0.416184 -0.2514863
v 0.035498258 0.42150548 -0.256742
v 0.06981164 0.4252244 -0.25818056
v 0.073559105 0.4069528 -0.22453283
v 0.10578691 0.4121853 -0.2342406
v 0.10311043 0.4269493 -0.26064643
v 0.13646846 0.4270016 -0.25935334
v 0.13069266 0.41224676 -0.2192958
v 0.10920544 0.41112748 -0.22664362
v 0.10841446 0.41223615 -0.2280982
v 0.16866824 0.4122561 -0.22709471
v 0.17352049 0.4245575 -0.2582977
v 0.208923 0.41225135 -0.2301116
v 0.17534678 0.45056984 -0.27637133
v 0.17143823 0.47256368 -0.29775038
v 0.2028638 0.41227898 -0.20386142
v 0.17099237 0.38536716 -0.20726234
v 0.15984832 0.45911306 -0.29748675
v 0.1465771 0.46637285 -0.29135436
v 0.11597471 0.40810332 -0.18237515
v 0.2108221 0.41249758 -0.18863992
v 0.21099795 0.41251805 -0.18049952
v 0.20714015 0.41238326 -0.15907425
v 0.20563288 0.41199702 -0.12224436
v 0.19432749 0.33579397 -0.13593017
v 0.23209856 0.35934073 -0.11734637
v 0.22477749 0.36391455 0.0677166
v 0.2246544 0.372978 0.07793827
v 0.21476455 0.35942078 0.052874807
v 0.22419141 0.36620814 -0.0735128
v 0.22861718 0.32970965 -0.10908761
v 0.21667047 0.32894117 -0.06848117
v 0.21848242 0.36664355 -0.039637156
v 0.21683584 0.3319435 -0.03689862
v 0.21949893 0.37260103 -0.003553073
v 0.22315022 0.36438954 0.033159833
v 0.22034386 0.33498284 0.02804184
v 0.21685742 0.3381045 0.054882735
v 0.23024298 0.34615752 0.09291799
v 0.21999045 0.33491632 -0.0040628817
v 0.250062 0.11051315 0.022616932
v 0.25009835 0.11370543 0.058667086
v 0.25751323 0.09743646 0.058179572
v 0.2367252 0.21863931 0.0888955
v 0.22044863 0.21891454 0.11156043
v 0.22627813 0.17993811 0.114050634
v 0.23025799 0.1779787 0.08878851
v 0.23945032 0.11417276 0.08855551
v 0.22762722 0.1389598 0.11417708
v 0.22618926 0.114240766 0.115149654
v 0.24100599 0.1139994 0.114582755
v 0.24639635 0.11391926 0.08796479
v 0.25599152 0.113355935 0.088755414
v 0.21432428 0.1407741 0.076681554
v 0.25479424 0.11375794 0.117504895
v 0.25513715 0.09344041 0.11796626
v 0.27752215 0.07254073 0.124983266
v 0.2617457 0.06801996 0.09370733
v 0.27996218 0.035095513 0.12846155
v 0.2575724 0.06354874 0.0583375
v 0.25551426 0.03387785 0.059326496
v 0.24853472 0.061090678 0.021029193
v 0.2582624 0.08752209 0.021477327
v 0.25780416 0.033801973 0.020515358
v 0.2541703 0.0092381835 0.061597865
v 0.26215816 0.062907934 -0.014913789
v 0.25689042 0.035236686 -0.01679605
v 0.25735748 0.00614509 0.020232787
v 0.25117815 0.033432662 -0.055278614
v 0.25503743 0.010430574 -0.019500071
v 0.2503792 0.06200421 -0.05191365
v 0.24912103 0.058987617 -0.08189417
v 0.25948906 0.08709949 -0.04947546
v 0.2586236 0.08728799 -0.014091992
v 0.2548313 0.11303982 -0.04982363
v 0.2546721 0.113526225 -0.0136035
v 0.2552423 0.113220066 -0.08545841
v 0.25909388 0.09085742 -0.08529788
v 0.2539338 0.1132361 -0.11896924
v 0.25384468 0.092960715 -0.11978395
v 0.1499218 0.11376321 -0.23220555
v 0.17999093 0.113297254 -0.20445691
v 0.17821246 0.081330955 -0.21515156
v 0.21258272 0.08100167 -0.1838454
v 0.14880471 0.08831146 -0.24729313
v 0.17127813 0.041466504 -0.22606808
v 0.15630066 0.05627656 -0.26191166
v 0.2670321 0.07334596 0.15450248
v 0.25868338 0.013845205 0.15730363
v 0.27459103 0.0049033463 0.13684365
v 0.263111 0.037483305 0.096811496
v 0.25969362 0.00956586 0.09956245
v 0.2800784 0.018556595 -0.1327691
v 0.2603575 0.02150461 -0.09334182
v 0.24516064 0.0047704875 -0.09872822
v 0.22420785 0.0047016144 -0.14239965
v 0.24472061 0.022213817 -0.15836135
v 0.27920216 0.033391535 -0.13135833
v 0.24871056 0.05204168 -0.15667859
v 0.2806968 0.054978102 -0.13033105
v 0.2579944 0.04162556 -0.08809695
v 0.24705723 0.08007842 -0.15517473
v 0.27596682 0.08156115 -0.12725866
v 0.20857617 0.04666239 -0.18774061
v 0.2039838 0.01345548 -0.19342509
v 0.209712 0.11318898 -0.17420085
v 0.16650225 0.018850267 -0.23141445
v 0.15396471 0.028059334 -0.27325863
v 0.25929403 0.0077789724 -0.059799924
v 0.24461742 0.11346847 0.13948281
v 0.20284075 0.14439917 0.078812756
v 0.19443062 0.11381385 0.11138077
v -0.23030472 0.12636396 -0.114471704
v -0.2599823 0.10792905 -0.11346313
v -0.23446627 0.124459684 -0.10802809
v -0.2580856 0.11187744 -0.07496791
v -0.22600335 0.114148974 -0.07688867
v -0.21045177 0.14164716 -0.07260205
v -0.23738779 0.11377078 -0.037622552
v -0.2582925 0.11327824 -0.040077347
v -0.26269794 0.08266994 -0.04411948
v -0.26199532 0.07102081 -0.009184924
v -0.26011205 0.09335926 -0.0060393484
v -0.25841498 0.113372475 -0.0023431364
v -0.21862443 0.13311279 -0.0342237
v -0.22141632 0.12392008 0.005697684
v -0.21822736 0.11594722 0.048820272
v -0.20133477 0.15380025 -0.030545611
v -0.20673239 0.1548321 0.009524193
v -0.20970917 0.14316893 0.06200562
v -0.21736659 0.15075412 0.07635231
v -0.2441714 0.114071816 0.09236208
v -0.25975603 0.11338535 0.099509925
v -0.23829074 0.113970816 0.10335549
v -0.23242281 0.11383748 0.11432799
v -0.17889938 0.11529207 0.13882938
v -0.20741166 0.11823076 0.10360565
v -0.20569624 0.14504388 0.07642485
v -0.25834763 0.11352152 0.07025496
v -0.25134295 0.110170126 0.03645638
v -0.24973726 0.11270699 0.11844656
v -0.27786678 0.092886 0.1311776
v -0.23896125 0.113247484 0.14845781
v -0.2118081 0.113261014 0.17585236
v -0.14985749 0.113884866 0.1715587
v -0.18324897 0.11366773 0.20356986
v -0.12665665 0.11395976 0.20289405
v -0.15859622 0.113511235 0.22913507
v -0.07536356 0.114138275 0.21636148
v -0.09714944 0.11912945 0.23337477
v -0.108401254 0.1135681 0.25769848
v -0.07425396 0.14140254 0.20813555
v -0.05153792 0.1161342 0.22167972
v -0.054562606 0.113824606 0.25639912
v -0.053809576 0.14572585 0.20611605
v -0.026011994 0.11821079 0.22489241
v -0.028890865 0.14764065 0.21016292
v 0.0035964549 0.14388171 0.21364069
v 0.033823717 0.118293524 0.2229363
v 0.037848268 0.14295349 0.21199849
v -0.11528761 0.11752689 0.22856086
v -0.13519318 0.11374378 0.24861814
v -0.07438516 0.11391777 0.25638843
v -0.026739083 0.11377782 0.2564491
v 0.0033669574 0.117416084 0.22544749
v 0.0029598381 0.11370772 0.25658542
v 0.029739145 0.11399108 0.25589475
v 0.062801436 0.114777714 0.2220268
v 0.057268843 0.11368281 0.25622624
v 0.07171216 0.1442186 0.21003738
v 0.08238694 0.115766734 0.23770344
v 0.08164449 0.11126885 0.2564162
v 0.100548275 0.11434361 0.23621905
v 0.104631625 0.09708968 0.25841093
v -0.2633394 0.06866658 0.09426303
v -0.28198355 0.0727323 0.13031158
v -0.19370715 0.14212948 0.096836306
v -0.1690757 0.14612067 0.13204831
v -0.13899107 0.13934249 0.16729511
v -0.10169561 0.1401549 0.19393307
v -0.099543765 0.15697035 0.1960864
v -0.0832526 0.15412787 0.22709183
v -0.15431835 0.2974283 -0.08409828
v -0.19081059 0.25246888 -0.08753671
v -0.20255873 0.2552734 -0.070244975
v -0.19123997 0.22903788 -0.062460348
v -0.19767265 0.2030347 -0.038564455
v -0.19916022 0.2038211 0.005358173
v -0.19219984 0.22623193 -0.063042946
v -0.1939596 0.23212317 -0.0017052306
v -0.19216779 0.2251538 0.063747965
v -0.1666967 0.25531602 -0.008154551
v -0.16624954 0.25305328 0.036355272
v -0.16961525 0.27143753 -0.052160453
v -0.16121897 0.3006306 -0.040217057
v -0.15074073 0.28894836 -0.0073920432
v -0.15365753 0.32142705 -0.028646382
v -0.14886901 0.30864072 -0.08612355
v -0.15544647 0.32025746 -0.0036533102
v -0.15231739 0.320832 0.024938723
v -0.15087225 0.28647935 0.024327293
v -0.19196568 0.22789243 0.05239017
v -0.19431041 0.20105943 0.054681305
v -0.16170804 0.31844717 -0.07775394
v -0.20583344 0.21304157 -0.07137899
v -0.18952085 0.22398782 -0.072054386
v -0.22786829 0.23043612 -0.0824151
v -0.21551372 0.1911296 -0.07845092
v -0.23941536 0.19790822 -0.09203747
v -0.21197549 0.14932844 -0.073410414
v -0.24235387 0.15951458 -0.09256441
v -0.18033855 0.2254776 -0.088789746
v -0.1774589 0.22955984 -0.08849918
v -0.19488604 0.21789727 -0.08728487
v -0.21278659 0.22846234 -0.10313908
v -0.20352998 0.19199154 -0.09766423
v -0.20499875 0.16874498 -0.095447205
v -0.22521372 0.16522503 -0.10947717
v -0.2036631 0.15426421 -0.08644834
v -0.22942255 0.1996009 -0.112256214
v -0.17924069 0.22611642 0.08861333
v -0.17667054 0.21124592 0.096267715
v -0.15054624 0.19536662 0.11785849
v -0.1585446 0.22031268 0.119585186
v -0.116189845 0.18871939 0.14007555
v -0.17028472 0.23357901 0.08529411
v -0.14727598 0.23666516 0.105798155
v -0.09193317 0.22489828 0.17810275
v -0.128711 0.23447233 0.13483176
v -0.13148499 0.21420616 0.14939219
v -0.14020722 0.25568575 0.10145529
v -0.15346722 0.26996922 0.08641841
v -0.123231746 0.24508315 0.12223848
v -0.099072926 0.23777175 0.15203771
v -0.11281173 0.21931529 0.22576235
v -0.088633925 0.21824694 0.22713351
v -0.07063465 0.25422132 0.20068039
v -0.100248374 0.20728296 0.19735304
v -0.099543765 0.15697035 0.1960864
v -0.096140236 0.24216151 0.19025277
v -0.08627664 0.25218073 0.1654114
v -0.09139169 0.26907516 0.14810538
v -0.10612924 0.25450766 0.1370406
v -0.06558172 0.2664593 0.1889758
v -0.06043099 0.27589872 0.17914374
v -0.08322625 0.28708243 0.15398219
v -0.108945124 0.16296864 0.22301215
v -0.0832526 0.15412787 0.22709183
v -0.15841794 0.24821216 0.08159061
v -0.16163088 0.27783275 0.101699054
v -0.1426684 0.27267122 0.108417615
v -0.12491734 0.25842297 0.11910629
v -0.19544742 0.22079954 0.095565155
v -0.1933617 0.24612775 0.08818766
v -0.1790825 0.26617247 0.085299686
v -0.20475489 0.24775338 0.0720746
v -0.18631195 0.26891673 0.061734784
v -0.23016304 0.22831586 0.08845022
v -0.21997316 0.22641939 0.106931
v -0.1687119 0.27452147 0.08347137
v -0.22777449 0.18615699 0.11396016
v -0.21492061 0.22071579 0.07682835
v -0.21103235 0.17921317 0.07708124
v -0.23255911 0.18266562 0.0883953
v -0.16248411 0.29346538 0.052148964
v -0.15937804 0.32169214 0.054751508
v -0.148582 0.31629932 0.09703522
v -0.15939036 0.2949179 0.07908009
v -0.1497738 0.09079406 0.2671999
v -0.1175557 0.08321446 0.27023384
v -0.0892538 0.07967603 0.26257193
v -0.12246011 0.04740855 0.28005612
v -0.060213044 0.077314794 0.26138303
v -0.0959915 0.044407368 0.26114622
v -0.030187376 0.075736225 0.2609797
v -0.032661654 0.03994584 0.24853492
v -0.000090778456 0.07435694 0.2614779
v 0.029293269 0.07357904 0.2621273
v 0.14668028 0.09374389 0.26509848
v 0.14678968 0.11371827 0.23792008
v 0.11714189 0.114197195 0.22614701
v 0.17131113 0.077739924 0.22665043
v 0.21337143 0.11379564 0.1685457
v 0.20683189 0.07699782 0.19111918
v 0.20851138 0.03735584 0.19235078
v 0.23514028 0.07078081 0.16178314
v 0.2304681 0.023272187 0.16687827
v 0.22846544 0.11346337 0.15564781
v 0.2670321 0.07334596 0.15450248
v -0.06465368 0.042465597 0.25216696
v -0.09999987 0.010314852 0.25756153
v -0.067829505 0.008545518 0.25732905
v -0.12696916 0.005752653 0.2692028
v -0.15057568 0.004715413 0.26700032
v -0.15251581 0.051673383 0.27117568
v -0.033825953 0.0071537197 0.2581528
v -0.00048766413 0.009035468 0.2564229
v -0.00094948756 0.04049334 0.25248986
v 0.033444226 0.0052357316 0.25606212
v 0.030736975 0.038123667 0.24919733
v 0.060757276 0.03878823 0.25314355
v 0.064621665 0.0067327023 0.25444835
v 0.05760986 0.07248235 0.26172534
v 0.08936323 0.037911057 0.25899675
v 0.08437772 0.07034758 0.2614173
v 0.10912747 0.07008815 0.27019224
v 0.12431787 0.09382072 0.2618278
v 0.13417101 0.06926677 0.27952915
v 0.15418263 0.0705916 0.25815737
v 0.15580602 0.03976649 0.24938074
v 0.18030122 0.042185992 0.22234294
v 0.18562555 0.016652405 0.21294841
v 0.19920948 0.006711155 0.1842034
v 0.17870109 0.015120447 0.21672869
v 0.15526535 0.008876324 0.241624
v 0.21771014 0.005376965 0.1544062
v 0.24431546 0.0052304566 0.13577802
v 0.25868338 0.013845205 0.15730363
v 0.27459103 0.0049033463 0.13684365
v 0.27996218 0.035095513 0.12846155
v 0.093581766 0.0081168115 0.25429332
v 0.118924916 0.005768299 0.2635888
v 0.113556415 0.035708636 0.27426642
v 0.14715749 0.0055601597 0.26901123
v 0.14212877 0.036126256 0.27734858
v 0.24461742 0.11346847 0.13948281
v 0.09957849 0.18340153 0.2077023
v 0.10180763 0.1416921 0.19977586
v 0.12073835 0.13845184 0.18202803
v 0.088513024 0.22505191 0.17723267
v 0.106043234 0.22319561 0.22207475
v 0.09918313 0.21446738 0.20042232
v 0.096371785 0.24475616 0.19939111
v 0.106397964 0.18453822 0.23248293
v 0.10328387 0.15007362 0.23201086
v 0.1074759 0.14435738 0.21789126
v 0.08447488 0.2810793 0.15639412
v 0.085534595 0.2697497 0.16194622
v 0.087839514 0.24878737 0.14696138
v 0.0899785 0.2585956 0.18067288
v 0.10460239 0.25883883 0.13464989
v 0.0846712 0.23534003 0.16057353
v -0.24514219 0.08168283 0.15392749
v -0.21460797 0.08382645 0.1814416
v -0.18779251 0.08472258 0.20954834
v -0.24650511 0.05272785 0.16043648
v -0.279083 0.046830535 0.14297383
v -0.27595878 0.022453785 0.14396265
v -0.2154308 0.052789837 0.18651211
v -0.21323766 0.021848232 0.19048071
v -0.18824036 0.05251175 0.21394913
v -0.16027157 0.05381933 0.23995377
v -0.16052452 0.026879728 0.2416134
v -0.16178635 0.08394158 0.23529972
v -0.27079737 0.005018562 0.13850942
v -0.22706106 0.005419284 0.15602219
v -0.23989365 0.026431054 0.16026455
v -0.19604881 0.004976958 0.17978811
v -0.18838148 0.019044876 0.21984857
v -0.15732816 0.006588578 0.23954166
v -0.16943999 0.0050626993 0.20625032
v 0.14965348 0.11410615 0.16047165
v 0.14428355 0.13978142 0.15669174
v 0.17200516 0.11481774 0.13369903
v 0.1701956 0.14182073 0.13222262
v 0.19338915 0.14136446 0.098399326
v 0.18628949 0.11399138 0.117835335
v 0.19443062 0.11381385 0.11138077
v 0.22618926 0.114240766 0.115149654
v 0.19492275 0.15192536 0.098174885
v 0.22762722 0.1389598 0.11417708
v 0.17402846 0.15454829 0.092562124
v 0.14963184 0.28905118 0.09782177
v 0.18903108 0.2615137 0.075312965
v 0.15094084 0.3020929 0.05759422
v 0.1838349 0.2340231 0.09315879
v 0.1825378 0.2285105 0.08733994
v 0.20228909 0.20934555 0.09674774
v 0.18124312 0.22300318 0.08152243
v 0.15552172 0.23418939 0.09982594
v 0.16915025 0.21618837 0.10423702
v 0.1337112 0.23968598 0.1176682
v 0.14859882 0.22187129 0.13003273
v 0.13590401 0.27302516 0.11312972
v 0.12034007 0.2614843 0.12237553
v 0.15833743 0.26986253 0.07900256
v 0.2367252 0.21863931 0.0888955
v 0.22044863 0.21891454 0.11156043
v 0.22627813 0.17993811 0.114050634
v 0.20245299 0.17897478 0.09959106
v 0.111271344 0.23736343 0.14095116
v 0.12174705 0.2222625 0.15195371
v 0.12537782 0.20178622 0.1506149
v 0.09398468 0.20784509 0.17443658
v 0.15011223 0.2020238 0.1257559
v -0.059352938 0.2737494 0.17735182
v -0.052235063 0.26260096 0.17025559
v -0.19290884 0.40685654 -0.2085591
v -0.21557346 0.35907155 -0.19124001
v -0.21167478 0.39131817 -0.19236387
v -0.11745921 0.40896076 -0.18791188
v -0.15640226 0.3480312 -0.2025271
v -0.15676719 0.38814238 -0.20451543
v -0.18759073 0.3934365 -0.21196699
v -0.18988793 0.35483086 -0.21429117
v -0.18813686 0.31645504 -0.21328828
v -0.1521113 0.3246427 -0.20891608
v -0.21477586 0.32263005 -0.18913397
v -0.18006924 0.2841245 -0.20070957
v -0.20706747 0.2860357 -0.18498811
v -0.13815574 0.3317328 -0.19513766
v -0.1315557 0.35974833 -0.19104168
v -0.1254176 0.32251817 -0.1811311
v -0.12679118 0.30459827 -0.18190056
v -0.10471215 0.30640405 -0.15032792
v -0.15239522 0.31596202 -0.20849499
v -0.15453993 0.29199266 -0.20467187
v -0.15755959 0.2671269 -0.1776068
v -0.13417333 0.28221148 -0.1834013
v -0.18165362 0.26358703 -0.16675845
v -0.13213727 0.26335958 -0.15340956
v -0.10369545 0.32553127 -0.15850951
v -0.07151528 0.32444006 -0.1542016
v -0.06759533 0.303826 -0.14721175
v -0.04843641 0.3255303 -0.15446676
v -0.08752603 0.28196386 -0.15529157
v -0.11140386 0.284412 -0.14976148
v -0.0646054 0.28611165 -0.16339464
v -0.033354685 0.30023077 -0.15859912
v -0.06439177 0.26566184 -0.17649983
v -0.041937158 0.24866277 -0.16487783
v -0.0883995 0.27196565 -0.16973892
v -0.065923125 0.24306375 -0.18999402
v -0.10346749 0.2583213 -0.13978739
v -0.07694402 0.21996352 -0.18292892
v -0.09199186 0.22662735 -0.17795534
v -0.08988432 0.25405145 -0.18993044
v -0.07437538 0.22291487 -0.19400631
v -0.041844178 0.23241654 -0.18799047
v -0.04658707 0.20544812 -0.19324242
v 0.04373027 0.32547048 -0.15430571
v 0.091958195 0.30948073 -0.14759216
v 0.089437194 0.2863835 -0.14897978
v 0.12161083 0.27917796 -0.17090075
v 0.048907313 0.29563856 -0.1584669
v -0.0009739202 0.29459295 -0.147679
v 0.060364693 0.27355924 -0.17531262
v 0.0023401282 0.3217873 -0.14806263
v -0.03665656 0.3220212 -0.15250175
v -0.0048541725 0.2637494 -0.15023375
v -0.027651954 0.2663232 -0.14819002
v 0.008684384 0.24190977 -0.17211184
v -0.040552247 0.27612925 -0.15829636
v 0.0073381336 0.22676772 -0.19457431
v 0.06303015 0.22489136 -0.1892909
v -0.00024391711 0.20248467 -0.19304162
v 0.04500225 0.19735968 -0.18808068
v 0.114653505 0.33312184 -0.17973383
v 0.07090574 0.2531802 -0.19941258
v 0.083729945 0.32490456 -0.15496588
v 0.08700116 0.32447925 -0.154357
v -0.14953414 0.2583732 -0.14447074
v -0.122072145 0.2622708 -0.12357834
v -0.12218361 0.34113374 -0.22791412
v -0.0924558 0.34817675 -0.23285268
v -0.09338795 0.32689887 -0.21532348
v -0.11843726 0.33727145 -0.21143268
v -0.095207386 0.32550657 -0.18754014
v -0.116504416 0.3347146 -0.19094251
v -0.030391084 0.33035636 -0.21769504
v 0.004917516 0.33107853 -0.21639618
v 0.0034106267 0.3255374 -0.18377307
v -0.06396199 0.3314623 -0.21409595
v -0.0669934 0.32561728 -0.18374416
v -0.033921815 0.32556212 -0.18422732
v 0.11475976 0.33315644 -0.22698727
v 0.112814754 0.36495352 -0.22961067
v 0.13949835 0.35205114 -0.19874604
v 0.1120308 0.3303396 -0.20180486
v 0.07934313 0.32524067 -0.18190534
v 0.07591212 0.33168358 -0.22044459
v 0.04053447 0.33148694 -0.21587537
v 0.04283766 0.3254539 -0.18160857
v -0.109353624 0.4117038 -0.23314378
v -0.09192494 0.4114168 -0.2323609
v -0.09276369 0.37885022 -0.23323782
v -0.11460357 0.37458223 -0.22851463
v -0.075521715 0.36185777 -0.22016829
v -0.07894522 0.38223138 -0.22010669
v -0.07225347 0.3637054 -0.21957508
v -0.028284704 0.3657291 -0.22014989
v -0.048105314 0.36251017 -0.22167805
v -0.1774589 0.22955984 -0.08849918
v -0.13946871 0.2838722 -0.1055453
v -0.14408515 0.2657185 -0.1161926
v -0.15431835 0.2974283 -0.08409828
v -0.14954686 0.23247916 -0.11437695
v -0.13397563 0.26187778 -0.11166196
v -0.18033855 0.2254776 -0.088789746
v -0.15699871 0.20440024 -0.123021275
v -0.1251573 0.23500872 -0.13692546
v -0.17562008 0.20358631 -0.094113536
v -0.18820544 0.20126921 -0.06915576
v -0.18952085 0.22398782 -0.072054386
v -0.19219984 0.22623193 -0.063042946
v -0.09765501 0.23799103 -0.15802816
v -0.10065899 0.22011772 -0.17162566
v -0.1314551 0.20821172 -0.14951448
v -0.048484366 0.18447158 -0.16982317
v -0.08717939 0.18870488 -0.1561093
v -0.053242672 0.1563878 -0.1618334
v -0.11625456 0.18553016 -0.13386035
v -0.091248155 0.16129994 -0.15528306
v 0.03064907 0.18107659 -0.16706885
v 0.07533321 0.1954031 -0.17164849
v -0.0077414317 0.18332103 -0.17358646
v 0.024538498 0.156867 -0.166799
v -0.014176502 0.16075152 -0.17598322
v -0.115269326 0.1576244 -0.13196255
v 0.06396129 0.17594877 -0.15793397
v 0.060499363 0.1561389 -0.16052675
v -0.16170804 0.31844717 -0.07775394
v -0.14445734 0.29588947 -0.095590055
v -0.17423724 0.31158638 -0.116736904
v -0.19767265 0.2030347 -0.038564455
v -0.15570024 0.181649 -0.0844876
v -0.16656704 0.18261522 -0.057586648
v -0.17541881 0.18295014 -0.027828228
v -0.16722709 0.15929252 -0.055592954
v -0.17362547 0.15757793 -0.024659557
v -0.17128068 0.15728009 0.007699588
v -0.17514838 0.18449491 0.0071672252
v -0.1669323 0.15680206 0.04674053
v -0.19916022 0.2038211 0.005358173
v -0.16999409 0.18259525 0.04790229
v -0.13818385 0.18426803 -0.10967845
v -0.13991095 0.15781683 -0.11060533
v -0.15690787 0.1558676 -0.084032334
v -0.15988159 0.15729162 0.08226172
v -0.15658751 0.18133238 0.08044281
v -0.14893168 0.15568227 0.11844229
v -0.17924069 0.22611642 0.08861333
v -0.19431041 0.20105943 0.054681305
v -0.17667054 0.21124592 0.096267715
v -0.13490228 0.1728844 0.107644066
v -0.15054624 0.19536662 0.11785849
v -0.19216779 0.2251538 0.063747965
v -0.19544742 0.22079954 0.095565155
v -0.10888688 0.15670085 0.1342013
v -0.116189845 0.18871939 0.14007555
v -0.26726526 0.07934958 -0.10857897
v -0.28048074 0.07566628 -0.1395628
v -0.28046483 0.051464885 -0.14185679
v -0.25379765 0.093004435 -0.12994936
v -0.2599823 0.10792905 -0.11346313
v -0.26286823 0.08465299 -0.07972637
v -0.2801546 0.024980754 -0.14274399
v -0.2736773 0.025650173 -0.11149729
v -0.2729162 0.053453892 -0.111026734
v -0.26216286 0.06367138 -0.08380049
v -0.26309323 0.06162548 -0.082824044
v -0.26183617 0.05604875 -0.084599875
v -0.26164865 0.02329123 -0.04995712
v -0.2611649 0.062084794 -0.048876215
v -0.26269794 0.08266994 -0.04411948
v -0.26199532 0.07102081 -0.009184924
v -0.2582925 0.11327824 -0.040077347
v -0.2580856 0.11187744 -0.07496791
v -0.26310748 0.08708936 0.02830754
v -0.26011205 0.09335926 -0.0060393484
v -0.25841498 0.113372475 -0.0023431364
v -0.2596113 0.028535515 -0.08940209
v -0.25778204 0.016751766 -0.012296836
v -0.24989873 0.04819119 -0.011580024
v -0.2505282 0.035001338 0.022054132
v -0.25530624 0.064385444 0.024908138
v -0.2511801 0.061092347 0.056123912
v -0.26247543 0.08250812 0.05940689
v -0.2628281 0.07084334 0.081059456
v -0.25834763 0.11352152 0.07025496
v -0.25134295 0.110170126 0.03645638
v -0.25975603 0.11338535 0.099509925
v -0.26450044 0.0693866 0.0965714
v -0.24973726 0.11270699 0.11844656
v -0.2633394 0.06866658 0.09426303
v -0.25928253 0.01326555 0.05585833
v -0.25706148 0.005955696 0.021168
v -0.26246762 0.018500537 0.085782014
v -0.27428097 0.034084618 0.11092833
v -0.24790324 0.0049790144 0.08806086
v -0.2657721 0.010870665 0.11321505
v -0.27595878 0.022453785 0.14396265
v -0.279083 0.046830535 0.14297383
v -0.28198355 0.0727323 0.13031158
v -0.27872288 0.09213808 -0.13281466
v 0.06303015 0.22489136 -0.1892909
v 0.0689342 0.22690114 -0.20519409
v 0.07653141 0.20739764 -0.21654668
v 0.088155225 0.20380044 -0.23994556
v 0.08022587 0.21184272 -0.20087981
v 0.078121476 0.18467066 -0.21453156
v 0.08761309 0.19466934 -0.20321114
v 0.08315793 0.23269746 -0.22161274
v 0.08766321 0.1704182 -0.23625645
v 0.071719326 0.15804031 -0.20834586
v 0.08625973 0.13198105 -0.2372367
v 0.095443934 0.16837624 -0.19726336
v 0.18791613 0.22850001 0.063150026
v 0.18041058 0.23870501 0.059560433
v 0.15495723 0.2907114 0.035559736
v 0.15094084 0.3020929 0.05759422
v 0.18903108 0.2615137 0.075312965
v 0.20606068 0.2344195 0.07255346
v 0.2367252 0.21863931 0.0888955
v 0.20533964 0.20744574 0.07475123
v 0.23025799 0.1779787 0.08878851
v 0.20543085 0.17685774 0.07776259
v 0.20284075 0.14439917 0.078812756
v 0.21432428 0.1407741 0.076681554
v 0.20228909 0.20934555 0.09674774
v -0.18216936 0.9968382 -0.008256534
v -0.18635876 0.9959504 0.03353753
v -0.15384498 0.9911192 0.03632944
v -0.18155259 0.9977585 -0.0494506
v -0.15570328 0.99773514 -0.009655015
v -0.12431177 0.99939895 -0.066084325
v -0.16787648 0.9971529 -0.08795652
v -0.14110604 0.996683 -0.11818996
v -0.1151798 0.99825835 -0.088152155
v -0.11614098 0.9998936 -0.04446709
v -0.1114361 0.9971261 -0.14608882
v -0.095432594 0.9996083 -0.10825326
v -0.065063976 0.999869 -0.13189527
v -0.07721198 0.9989009 -0.16766633
v -0.0064548026 0.98968995 -0.18901442
v -0.045621775 0.98496705 -0.19684532
v -0.038370725 0.9997215 -0.1676588
v 0.03518607 0.97641826 -0.18144391
v 0.085454546 0.9630841 -0.1995805
v 0.057627436 0.9629478 -0.2111661
v -0.13473019 0.99119186 0.029828113
v -0.15871158 0.99903643 0.0671039
v -0.18657698 0.99083847 0.079174265
v -0.13229226 0.9918637 -0.012960002
v -0.09049095 0.99047565 -0.018578017
v -0.14964093 0.9970416 -0.045754354
v -0.09516518 0.989048 -0.051320262
v -0.087948054 0.99194306 -0.043666217
v -0.0586386 0.99821275 -0.09139691
v -0.05906296 0.99706936 -0.053402547
v -0.027747922 0.99851 -0.11404762
v -0.025098722 0.9883184 -0.101344936
v -0.032473978 0.99578226 -0.13687755
v 0.0077683656 0.99947774 -0.10622523
v 0.00488122 0.99705535 -0.13352501
v 0.0018010421 0.9935909 -0.1565881
v 0.037110306 0.9966345 -0.1313113
v 0.040916994 0.99417603 -0.15743135
v 0.047850396 0.99645376 -0.18744093
v 0.08012524 0.99955523 -0.14822
v 0.13641228 0.9629228 -0.1482857
v 0.11899507 0.99963045 -0.11988739
v 0.16575606 0.9737204 -0.114175275
v -0.038294025 0.9920374 0.13530722
v -0.007460577 0.99290407 0.14781372
v 0.0058564595 0.99982256 0.13031003
v 0.032034475 0.9934943 0.15140001
v -0.02565204 1.0003221 0.117200166
v -0.009427885 0.99681336 0.10017979
v -0.051617324 0.998414 -0.004845003
v -0.07791735 0.9953891 -0.006316858
v -0.062216643 0.98270106 0.051908698
v -0.08788997 0.9794235 -0.011786534
v -0.061854787 0.99693847 -0.05082172
v -0.038774725 0.9984335 -0.023446444
v -0.014130364 0.9984276 -0.051364344
v 0.01708369 0.98679894 -0.078620255
v 0.04464164 0.9930661 -0.056967773
v 0.024012169 0.99841726 0.011663592
v 0.037156217 0.99846315 -0.10641444
v 0.07069731 0.999469 -0.08666992
v 0.061687052 0.99917156 -0.12719469
v 0.10773665 0.9989923 -0.0942916
v 0.13660815 0.9997297 -0.06810767
v 0.13124135 0.99036616 -0.030948121
v 0.14912222 0.99950016 -0.09411538
v 0.16223286 0.99950033 -0.049755648
v 0.18989365 0.9711772 -0.088472016
v 0.17266855 0.998783 -0.075370066
v 0.19128363 0.9928869 -0.06488027
v 0.20332347 0.9801981 -0.062439844
v 0.042728093 1.0000248 0.17383671
v 0.08447973 0.9980301 0.16137259
v 0.054982927 1.0002297 0.13378471
v 0.07527023 0.99937564 0.116695665
v 0.041935124 0.9965866 0.14374635
v 0.035604186 0.99321514 0.15019247
v 0.023575779 1.0003088 0.11357516
v 0.041213688 0.99246466 0.099039815
v 0.005063317 0.9891694 0.087360375
v 0.01718291 0.98164177 0.07926649
v -0.044502024 0.9985038 0.036825188
v 0.052260883 0.9984367 0.011359262
v 0.082173266 0.9797609 0.0012423503
v 0.07832335 0.9889507 -0.04198141
v 0.07781293 0.9919135 0.023018746
v 0.09597133 0.98536694 0.026974013
v 0.101986356 0.9986499 0.02224437
v 0.10688171 0.98500293 0.006071331
v 0.12976027 0.9971315 0.011079109
v 0.10154849 0.99901474 -0.062232766
v 0.15856352 0.99727535 0.018966163
v 0.1620101 1.0010729 0.05520164
v 0.15778428 0.9935472 -0.017915847
v 0.18560965 0.99684095 0.022698913
v 0.18351105 0.99767506 -0.009400826
v 0.18564275 0.9947769 -0.038818624
v 0.15759075 0.9639579 0.1300953
v 0.14942586 0.9993814 0.08877905
v 0.13217865 0.9989354 0.11640856
v 0.11012391 0.9997461 0.14147694
v 0.095481634 0.99963945 0.09472098
v 0.05445436 0.9903928 0.07675912
v 0.07156667 0.977231 0.04802875
v 0.06821807 0.9776036 0.045189127
v 0.11373678 0.99957585 0.06991136
v 0.12687486 0.9993602 0.042664163
v 0.10123595 0.9906983 0.034437474
v 0.1981178 0.98572767 0.048196137
v 0.17901796 0.97249365 0.10164581
v 0.028297799 0.99099743 0.07593935
v 0.056083795 0.99428785 0.048051216
v 0.101003334 0.98050433 0.036157977
v -0.09437304 0.96345174 0.19518325
v -0.10219836 0.9997159 0.13888006
v -0.13376771 0.97078776 0.15624712
v -0.16439348 0.97828305 0.1194267
v -0.13942336 0.9998469 0.10833084
v -0.07380322 0.9993935 0.11564245
v -0.16192436 1.0000156 0.06812747
v -0.108102545 0.99872917 0.0904732
v -0.1379436 0.9984299 0.061913215
v -0.086024016 0.9861726 0.038854133
v -0.08557643 0.9650136 0.20191258
v -0.05556591 0.9998698 0.17861852
v -0.04959289 1.0003288 0.15257561
v -0.026347134 0.99685115 0.15846758
v -0.011735542 0.9973873 0.16141665
v -0.052258227 0.9921021 0.096739344
v -0.036899276 0.9840014 0.078710295
v -0.07856499 0.99241173 0.071797594
v -0.091845356 0.99158126 0.022794051
v -0.020922018 0.9984244 0.02221813
v -0.012643789 0.9845049 -0.089219324
v 0.016003067 0.9829649 -0.08276931
v 0.011833355 0.98383164 -0.093451835
v 0.015415104 0.97959137 -0.08764514
v 0.021683233 0.9998057 0.17046577
v 0.008227358 0.9931905 0.18662249
v 0.031727187 0.9997021 0.18676805
v -0.018722845 0.9967071 0.18230247
v -0.019831307 0.9985199 0.06701632
v 0.004528156 0.9985051 0.054136112
v 0.029820312 0.9985096 0.03931888
v 0.0018906465 0.99840105 0.010857491
v 0.016454719 0.98478377 -0.081223935
v 0.033149417 0.96381086 0.19020988
v -0.00031902187 0.9701446 0.18359295
v -0.030121468 0.9803337 0.19352756
v -0.029692445 0.97046846 0.1833822
v -0.040402677 0.96379066 0.19262515
v -0.052116867 0.96362823 0.21181482
v 0.19911875 0.1640428 -0.088363595
v 0.21040806 0.12099412 -0.109019
v 0.19898659 0.14574268 -0.0761459
v 0.22204962 0.15786281 -0.11264286
v 0.2005413 0.18867436 -0.085933164
v 0.22594714 0.20026514 -0.11359069
v 0.19721316 0.20835862 -0.08472577
v 0.21049039 0.2374829 -0.08573637
v 0.20738187 0.22500446 -0.07387232
v -0.109353624 0.4117038 -0.23314378
v -0.11460357 0.37458223 -0.22851463
v -0.12282418 0.3713485 -0.20955746
v -0.12218361 0.34113374 -0.22791412
v -0.11930658 0.41081813 -0.20964673
v -0.11745921 0.40896076 -0.18791188
v -0.11843726 0.33727145 -0.21143268
v -0.1315557 0.35974833 -0.19104168
v -0.116504416 0.3347146 -0.19094251
v -0.19568852 0.11786774 -0.100799784
v -0.18628271 0.11519641 -0.12006223
v -0.21168812 0.1136955 -0.14246614
v -0.16924353 0.11434305 -0.14169627
v -0.22319917 0.11879811 -0.12892333
v -0.25379765 0.093004435 -0.12994936
v -0.23030472 0.12636396 -0.114471704
v -0.23231433 0.112947434 -0.15545118
v -0.19061399 0.113705665 -0.16120315
v -0.2599823 0.10792905 -0.11346313
v -0.14785536 0.115787685 -0.16347179
v -0.16749693 0.11375806 -0.18162982
v -0.143618 0.11372736 -0.20287618
v -0.21095671 0.11305153 -0.17662852
v -0.18884571 0.11283982 -0.19937612
v -0.09004782 0.1613467 -0.19752128
v -0.053242672 0.1563878 -0.1618334
v -0.075045966 0.14894232 -0.20411266
v -0.025048904 0.15172598 -0.2060582
v -0.03196646 0.12332857 -0.22158109
v 0.017140856 0.11484891 -0.21955997
v -0.094537176 0.1300335 -0.22291802
v -0.034767136 0.11340591 -0.24682534
v -0.10868649 0.16772708 -0.2182003
v -0.12159647 0.12235883 -0.18549846
v -0.10207192 0.11437285 -0.2432867
v -0.14184529 0.11293888 -0.24575499
v -0.16580029 0.11302143 -0.22161323
v 0.071719326 0.15804031 -0.20834586
v 0.08625973 0.13198105 -0.2372367
v 0.0635508 0.12285274 -0.21771784
v 0.054027367 0.11285052 -0.25673985
v 0.06693657 0.15375262 -0.1976607
v 0.08900058 0.11341715 -0.25708857
v 0.012409309 0.11269498 -0.2545634
v 0.023230493 0.15307516 -0.19930506
v -0.2036631 0.15426421 -0.08644834
v -0.21092021 0.13701606 -0.10497061
v -0.22521372 0.16522503 -0.10947717
v -0.19602782 0.1423876 -0.097864985
v -0.16596583 0.14870936 -0.13237594
v -0.14012979 0.15181842 -0.15682724
v -0.11190255 0.15193439 -0.1777399
v 0.09094261 0.087213874 -0.26134533
v 0.12198481 0.09326467 -0.2542071
v 0.05193935 0.08461633 -0.26084778
v 0.050499767 0.06178534 -0.24896552
v 0.010912795 0.08586201 -0.26048017
v -0.03541019 0.0875704 -0.26080137
v 0.009660072 0.061615437 -0.25006974
v -0.07827805 0.09947634 -0.25748944
v -0.083372734 0.06254858 -0.26109874
v -0.036075965 0.06105295 -0.2548626
v -0.08134767 0.05968097 -0.25248477
v -0.03414304 0.0352149 -0.25297636
v -0.08414233 0.04288453 -0.25531438
v -0.08300617 0.035382807 -0.26047388
v -0.03039976 0.009398371 -0.25627407
v 0.007869308 0.0066907406 -0.25426236
v -0.06903214 0.011014432 -0.26196218
v 0.122400254 0.113592684 -0.25246456
v 0.1499218 0.11376321 -0.23220555
v 0.14880471 0.08831146 -0.24729313
v 0.15630066 0.05627656 -0.26191166
v 0.12523265 0.05776593 -0.27874243
v 0.15396471 0.028059334 -0.27325863
v 0.106932655 0.05453956 -0.26649898
v 0.11584916 0.0305143 -0.27821022
v 0.08360087 0.032705426 -0.26083952
v 0.10991845 0.0065872073 -0.2654673
v 0.082247466 0.05949852 -0.25656328
v 0.09175703 0.0577057 -0.26026362
v 0.046780244 0.033031344 -0.25675145
v 0.07892284 0.004042387 -0.25588784
v 0.008319486 0.033105284 -0.2532342
v 0.04427607 0.0070714056 -0.25778034
v 0.13929527 0.010013968 -0.27827474
v -0.248245 0.08008313 -0.15900941
v -0.21955132 0.083976805 -0.17775123
v -0.28048074 0.07566628 -0.1395628
v -0.28046483 0.051464885 -0.14185679
v -0.19527662 0.08645013 -0.20074739
v -0.1707658 0.08780718 -0.22208215
v -0.201386 0.055304557 -0.20131269
v -0.22456373 0.05371076 -0.17645995
v -0.22700518 0.024217457 -0.17523213
v -0.25320655 0.05233112 -0.15602395
v -0.25282222 0.025293887 -0.15800267
v -0.2801546 0.024980754 -0.14274399
v -0.27068102 0.0043192506 -0.14057298
v -0.14386362 0.09267485 -0.24578948
v -0.15771939 0.09138706 -0.26677057
v -0.16069506 0.03440857 -0.24518114
v -0.15673722 0.0666652 -0.246159
v -0.17727983 0.059351653 -0.22340415
v -0.20809093 0.023341954 -0.20215212
v -0.18336144 0.028341323 -0.22482231
v -0.19450817 0.0046332777 -0.18324701
v -0.21757834 0.0043767393 -0.16158444
v -0.2438432 0.004396975 -0.14783417
v -0.15580076 0.007990271 -0.27237946
v -0.15512246 0.009854287 -0.23706725
v -0.1736103 0.0042429566 -0.21180512
v -0.15548225 0.03330353 -0.27440098
v -0.12880485 0.06214291 -0.28157005
v -0.2736773 0.025650173 -0.11149729
v -0.26309323 0.06162548 -0.082824044
v -0.2729162 0.053453892 -0.111026734
v -0.25828838 0.004532814 -0.113490924
v -0.2596113 0.028535515 -0.08940209
v -0.24729978 0.0046162903 -0.08552949
v -0.2403622 0.00467214 -0.050281346
v -0.26164865 0.02329123 -0.04995712
v -0.107028276 0.086033285 -0.26603168
v -0.09357335 0.034068942 -0.25665894
v -0.12415765 0.01772815 -0.27847034
v -0.09615874 0.011985511 -0.26325402
v -0.21197549 0.14932844 -0.073410414
v -0.19492082 0.15597063 -0.06409627
v -0.21045177 0.14164716 -0.07260205
v -0.20133477 0.15380025 -0.030545611
v -0.21862443 0.13311279 -0.0342237
v -0.16722709 0.15929252 -0.055592954
v -0.17362547 0.15757793 -0.024659557
v -0.17128068 0.15728009 0.007699588
v -0.15690787 0.1558676 -0.084032334
v -0.13991095 0.15781683 -0.11060533
v -0.20673239 0.1548321 0.009524193
v -0.20970917 0.14316893 0.06200562
v -0.1669323 0.15680206 0.04674053
v -0.15988159 0.15729162 0.08226172
v -0.18327701 0.15307108 0.09303391
v -0.1959982 0.14323774 0.09615631
v -0.19370715 0.14212948 0.096836306
v -0.1690757 0.14612067 0.13204831
v -0.14893168 0.15568227 0.11844229
v -0.13899107 0.13934249 0.16729511
v -0.12301282 0.15573263 0.1528607
v -0.099543765 0.15697035 0.1960864
v -0.10888688 0.15670085 0.1342013
v -0.13490228 0.1728844 0.107644066
v -0.070953794 0.15568826 0.18145806
v -0.070710056 0.15609467 0.15810306
v -0.08455405 0.15588558 0.19256467
v -0.080242835 0.14752966 0.1994854
v -0.05709196 0.15143257 0.20026131
v -0.07425396 0.14140254 0.20813555
v -0.032049015 0.15572572 0.19056956
v -0.053809576 0.14572585 0.20611605
v -0.035061 0.16045868 0.16873614
v 0.0015449948 0.15506 0.19193245
v -0.091248155 0.16129994 -0.15528306
v -0.115269326 0.1576244 -0.13196255
v -0.0832526 0.15412787 0.22709183
v -0.028890865 0.14764065 0.21016292
v 0.0035964549 0.14388171 0.21364069
v 0.037848268 0.14295349 0.21199849
v 0.03530748 0.15594274 0.18927978
v 0.07171216 0.1442186 0.21003738
v 0.029822353 0.15795103 0.1667067
v 0.07359323 0.15540972 0.18006182
v -0.00133878 0.15692529 0.16977276
v 0.0801813 0.1518473 0.20393863
v 0.09957849 0.18340153 0.2077023
v 0.12073835 0.13845184 0.18202803
v 0.10586473 0.15447041 0.1635253
v 0.12963204 0.15575913 0.14064696
v 0.08986905 0.1663863 0.14704344
v 0.062257253 0.16275027 0.16205579
v 0.117383346 0.1572966 0.12396719
v 0.1516844 0.15575299 0.11825999
v 0.1701956 0.14182073 0.13222262
v 0.13267653 0.1756976 0.10654227
v 0.14428355 0.13978142 0.15669174
v 0.19338915 0.14136446 0.098399326
v 0.17402846 0.15454829 0.092562124
v 0.08061898 0.18339038 0.20847824
v 0.0835307 0.18519494 0.23252381
v -0.22777449 0.18615699 0.11396016
v -0.20741166 0.11823076 0.10360565
v 0.062801436 0.114777714 0.2220268
v 0.08238694 0.115766734 0.23770344
v 0.08426635 0.15008438 0.22794004
v 0.100548275 0.11434361 0.23621905
v 0.10328387 0.15007362 0.23201086
v 0.07999593 0.2236534 0.22626893
v 0.106397964 0.18453822 0.23248293
v 0.106043234 0.22319561 0.22207475
v 0.08372369 0.2208046 0.18689421
v -0.07425396 0.14140254 0.20813555
v -0.0832526 0.15412787 0.22709183
v -0.09714944 0.11912945 0.23337477
v -0.07536356 0.114138275 0.21636148
v 0.1081417 0.1940152 -0.23146346
v 0.08315793 0.23269746 -0.22161274
v 0.10201752 0.20983374 -0.20728448
v 0.088155225 0.20380044 -0.23994556
v 0.08766321 0.1704182 -0.23625645
v 0.11040221 0.15355146 -0.2293149
v 0.08625973 0.13198105 -0.2372367
v 0.11066841 0.114581525 -0.22268966
v -0.11712072 0.7494152 0.28642687
v -0.059269313 0.76719725 0.29281503
v -0.095980465 0.77255857 0.28414166
v -0.11295397 0.7510599 0.29642045
v -0.22777449 0.18615699 0.11396016
v -0.1959982 0.14323774 0.09615631
v -0.21114752 0.15108815 0.1054661
v -0.19852182 0.18032077 0.09829072
v -0.18033855 0.2254776 -0.088789746
v -0.18952085 0.22398782 -0.072054386
v -0.20583344 0.21304157 -0.07137899
v -0.19488604 0.21789727 -0.08728487
v -0.20352998 0.19199154 -0.09766423
v -0.21551372 0.1911296 -0.07845092
v -0.20499875 0.16874498 -0.095447205
v -0.21197549 0.14932844 -0.073410414
v -0.2036631 0.15426421 -0.08644834
v -0.045836233 0.78457224 0.291062
v -0.07082827 0.79887676 0.28389722
v -0.095980465 0.77255857 0.28414166
v -0.065177456 0.80160546 0.29653987
v 0.19492275 0.15192536 0.098174885
v 0.20543085 0.17685774 0.07776259
v 0.20284075 0.14439917 0.078812756
v 0.20533964 0.20744574 0.07475123
v 0.20245299 0.17897478 0.09959106
v 0.20228909 0.20934555 0.09674774
v 0.089437194 0.2863835 -0.14897978
v 0.060364693 0.27355924 -0.17531262
v 0.048907313 0.29563856 -0.1584669
v 0.06303015 0.22489136 -0.1892909
v 0.07533321 0.1954031 -0.17164849
v 0.04500225 0.19735968 -0.18808068
v 0.10978407 0.27424893 -0.13580805
v 0.11642352 0.26163924 -0.13026077
v 0.11153458 0.24339429 -0.13369323
v 0.13458619 0.25257623 -0.111328274
v 0.081164174 0.2587011 -0.15565108
v 0.08894431 0.22828016 -0.17647788
v 0.07090574 0.2531802 -0.19941258
v 0.14188848 0.18230894 -0.09842137
v 0.158995 0.15607998 -0.06362821
v 0.14832127 0.1556755 -0.10021155
v 0.15802407 0.18436295 -0.07234901
v 0.118974656 0.15638691 -0.12127291
v 0.121919036 0.18211356 -0.12272333
v 0.09946455 0.18832639 -0.14733806
v 0.13642085 0.20062926 -0.13406748
v 0.15839191 0.19954327 -0.109721914
v 0.113980405 0.20397538 -0.16118759
v 0.08787596 0.22342312 -0.17659973
v 0.14078596 0.22378987 -0.13319966
v 0.11444673 0.22711307 -0.15338326
v 0.13589913 0.2407623 -0.12000142
v 0.14764225 0.24739245 -0.08582618
v 0.16096358 0.22592938 -0.11000411
v 0.15532434 0.25878468 -0.07832999
v 0.1404619 0.28398275 -0.09649206
v 0.1512938 0.28065178 -0.08456502
v 0.14366965 0.3065593 -0.09262876
v 0.17695372 0.27489644 -0.06424798
v 0.14476609 0.31107944 -0.059386086
v 0.1707862 0.25390458 -0.054406002
v 0.14990716 0.32184297 -0.029019292
v 0.18177986 0.23524776 -0.091554664
v 0.19523445 0.22593078 -0.09850017
v 0.17633708 0.20311624 -0.08648595
v 0.09202427 0.16186833 -0.14368372
v 0.06396129 0.17594877 -0.15793397
v 0.2028638 0.41227898 -0.20386142
v 0.21099795 0.41251805 -0.18049952
v 0.20557748 0.35242784 -0.20052363
v 0.17394195 0.3445465 -0.21368502
v 0.17644875 0.3114783 -0.21077693
v 0.17099237 0.38536716 -0.20726234
v 0.1431277 0.33293647 -0.20022407
v 0.14586008 0.29441696 -0.20050856
v 0.2041128 0.3119977 -0.20056303
v 0.17864093 0.28798497 -0.20660825
v 0.19345078 0.27936977 -0.19089128
v 0.13949835 0.35205114 -0.19874604
v 0.114653505 0.33312184 -0.17973383
v 0.1120308 0.3303396 -0.20180486
v 0.11597471 0.40810332 -0.18237515
v 0.12819812 0.38736248 -0.18837342
v 0.12161083 0.27917796 -0.17090075
v 0.15914097 0.2721311 -0.18170513
v 0.13540193 0.26160684 -0.15627307
v 0.15337802 0.26434952 -0.1347786
v 0.17459263 0.25823778 -0.15801977
v 0.21003376 0.35555136 -0.17208186
v 0.20714015 0.41238326 -0.15907425
v 0.20563288 0.41199702 -0.12224436
v 0.207237 0.35078305 -0.15008986
v 0.19432749 0.33579397 -0.13593017
v 0.18429798 0.3979846 -0.12022697
v 0.20891242 0.31224436 -0.17381658
v 0.19979185 0.3063494 -0.1425836
v 0.17034167 0.29927593 -0.11230701
v 0.16864158 0.31580132 -0.11170892
v 0.16459468 0.3252486 -0.092104584
v 0.17647086 0.27761546 -0.13149762
v 0.16452071 0.27807242 -0.1169132
v 0.19896767 0.28174567 -0.17369525
v -0.2196765 0.45699522 -0.29548115
v -0.18711035 0.43798214 -0.26771066
v -0.22158234 0.43744063 -0.2672753
v -0.20353436 0.41289872 -0.20884514
v -0.25640243 0.41912276 -0.18630931
v -0.25116253 0.4230844 -0.22536482
v -0.18589643 0.45755592 -0.29445067
v -0.15416908 0.46249458 -0.2870141
v -0.15153944 0.43714392 -0.26688883
v -0.11828701 0.4365438 -0.26652724
v -0.14894964 0.4129637 -0.24485685
v -0.109353624 0.4117038 -0.23314378
v -0.18509433 0.41427317 -0.24564083
v -0.18400317 0.4127149 -0.21458133
v -0.22089176 0.41329333 -0.23964858
v -0.19290884 0.40685654 -0.2085591
v -0.1533421 0.4117421 -0.20948336
v -0.25755233 0.42364326 -0.14346264
v -0.123892404 0.46052706 -0.29124373
v -0.09245401 0.4596076 -0.2943911
v -0.08827696 0.43642926 -0.2661704
v -0.058467496 0.43699074 -0.26702663
v -0.09192494 0.4114168 -0.2323609
v -0.07231912 0.4096373 -0.2239953
v -0.09276369 0.37885022 -0.23323782
v -0.11930658 0.41081813 -0.20964673
v -0.11745921 0.40896076 -0.18791188
v -0.15676719 0.38814238 -0.20451543
v -0.05855106 0.45796588 -0.29772183
v -0.024014471 0.47145346 -0.29312122
v -0.02712097 0.44174156 -0.2704429
v -0.0029464192 0.4916634 -0.27378914
v -0.032378837 0.41244107 -0.22899361
v 0.0059465235 0.45070672 -0.2763577
v -0.030666241 0.38634872 -0.21841006
v -0.07894522 0.38223138 -0.22010669
v -0.075521715 0.36185777 -0.22016829
v 0.03560815 0.45394292 -0.285217
v 0.035498258 0.42150548 -0.256742
v 0.06981164 0.4252244 -0.25818056
v 0.0021008062 0.416184 -0.2514863
v 0.02502149 0.4105874 -0.22409613
v 0.073559105 0.4069528 -0.22453283
v 0.07432651 0.3697427 -0.22374187
v 0.10578691 0.4121853 -0.2342406
v 0.0695912 0.36445528 -0.22053422
v 0.07591212 0.33168358 -0.22044459
v 0.0382819 0.36270356 -0.21966048
v 0.04053447 0.33148694 -0.21587537
v 0.0047592814 0.36199647 -0.22224902
v 0.00029035716 0.36164397 -0.22045644
v 0.0025746338 0.37387803 -0.22070594
v 0.0025821212 0.37397295 -0.22177863
v -0.011650405 0.38464266 -0.22169368
v -0.0008132461 0.40940014 -0.22524762
v -0.005338715 0.4097848 -0.22469191
v -0.02588989 0.3736995 -0.21967855
v -0.023999961 0.36541727 -0.22134179
v -0.027789624 0.36834636 -0.21916823
v 0.004917516 0.33107853 -0.21639618
v -0.030391084 0.33035636 -0.21769504
v -0.028284704 0.3657291 -0.22014989
v 0.1465771 0.46637285 -0.29135436
v 0.14300759 0.460451 -0.28342846
v 0.1459767 0.4658451 -0.2900069
v 0.10311043 0.4269493 -0.26064643
v 0.10664008 0.4555732 -0.28698498
v 0.071017034 0.45292404 -0.28911752
v 0.13646846 0.4270016 -0.25935334
v 0.112814754 0.36495352 -0.22961067
v 0.11475976 0.33315644 -0.22698727
v 0.002037602 0.49933508 -0.30142343
v -0.21094364 0.41191104 -0.19572085
v -0.2268716 0.41267228 -0.15038474
v -0.21167478 0.39131817 -0.19236387
v 0.10920544 0.41112748 -0.22664362
v 0.12098112 0.3987157 -0.1853072
v 0.13069266 0.41224676 -0.2192958
v 0.09918313 0.21446738 0.20042232
v 0.0835307 0.18519494 0.23252381
v 0.07999593 0.2236534 0.22626893
v 0.09957849 0.18340153 0.2077023
v 0.08372369 0.2208046 0.18689421
v -0.17423251 0.32538515 0.10159496
v -0.20536444 0.35617292 0.15130456
v -0.188681 0.3552348 0.12568973
v -0.18461925 0.33783183 0.11989062
v 0.11202605 0.6348429 0.26799133
v 0.068561405 0.70295763 0.30151746
v 0.08476365 0.64350754 0.30161247
v 0.11152315 0.68235064 0.2694944
v 0.11195752 0.56891626 0.26807612
v 0.1408831 0.6326219 0.26817316
v 0.09260706 0.59150064 0.30152977
v 0.10616065 0.55313224 0.29032886
v 0.12580374 0.5556514 0.26728103
v 0.1484528 0.5561229 0.27165973
v 0.14080542 0.67665195 0.26800534
v 0.12419565 0.7122216 0.2736281
v 0.10178704 0.74119425 0.29682055
v 0.05941833 0.75190514 0.30071405
v 0.14921668 0.5532027 0.29218468
v 0.14999169 0.55718917 0.28366816
v 0.13970792 0.533479 0.30177978
v -0.03401737 0.79442286 0.28411683
v -0.03773473 0.79326344 0.2877846
v 0.00913001 0.7946955 0.28453228
v -0.01333577 0.7978481 0.29638118
v -0.029959345 0.79778254 0.29674348
v 0.004774316 0.79796207 0.29651386
v 0.18177986 0.23524776 -0.091554664
v 0.15532434 0.25878468 -0.07832999
v 0.1707862 0.25390458 -0.054406002
v 0.18799195 0.22894418 -0.06259191
v 0.1698455 0.2537881 -0.016771836
v 0.19523445 0.22593078 -0.09850017
v 0.18932553 0.22184587 -0.075949214
v 0.17633708 0.20311624 -0.08648595
v 0.15802407 0.18436295 -0.07234901
v 0.1872419 0.20739162 -0.066661835
v 0.17122024 0.18654755 -0.04582654
v 0.17537503 0.18592873 0.022855457
v 0.16836742 0.15651023 -0.011341329
v 0.17802016 0.18763113 -0.011915753
v 0.16837922 0.15623575 0.022419028
v 0.19792935 0.2132453 0.026146378
v 0.19858034 0.22312033 -0.016313873
v 0.16396111 0.18465197 0.054653008
v 0.18497036 0.20325667 0.06417901
v 0.1597474 0.15613443 0.054000024
v 0.15463972 0.18412343 0.08502705
v 0.1517756 0.15625933 0.08226743
v 0.14231221 0.19173089 0.114444226
v 0.16870004 0.19735876 0.097138494
v 0.13267653 0.1756976 0.10654227
v 0.15011223 0.2020238 0.1257559
v 0.18791613 0.22850001 0.063150026
v 0.17181593 0.24498817 0.021655332
v 0.18041058 0.23870501 0.059560433
v 0.15495723 0.2907114 0.035559736
v 0.15099517 0.32319462 0.02957547
v 0.15094084 0.3020929 0.05759422
v 0.14990716 0.32184297 -0.029019292
v 0.14883493 0.32485497 0.0011556558
v 0.147602 0.28182876 0.009300799
v 0.14793874 0.28116846 -0.017649822
v 0.15764965 0.3252356 0.05529797
v 0.15549335 0.31006423 0.08031329
v 0.14963184 0.28905118 0.09782177
v 0.16474572 0.32515198 0.08068627
v 0.15206613 0.32468736 0.101660565
v 0.14840266 0.31625545 0.10179798
v 0.16290352 0.29027605 0.11018069
v 0.16915025 0.21618837 0.10423702
v 0.18124312 0.22300318 0.08152243
v 0.14859882 0.22187129 0.13003273
v 0.20228909 0.20934555 0.09674774
v 0.1825378 0.2285105 0.08733994
v 0.16381176 0.15604305 -0.038882703
v 0.158995 0.15607998 -0.06362821
v 0.19432749 0.33579397 -0.13593017
v 0.22861718 0.32970965 -0.10908761
v 0.16459468 0.3252486 -0.092104584
v 0.23209856 0.35934073 -0.11734637
v 0.17204078 0.3251944 -0.064096585
v 0.21667047 0.32894117 -0.06848117
v 0.14366965 0.3065593 -0.09262876
v 0.14476609 0.31107944 -0.059386086
v 0.18008202 0.3251748 -0.0338359
v 0.21683584 0.3319435 -0.03689862
v 0.18478543 0.32515946 -0.0024320341
v 0.1881939 0.32519722 0.027191736
v 0.19282952 0.3251953 0.05641434
v 0.22034386 0.33498284 0.02804184
v 0.1992597 0.32575533 0.0860077
v 0.16774417 0.32387125 0.103901826
v 0.21929339 0.33129364 0.11506534
v 0.18178992 0.32832295 0.11314109
v 0.17677055 0.3322883 0.120135166
v 0.21999045 0.33491632 -0.0040628817
v 0.23024298 0.34615752 0.09291799
v 0.21685742 0.3381045 0.054882735
v 0.22055873 0.37012428 0.11992544
v -0.08026148 0.18584311 0.1587203
v -0.070710056 0.15609467 0.15810306
v -0.035061 0.16045868 0.16873614
v -0.10888688 0.15670085 0.1342013
v -0.042226527 0.18380019 0.1707863
v -0.00133878 0.15692529 0.16977276
v -0.056851275 0.19833127 0.19430427
v -0.0044083092 0.18434253 0.1739508
v -0.09193317 0.22489828 0.17810275
v -0.0643508 0.22862059 0.19002633
v -0.116189845 0.18871939 0.14007555
v -0.13148499 0.21420616 0.14939219
v 0.029822353 0.15795103 0.1667067
v 0.031586323 0.17936105 0.18161033
v 0.062257253 0.16275027 0.16205579
v 0.03030793 0.20542091 0.19750558
v 0.06561316 0.22504386 0.18953653
v -0.010084161 0.20231548 0.1955059
v -0.013693594 0.22941008 0.19652529
v -0.06499841 0.22567335 0.19047333
v 0.117383346 0.1572966 0.12396719
v 0.0885784 0.18890184 0.15462369
v 0.08986905 0.1663863 0.14704344
v 0.11783993 0.17957538 0.12330171
v 0.11859817 0.1898422 0.13480146
v 0.09398468 0.20784509 0.17443658
v 0.12537782 0.20178622 0.1506149
v 0.057224724 0.18951833 0.16976163
v 0.08372369 0.2208046 0.18689421
v 0.059885126 0.23138562 0.18621913
v 0.026337575 0.22910452 0.18928744
v 0.088513024 0.22505191 0.17723267
v 0.09918313 0.21446738 0.20042232
v -0.075045966 0.14894232 -0.20411266
v -0.053242672 0.1563878 -0.1618334
v -0.014176502 0.16075152 -0.17598322
v -0.025048904 0.15172598 -0.2060582
v 0.024538498 0.156867 -0.166799
v 0.071719326 0.15804031 -0.20834586
v 0.06693657 0.15375262 -0.1976607
v 0.064621024 0.15570349 -0.18541531
v 0.023230493 0.15307516 -0.19930506
v 0.096403725 0.15200979 -0.18536045
v 0.060499363 0.1561389 -0.16052675
v 0.09313827 0.14562613 -0.19498003
v 0.11465854 0.14329076 -0.18279576
v 0.11881363 0.11407861 -0.18680628
v 0.11066841 0.114581525 -0.22268966
v 0.08900058 0.11341715 -0.25708857
v 0.08625973 0.13198105 -0.2372367
v 0.122400254 0.113592684 -0.25246456
v 0.1516844 0.15575299 0.11825999
v 0.2001773 0.15438634 0.026519813
v 0.20399326 0.15163487 -0.009801642
v 0.20132966 0.14826751 -0.044327132
v 0.19898659 0.14574268 -0.0761459
v 0.2308405 0.114065826 -0.108412124
v 0.23174176 0.13143152 -0.10458075
v 0.2211708 0.124191225 -0.07978951
v 0.21040806 0.12099412 -0.109019
v 0.17283401 0.14670885 -0.12043011
v 0.17511347 0.11422914 -0.12960272
v 0.14832127 0.1556755 -0.10021155
v 0.118974656 0.15638691 -0.12127291
v 0.18745956 0.1547293 0.063846715
v 0.17402846 0.15454829 0.092562124
v 0.2552423 0.113220066 -0.08545841
v 0.2539338 0.1132361 -0.11896924
v 0.25384468 0.092960715 -0.11978395
v 0.23703842 0.09917644 -0.14755957
v 0.24705723 0.08007842 -0.15517473
v 0.2202429 0.11384359 -0.1318478
v 0.209712 0.11318898 -0.17420085
v 0.192213 0.113906294 -0.1515849
v 0.15958756 0.11397222 -0.16496742
v 0.17999093 0.113297254 -0.20445691
v 0.1506609 0.13270152 -0.15679708
v 0.13687913 0.1543192 -0.1428521
v 0.09805194 0.15588453 -0.15870029
v 0.09202427 0.16186833 -0.14368372
v 0.06396129 0.17594877 -0.15793397
v 0.1499218 0.11376321 -0.23220555
v 0.21258272 0.08100167 -0.1838454
v 0.27596682 0.08156115 -0.12725866
v 0.095443934 0.16837624 -0.19726336
v 0.09292879 0.22308764 -0.1859899
v 0.08761309 0.19466934 -0.20321114
v 0.10201752 0.20983374 -0.20728448
v 0.1081417 0.1940152 -0.23146346
v 0.11040221 0.15355146 -0.2293149
v 0.0689342 0.22690114 -0.20519409
v 0.08315793 0.23269746 -0.22161274
v 0.06303015 0.22489136 -0.1892909
v 0.21104056 0.12550777 0.059813093
v 0.25009835 0.11370543 0.058667086
v 0.250062 0.11051315 0.022616932
v 0.21703237 0.11792773 0.025205795
v 0.21959014 0.114153415 -0.011733444
v 0.21462567 0.114249885 -0.047808804
v 0.2337747 0.15918255 -0.09565757
v 0.2546721 0.113526225 -0.0136035
v 0.2548313 0.11303982 -0.04982363
v 0.19492275 0.15192536 0.098174885
v 0.20284075 0.14439917 0.078812756
v 0.24639635 0.11391926 0.08796479
v 0.22204962 0.15786281 -0.11264286
v 0.22594714 0.20026514 -0.11359069
v 0.23600768 0.19852546 -0.09386917
v 0.21049039 0.2374829 -0.08573637
v 0.18043081 0.35743907 0.12202554
v 0.20362554 0.3924546 0.121281974
v 0.18072845 0.3849346 0.12354343
v 0.18784249 0.40728182 0.12736422
v 0.17847022 0.41001055 0.120260835
v 0.22977905 0.40627426 0.11012489
v -0.073807724 0.21381229 0.20570913
v -0.100248374 0.20728296 0.19735304
v -0.082241826 0.16559398 0.20799705
v -0.099543765 0.15697035 0.1960864
v -0.0832526 0.15412787 0.22709183
v -0.07063465 0.25422132 0.20068039
v -0.088633925 0.21824694 0.22713351
v 0.21070585 0.1526173 -0.07770907
v 0.19911875 0.1640428 -0.088363595
v 0.2005413 0.18867436 -0.085933164
v 0.19721316 0.20835862 -0.08472577
v 0.2210717 0.19366196 -0.08023161
v 0.20738187 0.22500446 -0.07387232
v 0.14538667 0.2800446 0.122525424
v 0.13590401 0.27302516 0.11312972
v 0.14514592 0.26511997 0.12384299
v 0.17233334 0.30170214 0.118262745
v 0.14460681 0.26162106 0.12367768
v 0.12749533 0.2617503 0.13249643
v 0.14448622 0.25740224 0.15693848
v 0.12034007 0.2614843 0.12237553
v 0.19781241 0.35618216 0.14118145
v 0.19476977 0.38641348 0.13800012
v 0.19981048 0.32057008 0.14353937
v 0.20411989 0.3565208 0.168641
v 0.19578667 0.2859785 0.14893214
v 0.1969951 0.2720755 0.1813588
v 0.18009396 0.27034092 0.16879238
v 0.16301441 0.26065332 0.14193697
v 0.19066341 0.27460757 0.19010428
v 0.19940056 0.30602795 0.20400527
v 0.18156986 0.270975 0.19667818
v 0.1604257 0.26758054 0.18230928
v 0.17951599 0.26404428 0.16700758
v 0.202297 0.35284266 0.20771852
v 0.20874482 0.31435186 0.17568746
v 0.20224339 0.4071942 0.19928223
v 0.20900646 0.3910843 0.1533333
v 0.20409836 0.41270602 0.20430635
v 0.20848216 0.41225162 0.15239549
v 0.08894431 0.22828016 -0.17647788
v -0.08322625 0.28708243 0.15398219
v -0.11157906 0.2837519 0.14259523
v -0.09139169 0.26907516 0.14810538
v -0.09527554 0.2978391 0.14776573
v -0.12205974 0.2619266 0.14568172
v -0.10612924 0.25450766 0.1370406
v 0.10944682 0.27743608 0.14376731
v 0.12034007 0.2614843 0.12237553
v 0.12749533 0.2617503 0.13249643
v 0.10460239 0.25883883 0.13464989
v 0.14448622 0.25740224 0.15693848
v 0.13123819 0.27857918 0.16675597
v 0.12217699 0.32141006 0.18229297
v 0.13988063 0.32026 0.19991358
v 0.087997064 0.324135 0.15400146
v 0.08447488 0.2810793 0.15639412
v 0.06763187 0.2928206 0.15404405
v 0.04917027 0.32419598 0.14868736
v 0.06715383 0.27785304 0.17245683
v 0.0469926 0.2709531 0.16232686
v 0.085534595 0.2697497 0.16194622
v 0.021085631 0.2891972 0.14909507
v 0.022257304 0.26353097 0.15097795
v -0.013730343 0.28991687 0.14835516
v 0.043772545 0.29597926 0.15859506
v 0.020166775 0.3159235 0.15375862
v -0.030627854 0.32215577 0.15075496
v -0.021383153 0.32497078 0.15217713
v -0.045744084 0.32320523 0.14897841
v -0.038607575 0.29249746 0.15563728
v -0.037830025 0.25845873 0.164934
v -0.012050675 0.2621405 0.15547264
v -0.052235063 0.26260096 0.17025559
v -0.072910115 0.32331604 0.14666536
v -0.09518604 0.32511345 0.14979509
v 0.14231464 0.28725573 0.19975743
v -0.123231746 0.24508315 0.12223848
v -0.12491734 0.25842297 0.11910629
v -0.06558172 0.2664593 0.1889758
v -0.07063465 0.25422132 0.20068039
v -0.05547929 0.23557267 0.17372985
v -0.059352938 0.2737494 0.17735182
v -0.06043099 0.27589872 0.17914374
v 0.072609924 0.24770385 0.20547073
v 0.06561316 0.22504386 0.18953653
v 0.08372369 0.2208046 0.18689421
v 0.059885126 0.23138562 0.18621913
v 0.106043234 0.22319561 0.22207475
v 0.096371785 0.24475616 0.19939111
v 0.06909186 0.2622289 0.18553303
v 0.049791846 0.23963931 0.16596769
v 0.0899785 0.2585956 0.18067288
v -0.0643508 0.22862059 0.19002633
v -0.013693594 0.22941008 0.19652529
v -0.0133794425 0.24381629 0.17442907
v 0.023528846 0.24504927 0.16956523
v -0.06499841 0.22567335 0.19047333
v 0.026337575 0.22910452 0.18928744
v 0.18156986 0.270975 0.19667818
v 0.19066341 0.27460757 0.19010428
v 0.19940056 0.30602795 0.20400527
v 0.1604257 0.26758054 0.18230928
v 0.16986154 0.29956713 0.20561521
v 0.160949 0.33949488 0.2029827
v 0.202297 0.35284266 0.20771852
v 0.20224339 0.4071942 0.19928223
v 0.16099831 0.4059084 0.20577092
v 0.19887862 0.40789562 0.19781062
v 0.11442465 0.40981007 0.18165362
v 0.13026203 0.33706447 0.19365951
v -0.10542713 0.32783777 0.2286218
v -0.112616844 0.3254454 0.16766736
v -0.09022476 0.32522783 0.17054367
v -0.058275525 0.32530016 0.18618377
v -0.07150088 0.35595307 0.22285494
v -0.025515825 0.32522947 0.18722704
v 0.11500335 0.3334212 0.1998022
v 0.04320167 0.32526153 0.18339854
v 0.08257457 0.32539696 0.18494922
v 0.009505932 0.32519862 0.18723488
v 0.004024977 0.3316091 0.2186043
v -0.029601553 0.3358035 0.21831945
v 0.10742405 0.35438034 0.22681701
v 0.07842475 0.3273241 0.21613704
v 0.037320133 0.32798898 0.2154578
v -0.0719233 0.36014807 0.22222525
v -0.07246274 0.3684533 0.21945238
v -0.07456574 0.36358708 0.22359161
v -0.11245647 0.3443627 0.230641
v -0.11317184 0.3682159 0.2303073
v -0.07625147 0.3813358 0.21223415
v -0.12107504 0.38579312 0.22196513
v -0.036720544 0.364581 0.2248588
v -0.044406213 0.39647847 0.22568528
v 0.03763501 0.3637821 0.22141372
v 0.0024647238 0.36158943 0.2209085
v -0.010343525 0.4089712 0.22667064
v 0.047386803 0.37604544 0.21999325
v 0.06700297 0.34855333 0.22532746
v 0.07080177 0.3697185 0.21703987
v -0.023229636 0.4082695 0.22495705
v -0.07638058 0.38434917 0.2168341
v -0.07691776 0.3897195 0.2175313
v -0.07460631 0.41251057 0.23900935
v 0.049954433 0.40615785 0.21787843
v 0.0341987 0.40754217 0.22424737
v -0.12670746 0.28017533 0.16376776
v -0.1419582 0.26112586 0.15818724
v -0.15376739 0.27665532 0.18496339
v -0.1626926 0.2613623 0.17923017
v -0.19005923 0.4127269 0.21298662
v -0.21034573 0.41163424 0.19818723
v -0.20366867 0.38674164 0.20378184
v -0.17526895 0.3871427 0.21106574
v -0.16535416 0.35929456 0.20446926
v -0.14345787 0.3869707 0.20090386
v -0.13366945 0.36287457 0.19397259
v -0.14841716 0.4127483 0.21852718
v -0.11186238 0.41191962 0.22849853
v -0.11275146 0.27746212 0.1491022
v -0.10797482 0.29059857 0.16308537
v -0.10966304 0.2927487 0.16444924
v -0.111118644 0.30429184 0.16681501
v -0.14551939 0.2782152 0.19181402
v -0.1398305 0.3004628 0.19531135
v -0.16705 0.28582332 0.19944553
v -0.12680271 0.33741093 0.19105367
v -0.16892356 0.32569373 0.2057246
v -0.20256895 0.35401464 0.20854963
v -0.20220193 0.316984 0.20716153
v -0.19390365 0.28720188 0.196126
v -0.10936868 0.41141477 0.23292604
v -0.14871395 0.42477 0.25658
v -0.22821665 0.41202888 0.11177561
v -0.21945275 0.4085295 0.11609382
v -0.2070068 0.41424215 0.14310826
v -0.25873297 0.425857 0.13731839
v -0.2539369 0.4176735 0.17036076
v -0.21583945 0.41278207 0.17455603
v -0.24785206 0.41592923 0.20004678
v -0.243773 0.41671062 0.22744696
v -0.19054087 0.42063454 0.25592685
v -0.22889653 0.42551264 0.2536184
v -0.23245952 0.42526954 0.2515866
v 0.007557312 0.47952315 0.28893495
v 0.010739947 0.51439255 0.30061483
v 0.0047981255 0.49375737 0.29068744
v -0.016215244 0.5114022 0.30187815
v -0.01523965 0.49356237 0.2902531
v -0.029344218 0.45681408 0.27845207
v -0.057563167 0.5374797 0.29128
v -0.06410461 0.50701225 0.30162773
v -0.08860275 0.48911262 0.3015846
v -0.0738417 0.45529717 0.28558168
v -0.072849505 0.4317364 0.26367742
v -0.037756924 0.43367046 0.26421115
v -0.10934506 0.42874914 0.25979805
v -0.004357123 0.43507212 0.26558268
v -0.0073959082 0.45523176 0.2782832
v 0.013641875 0.463426 0.27933303
v 0.02820293 0.43897486 0.26915613
v 0.041063163 0.4163493 0.24756423
v -0.0020262492 0.41464302 0.24835183
v 0.0633889 0.44306615 0.27201578
v 0.054287754 0.46387494 0.30164507
v 0.096442424 0.46944448 0.29989028
v 0.09865069 0.44742602 0.27493867
v 0.1091857 0.41146335 0.22747624
v -0.11040834 0.45645386 0.27833632
v -0.11728748 0.47494233 0.30090287
v -0.042687967 0.41438097 0.24515298
v 0.07382124 0.41369277 0.2430263
v 0.13283876 0.45720068 0.27903444
v 0.13513646 0.47427872 0.2959393
v 0.13986737 0.42212337 0.25810543
v 0.18065758 0.42647457 0.25851429
v 0.17501473 0.4506638 0.275682
v 0.21634385 0.42253658 0.25911748
v 0.21068865 0.44807413 0.27527523
v 0.23972476 0.44866347 0.27227223
v 0.23875317 0.4278612 0.24541718
v 0.20989622 0.45757642 0.2988003
v 0.24630587 0.46219367 0.2985507
v 0.1707655 0.45880616 0.30029836
v -0.14922531 0.46862268 0.2945711
v -0.15015377 0.45262495 0.27627185
v -0.19036572 0.45024168 0.2774878
v -0.19482589 0.47139177 0.30066672
v -0.22669706 0.44958723 0.27711856
v -0.23075123 0.47021598 0.3008542
v -0.26116425 0.45542637 0.26449063
v -0.26537323 0.4700571 0.28931716
v -0.2661165 0.44750902 0.250305
v -0.28855252 0.46779498 0.26638857
v 0.07530351 0.371513 0.22573349
v 0.12172318 0.4075379 0.2208288
v 0.024663577 0.40832114 0.2254987
v -0.010196005 0.46350545 0.26837334
v -0.012530211 0.47836515 0.26819903
v -0.011620365 0.49157822 0.26818094
v -0.21306704 0.5640044 0.28274086
v -0.23420373 0.5383855 0.30168107
v -0.21115565 0.5370935 0.28391162
v -0.23913753 0.57539165 0.30188218
v -0.21296029 0.5692398 0.28476366
v -0.21091744 0.5044872 0.28503397
v -0.1994208 0.5001925 0.29790378
v -0.18607828 0.5711857 0.2959937
v -0.18286836 0.5410946 0.29092985
v -0.17182338 0.5078519 0.29722664
v -0.23269957 0.5044696 0.30177188
v -0.15325622 0.5777893 0.29497176
v -0.16224986 0.61425674 0.29679498
v -0.1938154 0.6109554 0.2967335
v -0.14755294 0.54430586 0.2920487
v -0.18294561 0.65261567 0.29350615
v -0.21243459 0.65130097 0.28808263
v -0.14399377 0.51102173 0.29552436
v -0.14327376 0.48299506 0.29168317
v -0.14144382 0.48502386 0.28542507
v -0.20611636 0.6875386 0.2801254
v -0.1612213 0.69237614 0.2963624
v -0.22790028 0.65380573 0.30127373
v -0.22122014 0.68954456 0.2982735
v -0.13703865 0.70691687 0.27451816
v -0.13941115 0.65854454 0.28048843
v -0.1127871 0.6615308 0.273969
v -0.12795642 0.7149652 0.27039012
v -0.13626638 0.6166608 0.2782073
v -0.110512905 0.6167899 0.2990469
v -0.1274858 0.58143693 0.2741693
v -0.10816151 0.544748 0.27065277
v -0.13269393 0.5069441 0.26804864
v -0.15402043 0.7283705 0.296512
v -0.054761745 0.6088475 0.30171636
v -0.0694903 0.6641629 0.3015376
v -0.08015817 0.7154371 0.3012191
v -0.13617374 0.7292181 0.29295492
v -0.13431753 0.73559254 0.28655794
v -0.14109717 0.48797405 0.27322683
v -0.17981973 0.72632533 0.29461303
v -0.20866744 0.72682995 0.30138773
v -0.14529443 0.47825927 0.29471198
v -0.0882179 0.5553678 0.28756315
v -0.092564255 0.5496366 0.27674618
v -0.12736315 0.49930453 0.29108536
v -0.090638846 0.5464 0.2907959
v -0.086570695 0.5541057 0.28746903
v -0.10940547 0.52250373 0.29497233
v -0.089162864 0.5526644 0.2807594
v -0.18027802 0.68909264 0.28177866
v -0.19061616 0.69409317 0.2790639
v -0.1812131 0.68299484 0.29095218
v 0.21496408 0.5311981 -0.29617605
v 0.2268268 0.5159321 -0.30048978
v 0.19889599 0.49863186 -0.28244764
v 0.20722918 0.50547874 -0.2793178
v 0.1484528 0.5561229 0.27165973
v 0.14441094 0.63160175 0.29554567
v 0.1408831 0.6326219 0.26817316
v 0.15787506 0.5981102 0.2933315
v 0.14338784 0.67143995 0.29585668
v 0.14080542 0.67665195 0.26800534
v 0.14413689 0.58509684 0.2955496
v 0.14921668 0.5532027 0.29218468
v 0.14999169 0.55718917 0.28366816
v -0.19216779 0.2251538 0.063747965
v -0.19544742 0.22079954 0.095565155
v -0.20136273 0.20888889 0.0846511
v -0.21492061 0.22071579 0.07682835
v -0.21103235 0.17921317 0.07708124
v -0.1959982 0.14323774 0.09615631
v -0.19852182 0.18032077 0.09829072
v -0.20569624 0.14504388 0.07642485
v -0.20970917 0.14316893 0.06200562
v -0.21114752 0.15108815 0.1054661
v -0.21997316 0.22641939 0.106931
v -0.22777449 0.18615699 0.11396016
v -0.212478 0.41114438 0.11403599
v -0.18646441 0.40634713 0.118876554
v -0.18687883 0.37972772 0.121998526
v -0.21945275 0.4085295 0.11609382
v -0.10429813 0.7274452 -0.2968449
v -0.07882638 0.7544553 -0.29706174
v -0.07322359 0.75509214 -0.28860703
v -0.10295962 0.7236952 -0.28695333
v -0.096469216 0.7400582 -0.27875692
v -0.0832526 0.15412787 0.22709183
v -0.108945124 0.16296864 0.22301215
v -0.099543765 0.15697035 0.1960864
v 0.02502149 0.4105874 -0.22409613
v -0.0008132461 0.40940014 -0.22524762
v -0.005338715 0.4097848 -0.22469191
v -0.030666241 0.38634872 -0.21841006
v -0.07882638 0.7544553 -0.29706174
v -0.09924914 0.77014416 -0.29450002
v -0.096469216 0.7400582 -0.27875692
v 0.1996745 0.49446046 -0.29786292
v 0.19889599 0.49863186 -0.28244764
v 0.2268268 0.5159321 -0.30048978
v 0.18993218 0.4954743 -0.2889222
v -0.14416555 0.7194445 -0.29251015
v -0.13936122 0.7241733 -0.28366995
v -0.13921194 0.72285324 -0.27065742
v -0.096469216 0.7400582 -0.27875692
v -0.1363657 0.7083577 -0.27318066
v -0.03401737 0.79442286 0.28411683
v -0.065177456 0.80160546 0.29653987
v -0.03773473 0.79326344 0.2877846
v -0.07082827 0.79887676 0.28389722
v -0.28851885 0.780107 -0.2416968
v -0.29687202 0.8294315 -0.23731486
v -0.27381235 0.83622897 -0.25156713
v -0.29469717 0.8747992 -0.24465248
v -0.27243066 0.8046476 -0.249787
v -0.2519747 0.8076483 -0.27486482
v -0.26914465 0.7797346 -0.24934514
v -0.27269095 0.7867361 -0.24681036
v -0.29118282 0.9099105 -0.20653987
v -0.27513403 0.94293666 -0.21256922
v -0.27147645 0.9389151 -0.24979746
v -0.29626894 0.8931773 -0.19772172
v -0.2819314 0.9025253 -0.21139348
v -0.26363915 0.90480053 -0.26160347
v -0.29395562 0.8904489 -0.21461095
v -0.27963364 0.87816733 -0.24555969
v -0.27448058 0.8679155 -0.25180486
v -0.27011317 0.8834146 -0.24268143
v -0.25211203 0.8733871 -0.26559776
v -0.25277793 0.84211147 -0.27139527
v -0.2382609 0.88390064 -0.29218206
v -0.23939936 0.8128441 -0.29756224
v -0.24125423 0.8479896 -0.29505903
v -0.25491542 0.77977705 -0.27794474
v -0.23547848 0.78573585 -0.29577774
v -0.29805058 0.77429616 -0.2507058
v 0.25479424 0.11375794 0.117504895
v 0.27752215 0.07254073 0.124983266
v 0.25513715 0.09344041 0.11796626
v -0.14416555 0.7194445 -0.29251015
v -0.10429813 0.7274452 -0.2968449
v -0.12794325 0.7177549 -0.29563507
v -0.096469216 0.7400582 -0.27875692
v -0.13850012 0.72700226 -0.28064683
v -0.29805058 0.77429616 -0.2507058
v -0.27269095 0.7867361 -0.24681036
v -0.2740931 0.7854681 -0.23630394
v -0.2721961 0.7820009 -0.23649995
v -0.1812131 0.68299484 0.29095218
v -0.17981973 0.72632533 0.29461303
v -0.18027802 0.68909264 0.28177866
v 0.18331784 0.69108295 -0.28794953
v 0.19975534 0.6965409 -0.29868433
v 0.20362245 0.69090295 -0.28332418
v 0.20092773 0.68748456 -0.28255156
v 0.21476455 0.35942078 0.052874807
v 0.22477749 0.36391455 0.0677166
v 0.21972682 0.36398125 0.06969965
v 0.21915847 0.3667625 0.07265619
v 0.07156667 0.977231 0.04802875
v 0.10123595 0.9906983 0.034437474
v 0.101003334 0.98050433 0.036157977
v -0.048002247 0.7830534 -0.2928309
v -0.041487917 0.78788567 -0.28965577
v -0.096469216 0.7400582 -0.27875692
v 0.18115579 0.7743425 -0.29769462
v 0.21820648 0.78766847 -0.29562783
v 0.20287573 0.7857913 -0.29205886
v 0.23383552 0.79101694 -0.2935201
v -0.048002247 0.7830534 -0.2928309
v 0.021977324 0.79458857 -0.28426874
v -0.041487917 0.78788567 -0.28965577
v 0.20278242 0.6798073 -0.2938737
v 0.20092773 0.68748456 -0.28255156
v 0.20362245 0.69090295 -0.28332418
v 0.19975534 0.6965409 -0.29868433
v -0.07322359 0.75509214 -0.28860703
v -0.07882638 0.7544553 -0.29706174
v -0.096469216 0.7400582 -0.27875692
v 0.05748303 0.003111899 -0.12753107
v 0.055342942 0.004959047 -0.08951618
v 0.06406646 0.0041507483 -0.11800972
v 0.0589636 0.0038859546 -0.12255603
v -0.26216286 0.06367138 -0.08380049
v -0.26309323 0.06162548 -0.082824044
v -0.26183617 0.05604875 -0.084599875
v -0.2596113 0.028535515 -0.08940209
v -0.2611649 0.062084794 -0.048876215
v -0.083372734 0.06254858 -0.26109874
v -0.08877466 0.056489587 -0.2593515
v -0.08850126 0.04287526 -0.26234153
v -0.08300617 0.035382807 -0.26047388
v 0.28711957 0.5994173 0.08828555
v 0.2991383 0.65266985 0.10184889
v 0.2904743 0.6010359 0.08785196
v -0.075521715 0.36185777 -0.22016829
v -0.028284704 0.3657291 -0.22014989
v -0.048105314 0.36251017 -0.22167805
v -0.07225347 0.3637054 -0.21957508
v -0.2633394 0.06866658 0.09426303
v -0.24973726 0.11270699 0.11844656
v -0.26450044 0.0693866 0.0965714
v 0.20722918 0.50547874 -0.2793178
v 0.19889599 0.49863186 -0.28244764
v 0.207492 0.509526 -0.281227
v 0.21496408 0.5311981 -0.29617605
v 0.20525153 0.50732905 -0.28856692
v 0.17845324 0.5093839 -0.29731086
v 0.18993218 0.4954743 -0.2889222
v 0.17617108 0.50704235 -0.29382908
v 0.1996745 0.49446046 -0.29786292
v 0.20964068 0.53127867 -0.28130424
v -0.15871158 0.99903643 0.0671039
v -0.18657698 0.99083847 0.079174265
v -0.16192436 1.0000156 0.06812747
v -0.14416555 0.7194445 -0.29251015
v -0.13850012 0.72700226 -0.28064683
v -0.14006245 0.7265482 -0.28099814
v -0.13936122 0.7241733 -0.28366995
v -0.096469216 0.7400582 -0.27875692
v -0.08083169 0.036388695 -0.26122993
v -0.08300617 0.035382807 -0.26047388
v -0.0840956 0.039393187 -0.25985357
v 0.19826382 0.1135599 0.18371785
v 0.14965348 0.11410615 0.16047165
v 0.11714189 0.114197195 0.22614701
v 0.21337143 0.11379564 0.1685457
v 0.14678968 0.11371827 0.23792008
v 0.17131113 0.077739924 0.22665043
v 0.22846544 0.11346337 0.15564781
v 0.17200516 0.11481774 0.13369903
v 0.24461742 0.11346847 0.13948281
v 0.18628949 0.11399138 0.117835335
v 0.19443062 0.11381385 0.11138077
v 0.25479424 0.11375794 0.117504895
v -0.013001335 0.7637124 -0.3017525
v -0.0631025 0.7508615 -0.30063125
v -0.096469216 0.7400582 -0.27875692
v -0.10938735 0.90924096 0.2898132
v -0.050387863 0.92187285 0.29474828
v -0.10691917 0.91224265 0.29347277
v -0.2385848 0.73246896 0.30134767
v -0.25302893 0.7730528 0.2904216
v -0.26525342 0.7378785 0.2880464
v -0.22732964 0.76469755 0.3013727
v -0.19983606 0.75945467 0.29978204
v -0.20866744 0.72682995 0.30138773
v -0.17057075 0.7579731 0.29639328
v -0.17981973 0.72632533 0.29461303
v -0.15608536 0.7866049 0.29683903
v -0.19013022 0.78879505 0.29698795
v -0.21694857 0.77934444 0.292228
v -0.14089137 0.81654817 0.2968858
v -0.18555029 0.8203887 0.2966659
v -0.100221805 0.80434287 0.29685834
v -0.080916986 0.83119786 0.29689124
v -0.1267729 0.8451936 0.2968805
v -0.064600036 0.85765505 0.2969005
v -0.11664061 0.87299204 0.2969174
v -0.056747433 0.88923526 0.2956118
v -0.11079142 0.8979119 0.29629883
v -0.10938735 0.90924096 0.2898132
v -0.050387863 0.92187285 0.29474828
v -0.02261121 0.8289662 0.29683417
v -0.047782216 0.81900895 0.2878857
v -0.003171639 0.88152415 0.29517272
v -0.22122014 0.68954456 0.2982735
v -0.2470844 0.6949316 0.30056414
v -0.12169417 0.77817416 0.2968281
v -0.1409876 0.7546631 0.29638118
v -0.15402043 0.7283705 0.296512
v -0.15602668 0.91178465 0.28042254
v -0.16611266 0.8824196 0.2969548
v -0.22790028 0.65380573 0.30127373
v -0.25139326 0.6563305 0.29792848
v -0.24786392 0.6155527 0.3000755
v -0.2152166 0.61330914 0.28946
v -0.21243459 0.65130097 0.28808263
v -0.1938154 0.6109554 0.2967335
v -0.21296029 0.5692398 0.28476366
v -0.23913753 0.57539165 0.30188218
v -0.18607828 0.5711857 0.2959937
v 0.0032180343 0.9180018 0.2963126
v 0.049537882 0.88273937 0.29602036
v 0.048773192 0.8451034 0.29678273
v 0.05201708 0.812554 0.29214224
v 0.004774316 0.79796207 0.29651386
v -0.01333577 0.7978481 0.29638118
v 0.055173248 0.78665006 0.2970442
v 0.00913001 0.7946955 0.28453228
v 0.05941833 0.75190514 0.30071405
v 0.014285943 0.76120776 0.30143547
v 0.068561405 0.70295763 0.30151746
v 0.023327434 0.7119092 0.3015089
v 0.036018766 0.6518861 0.30159804
v 0.08476365 0.64350754 0.30161247
v -0.045836233 0.78457224 0.291062
v -0.03773473 0.79326344 0.2877846
v 0.045762964 0.59660596 0.30169824
v 0.09260706 0.59150064 0.30152977
v 0.09238669 0.55476177 0.29006913
v 0.050482187 0.5513678 0.30151552
v 0.10178704 0.74119425 0.29682055
v 0.101148896 0.78124607 0.29703152
v -0.016774269 0.66005695 0.30157995
v -0.0036230963 0.6014921 0.30171174
v 0.0048289695 0.55256444 0.30182505
v 0.10616065 0.55313224 0.29032886
v 0.04899149 0.51238286 0.301828
v 0.09726549 0.8137098 0.29669702
v 0.14163955 0.7584667 0.29674566
v 0.12419565 0.7122216 0.2736281
v 0.13929768 0.7195846 0.2825551
v 0.15598539 0.70598 0.2965737
v 0.16500324 0.7231957 0.2915238
v 0.09500216 0.8490544 0.29663426
v 0.09554183 0.8863589 0.29554185
v -0.029959345 0.79778254 0.29674348
v -0.1812131 0.68299484 0.29095218
v -0.1612213 0.69237614 0.2963624
v -0.20611636 0.6875386 0.2801254
v -0.20325352 0.6861634 0.28328118
v -0.13431753 0.73559254 0.28655794
v -0.07082827 0.79887676 0.28389722
v -0.095980465 0.77255857 0.28414166
v 0.0953602 0.5083782 0.3017903
v 0.054287754 0.46387494 0.30164507
v 0.096442424 0.46944448 0.29989028
v 0.007557312 0.47952315 0.28893495
v 0.13679738 0.5036212 0.30177206
v 0.13970792 0.533479 0.30177978
v 0.13513646 0.47427872 0.2959393
v 0.1707655 0.45880616 0.30029836
v 0.17546894 0.49952582 0.30085352
v 0.21356466 0.49803445 0.30168378
v 0.20989622 0.45757642 0.2988003
v 0.25042647 0.50001425 0.3010492
v 0.24630587 0.46219367 0.2985507
v 0.21679816 0.53777194 0.30137786
v 0.25242263 0.5389254 0.29856893
v 0.25365984 0.58119994 0.2960013
v 0.2195332 0.58038604 0.29552168
v 0.25468946 0.6248364 0.29465824
v 0.21964772 0.62489456 0.29528594
v 0.1816479 0.58233654 0.297185
v 0.18225768 0.6278191 0.29711735
v 0.21961333 0.6658794 0.29543406
v 0.18366955 0.6665085 0.29701707
v 0.21910335 0.703897 0.3000399
v 0.15787506 0.5981102 0.2933315
v 0.14441094 0.63160175 0.29554567
v 0.14921668 0.5532027 0.29218468
v 0.14413689 0.58509684 0.2955496
v 0.2529968 0.66695 0.29462102
v 0.2508052 0.70810485 0.2978477
v 0.17780219 0.53483135 0.3017258
v 0.24511234 0.7492477 0.3002707
v 0.2159744 0.7403621 0.30122083
v 0.20205301 0.78418374 0.29456002
v 0.19691563 0.7759061 0.29505393
v 0.17063205 0.78089356 0.29673305
v 0.17628106 0.807535 0.296539
v 0.1798929 0.8465904 0.29573494
v 0.21966413 0.83883625 0.29607475
v 0.17799309 0.8871244 0.29618698
v 0.21699396 0.8829783 0.29551455
v 0.13691257 0.88875306 0.29650974
v 0.24995835 0.8332237 0.28170353
v 0.2475869 0.8771201 0.2792935
v 0.24297811 0.78836465 0.26663247
v 0.19172259 0.7675491 0.29546806
v 0.1900938 0.7296722 0.29868907
v 0.13831708 0.8123916 0.29655832
v 0.22115818 0.78264415 0.28733295
v -0.029763598 0.7200872 0.30147067
v -0.059269313 0.76719725 0.29281503
v -0.0694903 0.6641629 0.3015376
v -0.08015817 0.7154371 0.3012191
v -0.054761745 0.6088475 0.30171636
v 0.14338784 0.67143995 0.29585668
v 0.14080542 0.67665195 0.26800534
v 0.010739947 0.51439255 0.30061483
v -0.047266178 0.5621243 0.30194128
v -0.11295397 0.7510599 0.29642045
v -0.13617374 0.7292181 0.29295492
v -0.12795642 0.7149652 0.27039012
v 0.16640134 0.752979 0.29684365
v -0.14619753 0.9418559 0.27524406
v -0.10691917 0.91224265 0.29347277
v 0.098076396 0.91933477 0.2928958
v 0.13465358 0.9118028 0.28050253
v -0.11712072 0.7494152 0.28642687
v 0.052572392 0.9187126 0.2959388
v -0.18966782 0.83967006 0.29320088
v -0.2071415 0.8904902 0.2969966
v -0.2177548 0.85782814 0.29598662
v -0.24873067 0.862919 0.28844875
v -0.23796804 0.8932483 0.2836048
v -0.24785684 0.8273623 0.29249674
v -0.19513966 0.84810275 0.294185
v -0.19520175 0.91184175 0.28029343
v -0.1873648 0.9479153 0.2704472
v -0.22229712 0.9112924 0.2800724
v -0.110512905 0.6167899 0.2990469
v -0.0882179 0.5553678 0.28756315
v -0.21507998 0.78919125 0.29490897
v -0.21766408 0.8233988 0.29670763
v -0.057563167 0.5374797 0.29128
v -0.016215244 0.5114022 0.30187815
v -0.05555729 0.5408247 0.29435283
v -0.22505027 0.9513589 0.26633793
v -0.2289465 0.7814286 0.29301664
v 0.13799618 0.8505962 0.29646146
v -0.03401737 0.79442286 0.28411683
v -0.23480724 0.7899244 0.29230076
v 0.18681641 0.7010281 0.2996675
v 0.13908368 0.7805301 0.2967535
v -0.18966782 0.83967006 0.29320088
v -0.2177548 0.85782814 0.29598662
v -0.21766408 0.8233988 0.29670763
v -0.19513966 0.84810275 0.294185
v -0.20611636 0.6875386 0.2801254
v -0.20325352 0.6861634 0.28328118
v -0.1812131 0.68299484 0.29095218
v -0.2517624 0.5377039 -0.3003614
v -0.21726559 0.49628782 -0.30072778
v -0.25269002 0.49735028 -0.30021968
v -0.21754384 0.53572106 -0.29593167
v -0.18386455 0.49556285 -0.29474902
v -0.18335263 0.53351563 -0.29718676
v -0.2196765 0.45699522 -0.29548115
v -0.18589643 0.45755592 -0.29445067
v -0.21309476 0.5776565 -0.285251
v -0.25075477 0.5791043 -0.2987955
v -0.18644719 0.5753805 -0.29722396
v -0.2549045 0.4611996 -0.28930765
v -0.1473856 0.4938801 -0.2958732
v -0.15416908 0.46249458 -0.2870141
v -0.128923 0.49180928 -0.29355744
v -0.123892404 0.46052706 -0.29124373
v -0.12901239 0.5268637 -0.27335703
v -0.10276284 0.5271634 -0.2919293
v -0.14312741 0.5717727 -0.2740825
v -0.10459185 0.5535323 -0.27998614
v -0.10178894 0.4921376 -0.30135787
v -0.09245401 0.4596076 -0.2943911
v -0.15060547 0.533005 -0.2940547
v -0.107523054 0.5568869 -0.27994546
v -0.11789469 0.5731023 -0.28059822
v -0.11525571 0.6059593 -0.27663004
v -0.14217877 0.6113837 -0.2744067
v -0.119848765 0.655144 -0.28021902
v -0.14267628 0.6521036 -0.27422678
v -0.15623711 0.65506107 -0.29749888
v -0.15572637 0.6143371 -0.29703897
v -0.1358738 0.68398213 -0.2756371
v -0.11409647 0.6830574 -0.27428266
v -0.15571068 0.68872845 -0.295542
v -0.07983534 0.5554192 -0.2872804
v -0.101804726 0.5924353 -0.29876807
v -0.07185501 0.5817159 -0.30169013
v -0.038763586 0.56824857 -0.3017104
v -0.06005884 0.540363 -0.28647414
v -0.04050984 0.52012444 -0.29013377
v -0.008861001 0.5265473 -0.30173323
v 0.002037602 0.49933508 -0.30142343
v -0.024014471 0.47145346 -0.29312122
v -0.0029464192 0.4916634 -0.27378914
v -0.05855106 0.45796588 -0.29772183
v -0.2486785 0.6220177 -0.3012478
v -0.21289615 0.618836 -0.2859793
v -0.24135903 0.66434187 -0.301642
v -0.21312708 0.66472137 -0.28407156
v -0.18713874 0.6593183 -0.2974592
v -0.21283604 0.6722696 -0.283683
v -0.18289289 0.6894438 -0.2848569
v -0.18742485 0.61709946 -0.29738018
v -0.18451136 0.6930206 -0.2859809
v -0.14416555 0.7194445 -0.29251015
v -0.1363657 0.7083577 -0.27318066
v -0.1785717 0.7385987 -0.2928472
v -0.19732201 0.7406058 -0.3016149
v -0.20181172 0.69769734 -0.29624894
v -0.21750623 0.6938533 -0.29882655
v -0.2344723 0.74255407 -0.30152845
v -0.175417 0.78255177 -0.29752308
v -0.14926414 0.7858257 -0.29749382
v -0.1289166 0.7897941 -0.29750866
v -0.09924914 0.77014416 -0.29450002
v -0.07882638 0.7544553 -0.29706174
v -0.10429813 0.7274452 -0.2968449
v -0.044289712 0.8175228 -0.28562066
v -0.17748937 0.81888473 -0.29751328
v -0.20075324 0.7784209 -0.29347068
v -0.23547848 0.78573585 -0.29577774
v -0.20969452 0.81523156 -0.29744613
v -0.17310673 0.8565242 -0.29707372
v -0.20918481 0.85222685 -0.29551744
v -0.24125423 0.8479896 -0.29505903
v -0.13253517 0.860688 -0.29747817
v -0.1669237 0.89211774 -0.29728422
v -0.124317326 0.894668 -0.29740876
v -0.205028 0.88865924 -0.2973349
v -0.2382609 0.88390064 -0.29218206
v -0.20001525 0.91183877 -0.27993217
v -0.16049811 0.91418 -0.2805852
v -0.23407869 0.91454625 -0.2795488
v -0.07927355 0.8985512 -0.29620486
v -0.08619755 0.86542475 -0.29732674
v -0.031053333 0.90534794 -0.2965837
v -0.03514602 0.8731572 -0.29723093
v 0.017971287 0.9134631 -0.2962258
v 0.01597349 0.8813492 -0.29686326
v -0.09593172 0.8285178 -0.29749405
v 0.020330792 0.939296 -0.2817324
v 0.06484398 0.92264414 -0.29366785
v 0.06302228 0.892308 -0.29643378
v 0.014948258 0.8472324 -0.29762688
v 0.061684385 0.85822535 -0.29765266
v 0.017055511 0.8171103 -0.2863765
v 0.06496783 0.82544696 -0.29765633
v 0.06714186 0.7906035 -0.29499215
v 0.021977324 0.79458857 -0.28426874
v -0.048002247 0.7830534 -0.2928309
v 0.106575646 0.8370065 -0.29756534
v 0.112280175 0.801193 -0.29761824
v 0.10587494 0.873912 -0.29765415
v 0.0738798 0.7517638 -0.2903712
v 0.03839046 0.7553754 -0.30173528
v 0.12779556 0.7680721 -0.29766
v 0.15782914 0.78019714 -0.2976223
v 0.15430492 0.812315 -0.29757
v 0.16421536 0.7616955 -0.2977309
v 0.15211625 0.7380234 -0.29748285
v 0.11683452 0.74689806 -0.28660685
v 0.13605697 0.72664386 -0.28476128
v 0.10897953 0.7553563 -0.28790462
v 0.1919104 0.7294444 -0.29917163
v 0.1927661 0.7571024 -0.29566312
v 0.19975534 0.6965409 -0.29868433
v 0.18115579 0.7743425 -0.29769462
v 0.19755594 0.8197999 -0.2975728
v 0.19330786 0.85770714 -0.29720643
v 0.23493901 0.8264365 -0.2951349
v 0.23383552 0.79101694 -0.2935201
v 0.23258664 0.8634695 -0.29653853
v 0.24959056 0.8661695 -0.2713147
v 0.24994425 0.8290398 -0.2716499
v 0.27248603 0.832486 -0.25186303
v 0.2742542 0.8721232 -0.2517749
v 0.26781118 0.7911223 -0.24411505
v 0.2948134 0.8384899 -0.23599854
v 0.29189622 0.79991555 -0.23625676
v 0.296933 0.7715436 -0.23901223
v 0.27643144 0.7751225 -0.25546777
v 0.25288892 0.775766 -0.27715302
v 0.27771473 0.90100867 -0.23064694
v 0.24830255 0.8965076 -0.26858833
v 0.27719343 0.90354806 -0.23587504
v 0.29421133 0.87836075 -0.22888167
v 0.22413425 0.89818305 -0.29577175
v 0.18757877 0.8917595 -0.29731512
v 0.24578631 0.7947415 -0.27012223
v -0.041487917 0.78788567 -0.28965577
v 0.18331784 0.69108295 -0.28794953
v 0.15496369 0.7105041 -0.2892101
v 0.14592938 0.7094926 -0.28258714
v 0.14003639 0.69976294 -0.27356803
v 0.13632728 0.7193403 -0.27409098
v 0.15960306 0.65976167 -0.29770473
v 0.20278242 0.6798073 -0.2938737
v 0.20092773 0.68748456 -0.28255156
v 0.22941771 0.7310913 -0.3017124
v 0.22932911 0.69828916 -0.30156827
v 0.2594645 0.6968383 -0.2918363
v 0.26042598 0.73480994 -0.2904521
v 0.23006457 0.6595017 -0.30159998
v 0.25973475 0.65593594 -0.29267722
v 0.2593975 0.6103583 -0.29374444
v 0.23065169 0.6120501 -0.30167043
v 0.2557485 0.5611933 -0.29613125
v 0.22637782 0.56491834 -0.30156538
v 0.20799638 0.56669796 -0.28940603
v 0.20076002 0.61283576 -0.29682335
v 0.21496408 0.5311981 -0.29617605
v 0.25416028 0.5074299 -0.29742795
v 0.17845324 0.5093839 -0.29731086
v 0.14390461 0.6111614 -0.2966239
v 0.15509114 0.5604248 -0.2976764
v 0.15054615 0.8500489 -0.29755867
v 0.112665385 0.9170898 -0.2789514
v -0.02636546 0.9332125 -0.2866071
v -0.07262041 0.9281497 -0.29045713
v 0.063760936 0.9456636 -0.2765088
v 0.060839094 0.9622024 -0.2563689
v -0.020944418 0.95712924 -0.267753
v -0.06609677 0.9523449 -0.2714823
v 0.022232305 0.95885074 -0.26082337
v 0.1475034 0.8868636 -0.29754218
v 0.18326738 0.9118843 -0.28006798
v 0.21598826 0.92235976 -0.28008384
v 0.22363122 0.95145357 -0.2652313
v 0.18419375 0.94373983 -0.2726891
v 0.25827026 0.9323951 -0.26465005
v 0.26492822 0.9413656 -0.24870925
v -0.26363915 0.90480053 -0.26160347
v -0.25211203 0.8733871 -0.26559776
v -0.23571035 0.9506624 -0.26512694
v -0.19667707 0.9500957 -0.26812443
v -0.27147645 0.9389151 -0.24979746
v 0.23372446 0.76464087 -0.30164433
v 0.21820648 0.78766847 -0.29562783
v -0.11589502 0.91433305 -0.27989992
v -0.108160816 0.94668293 -0.27020922
v -0.15410993 0.9477993 -0.26995507
v 0.17617108 0.50704235 -0.29382908
v -0.038899336 0.8418472 -0.29759684
v -0.14262739 0.82307696 -0.2974942
v 0.11286385 0.9314275 -0.28107294
v 0.10475411 0.9497291 -0.26547095
v 0.14429632 0.9590875 -0.25846115
v 0.14478697 0.9380616 -0.27686313
v -0.23939936 0.8128441 -0.29756224
v -0.26735872 0.75009143 -0.28703648
v -0.25491542 0.77977705 -0.27794474
v 0.14576788 0.9121549 -0.2803792
v -0.15555426 0.5726381 -0.2963346
v -0.067199856 0.49612054 -0.30163118
v -0.08370968 0.52361727 -0.30166292
v -0.041487917 0.78788567 -0.28965577
v -0.013001335 0.7637124 -0.3017525
v -0.096469216 0.7400582 -0.27875692
v 0.03839046 0.7553754 -0.30173528
v 0.16421536 0.7616955 -0.2977309
v 0.18115579 0.7743425 -0.29769462
v 0.20287573 0.7857913 -0.29205886
v 0.1927661 0.7571024 -0.29566312
v 0.21820648 0.78766847 -0.29562783
v 0.14592938 0.7094926 -0.28258714
v 0.15496369 0.7105041 -0.2892101
v 0.15960306 0.65976167 -0.29770473
v 0.13809401 0.65872395 -0.27574784
v 0.14390461 0.6111614 -0.2966239
v 0.14003639 0.69976294 -0.27356803
v 0.13508958 0.610624 -0.27497116
v -0.09924914 0.77014416 -0.29450002
v -0.044289712 0.8175228 -0.28562066
v -0.096469216 0.7400582 -0.27875692
v -0.044289712 0.8175228 -0.28562066
v -0.048002247 0.7830534 -0.2928309
v -0.096469216 0.7400582 -0.27875692
v -0.29055852 0.64074445 -0.11022917
v -0.27827102 0.6256914 -0.09862401
v -0.28000355 0.6367679 -0.10686661
v -0.010343525 0.4089712 0.22667064
v 0.0341987 0.40754217 0.22424737
v 0.049954433 0.40615785 0.21787843
v -0.18969166 0.96328104 -0.09879124
v -0.21995707 0.9630978 -0.11339481
v -0.229749 0.9632219 -0.05576895
v -0.20544054 0.9777938 -0.05339753
v -0.17934756 0.9628544 -0.19229136
v -0.23694082 0.96282184 -0.22256172
v -0.24255389 0.9628099 -0.1724784
v -0.19262242 0.96274775 -0.23248295
v -0.15005738 0.9628985 -0.2407355
v -0.14138487 0.9629626 -0.20278728
v -0.09923748 0.96307385 -0.22003393
v -0.1023146 0.963038 -0.24694751
v -0.05447316 0.9632368 -0.21544875
v -0.059827875 0.96306473 -0.2456922
v -0.011458434 0.96313953 -0.1946928
v -0.015470848 0.96304476 -0.23620106
v -0.12061477 0.96330476 -0.16816536
v -0.08954412 0.96351737 -0.19839896
v -0.15686843 0.9655118 -0.13723615
v -0.2543779 0.962623 -0.11305531
v -0.25927788 0.95826256 -0.056689374
v -0.045621775 0.98496705 -0.19684532
v 0.03703678 0.9641395 -0.1841829
v 0.024700325 0.96303713 -0.22855969
v 0.057627436 0.9629478 -0.2111661
v 0.03518607 0.97641826 -0.18144391
v 0.022232305 0.95885074 -0.26082337
v 0.060839094 0.9622024 -0.2563689
v 0.09972944 0.9629524 -0.24648744
v 0.085454546 0.9630841 -0.1995805
v 0.13124669 0.9629846 -0.19986932
v 0.1418553 0.9628099 -0.22967474
v 0.18250567 0.9628538 -0.17669106
v 0.18650624 0.9627638 -0.21464095
v 0.1859884 0.96234554 -0.24780339
v 0.14429632 0.9590875 -0.25846115
v 0.23239735 0.9626836 -0.20270798
v 0.22861692 0.96270484 -0.23542202
v 0.23815192 0.9626819 -0.16725342
v 0.24861075 0.96280766 -0.12791447
v 0.20792459 0.9629123 -0.13379653
v 0.13641228 0.9629228 -0.1482857
v 0.16575606 0.9737204 -0.114175275
v 0.25719136 0.96091163 -0.09150972
v 0.22793277 0.9630774 -0.0936148
v 0.20147473 0.9630692 -0.092304096
v 0.23681642 0.96315855 -0.057616483
v 0.21274 0.96328 -0.06000667
v 0.20988558 0.96327955 -0.029233808
v 0.23534194 0.963192 -0.02358958
v 0.22881876 0.9632274 0.01000626
v 0.2027157 0.9632609 0.0036238413
v 0.21186772 0.9633287 0.040425606
v 0.19440258 0.96344507 0.037403505
v 0.18073753 0.9635296 0.03708094
v 0.18044326 0.96358615 -0.0024672507
v 0.19051258 0.96804893 -0.03760051
v 0.2622158 0.96068126 -0.056584116
v 0.2613837 0.9604808 -0.02084648
v 0.2566747 0.96027625 0.015406885
v 0.24980365 0.9634049 0.051391494
v 0.20846936 0.963497 0.07542486
v 0.17828827 0.96315944 0.18165757
v 0.21806915 0.963073 0.2091089
v 0.22806679 0.963094 0.16630922
v 0.19018638 0.9631872 0.1512743
v 0.23779881 0.9631769 0.12800016
v 0.20644385 0.96329015 0.11618054
v 0.24504165 0.9632942 0.08956546
v 0.15759075 0.9639579 0.1300953
v 0.17901796 0.97249365 0.10164581
v 0.13656749 0.9675499 0.15841255
v -0.020944418 0.95712924 -0.267753
v -0.06609677 0.9523449 -0.2714823
v 0.20956913 0.95653737 0.259692
v 0.17458257 0.95643646 0.26126873
v 0.135875 0.9530865 0.26516506
v 0.13202386 0.96328133 0.22119479
v 0.10657032 0.96395224 0.18041107
v 0.081746966 0.9635144 0.20370702
v 0.05664853 0.9696434 0.21513276
v 0.057670284 0.96357864 0.2486052
v 0.094887696 0.9634761 0.23878843
v 0.096882395 0.9506754 0.27258676
v -0.22453749 0.9632267 -0.0064886822
v -0.26026958 0.9595434 -0.004331862
v -0.26221186 0.9629162 0.048859406
v -0.23171061 0.9632363 0.04206519
v -0.2589227 0.96077687 0.10154422
v -0.23117647 0.9632431 0.09538146
v -0.22376287 0.9631465 0.14390816
v -0.25553215 0.96297723 0.14793469
v -0.19061977 0.96324444 0.13248983
v -0.20324643 0.96420664 0.08493044
v -0.17819437 0.9632809 0.17416613
v -0.21928537 0.9631371 0.18774012
v -0.22097623 0.9632053 0.23013324
v -0.181362 0.9631987 0.23682046
v -0.2541877 0.9613165 0.18933702
v -0.25678068 0.9591863 0.22669196
v -0.13804744 0.96241534 0.25042278
v -0.12137436 0.9633872 0.21834336
v -0.09437304 0.96345174 0.19518325
v -0.07548488 0.9635267 0.23982991
v -0.052116867 0.96362823 0.21181482
v -0.01411325 0.9634809 0.21851198
v -0.040402677 0.96379066 0.19262515
v -0.00031902187 0.9701446 0.18359295
v -0.027956441 0.96301806 0.25084704
v 0.027209554 0.9634616 0.21945702
v 0.033149417 0.96381086 0.19020988
v 0.01737834 0.9626466 0.25256675
v -0.16439348 0.97828305 0.1194267
v -0.13376771 0.97078776 0.15624712
v -0.09532432 0.95629394 0.26668614
v -0.1949708 0.9677749 0.039291456
v -0.18146338 0.97255707 -0.01026287
v 0.2386339 0.95363617 0.25813293
v 0.25320172 0.9599355 0.2146919
v 0.031727187 0.9997021 0.18676805
v 0.20332347 0.9801981 -0.062439844
v -0.23571035 0.9506624 -0.26512694
v -0.19667707 0.9500957 -0.26812443
v -0.15410993 0.9477993 -0.26995507
v -0.108160816 0.94668293 -0.27020922
v 0.055522967 0.94695324 0.27583277
v 0.1981178 0.98572767 0.048196137
v -0.1873648 0.9479153 0.2704472
v -0.22505027 0.9513589 0.26633793
v -0.25758332 0.94482577 0.2555085
v 0.18989365 0.9711772 -0.088472016
v 0.098076396 0.91933477 0.2928958
v 0.052572392 0.9187126 0.2959388
v 0.009971352 0.9451839 0.27742228
v -0.040474836 0.9482118 0.27505884
v -0.050387863 0.92187285 0.29474828
v 0.0032180343 0.9180018 0.2963126
v -0.10691917 0.91224265 0.29347277
v -0.14619753 0.9418559 0.27524406
v 0.13465358 0.9118028 0.28050253
v 0.17537294 0.9122588 0.28023103
v 0.17799309 0.8871244 0.29618698
v 0.13691257 0.88875306 0.29650974
v 0.21699396 0.8829783 0.29551455
v 0.21064885 0.9126408 0.279991
v 0.24127305 0.9134333 0.2762072
v 0.09554183 0.8863589 0.29554185
v 0.13799618 0.8505962 0.29646146
v 0.19292517 0.96734846 -0.09122028
v 0.10475411 0.9497291 -0.26547095
v 0.063760936 0.9456636 -0.2765088
v -0.0064548026 0.98968995 -0.18901442
v 0.047850396 0.99645376 -0.18744093
v -0.18657698 0.99083847 0.079174265
v -0.18635876 0.9959504 0.03353753
v -0.18216936 0.9968382 -0.008256534
v -0.18155259 0.9977585 -0.0494506
v 0.11012391 0.9997461 0.14147694
v 0.08447973 0.9980301 0.16137259
v 0.042728093 1.0000248 0.17383671
v 0.13217865 0.9989354 0.11640856
v 0.19128363 0.9928869 -0.06488027
v 0.18564275 0.9947769 -0.038818624
v 0.18351105 0.99767506 -0.009400826
v 0.18560965 0.99684095 0.022698913
v -0.038370725 0.9997215 -0.1676588
v -0.07721198 0.9989009 -0.16766633
v -0.14110604 0.996683 -0.11818996
v -0.1114361 0.9971261 -0.14608882
v -0.16787648 0.9971529 -0.08795652
v 0.14478697 0.9380616 -0.27686313
v 0.27327102 0.94036555 -0.1164672
v 0.2707711 0.945234 -0.16086255
v 0.26860863 0.94703007 -0.19505326
v 0.18419375 0.94373983 -0.2726891
v 0.22363122 0.95145357 -0.2652313
v 0.26872408 0.9473607 -0.22427732
v 0.26492822 0.9413656 -0.24870925
v -0.22675958 0.40916854 0.024356512
v -0.22253442 0.4022958 0.055637237
v -0.22208938 0.39918113 0.049027562
v -0.17251289 0.0042861104 -0.14285403
v -0.21757834 0.0043767393 -0.16158444
v -0.19450817 0.0046332777 -0.18324701
v -0.19771367 0.0044511557 -0.13136514
v -0.18224654 0.0012302101 -0.09198818
v -0.1459011 0.0043857694 -0.08904504
v -0.21533376 0.004639417 -0.08867663
v -0.1736103 0.0042429566 -0.21180512
v -0.14648786 0.004270911 -0.1831354
v -0.10863843 0 -0.16551787
v -0.10867519 0.0039850175 -0.12643464
v -0.10174015 0.004286647 -0.20295179
v -0.13302834 0.004342109 -0.21849728
v -0.12650603 0.004395008 -0.25200596
v -0.097532704 0.0044401884 -0.23813541
v -0.17379317 0.0021420121 -0.048782654
v -0.14386974 0.004900515 -0.043590236
v -0.20637389 0.0044903457 -0.05116333
v -0.101277694 0.00421682 -0.07999437
v -0.12415765 0.01772815 -0.27847034
v -0.09615874 0.011985511 -0.26325402
v -0.15580076 0.007990271 -0.27237946
v -0.15548225 0.03330353 -0.27440098
v -0.22831085 0.00455299 -0.121164486
v -0.2438432 0.004396975 -0.14783417
v -0.065415874 0.0020486712 -0.16138494
v -0.06903214 0.011014432 -0.26196218
v -0.06475012 0.0044813454 -0.2296696
v -0.028192775 0.004560679 -0.2233192
v -0.03039976 0.009398371 -0.25627407
v -0.02680306 0.0004569292 -0.18707931
v 0.011358029 0.0002464056 -0.18119504
v 0.015747152 0.004441917 -0.14188099
v -0.024235887 0.0043523908 -0.15345713
v -0.02205474 0.0041438043 -0.10992243
v 0.01853182 0.004485756 -0.100708716
v 0.06406646 0.0041507483 -0.11800972
v 0.055342942 0.004959047 -0.08951618
v 0.018700715 0.00040090084 -0.05995567
v -0.01780063 0.0010893345 -0.06734246
v 0.05288029 0.00486061 -0.052564893
v 0.05748303 0.003111899 -0.12753107
v -0.15512246 0.009854287 -0.23706725
v -0.06556675 0.0024422705 -0.19394222
v 0.04633337 0.00033009052 -0.17543134
v 0.076882854 0.0005007386 -0.17138597
v 0.075193316 0.004754424 -0.12639958
v 0.086936414 0.0061787367 -0.087354645
v 0.102869466 0.0021152198 -0.16953744
v 0.11304897 0.0015598238 -0.12882139
v 0.12032256 0.0052736998 -0.08599582
v 0.10858813 0.0048576295 -0.21449265
v 0.14085616 0.0047724843 -0.22174326
v 0.07696661 0.0047999322 -0.21390799
v 0.04426905 0.004357338 -0.21662192
v 0.0589636 0.0038859546 -0.12255603
v -0.051817797 0.003777355 -0.11673561
v -0.055915654 0.006611705 -0.07182039
v -0.01702965 0.00027298927 -0.024719534
v 0.019222142 0.00050902367 -0.01963808
v -0.05254547 0.004293233 -0.02914419
v -0.015743686 0.00048321486 0.016277047
v -0.049623717 0.0005917549 0.011141484
v -0.08154399 0.00042647123 0.006214747
v -0.04704956 0.0034314096 0.046467707
v -0.016296813 0.00074255466 0.057522412
v -0.08260473 0.004925072 0.04573789
v -0.27068102 0.0043192506 -0.14057298
v 0.02041564 0.0006825924 0.020731464
v 0.054062054 0.0026943684 0.024371458
v 0.05411614 0.0008934438 -0.014537047
v 0.08826879 0.008193582 0.02826959
v 0.08904818 0.0010515451 -0.0073508285
v 0.08698874 0.0054816008 0.061021004
v 0.049421623 0.007498145 0.06086654
v 0.046396736 0.005144745 0.100046135
v 0.08623036 0.0058844388 0.098229624
v 0.12662196 0.0076221228 0.048113186
v 0.12320187 0.00583449 0.09421518
v 0.085743636 0.005568415 0.13948208
v 0.052444726 0.005543858 0.13907647
v 0.121009916 0.0013791919 0.13724843
v 0.12888058 0.008636087 0.03368795
v 0.1225739 0.006136954 0.03832134
v 0.15598013 0.0048318505 0.13480712
v 0.11488416 0.0041899383 0.1793444
v 0.14867927 0.005638629 0.19063832
v 0.028099496 0.004837692 0.13460267
v 0.016681332 0.0053472817 0.10166145
v 0.044159174 0.0012625158 0.18148553
v 0.0066764783 0.0012135208 0.18470638
v -0.034218792 0.0011765361 0.18439084
v -0.027759792 0.00528726 0.15081236
v -0.075708516 0.0012515187 0.18194987
v -0.07240388 0.0049039125 0.14490537
v -0.03546763 0.005394429 0.22123131
v -0.073397756 0.0054395497 0.22043447
v 0.0020721063 0.0054258704 0.22034355
v 0.038032282 0.005517304 0.21932681
v -0.033825953 0.0071537197 0.2581528
v -0.00048766413 0.009035468 0.2564229
v 0.033444226 0.0052357316 0.25606212
v 0.07955758 0.0032527745 0.178909
v 0.064621665 0.0067327023 0.25444835
v -0.09609757 0.0050376356 0.08911564
v -0.116788685 0.004806876 0.035554156
v -0.13437398 0.0050579607 0.08025886
v -0.1632626 0.004789144 0.030461954
v -0.17176692 0.0007894635 0.07103714
v -0.15556546 0.003709942 -0.00860353
v -0.20652056 0.0046863854 0.06353204
v -0.1993702 0.003069222 0.026824087
v -0.21864618 0.005122781 0.095584705
v -0.24790324 0.0049790144 0.08806086
v -0.2657721 0.010870665 0.11321505
v -0.23722403 0.005193144 0.12087038
v -0.20228264 0.005166441 0.1358947
v -0.27079737 0.005018562 0.13850942
v -0.27595878 0.022453785 0.14396265
v -0.22706106 0.005419284 0.15602219
v -0.2365667 0.0050579607 0.058330577
v -0.23052755 0.0050207376 0.023736734
v -0.18396112 0.002709955 0.10694724
v -0.060631167 0.005138576 0.09612967
v -0.04622048 0.0051672757 0.04785166
v -0.067829505 0.008545518 0.25732905
v -0.12540957 0.005351186 0.17315061
v -0.110463634 0.0018068552 0.13287729
v -0.020904 0.00518173 0.10073982
v -0.25828838 0.004532814 -0.113490924
v -0.24729978 0.0046162903 -0.08552949
v 0.15061885 0.001245439 -0.12726803
v 0.15595867 0.0022833645 -0.082405716
v 0.16929491 0.0048544407 -0.17002249
v 0.16650225 0.018850267 -0.23141445
v 0.2039838 0.01345548 -0.19342509
v 0.24472061 0.022213817 -0.15836135
v 0.22420785 0.0047016144 -0.14239965
v -0.11278867 0.0054115057 0.22266693
v -0.09999987 0.010314852 0.25756153
v -0.15732816 0.006588578 0.23954166
v -0.16943999 0.0050626993 0.20625032
v -0.12696916 0.005752653 0.2692028
v -0.15057568 0.004715413 0.26700032
v -0.16052452 0.026879728 0.2416134
v 0.08836437 0.0049929023 -0.04758176
v 0.04427607 0.0070714056 -0.25778034
v 0.07892284 0.004042387 -0.25588784
v 0.007869308 0.0066907406 -0.25426236
v 0.008947577 0.0047438443 -0.2194533
v 0.12277861 0.0049624443 -0.044397287
v 0.15839338 0.0038702786 -0.040840115
v 0.20120142 0.004782349 -0.112034865
v 0.19333802 0.0041852295 -0.07349876
v -0.19604881 0.004976958 0.17978811
v -0.16708922 0.005244255 0.15607603
v -0.23092948 0.0053548515 -0.012688336
v -0.25706148 0.005955696 0.021168
v -0.25928253 0.01326555 0.05585833
v -0.25778204 0.016751766 -0.012296836
v -0.26164865 0.02329123 -0.04995712
v 0.1610645 0.005279064 -0.0104811
v -0.2403622 0.00467214 -0.050281346
v 0.030992638 0.0041331053 0.060726967
v 0.1575809 0.0025797784 0.08504468
v 0.15515876 0.004543036 0.011745787
v -0.26246762 0.018500537 0.085782014
v -0.11187352 0.00452891 -0.003319279
v -0.090888314 0.006664604 -0.026953265
v 0.10991845 0.0065872073 -0.2654673
v -0.062829696 0.003671527 -0.13155968
v 0.18562555 0.016652405 0.21294841
v 0.17870109 0.015120447 0.21672869
v 0.19920948 0.006711155 0.1842034
v 0.15526535 0.008876324 0.241624
v 0.21771014 0.005376965 0.1544062
v 0.19727197 0.0054625273 0.121258974
v 0.24431546 0.0052304566 0.13577802
v 0.23129335 0.0053497255 0.107115336
v 0.13133812 0.0055505633 0.22830932
v 0.10305094 0.005664766 0.22013487
v 0.27459103 0.0049033463 0.13684365
v 0.25969362 0.00956586 0.09956245
v 0.2248858 0.0051962733 0.067029856
v 0.2541703 0.0092381835 0.061597865
v 0.22493197 0.0049925447 0.019979218
v 0.25735748 0.00614509 0.020232787
v 0.25503743 0.010430574 -0.019500071
v 0.22635478 0.0048585236 -0.024138529
v 0.25929403 0.0077789724 -0.059799924
v 0.22996798 0.0048163533 -0.06453528
v 0.2603575 0.02150461 -0.09334182
v 0.093581766 0.0081168115 0.25429332
v 0.118924916 0.005768299 0.2635888
v 0.14715749 0.0055601597 0.26901123
v 0.13929527 0.010013968 -0.27827474
v 0.15396471 0.028059334 -0.27325863
v 0.19173883 0.002343744 0.07449461
v 0.19211917 0.0022010505 0.017761057
v 0.1249356 0.0057200193 0.008781277
v 0.07174718 0.005633682 0.21817006
v 0.24516064 0.0047704875 -0.09872822
v 0.19317202 0.001167357 -0.03147964
v -0.14781722 0.00096964836 0.121612534
v -0.18838148 0.019044876 0.21984857
v -0.21323766 0.021848232 0.19048071
v -0.19901116 0.0025551915 -0.011137674
v 0.2800784 0.018556595 -0.1327691
v -0.062829696 0.003671527 -0.13155968
v -0.051817797 0.003777355 -0.11673561
v -0.051623195 0.002865702 -0.11101913
v -0.061414383 0.0019173026 -0.13251935
v -0.062829696 0.003671527 -0.13155968
v -0.051623195 0.002865702 -0.11101913
v -0.055915654 0.006611705 -0.07182039
v -0.061414383 0.0019173026 -0.13251935
v -0.101277694 0.00421682 -0.07999437
v -0.05254547 0.004293233 -0.02914419
v -0.090888314 0.006664604 -0.026953265
v -0.14781722 0.00096964836 0.121612534
v -0.09609757 0.0050376356 0.08911564
v -0.110463634 0.0018068552 0.13287729
v -0.07240388 0.0049039125 0.14490537
v -0.060631167 0.005138576 0.09612967
v -0.020904 0.00518173 0.10073982
v -0.04704956 0.0034314096 0.046467707
v -0.04622048 0.0051672757 0.04785166
v 0.1610645 0.005279064 -0.0104811
v 0.19211917 0.0022010505 0.017761057
v 0.19173883 0.002343744 0.07449461
v 0.1575809 0.0025797784 0.08504468
v 0.19317202 0.001167357 -0.03147964
v 0.15515876 0.004543036 0.011745787
v 0.1249356 0.0057200193 0.008781277
v 0.15939674 0.0058172047 -0.011029751
v 0.1610645 0.005279064 -0.0104811
v 0.15515876 0.004543036 0.011745787
v 0.15939674 0.0058172047 -0.011029751
v -0.25379765 0.093004435 -0.12994936
v -0.28048074 0.07566628 -0.1395628
v -0.27872288 0.09213808 -0.13281466
v -0.20414624 0.28004962 0.15555798
v -0.20023032 0.28403306 0.15994333
v -0.20205534 0.2871902 0.18303537
v 0.09292879 0.22308764 -0.1859899
v 0.08022587 0.21184272 -0.20087981
v 0.08761309 0.19466934 -0.20321114
v 0.10201752 0.20983374 -0.20728448
v 0.09292879 0.22308764 -0.1859899
v 0.10201752 0.20983374 -0.20728448
v 0.08761309 0.19466934 -0.20321114
v -0.010343525 0.4089712 0.22667064
v -0.044406213 0.39647847 0.22568528
v -0.023229636 0.4082695 0.22495705
v 0.2789734 0.7781106 0.2532044
v 0.2869922 0.7770997 0.25305963
v 0.2967738 0.7542182 0.25655785
v 0.06303015 0.22489136 -0.1892909
v 0.09292879 0.22308764 -0.1859899
v 0.08894431 0.22828016 -0.17647788
v 0.08022587 0.21184272 -0.20087981
v -0.110556625 0.7133479 -0.28620157
v -0.11409647 0.6830574 -0.27428266
v -0.1358738 0.68398213 -0.2756371
v -0.1363657 0.7083577 -0.27318066
v -0.0995012 0.6809393 -0.2999722
v -0.119848765 0.655144 -0.28021902
v -0.10059273 0.64243126 -0.3002485
v -0.08716095 0.7201524 -0.3008789
v -0.10295962 0.7236952 -0.28695333
v -0.101804726 0.5924353 -0.29876807
v -0.11525571 0.6059593 -0.27663004
v -0.067137524 0.71573347 -0.30170113
v -0.06581259 0.6742797 -0.3016989
v -0.023585923 0.6689614 -0.30171123
v -0.03244272 0.71657705 -0.3017027
v 0.013205433 0.71553475 -0.30171323
v 0.026146485 0.6656724 -0.30172652
v -0.013001335 0.7637124 -0.3017525
v -0.023002604 0.61898124 -0.30171558
v 0.02947494 0.6156721 -0.30174345
v 0.03839046 0.7553754 -0.30173528
v -0.038763586 0.56824857 -0.3017104
v 0.029860254 0.57004905 -0.30176392
v 0.07816813 0.6136342 -0.30178034
v 0.07706693 0.56828785 -0.30030915
v 0.07395807 0.52898014 -0.30194128
v 0.10874079 0.5633094 -0.27563193
v 0.110697754 0.61107355 -0.28761384
v 0.10419351 0.5190669 -0.2827521
v 0.032566153 0.5306782 -0.29870224
v -0.008861001 0.5265473 -0.30173323
v 0.07658652 0.6620297 -0.30174887
v 0.067355506 0.70855963 -0.30172926
v -0.06597708 0.6275737 -0.30169418
v -0.0631025 0.7508615 -0.30063125
v 0.111778334 0.697889 -0.28860456
v 0.0738798 0.7517638 -0.2903712
v -0.096469216 0.7400582 -0.27875692
v 0.002037602 0.49933508 -0.30142343
v 0.03452713 0.4921384 -0.3012996
v 0.10897953 0.7553563 -0.28790462
v 0.11683452 0.74689806 -0.28660685
v 0.13605697 0.72664386 -0.28476128
v -0.07185501 0.5817159 -0.30169013
v 0.03560815 0.45394292 -0.285217
v 0.0059465235 0.45070672 -0.2763577
v 0.13508958 0.610624 -0.27497116
v 0.1380867 0.5593386 -0.27590474
v 0.13809401 0.65872395 -0.27574784
v 0.14390461 0.6111614 -0.2966239
v 0.15509114 0.5604248 -0.2976764
v 0.17617108 0.50704235 -0.29382908
v 0.11531121 0.659291 -0.28334343
v 0.073354475 0.48897684 -0.30188006
v 0.11265611 0.48514384 -0.30159813
v 0.071017034 0.45292404 -0.28911752
v 0.10664008 0.4555732 -0.28698498
v 0.13526727 0.5095784 -0.27901068
v 0.15984832 0.45911306 -0.29748675
v 0.17143823 0.47256368 -0.29775038
v 0.20200147 0.46855912 -0.30101946
v 0.1996745 0.49446046 -0.29786292
v 0.23025239 0.456452 -0.29821107
v 0.2268268 0.5159321 -0.30048978
v 0.25736082 0.46930447 -0.2955331
v 0.25416028 0.5074299 -0.29742795
v 0.21496408 0.5311981 -0.29617605
v 0.14003639 0.69976294 -0.27356803
v -0.13921194 0.72285324 -0.27065742
v 0.14240997 0.47591838 -0.29547885
v 0.14300759 0.460451 -0.28342846
v 0.1544143 0.4692637 -0.29681772
v 0.1459767 0.4658451 -0.2900069
v 0.1465771 0.46637285 -0.29135436
v 0.11562231 0.7097961 -0.280182
v 0.15984832 0.45911306 -0.29748675
v 0.14240997 0.47591838 -0.29547885
v 0.1544143 0.4692637 -0.29681772
v -0.13703865 0.70691687 0.27451816
v -0.13431753 0.73559254 0.28655794
v -0.15402043 0.7283705 0.296512
v -0.13847785 0.728763 0.28371853
v -0.13703865 0.70691687 0.27451816
v -0.13431753 0.73559254 0.28655794
v -0.13847785 0.728763 0.28371853
v 0.21496408 0.5311981 -0.29617605
v 0.20964068 0.53127867 -0.28130424
v 0.207492 0.509526 -0.281227
v -0.045836233 0.78457224 0.291062
v -0.03773473 0.79326344 0.2877846
v -0.065177456 0.80160546 0.29653987
v -0.0406641 0.79036486 0.2901434
v -0.045836233 0.78457224 0.291062
v -0.03773473 0.79326344 0.2877846
v -0.0406641 0.79036486 0.2901434
v -0.083372734 0.06254858 -0.26109874
v -0.08134767 0.05968097 -0.25248477
v -0.08414233 0.04288453 -0.25531438
v -0.08850126 0.04287526 -0.26234153
v -0.0840956 0.039393187 -0.25985357
v -0.08083169 0.036388695 -0.26122993
v -0.08300617 0.035382807 -0.26047388
v -0.08300617 0.035382807 -0.26047388
v -0.08083169 0.036388695 -0.26122993
v -0.08414233 0.04288453 -0.25531438
v -0.03414304 0.0352149 -0.25297636
v 0.21496408 0.5311981 -0.29617605
v 0.21148801 0.53924066 -0.28906155
v 0.20964068 0.53127867 -0.28130424
v 0.21496408 0.5311981 -0.29617605
v 0.20964068 0.53127867 -0.28130424
v 0.21148801 0.53924066 -0.28906155
v -0.14922531 0.46862268 0.2945711
v -0.14529443 0.47825927 0.29471198
v -0.14327376 0.48299506 0.29168317
v -0.010343525 0.4089712 0.22667064
v 0.024663577 0.40832114 0.2254987
v 0.0341987 0.40754217 0.22424737
vt 0 0
vt 0 0
vt 0 0
vt 0 0
vt 0.75711566 0.8896496
vt 0.7563349 0.8945896
vt 0.76791465 0.894779
vt 0.7569862 0.8936183
vt 0.96891546 0.11119372
vt 0.9734118 0.10020274
vt 0.96945477 0.094659925
vt 0.2711611 0.24153733
vt 0.26261795 0.23629332
vt 0.25958744 0.24115992
vt 0.9592195 0.15473878
vt 0.9542337 0.14712799
vt 0.95343274 0.15455002
vt 0.2392233 0.66255623
vt 0.24831691 0.6628528
vt 0.24247652 0.6601796
vt 0.18783714 0.05592686
vt 0.16882326 0.055306733
vt 0.17334221 0.056281805
vt 0.8525226 0.15291405
vt 0.8723631 0.15356106
vt 0.85501117 0.15216756
vt 0.5991576 0.588228
vt 0.5985644 0.6064152
vt 0.6023823 0.5908505
vt 0.20423873 0.37755883
vt 0.20322444 0.3707385
vt 0.20487824 0.3635111
vt 0.20651434 0.37136304
vt 0.182363 0.37601787
vt 0.18035306 0.3751247
vt 0.16996264 0.37561345
vt 0.43627477 0.20306122
vt 0.43562764 0.22290176
vt 0.4377763 0.2077707
vt 0.8176042 0.10708636
vt 0.8188984 0.067405224
vt 0.81740904 0.08769578
vt 0.5166047 0.70884347
vt 0.5372719 0.7095175
vt 0.51746505 0.70804393
vt 0.7260709 0.88367176
vt 0.7280446 0.8835663
vt 0.72671795 0.8638311
vt 0.7285575 0.8835515
vt 0.73167807 0.86399287
vt 0.7291732 0.8646734
vt 0.73103106 0.88383347
vt 0.72492975 0.8679106
vt 0.72070533 0.8705649
vt 0.7245792 0.87865764
vt 0.2519147 0.28808117
vt 0.24466178 0.29280996
vt 0.25540876 0.29316044
vt 0.76796246 0.8933137
vt 0.77249867 0.89428914
vt 0.7737493 0.8935024
vt 0.121484116 0.7185812
vt 0.106588535 0.7205247
vt 0.11624346 0.7121857
vt 0.12952809 0.7221259
vt 0.1282762 0.73391086
vt 0.139505 0.7265289
vt 0.116618834 0.72826767
vt 0.111664146 0.7404426
vt 0.09864394 0.73221153
vt 0.15219738 0.73099023
vt 0.14348865 0.7473411
vt 0.14169969 0.73635864
vt 0.12766543 0.7475132
vt 0.13181476 0.76293945
vt 0.10563227 0.75464314
vt 0.14718406 0.7623061
vt 0.16114596 0.75498164
vt 0.16098802 0.77981395
vt 0.15449673 0.7923219
vt 0.14671406 0.79799867
vt 0.11817823 0.78195304
vt 0.16482028 0.7980991
vt 0.15240201 0.8087863
vt 0.16733937 0.8177845
vt 0.13606729 0.82298464
vt 0.12390542 0.81300586
vt 0.11914383 0.83779925
vt 0.10320704 0.79729044
vt 0.085943304 0.81287974
vt 0.08410721 0.7858341
vt 0.070181884 0.8012784
vt 0.09637156 0.77008057
vt 0.06702047 0.7756461
vt 0.07952095 0.76075315
vt 0.09011628 0.74581075
vt 0.18667932 0.7394859
vt 0.19699788 0.7448876
vt 0.18917182 0.7614743
vt 0.20218813 0.7661079
vt 0.17825805 0.7549384
vt 0.17870553 0.77712625
vt 0.17094629 0.74486345
vt 0.17787424 0.731965
vt 0.1665076 0.73403835
vt 0.15514526 0.7426666
vt 0.16542444 0.7697154
vt 0.17274535 0.78833485
vt 0.18770681 0.7922309
vt 0.19439618 0.78165096
vt 0.17891066 0.80447036
vt 0.19595827 0.80985284
vt 0.1861119 0.8250373
vt 0.17479561 0.8423055
vt 0.1984853 0.84979373
vt 0.15312064 0.8330922
vt 0.16254912 0.86026555
vt 0.13898599 0.85001534
vt 0.1042214 0.8530883
vt 0.12678376 0.8663909
vt 0.08399143 0.8411748
vt 0.1020974 0.82542753
vt 0.09163835 0.86993253
vt 0.11552042 0.8825628
vt 0.07077065 0.8583226
vt 0.08161091 0.8871036
vt 0.060912702 0.830719
vt 0.05209245 0.8528421
vt 0.03840247 0.87107277
vt 0.058180746 0.8246678
vt 0.055292584 0.8151682
vt 0.04323487 0.80471206
vt 0.054633375 0.7901965
vt 0.22158603 0.75155014
vt 0.23513277 0.75190043
vt 0.23157716 0.76995957
vt 0.21649067 0.76922846
vt 0.20943022 0.78571707
vt 0.20870431 0.749206
vt 0.20399626 0.7971259
vt 0.22068551 0.8024363
vt 0.21439566 0.81563574
vt 0.20724802 0.8316512
vt 0.23301567 0.82130957
vt 0.22302926 0.85629964
vt 0.22911361 0.8378109
vt 0.2141013 0.8760097
vt 0.24248867 0.861464
vt 0.1885155 0.8687295
vt 0.20567141 0.89450955
vt 0.1789663 0.8876411
vt 0.151188 0.8778179
vt 0.17043245 0.9041255
vt 0.14155148 0.8940066
vt 0.13260607 0.90984374
vt 0.16246393 0.91975015
vt 0.104997635 0.8993803
vt 0.097932994 0.91462266
vt 0.07289478 0.9027098
vt 0.06306933 0.9197153
vt 0.05668899 0.88890696
vt 0.062050555 0.87555474
vt 0.037117843 0.910521
vt 0.048194204 0.894881
vt 0.049052157 0.8843039
vt 0.2723162 0.752331
vt 0.27794972 0.75461525
vt 0.26650843 0.7678185
vt 0.2698463 0.7751197
vt 0.24660487 0.780575
vt 0.24477905 0.7896354
vt 0.24775745 0.7641973
vt 0.2251364 0.7892732
vt 0.23798327 0.79097325
vt 0.23860341 0.8071475
vt 0.24362442 0.81047153
vt 0.24859463 0.8269181
vt 0.24463852 0.80836457
vt 0.25323167 0.7923046
vt 0.27223304 0.7986933
vt 0.26747933 0.81525695
vt 0.28882292 0.819056
vt 0.26560718 0.8323913
vt 0.2848342 0.8365553
vt 0.2630067 0.84949166
vt 0.2818902 0.85417396
vt 0.24796444 0.84296143
vt 0.2609661 0.867514
vt 0.2579946 0.8865047
vt 0.2797939 0.87283504
vt 0.23677993 0.88175255
vt 0.25404447 0.9056695
vt 0.23029973 0.9006454
vt 0.22376846 0.9193087
vt 0.19822222 0.9122764
vt 0.21839722 0.93727493
vt 0.19135627 0.9292801
vt 0.1846022 0.9451046
vt 0.21484822 0.9539887
vt 0.15447876 0.9353224
vt 0.17750409 0.96027416
vt 0.12457697 0.92530185
vt 0.14685386 0.9499945
vt 0.117176406 0.9395736
vt 0.09012338 0.9306553
vt 0.32038203 0.75475824
vt 0.33612803 0.7543494
vt 0.33940214 0.7689629
vt 0.31254086 0.77072966
vt 0.30769444 0.7548361
vt 0.2940167 0.7536514
vt 0.30335796 0.77280885
vt 0.31252483 0.7865894
vt 0.29621714 0.77584517
vt 0.2829131 0.7636339
vt 0.29976264 0.7875237
vt 0.28275684 0.78464264
vt 0.29345647 0.8024382
vt 0.3057583 0.8203551
vt 0.30939603 0.8026353
vt 0.30290276 0.83888596
vt 0.31802547 0.83995634
vt 0.30040523 0.85745215
vt 0.31695467 0.85898715
vt 0.298854 0.8766819
vt 0.316702 0.8782569
vt 0.29777625 0.8960045
vt 0.27838326 0.891742
vt 0.3158601 0.89609927
vt 0.3356363 0.8792249
vt 0.31516212 0.9126461
vt 0.34414572 0.91045177
vt 0.29555556 0.9124088
vt 0.31361213 0.9300517
vt 0.27560964 0.909551
vt 0.2935772 0.9298791
vt 0.27190065 0.9283323
vt 0.24853897 0.9250252
vt 0.26688066 0.9466879
vt 0.24295156 0.94364095
vt 0.23792781 0.9597411
vt 0.2620519 0.9633254
vt 0.2888694 0.9469281
vt 0.25870934 0.9781468
vt 0.28045577 0.9773645
vt 0.23381852 0.975486
vt 0.2561778 0.995635
vt 0.20975338 0.96959966
vt 0.22941162 0.9930638
vt 0.20023201 0.98439664
vt 0.16879013 0.9752976
vt 0.13897033 0.96465564
vt 0.32460243 0.76985747
vt 0.33990243 0.7846302
vt 0.32534993 0.785586
vt 0.32342792 0.80226254
vt 0.3206168 0.8207038
vt 0.33528364 0.820283
vt 0.33337194 0.83996737
vt 0.33372042 0.8593735
vt 0.33836764 0.8983535
vt 0.33710423 0.93027705
vt 0.33071813 0.94846797
vt 0.30970037 0.94680977
vt 0.32672754 0.96567106
vt 0.30493712 0.96230644
vt 0.28296596 0.96244645
vt 0.30102727 0.9769056
vt 0.2978386 0.98826206
vt 0.27955037 0.99492264
vt 0.32881185 0.97862405
vt 0.31561616 0.9985583
vt 0.33822033 0.80160064
vt 0.14105086 0.7150332
vt 0.15343167 0.718685
vt 0.16671725 0.7246016
vt 0.045651242 0.83175606
vt 0.044006813 0.8259981
vt 0.032892022 0.81608063
vt 0.14852051 0.7935524
vt 0.110928304 0.95390606
vt 0.080522284 0.945009
vt 0.04827941 0.9365131
vt 0.022152316 0.9280051
vt 0.018058235 0.9030296
vt 0.0012406948 0.91644454
vt 0.3538102 0.8005799
vt 0.34997013 0.8194696
vt 0.35527572 0.7835203
vt 0.3476095 0.83908015
vt 0.34949172 0.85836077
vt 0.35220593 0.8776451
vt 0.35472882 0.76818466
vt 0.35379738 0.7528761
vt 0.08592372 0.72279793
vt 0.07562959 0.73653936
vt 0.09685441 0.71067137
vt 0.1100777 0.70269954
vt 0.063931055 0.7508027
vt 0.03510099 0.7723176
vt 0.051102623 0.7647504
vt 0.029865766 0.79431134
vt 0.0352649 0.7606804
vt 0.037167754 0.75790304
vt 0.027364187 0.7717089
vt 0.019687029 0.7660911
vt 0.019397298 0.7643345
vt 0.12907931 0.71199584
vt 0.124492735 0.7007005
vt 0.13996418 0.6995807
vt 0.12153564 0.6887611
vt 0.10743139 0.6893468
vt 0.13642155 0.6868746
vt 0.1549765 0.70498323
vt 0.17004524 0.71260476
vt 0.1817728 0.72068083
vt 0.18407317 0.70491546
vt 0.19199908 0.71020484
vt 0.1914077 0.7279603
vt 0.19604617 0.71726674
vt 0.19879036 0.70816815
vt 0.19352438 0.70311606
vt 0.2050179 0.72245425
vt 0.20134988 0.7336237
vt 0.20761576 0.71419495
vt 0.1734941 0.70316386
vt 0.17820105 0.6976266
vt 0.18258688 0.70230025
vt 0.1632964 0.6973472
vt 0.16519788 0.6930711
vt 0.21549702 0.7261582
vt 0.21792771 0.716624
vt 0.22693816 0.7193645
vt 0.22604062 0.7282751
vt 0.23709366 0.7284203
vt 0.23625658 0.71888167
vt 0.23453534 0.7177453
vt 0.2531396 0.7212618
vt 0.24759005 0.71757203
vt 0.23689127 0.7396268
vt 0.25007725 0.73670596
vt 0.26391575 0.73182887
vt 0.249455 0.7497783
vt 0.26564652 0.74472153
vt 0.27929094 0.7456474
vt 0.27808696 0.72856677
vt 0.2912683 0.72653633
vt 0.29136378 0.74244726
vt 0.30366665 0.74125445
vt 0.30365923 0.7257275
vt 0.3142165 0.74149364
vt 0.31624573 0.7249375
vt 0.22430846 0.7394317
vt 0.2125882 0.7371904
vt 0.20989195 0.6752522
vt 0.19838914 0.6798398
vt 0.19636743 0.67274976
vt 0.19933541 0.6895698
vt 0.19065225 0.6848648
vt 0.18598182 0.68982494
vt 0.2085639 0.69303155
vt 0.21920852 0.68699473
vt 0.21653382 0.69525945
vt 0.22539642 0.6788519
vt 0.23221429 0.68234974
vt 0.20986341 0.68403006
vt 0.22806594 0.6901669
vt 0.23994757 0.68535906
vt 0.22448392 0.69788384
vt 0.23229264 0.7004335
vt 0.23593256 0.69332737
vt 0.24363606 0.6965438
vt 0.24030222 0.70277935
vt 0.25456968 0.698082
vt 0.24677314 0.7046939
vt 0.25071535 0.7061504
vt 0.25695923 0.7035191
vt 0.24590234 0.69069314
vt 0.25461015 0.6928656
vt 0.20310451 0.690898
vt 0.1916435 0.6947784
vt 0.18336998 0.69431615
vt 0.18529585 0.6989288
vt 0.18489137 0.68173766
vt 0.16612533 0.6854046
vt 0.1674195 0.67532253
vt 0.1767645 0.68785644
vt 0.1694603 0.66402626
vt 0.18064614 0.6691025
vt 0.17893077 0.66277283
vt 0.19396594 0.6643426
vt 0.20858128 0.66013956
vt 0.17585135 0.6956265
vt 0.17841059 0.6541522
vt 0.19223027 0.64770067
vt 0.19208466 0.6557088
vt 0.20329122 0.65357935
vt 0.20681007 0.64494777
vt 0.20778005 0.65151864
vt 0.21048915 0.66593295
vt 0.19785777 0.6975755
vt 0.20342207 0.70031637
vt 0.20987445 0.7055878
vt 0.21730821 0.70457137
vt 0.21380858 0.7050499
vt 0.22126798 0.7055632
vt 0.22572263 0.7063584
vt 0.23800862 0.70947194
vt 0.2280217 0.7078556
vt 0.24596669 0.7110574
vt 0.2519479 0.71010756
vt 0.25345996 0.7144093
vt 0.0060860855 0.75677496
vt 0.0440343 0.8326894
vt 0.04128685 0.8286632
vt 0.25821674 0.7115764
vt 0.25566033 0.7187702
vt 0.2579066 0.7078162
vt 0.26081845 0.7155583
vt 0.25623077 0.7172912
vt 0.26396763 0.71450835
vt 0.26558438 0.7020222
vt 0.26291627 0.70815593
vt 0.2612923 0.69456124
vt 0.26845977 0.70885766
vt 0.26953173 0.70328957
vt 0.267599 0.7141006
vt 0.2663851 0.71775526
vt 0.26111767 0.71769035
vt 0.2603495 0.69131196
vt 0.2684453 0.697949
vt 0.26691723 0.69638985
vt 0.2642904 0.6931731
vt 0.2744931 0.70440054
vt 0.27341312 0.70976424
vt 0.27173498 0.7143686
vt 0.2702433 0.7179531
vt 0.27189815 0.69953305
vt 0.27420756 0.6994169
vt 0.26711488 0.6915051
vt 0.26220742 0.688965
vt 0.26475203 0.6862706
vt 0.26893824 0.6863837
vt 0.27047938 0.6894355
vt 0.27331635 0.6928366
vt 0.26951733 0.6947502
vt 0.27656856 0.69629073
vt 0.2688466 0.6987514
vt 0.6993802 0.8954743
vt 0.6861591 0.8782611
vt 0.70079947 0.8781284
vt 0.7003632 0.8611409
vt 0.69942814 0.8437522
vt 0.6858937 0.8615308
vt 0.698417 0.82505524
vt 0.68573326 0.84408724
vt 0.69726145 0.80642515
vt 0.6851895 0.8254639
vt 0.6838876 0.8080079
vt 0.6822475 0.7933208
vt 0.6702815 0.8092
vt 0.68066645 0.7812805
vt 0.6690905 0.79478693
vt 0.68026274 0.7726892
vt 0.66855466 0.7825075
vt 0.70374703 0.97192734
vt 0.687444 0.95681065
vt 0.71073824 0.955884
vt 0.6848853 0.9556073
vt 0.6782614 0.9600405
vt 0.68099827 0.9771902
vt 0.6827904 0.94292754
vt 0.6663525 0.944718
vt 0.6695525 0.9267012
vt 0.6861676 0.9246932
vt 0.68575853 0.9071461
vt 0.686222 0.89416575
vt 0.67043304 0.9085004
vt 0.67050827 0.8780685
vt 0.67048585 0.89332014
vt 0.670754 0.8616382
vt 0.6548478 0.87802124
vt 0.6711752 0.8442307
vt 0.65448767 0.86134064
vt 0.6712849 0.8261377
vt 0.65473354 0.8443962
vt 0.65489215 0.8266676
vt 0.6543007 0.8096608
vt 0.63787705 0.8098995
vt 0.6543107 0.7955454
vt 0.65467 0.7831332
vt 0.6383444 0.7958421
vt 0.66885376 0.7728001
vt 0.6556671 0.7726722
vt 0.6416701 0.7729882
vt 0.6092615 0.971965
vt 0.5910128 0.97135156
vt 0.59118676 0.9579015
vt 0.5713557 0.95754516
vt 0.6091277 0.9585712
vt 0.61116695 0.9443426
vt 0.6256076 0.9598044
vt 0.62367195 0.9732471
vt 0.6465929 0.9602425
vt 0.64733344 0.97597474
vt 0.6298187 0.9454469
vt 0.64870876 0.94579685
vt 0.6325155 0.92821056
vt 0.6643521 0.9602358
vt 0.6655088 0.9770341
vt 0.6512684 0.92775166
vt 0.65348655 0.9093485
vt 0.65421 0.8929611
vt 0.63630396 0.9110297
vt 0.64007735 0.8942263
vt 0.63943416 0.8768346
vt 0.62226135 0.8760448
vt 0.6381681 0.8601348
vt 0.63822323 0.8435711
vt 0.6227751 0.858081
vt 0.637579 0.82644653
vt 0.62208086 0.8419854
vt 0.62143916 0.8087813
vt 0.62077945 0.8255909
vt 0.60402894 0.8250361
vt 0.6039242 0.8401659
vt 0.60439557 0.8098632
vt 0.584952 0.82440835
vt 0.60513604 0.7975857
vt 0.58602303 0.8113073
vt 0.6226078 0.7964862
vt 0.6234786 0.78440917
vt 0.63954747 0.78404635
vt 0.6244115 0.77244043
vt 0.6059258 0.78445095
vt 0.60706145 0.77161837
vt 0.5879062 0.7845708
vt 0.45855495 0.759108
vt 0.47162935 0.7623263
vt 0.46895447 0.7735157
vt 0.5500963 0.95712143
vt 0.55092096 0.94303256
vt 0.57112867 0.97116184
vt 0.52945393 0.9422558
vt 0.57222706 0.94348156
vt 0.55234826 0.9282621
vt 0.5923499 0.9437653
vt 0.5942146 0.92861885
vt 0.6129815 0.9284079
vt 0.59722984 0.91298515
vt 0.57384586 0.92858905
vt 0.61676776 0.9124622
vt 0.6204693 0.89485556
vt 0.600433 0.8955126
vt 0.6025027 0.87571776
vt 0.5784518 0.8951596
vt 0.6039201 0.85665524
vt 0.5809858 0.87538093
vt 0.58297586 0.8560916
vt 0.5838503 0.8392589
vt 0.5607005 0.85629386
vt 0.5646364 0.8240148
vt 0.5627096 0.8392147
vt 0.56624925 0.8108518
vt 0.5463453 0.8229692
vt 0.54282284 0.8389294
vt 0.5480206 0.8095328
vt 0.53320855 0.81840765
vt 0.56765735 0.7984116
vt 0.54902333 0.7974017
vt 0.53107333 0.8083315
vt 0.5689942 0.78437096
vt 0.5502874 0.78378284
vt 0.5303132 0.7956378
vt 0.5704403 0.7708504
vt 0.58911747 0.7713351
vt 0.55180305 0.77052
vt 0.531859 0.7828168
vt 0.5334671 0.7701975
vt 0.51453173 0.780494
vt 0.51492375 0.76865655
vt 0.49978212 0.77748686
vt 0.51508516 0.79269516
vt 0.4992281 0.76570964
vt 0.48350078 0.77554953
vt 0.4983001 0.7909323
vt 0.48462322 0.7639801
vt 0.48132876 0.789093
vt 0.46600613 0.7867646
vt 0.47841915 0.80461794
vt 0.45492616 0.77010083
vt 0.45118812 0.7836258
vt 0.46270156 0.8022982
vt 0.4677399 0.94615823
vt 0.4664749 0.9656476
vt 0.4452573 0.96546036
vt 0.5076945 0.9546015
vt 0.52854097 0.9563676
vt 0.50837547 0.94122237
vt 0.4889047 0.9497267
vt 0.51003987 0.92681235
vt 0.5309856 0.92763835
vt 0.48793933 0.93924624
vt 0.48910803 0.92571795
vt 0.46795502 0.92381036
vt 0.51162136 0.9119505
vt 0.532362 0.9123724
vt 0.49101314 0.91099244
vt 0.5130264 0.897081
vt 0.5333649 0.8959459
vt 0.49353546 0.8976217
vt 0.4692969 0.9097922
vt 0.49532852 0.8867087
vt 0.5145253 0.87892735
vt 0.47286627 0.89488816
vt 0.47704315 0.877467
vt 0.45203176 0.8960672
vt 0.4910717 0.88211983
vt 0.48385733 0.8587316
vt 0.51831925 0.8579167
vt 0.50043076 0.85887665
vt 0.53864557 0.8568307
vt 0.53593326 0.87652814
vt 0.52378994 0.8390724
vt 0.5325034 0.8192797
vt 0.506357 0.84031636
vt 0.5136931 0.807468
vt 0.51055753 0.8233314
vt 0.4960835 0.8063702
vt 0.4927852 0.8234308
vt 0.47585642 0.8221781
vt 0.45952734 0.8196357
vt 0.47635671 0.8417779
vt 0.44739679 0.7993332
vt 0.44357207 0.81658596
vt 0.4392599 0.8340957
vt 0.45051327 0.8539591
vt 0.4341927 0.85088664
vt 0.4390958 0.8809876
vt 0.44446033 0.86946636
vt 0.4601496 0.87417704
vt 0.46703172 0.85689867
vt 0.43316492 0.8868766
vt 0.44869453 0.9084384
vt 0.44848362 0.9228439
vt 0.43247244 0.93755
vt 0.43242806 0.92294425
vt 0.4498619 0.9357989
vt 0.42966843 0.95468336
vt 0.44864166 0.9493507
vt 0.46801192 0.93616116
vt 0.48818007 0.96734405
vt 0.47752264 0.8413728
vt 0.48960984 0.8409597
vt 0.45591256 0.8373002
vt 0.55846095 0.8753958
vt 0.55597526 0.8953591
vt 0.5539476 0.91271144
vt 0.5759738 0.91295177
vt 0.58683497 0.79854035
vt 0.6941939 0.97513986
vt 0.42197126 0.9604843
vt 0.69493234 0.790265
vt 0.7074015 0.7847774
vt 0.71092236 0.8050083
vt 0.71636635 0.8767325
vt 0.7152012 0.89550924
vt 0.71577615 0.86049724
vt 0.714112 0.84332514
vt 0.7121308 0.8246327
vt 0.6923452 0.7780628
vt 0.7015248 0.77144265
vt 0.6904447 0.7694569
vt 0.61059237 0.98618907
vt 0.59134847 0.9846286
vt 0.6307306 0.9888601
vt 0.5714626 0.9844441
vt 0.5507932 0.9849413
vt 0.5500166 0.97131366
vt 0.5284609 0.9711611
vt 0.44335806 0.9815585
vt 0.4661871 0.98260593
vt 0.5297655 0.98650855
vt 0.5082205 0.9846651
vt 0.5069827 0.96955967
vt 0.48703888 0.9830747
vt 0.44643876 0.75107664
vt 0.44040313 0.7646739
vt 0.43619296 0.7794456
vt 0.43227056 0.7960013
vt 0.40592578 0.88152003
vt 0.413412 0.8643806
vt 0.42826298 0.8671681
vt 0.4151919 0.9253231
vt 0.4156332 0.9060396
vt 0.43315125 0.9066025
vt 0.39939618 0.94314903
vt 0.39772958 0.92817026
vt 0.41492447 0.9416402
vt 0.42840138 0.81350607
vt 0.42387736 0.8305748
vt 0.41878587 0.84739393
vt 0.42012447 0.8857787
vt 0.44269177 0.87979114
vt 0.6817122 0.7630989
vt 0.69299996 0.76443326
vt 0.6962674 0.75753605
vt 0.70574605 0.7612642
vt 0.70145816 0.74949145
vt 0.6875367 0.7508978
vt 0.71381843 0.75338304
vt 0.68578655 0.7529876
vt 0.6706701 0.76544034
vt 0.67246044 0.75608677
vt 0.6604574 0.7529305
vt 0.65761596 0.7637192
vt 0.6425882 0.76203203
vt 0.6454613 0.75009024
vt 0.62856793 0.74748427
vt 0.4890667 0.7225384
vt 0.49223986 0.72021
vt 0.49221477 0.72162
vt 0.5119058 0.7249456
vt 0.49643144 0.73370284
vt 0.5185405 0.7469552
vt 0.47906452 0.73094827
vt 0.4990761 0.74449486
vt 0.47473064 0.7175024
vt 0.46526292 0.72893417
vt 0.48289314 0.70244145
vt 0.4626299 0.6997426
vt 0.48767826 0.70610285
vt 0.49629775 0.6880432
vt 0.47945285 0.69122005
vt 0.47530872 0.68696266
vt 0.47156018 0.6714611
vt 0.6260523 0.7608036
vt 0.6083182 0.7604155
vt 0.60979086 0.74750245
vt 0.59186536 0.74673694
vt 0.6287779 0.734073
vt 0.61109364 0.73355335
vt 0.52728266 0.720397
vt 0.52080333 0.71529657
vt 0.5312416 0.731978
vt 0.5315253 0.73418367
vt 0.5388041 0.74739915
vt 0.5424208 0.7346756
vt 0.5171504 0.7578006
vt 0.5354429 0.7590001
vt 0.49992272 0.7561101
vt 0.48342344 0.7420564
vt 0.4849906 0.7541007
vt 0.47105864 0.73782015
vt 0.47255948 0.75344205
vt 0.4625496 0.7507451
vt 0.45716727 0.74361145
vt 0.46309605 0.7153626
vt 0.5717147 0.75958765
vt 0.5904595 0.7596901
vt 0.55330694 0.759584
vt 0.5739244 0.74657273
vt 0.5550891 0.74638516
vt 0.5582696 0.7332914
vt 0.57623833 0.73338544
vt 0.5929887 0.73351717
vt 0.53096354 0.71247184
vt 0.5466653 0.72058713
vt 0.5466618 0.720419
vt 0.7093779 0.6861744
vt 0.7116217 0.6663772
vt 0.72112995 0.67048013
vt 0.72265476 0.68391967
vt 0.7188958 0.69457096
vt 0.7136222 0.7048275
vt 0.700312 0.6998909
vt 0.6982425 0.7108459
vt 0.7087087 0.7148283
vt 0.70243067 0.7242047
vt 0.6892002 0.71602994
vt 0.6951716 0.7107393
vt 0.69582164 0.71076185
vt 0.6840476 0.72860026
vt 0.69589 0.7351369
vt 0.6800809 0.74223965
vt 0.7072521 0.74026054
vt 0.7187281 0.74402875
vt 0.67124796 0.73783153
vt 0.6716749 0.7241655
vt 0.7178069 0.7384853
vt 0.7188756 0.7335903
vt 0.6814474 0.7048104
vt 0.66447085 0.7387994
vt 0.6611464 0.73802155
vt 0.65330726 0.7350831
vt 0.6394157 0.7313597
vt 0.64477664 0.70371693
vt 0.6283825 0.71354604
vt 0.5486489 0.71980923
vt 0.5442674 0.72226197
vt 0.5522601 0.7155063
vt 0.6085805 0.7172626
vt 0.6240049 0.7021916
vt 0.6050826 0.70210624
vt 0.59299505 0.7173889
vt 0.5909337 0.7039574
vt 0.57725555 0.72012204
vt 0.5612165 0.7180618
vt 0.5626485 0.7068392
vt 0.55120903 0.7081718
vt 0.53573346 0.71171886
vt 0.57646316 0.70589805
vt 0.6168123 0.5297269
vt 0.617393 0.51464725
vt 0.6248609 0.515572
vt 0.5753951 0.52603215
vt 0.56922734 0.51632726
vt 0.5834287 0.5082877
vt 0.5896867 0.51681083
vt 0.61296636 0.5035144
vt 0.5978161 0.49936622
vt 0.6059385 0.49325097
vt 0.61202705 0.4923215
vt 0.6156086 0.5027281
vt 0.6195222 0.5022086
vt 0.6071082 0.5182802
vt 0.61760587 0.49057436
vt 0.6256135 0.4892558
vt 0.6379932 0.48750162
vt 0.6385876 0.50176424
vt 0.6536255 0.48628223
vt 0.6390367 0.5166649
vt 0.6516228 0.51777756
vt 0.63851166 0.5322473
vt 0.62701243 0.53144985
vt 0.6501864 0.5342313
vt 0.66222024 0.5178514
vt 0.6360568 0.5478106
vt 0.64799577 0.54996854
vt 0.66193134 0.5354479
vt 0.6472757 0.566671
vt 0.65855795 0.5521608
vt 0.6352337 0.5642238
vt 0.6351221 0.5769926
vt 0.6241363 0.56148434
vt 0.6255869 0.5464226
vt 0.6128089 0.56037426
vt 0.61432415 0.5450061
vt 0.6109716 0.57558644
vt 0.6206896 0.57650226
vt 0.6095612 0.59000415
vt 0.6182978 0.59129095
vt 0.6004931 0.6703918
vt 0.6034862 0.6522115
vt 0.6176644 0.65818447
vt 0.6206967 0.63734293
vt 0.61194205 0.6773512
vt 0.63513935 0.6662945
vt 0.6270548 0.68346554
vt 0.6361484 0.4743961
vt 0.6615393 0.4702649
vt 0.66707385 0.48502803
vt 0.65163976 0.5014066
vt 0.66370505 0.50175023
vt 0.6530063 0.6032287
vt 0.651877 0.58380383
vt 0.6621356 0.58284104
vt 0.6624275 0.6274917
vt 0.649335 0.6223964
vt 0.64638686 0.6024432
vt 0.63624495 0.6190501
vt 0.63715845 0.6013616
vt 0.64308506 0.5810574
vt 0.62381166 0.6175004
vt 0.62563276 0.5998313
vt 0.63576716 0.6418539
vt 0.6503251 0.64686656
vt 0.60595834 0.63326573
vt 0.6451995 0.67043865
vt 0.63940275 0.68967646
vt 0.6587427 0.56963766
vt 0.6156976 0.4801669
vt 0.6085748 0.5229715
vt 0.5927429 0.493963
vt 0.19555506 0.5716997
vt 0.19339201 0.5697359
vt 0.19587992 0.57099134
vt 0.19548689 0.5666709
vt 0.19763017 0.5684792
vt 0.19985618 0.56991047
vt 0.19894376 0.564899
vt 0.19734943 0.563686
vt 0.19486287 0.56165826
vt 0.19639269 0.5578738
vt 0.1982074 0.5593296
vt 0.19989236 0.56056124
vt 0.20097457 0.56623787
vt 0.20306079 0.56270474
vt 0.20572937 0.5594214
vt 0.20280623 0.5680072
vt 0.20537378 0.5650983
vt 0.20830964 0.56063384
vt 0.20993887 0.5600904
vt 0.20837367 0.554063
vt 0.20667507 0.5523375
vt 0.21005373 0.552205
vt 0.21186998 0.55021095
vt 0.22656997 0.5480698
vt 0.21604386 0.55252326
vt 0.20909639 0.561102
vt 0.20552905 0.554876
vt 0.20286047 0.557534
vt 0.20776103 0.54906803
vt 0.20053984 0.54048395
vt 0.21299806 0.5394213
vt 0.22234395 0.5336713
vt 0.23761342 0.5433285
vt 0.23346154 0.5286192
vt 0.24847037 0.53891116
vt 0.24429771 0.5243644
vt 0.27546608 0.54947835
vt 0.26510692 0.53678924
vt 0.26497564 0.5231998
vt 0.27492425 0.56819993
vt 0.2892528 0.5502879
vt 0.2909022 0.5282799
vt 0.28633013 0.57251227
vt 0.30455637 0.5513918
vt 0.30105084 0.5739519
vt 0.3208482 0.5728794
vt 0.34146294 0.5556215
vt 0.34204605 0.5753608
vt 0.25747028 0.53449535
vt 0.25448963 0.522519
vt 0.28055498 0.5267292
vt 0.3062011 0.5299935
vt 0.3225102 0.5525762
vt 0.3234071 0.5309674
vt 0.33945632 0.53184533
vt 0.3601565 0.5559866
vt 0.35626286 0.5315034
vt 0.36317846 0.5796966
vt 0.37282938 0.5438573
vt 0.37113267 0.5299787
vt 0.38535348 0.5418967
vt 0.3862129 0.5213808
vt 0.19237493 0.55232465
vt 0.19516627 0.53767043
vt 0.21874435 0.56011647
vt 0.22940283 0.5572993
vt 0.24083854 0.55125797
vt 0.25337377 0.54957336
vt 0.25526974 0.554263
vt 0.26570597 0.5511874
vt 0.205429 0.5872249
vt 0.20201539 0.5817473
vt 0.20348684 0.580118
vt 0.20468324 0.5773594
vt 0.20564866 0.57334346
vt 0.20963997 0.5710544
vt 0.20470321 0.5771471
vt 0.2103142 0.5744612
vt 0.2160982 0.57015085
vt 0.21127312 0.57867825
vt 0.21562494 0.57609403
vt 0.20726041 0.5823069
vt 0.20971246 0.58525705
vt 0.21294941 0.5828104
vt 0.21168019 0.587322
vt 0.20565706 0.5886827
vt 0.21430546 0.5864253
vt 0.21741414 0.585331
vt 0.21613972 0.58112675
vt 0.21523409 0.57114697
vt 0.2141249 0.5680792
vt 0.20708184 0.5900914
vt 0.20306161 0.5758474
vt 0.20474215 0.5762789
vt 0.20145005 0.5776805
vt 0.20151293 0.57417643
vt 0.19991238 0.5756673
vt 0.19992943 0.5707293
vt 0.19821793 0.57340264
vt 0.19937454 0.582308
vt 0.19958256 0.58263856
vt 0.19858554 0.58070916
vt 0.20005193 0.57902175
vt 0.19720048 0.5783453
vt 0.19581853 0.57688594
vt 0.19696358 0.57498467
vt 0.19453228 0.5763326
vt 0.19887438 0.5767469
vt 0.22502632 0.5660046
vt 0.2262203 0.5622216
vt 0.23305148 0.55802363
vt 0.23233305 0.56419665
vt 0.24182278 0.5557484
vt 0.2259315 0.5681576
vt 0.23138998 0.5695517
vt 0.2521278 0.5679054
vt 0.23864852 0.5692999
vt 0.2409779 0.56337416
vt 0.23096086 0.5740384
vt 0.22691755 0.5750008
vt 0.23704854 0.57349765
vt 0.24641629 0.5721908
vt 0.2603153 0.5644441
vt 0.26382455 0.5660158
vt 0.25943577 0.5759541
vt 0.25528252 0.5631625
vt 0.25526974 0.554263
vt 0.25551698 0.5709188
vt 0.25092638 0.5757655
vt 0.24689499 0.5806761
vt 0.2425182 0.5767293
vt 0.25772893 0.5798542
vt 0.25653988 0.5833663
vt 0.2487351 0.58553636
vt 0.2602507 0.5540951
vt 0.26570597 0.5511874
vt 0.226808 0.571324
vt 0.22704482 0.5779584
vt 0.2305707 0.57794666
vt 0.23556483 0.5763053
vt 0.22239964 0.56495476
vt 0.2220904 0.56934625
vt 0.22326948 0.57345533
vt 0.21933565 0.5697077
vt 0.2198605 0.57452077
vt 0.21774718 0.5647608
vt 0.21921457 0.56248873
vt 0.22432916 0.5759261
vt 0.21535458 0.55953574
vt 0.2160824 0.5665443
vt 0.21172728 0.56349486
vt 0.21368396 0.56164294
vt 0.21994302 0.58035314
vt 0.22078267 0.5844353
vt 0.22621045 0.583682
vt 0.22379114 0.5800113
vt 0.2520587 0.51062024
vt 0.2629085 0.50797504
vt 0.27528548 0.50698644
vt 0.25985166 0.4926759
vt 0.2895178 0.50616705
vt 0.2722659 0.48885453
vt 0.30539346 0.5055565
vt 0.30351883 0.48253715
vt 0.32224652 0.50456196
vt 0.3394183 0.5038219
vt 0.4097373 0.5160523
vt 0.41425675 0.53849506
vt 0.39466 0.54675573
vt 0.43970758 0.51963764
vt 0.48780322 0.572493
vt 0.47998914 0.5310284
vt 0.4884044 0.4935056
vt 0.5155433 0.5359722
vt 0.52119416 0.4864176
vt 0.5036969 0.57732016
vt 0.5427265 0.5462642
vt 0.2873115 0.48560703
vt 0.26783055 0.47166574
vt 0.2831107 0.46645236
vt 0.2549032 0.4740982
vt 0.24522565 0.4772706
vt 0.24953249 0.49663496
vt 0.30082127 0.46184134
vt 0.31966656 0.4605453
vt 0.32101104 0.4815716
vt 0.3397864 0.45536506
vt 0.33942476 0.47844493
vt 0.35747612 0.47815132
vt 0.35925722 0.45516497
vt 0.35644975 0.502549
vt 0.37554488 0.4771939
vt 0.3729696 0.5007133
vt 0.3890421 0.50057435
vt 0.39761028 0.5178037
vt 0.40380043 0.49920702
vt 0.41932005 0.504414
vt 0.42860714 0.48311538
vt 0.45381486 0.49111867
vt 0.46543255 0.4698974
vt 0.4915249 0.46181846
vt 0.4595328 0.46779644
vt 0.4353771 0.45881087
vt 0.52019787 0.4606483
vt 0.54718125 0.45908713
vt 0.54994804 0.48661458
vt 0.5718271 0.47155833
vt 0.5879436 0.50069785
vt 0.37795433 0.45495498
vt 0.3959246 0.45415395
vt 0.3929642 0.47715354
vt 0.41536292 0.4558689
vt 0.4096289 0.47831213
vt 0.52122015 0.58671165
vt 0.3844742 0.57361513
vt 0.3924087 0.56212926
vt 0.39990303 0.5645751
vt 0.38786292 0.5910217
vt 0.37574488 0.5842642
vt 0.38277808 0.5844407
vt 0.37992373 0.5935235
vt 0.37697485 0.57046545
vt 0.38158458 0.5585561
vt 0.38738412 0.5587701
vt 0.3872749 0.60736245
vt 0.38651222 0.6040881
vt 0.39107543 0.6001093
vt 0.38321424 0.59940535
vt 0.39493775 0.6035577
vt 0.38960764 0.59587157
vt 0.20784758 0.5305556
vt 0.21897107 0.52406484
vt 0.23028032 0.51837456
vt 0.20345025 0.5209318
vt 0.19230273 0.5272918
vt 0.18844506 0.5190588
vt 0.2151881 0.5132675
vt 0.21160084 0.50172883
vt 0.22689332 0.5065278
vt 0.23920932 0.5012365
vt 0.23655687 0.49033833
vt 0.24138632 0.51309276
vt 0.18534914 0.51282877
vt 0.19771448 0.50154185
vt 0.20006181 0.5109763
vt 0.20824096 0.4923095
vt 0.22332127 0.4933445
vt 0.23399176 0.48203897
vt 0.22080289 0.48210442
vt 0.4129661 0.56315035
vt 0.40867838 0.5701813
vt 0.42005512 0.5699915
vt 0.41591427 0.5760424
vt 0.42307666 0.58271706
vt 0.42405188 0.57369787
vt 0.42598292 0.57555574
vt 0.43251956 0.5787137
vt 0.42257845 0.5852241
vt 0.4309474 0.58482814
vt 0.418152 0.58403313
vt 0.40400383 0.61402535
vt 0.41388625 0.6128611
vt 0.40680903 0.6225056
vt 0.41533738 0.60511434
vt 0.41532743 0.6033271
vt 0.4200815 0.5994656
vt 0.41614312 0.60179555
vt 0.40922412 0.60250324
vt 0.4121227 0.5978649
vt 0.40308914 0.6010011
vt 0.40546942 0.5948991
vt 0.40156367 0.6086011
vt 0.39892888 0.6051384
vt 0.40849748 0.6115883
vt 0.42647955 0.6086312
vt 0.42437026 0.6028559
vt 0.4278526 0.5943859
vt 0.4222193 0.5922375
vt 0.39649403 0.5978923
vt 0.39780778 0.5925235
vt 0.39982286 0.5873984
vt 0.390215 0.5866997
vt 0.4076997 0.5900217
vt 0.25671363 0.5841114
vt 0.2581219 0.5876119
vt 0.1268071 0.32000196
vt 0.14239877 0.32099766
vt 0.13385618 0.32478166
vt 0.11497034 0.29731148
vt 0.13614552 0.2998436
vt 0.12616213 0.30651248
vt 0.12936999 0.31623423
vt 0.13894369 0.31081378
vt 0.14755364 0.30540055
vt 0.14219503 0.29644877
vt 0.15142801 0.31534588
vt 0.15471342 0.29975975
vt 0.15954992 0.30742502
vt 0.13820887 0.2911514
vt 0.12941086 0.29349375
vt 0.13984774 0.28314006
vt 0.14577892 0.2832811
vt 0.14613213 0.2690946
vt 0.14427054 0.29581606
vt 0.15034609 0.29405177
vt 0.159524 0.2901721
vt 0.15271488 0.28502822
vt 0.16499807 0.29638898
vt 0.16226101 0.2775064
vt 0.1401748 0.27155697
vt 0.1360753 0.26138818
vt 0.14152078 0.25647002
vt 0.13236764 0.25446552
vt 0.15247968 0.25852108
vt 0.15372121 0.2697956
vt 0.14677992 0.24992168
vt 0.13644375 0.24510205
vt 0.15244634 0.24387646
vt 0.14858115 0.23508686
vt 0.15610133 0.25208163
vt 0.15775035 0.23787856
vt 0.1654939 0.26300573
vt 0.16522707 0.235546
vt 0.16749588 0.24151707
vt 0.15981486 0.24458253
vt 0.1640909 0.23927206
vt 0.15484291 0.22979093
vt 0.16123992 0.22431713
vt 0.1184331 0.22980642
vt 0.1151148 0.2166456
vt 0.11924152 0.21277285
vt 0.11310747 0.20420891
vt 0.123788185 0.2234422
vt 0.13177584 0.23549145
vt 0.12681833 0.21532845
vt 0.12541881 0.23929524
vt 0.13093579 0.25021863
vt 0.13867152 0.2308718
vt 0.14173774 0.23620874
vt 0.14183202 0.2214973
vt 0.14317459 0.24143636
vt 0.14750127 0.2163893
vt 0.13767377 0.2041573
vt 0.1535589 0.21282542
vt 0.14602064 0.20196259
vt 0.10469025 0.21558595
vt 0.12987852 0.20608735
vt 0.1131107 0.22064143
vt 0.11332208 0.22021997
vt 0.16712818 0.28302014
vt 0.17255028 0.27129745
vt 0.12192111 0.29503953
vt 0.11451734 0.28576893
vt 0.12244595 0.28051448
vt 0.12750442 0.290079
vt 0.13128455 0.27587414
vt 0.13392425 0.28469944
vt 0.112857856 0.2593295
vt 0.10900568 0.24921799
vt 0.11711432 0.24482906
vt 0.117621854 0.27014256
vt 0.12734078 0.26572984
vt 0.122266166 0.25537628
vt 0.09409089 0.22198534
vt 0.08741722 0.21688062
vt 0.09648724 0.21009332
vt 0.1001055 0.21935123
vt 0.10803946 0.22514653
vt 0.0997858 0.23114258
vt 0.104889266 0.23965824
vt 0.11253144 0.23416299
vt 0.09172265 0.30246705
vt 0.08969 0.2937054
vt 0.103975266 0.28935373
vt 0.10875112 0.29878938
vt 0.108817704 0.2787156
vt 0.101379246 0.28150958
vt 0.108411476 0.27787024
vt 0.10245284 0.2637322
vt 0.10433289 0.2705953
vt 0.20678352 0.2802562
vt 0.17682467 0.29405832
vt 0.18033756 0.28308392
vt 0.18306856 0.30818546
vt 0.19082728 0.26984274
vt 0.17755926 0.27796853
vt 0.20906909 0.27892214
vt 0.19852124 0.2565956
vt 0.17927673 0.2596866
vt 0.212554 0.26568174
vt 0.22599584 0.27317667
vt 0.21849601 0.28544545
vt 0.22306086 0.29038745
vt 0.16852364 0.25101554
vt 0.17194301 0.24202168
vt 0.18552934 0.2480784
vt 0.16914368 0.21828961
vt 0.1790456 0.22874606
vt 0.17606029 0.2115981
vt 0.19164445 0.23572999
vt 0.18515505 0.22013533
vt 0.15358227 0.19861734
vt 0.14219822 0.19248456
vt 0.16053343 0.20828563
vt 0.15945075 0.19481027
vt 0.1662399 0.20416766
vt 0.19664386 0.22425216
vt 0.14866386 0.18951374
vt 0.15328392 0.18638355
vt 0.18110082 0.3205377
vt 0.17764954 0.3028654
vt 0.16220352 0.31513673
vt 0.24308375 0.28337437
vt 0.21921508 0.24837232
vt 0.23480563 0.25514698
vt 0.25403315 0.2623341
vt 0.23971547 0.24010938
vt 0.25950208 0.24332684
vt 0.28194532 0.24605322
vt 0.27867115 0.26854473
vt 0.31059396 0.24874616
vt 0.27202702 0.2927885
vt 0.31045705 0.27182877
vt 0.20460352 0.24239606
vt 0.20929992 0.2295335
vt 0.22408853 0.23358965
vt 0.33751646 0.24737823
vt 0.33943287 0.26942408
vt 0.36562863 0.23831403
vt 0.3383883 0.3154899
vt 0.30772367 0.29942697
vt 0.34595266 0.30427969
vt 0.36680976 0.25968754
vt 0.36900893 0.28503644
vt 0.3173965 0.31881773
vt 0.33903828 0.33147347
vt 0.3932386 0.24138796
vt 0.39767888 0.26998878
vt 0.081518024 0.52412766
vt 0.0868043 0.51056224
vt 0.09663507 0.5117862
vt 0.07375035 0.5145563
vt 0.06877909 0.52242345
vt 0.07820691 0.5367534
vt 0.107324116 0.5137553
vt 0.1042463 0.52655447
vt 0.09301033 0.5243543
vt 0.087127656 0.5357936
vt 0.08805475 0.5362072
vt 0.089938775 0.5351589
vt 0.103712775 0.5505119
vt 0.08694106 0.55056113
vt 0.078030996 0.5518358
vt 0.08147366 0.5672932
vt 0.06509326 0.5527617
vt 0.06656108 0.5382852
vt 0.07371424 0.5836035
vt 0.07158499 0.56822175
vt 0.06268865 0.5693582
vt 0.10191142 0.53335226
vt 0.10610927 0.5669745
vt 0.09239659 0.5671514
vt 0.09721761 0.5816055
vt 0.08431613 0.5824547
vt 0.08577867 0.5958688
vt 0.07546909 0.59746677
vt 0.080440275 0.60709393
vt 0.06161898 0.6021557
vt 0.06211089 0.58681715
vt 0.061638363 0.6151121
vt 0.08125403 0.61395127
vt 0.06146395 0.62462705
vt 0.081954315 0.61298084
vt 0.10657382 0.59689313
vt 0.110107295 0.5818167
vt 0.10477545 0.61010826
vt 0.097055815 0.6217353
vt 0.1134765 0.6104655
vt 0.107875824 0.6229603
vt 0.10139357 0.63654417
vt 0.09070525 0.6356515
vt 0.07913824 0.6305716
vt 0.080515385 0.50676244
vt 0.16271004 0.096138
vt 0.16375451 0.08929032
vt 0.1732609 0.0852986
vt 0.17572771 0.073738456
vt 0.1718528 0.0923
vt 0.1839353 0.08664113
vt 0.17909805 0.092844844
vt 0.16223334 0.07974118
vt 0.1902958 0.07558817
vt 0.19621609 0.089491844
vt 0.20708454 0.07476115
vt 0.18872307 0.09898943
vt 0.58149564 0.44639134
vt 0.5762791 0.44867373
vt 0.5497727 0.45420623
vt 0.54593223 0.44397914
vt 0.5700033 0.43637067
vt 0.5837084 0.4374833
vt 0.59678394 0.42760205
vt 0.5938969 0.44304645
vt 0.6109548 0.43833572
vt 0.6057767 0.44892645
vt 0.6176747 0.45642078
vt 0.6217719 0.45308048
vt 0.5985868 0.45153052
vt 0.67822117 0.028087974
vt 0.6923768 0.017031074
vt 0.7014165 0.02780813
vt 0.6633661 0.03782183
vt 0.68410236 0.037567556
vt 0.6718015 0.061496794
vt 0.6527868 0.051689863
vt 0.64851135 0.06824732
vt 0.66632235 0.07022619
vt 0.6814438 0.05886787
vt 0.645482 0.08546728
vt 0.6638912 0.08219308
vt 0.6626379 0.09891826
vt 0.6458313 0.10299939
vt 0.6548711 0.13502258
vt 0.6408114 0.1230464
vt 0.6553078 0.117358565
vt 0.65855044 0.15814471
vt 0.67460424 0.17838794
vt 0.6600226 0.17648005
vt 0.70381343 0.036011875
vt 0.71149653 0.018472373
vt 0.70862865 0.0055034757
vt 0.68899137 0.04628694
vt 0.6965163 0.06094873
vt 0.6726349 0.047940195
vt 0.6854979 0.06831825
vt 0.6906014 0.06930351
vt 0.67993593 0.09155291
vt 0.69403785 0.08224702
vt 0.67904156 0.10840821
vt 0.68588984 0.10584104
vt 0.6689011 0.112222016
vt 0.6908046 0.11976898
vt 0.6795861 0.12534463
vt 0.6697778 0.13002002
vt 0.6889608 0.13660032
vt 0.6798296 0.1446644
vt 0.6700543 0.15508431
vt 0.69433564 0.15670478
vt 0.7085792 0.18380487
vt 0.71598274 0.16288966
vt 0.73025227 0.18249524
vt 0.7667062 0.042645574
vt 0.77963996 0.049739957
vt 0.7767981 0.059114754
vt 0.7916462 0.062137127
vt 0.76383424 0.05203134
vt 0.7620181 0.06172496
vt 0.71346134 0.07372755
vt 0.70671076 0.06536782
vt 0.730436 0.055794
vt 0.70121723 0.060601115
vt 0.69429785 0.08051926
vt 0.7098095 0.08217323
vt 0.70617276 0.09688932
vt 0.7040275 0.11526358
vt 0.71902394 0.11995441
vt 0.7373805 0.095357
vt 0.6985096 0.13022834
vt 0.7150123 0.13710576
vt 0.6972559 0.14447308
vt 0.72233826 0.15220141
vt 0.7398319 0.15557575
vt 0.75197834 0.14353347
vt 0.73380303 0.16670537
vt 0.7535744 0.15965039
vt 0.7464798 0.18504095
vt 0.74706966 0.16978353
vt 0.7560905 0.17413306
vt 0.7601396 0.1809789
vt 0.80298275 0.06032151
vt 0.809676 0.07818353
vt 0.7915183 0.07489753
vt 0.7907369 0.08641899
vt 0.79158986 0.06762171
vt 0.7921018 0.06358206
vt 0.77573806 0.06935823
vt 0.7746908 0.07954663
vt 0.7603326 0.07045525
vt 0.76075554 0.077251315
vt 0.7296822 0.06701386
vt 0.74467623 0.104485095
vt 0.7501911 0.11845124
vt 0.73361284 0.12777781
vt 0.7556036 0.109612346
vt 0.7623023 0.11444098
vt 0.76435775 0.12015706
vt 0.75789523 0.1258049
vt 0.7672908 0.13222349
vt 0.73222446 0.14170706
vt 0.77803314 0.14034015
vt 0.7918308 0.13180333
vt 0.7640277 0.14951849
vt 0.7864929 0.14909482
vt 0.7741781 0.15654022
vt 0.7641551 0.16521215
vt 0.8248234 0.11410636
vt 0.8006482 0.11916351
vt 0.8060687 0.10624397
vt 0.8092639 0.09222025
vt 0.7882646 0.09907639
vt 0.7705705 0.08958328
vt 0.7640868 0.1024214
vt 0.7635427 0.10173738
vt 0.7843336 0.11166811
vt 0.7779041 0.12304002
vt 0.7679291 0.1160897
vt 0.8000285 0.14687908
vt 0.8171469 0.12798917
vt 0.7626165 0.0827589
vt 0.7576253 0.09698641
vt 0.76660675 0.11287665
vt 0.7749382 0.004476726
vt 0.7510553 0.020510018
vt 0.7505406 0.0014529228
vt 0.7291588 0.0012406707
vt 0.7310947 0.015484273
vt 0.7502228 0.035529315
vt 0.711224 0.017075896
vt 0.7326158 0.030195177
vt 0.714843 0.026827276
vt 0.71955985 0.050896525
vt 0.7801509 0.0060657263
vt 0.77768344 0.026526809
vt 0.7699622 0.033792496
vt 0.778422 0.040400505
vt 0.7835725 0.044524968
vt 0.7492555 0.047892034
vt 0.74621135 0.058006644
vt 0.7334735 0.044894636
vt 0.71208173 0.051450074
vt 0.7301653 0.07799256
vt 0.69328797 0.10726708
vt 0.7022763 0.114827156
vt 0.69798404 0.1155808
vt 0.7006895 0.11480093
vt 0.79633015 0.05346054
vt 0.79925144 0.043819785
vt 0.80511034 0.0532493
vt 0.78891075 0.036563516
vt 0.7458615 0.06825447
vt 0.74724865 0.079063
vt 0.7483061 0.0906443
vt 0.731721 0.08814156
vt 0.7029055 0.115063965
vt 0.81741494 0.042807817
vt 0.80451477 0.0339939
vt 0.7915154 0.02745241
vt 0.7966182 0.024469972
vt 0.796243 0.018120706
vt 0.7955668 0.008477449
vt 0.5821181 0.6149933
vt 0.5631952 0.6251564
vt 0.5740323 0.6097529
vt 0.57949 0.6298114
vt 0.5929204 0.61459327
vt 0.59800607 0.6312241
vt 0.60152805 0.61316574
vt 0.6147471 0.6177205
vt 0.61101764 0.6109592
vt 0.23737463 0.23712516
vt 0.2543535 0.23518455
vt 0.25628713 0.22607005
vt 0.2697324 0.23470217
vt 0.23835428 0.22579896
vt 0.2393024 0.21649873
vt 0.2714673 0.22793806
vt 0.26200908 0.21723932
vt 0.27271703 0.21920443
vt 0.042112637 0.70320064
vt 0.03984774 0.70653224
vt 0.03416235 0.7035363
vt 0.03696168 0.7119833
vt 0.035855666 0.7000042
vt 0.030336378 0.69462055
vt 0.038204014 0.69707835
vt 0.030338764 0.7019931
vt 0.032537315 0.7092986
vt 0.03377996 0.6915833
vt 0.034417097 0.7174256
vt 0.030716434 0.714918
vt 0.028734224 0.72011673
vt 0.028820166 0.7071824
vt 0.027004197 0.7125777
vt 0.031909563 0.7302281
vt 0.035027307 0.73828274
vt 0.030045183 0.73194057
vt 0.030382585 0.73765665
vt 0.027069297 0.737096
vt 0.027005006 0.74270797
vt 0.028301967 0.7289975
vt 0.024149911 0.73687124
vt 0.030982243 0.7303099
vt 0.031971544 0.723241
vt 0.024571162 0.72768193
vt 0.023504527 0.72204036
vt 0.025272874 0.7176255
vt 0.030827995 0.7495646
vt 0.026804108 0.750727
vt 0.027818395 0.74755406
vt 0.023926115 0.7472523
vt 0.03126441 0.74807113
vt 0.024114965 0.75122833
vt 0.023662388 0.7425466
vt 0.031148698 0.7431203
vt 0.049764633 0.6962741
vt 0.04356764 0.69838244
vt 0.04450017 0.68969464
vt 0.0471431 0.70195955
vt 0.043482885 0.7150742
vt 0.039450314 0.72207874
vt 0.035193022 0.7271628
vt 0.021508578 0.7516722
vt 0.022474287 0.75517696
vt 0.02108465 0.747236
vt 0.018567054 0.7472718
vt 0.020915452 0.7425266
vt 0.020861365 0.73693293
vt 0.018222168 0.7426508
vt 0.022183435 0.73125416
vt 0.017746432 0.7308434
vt 0.017829973 0.7371283
vt 0.01677925 0.7313477
vt 0.015075024 0.7379006
vt 0.014851563 0.73141086
vt 0.015393742 0.7328549
vt 0.012511955 0.73839384
vt 0.012567377 0.74303555
vt 0.0126848435 0.73399204
vt 0.024431296 0.75490403
vt 0.025335364 0.75835985
vt 0.022610456 0.7582244
vt 0.019474963 0.7595057
vt 0.018657092 0.75606674
vt 0.016610425 0.75956964
vt 0.01845734 0.75385344
vt 0.016266612 0.7555534
vt 0.015999949 0.7515449
vt 0.013739962 0.7549041
vt 0.018628344 0.7508952
vt 0.018616004 0.7520483
vt 0.015601023 0.7472977
vt 0.013069139 0.75133693
vt 0.015277746 0.7428141
vt 0.01296426 0.7473305
vt 0.01464232 0.7582886
vt 0.025514923 0.6979513
vt 0.02454815 0.70451605
vt 0.025981793 0.69053805
vt 0.021977466 0.68998635
vt 0.02337151 0.7104462
vt 0.022084424 0.71576476
vt 0.01903433 0.7083516
vt 0.020005077 0.70235693
vt 0.015363243 0.7008158
vt 0.021118488 0.695782
vt 0.016663736 0.69500375
vt 0.017736506 0.6892065
vt 0.014097376 0.68966585
vt 0.021102378 0.7214114
vt 0.019173179 0.7214322
vt 0.0140395425 0.717443
vt 0.018305883 0.7187913
vt 0.018391702 0.71387357
vt 0.014563702 0.7065939
vt 0.014135827 0.71222603
vt 0.010424493 0.70505816
vt 0.011355871 0.6996148
vt 0.01265871 0.69448876
vt 0.010309172 0.7211915
vt 0.0105946325 0.71619916
vt 0.01009945 0.7111103
vt 0.013312096 0.72157955
vt 0.016601836 0.72475415
vt 0.0164248 0.68354386
vt 0.019399092 0.6755273
vt 0.020361997 0.6811058
vt 0.012320485 0.68459857
vt 0.014884308 0.6790459
vt 0.010543768 0.67947984
vt 0.00881201 0.6731942
vt 0.01322752 0.67198324
vt 0.01979236 0.72714853
vt 0.014439377 0.7303637
vt 0.011709649 0.7259341
vt 0.01197123 0.7306097
vt 0.05070716 0.6890523
vt 0.059566364 0.69319713
vt 0.05046234 0.6847781
vt 0.074126 0.6772613
vt 0.06404137 0.66475815
vt 0.06928997 0.7064467
vt 0.08761951 0.69513106
vt 0.11502108 0.68250656
vt 0.057902668 0.7147777
vt 0.05041916 0.72183174
vt 0.09922764 0.65066826
vt 0.13865341 0.6127151
vt 0.15021649 0.6642625
vt 0.18492791 0.6480867
vt 0.17926326 0.6176992
vt 0.17281508 0.6005491
vt 0.17519376 0.60008395
vt 0.22004902 0.5982761
vt 0.22461061 0.63043886
vt 0.2697067 0.58804685
vt 0.27285498 0.62158835
vt 0.3235974 0.60250777
vt 0.27030656 0.65149826
vt 0.22477815 0.66297096
vt 0.33621886 0.63805825
vt 0.32047752 0.659905
vt 0.3326189 0.6174402
vt 0.343791 0.6133055
vt 0.359481 0.63292205
vt 0.35573706 0.60996544
vt 0.37084228 0.658376
vt 0.3669141 0.6291562
vt 0.35630748 0.6755176
vt 0.39365605 0.67631656
vt 0.03827435 0.73243093
vt 0.04434982 0.7284058
vt 0.35441488 0.5820458
vt 0.384841 0.6445723
vt 0.406428 0.6612205
vt 0.42310947 0.68010753
vt 0.41153228 0.69352514
vt 0.4358325 0.6965457
vt 0.40123037 0.70512486
vt 0.42662373 0.7129789
vt 0.3824396 0.69161665
vt 0.43615207 0.7029932
vt 0.44517064 0.7118284
vt 0.43601704 0.7330276
vt 0.42649862 0.73038006
vt 0.42356294 0.7431914
vt 0.41758168 0.7283202
vt 0.41617116 0.71653557
vt 0.4166942 0.74254704
vt 0.4208157 0.7547971
vt 0.42909223 0.75857186
vt 0.41129437 0.7519318
vt 0.432287 0.7454936
vt 0.42358473 0.7728428
vt 0.41738966 0.7671447
vt 0.44424728 0.70713925
vt 0.44887292 0.70443034
vt 0.13010833 0.5679649
vt 0.1946825 0.5802054
vt 0.43504572 0.68601847
vt 0.44203088 0.6854101
vt 0.4426353 0.6966284
vt 0.44619957 0.6850073
vt 0.44718802 0.6944885
vt 0.45381647 0.7124271
vt 0.45259947 0.7005379
vt 0.45828235 0.7081591
vt 0.46085182 0.7182157
vt 0.37573004 0.5899609
vt 0.3649885 0.5872113
vt 0.36442232 0.6045718
vt 0.37608728 0.60215056
vt 0.19278099 0.069046676
vt 0.21165751 0.061419666
vt 0.20460728 0.07385284
vt 0.19684081 0.059530854
vt 0.18234931 0.060186327
vt 0.1753319 0.07071233
vt 0.16573559 0.059915006
vt 0.15833677 0.07234377
vt 0.48216057 0.2542119
vt 0.48587573 0.28081536
vt 0.4764003 0.26685107
vt 0.4866837 0.2560429
vt 0.4751271 0.5850104
vt 0.45032638 0.5842015
vt 0.45814902 0.58075255
vt 0.46913245 0.57157373
vt 0.28418115 0.29906428
vt 0.28266189 0.3076222
vt 0.27459806 0.31033772
vt 0.27759516 0.3018502
vt 0.2654585 0.29845363
vt 0.26398158 0.30863863
vt 0.2553943 0.2984897
vt 0.24582796 0.30780232
vt 0.24840447 0.30093706
vt 0.4874843 0.2568683
vt 0.4965589 0.26615465
vt 0.4867833 0.2783622
vt 0.49894413 0.2607367
vt 0.57178533 0.46486795
vt 0.58394074 0.45648408
vt 0.5695502 0.45567882
vt 0.5974727 0.45658946
vt 0.5839156 0.46607816
vt 0.5973428 0.4662509
vt 0.2550942 0.19909996
vt 0.2538195 0.20014411
vt 0.25349772 0.19889408
vt 0.25399306 0.2026496
vt 0.254824 0.20351052
vt 0.2537888 0.20379585
vt 0.25628802 0.1994052
vt 0.25696787 0.199862
vt 0.2566407 0.20087767
vt 0.25843236 0.20065904
vt 0.25500458 0.20045286
vt 0.2549012 0.20209754
vt 0.25360158 0.20150644
vt 0.25767484 0.20437527
vt 0.25838974 0.20550013
vt 0.25750455 0.2051835
vt 0.25842413 0.20467323
vt 0.2566496 0.20485914
vt 0.2568211 0.20406151
vt 0.2558555 0.20372272
vt 0.25706208 0.20316744
vt 0.25797528 0.20357853
vt 0.2559878 0.20285368
vt 0.2549031 0.202358
vt 0.2574168 0.20228684
vt 0.25617564 0.20194304
vt 0.25791103 0.20136404
vt 0.2590873 0.20196879
vt 0.25835818 0.20278937
vt 0.25953653 0.20205581
vt 0.26012418 0.20075524
vt 0.26021427 0.20153296
vt 0.26115048 0.20088923
vt 0.26014706 0.20263368
vt 0.2614671 0.2021333
vt 0.25966385 0.20307738
vt 0.26188362 0.2031421
vt 0.25912794 0.20311785
vt 0.25939587 0.20350891
vt 0.25869098 0.20390296
vt 0.25572377 0.2046256
vt 0.2547722 0.20437288
vt 0.26474118 0.18865287
vt 0.2658326 0.19085127
vt 0.26149228 0.19249564
vt 0.25928155 0.19161683
vt 0.25882438 0.19366616
vt 0.26142654 0.1874516
vt 0.2564706 0.1921652
vt 0.2572908 0.19482422
vt 0.26010528 0.19423735
vt 0.2587995 0.1948238
vt 0.25938082 0.19548666
vt 0.25553998 0.19009924
vt 0.2540112 0.19357681
vt 0.25264814 0.19180572
vt 0.25542045 0.17779624
vt 0.25502673 0.18203914
vt 0.25614697 0.1972009
vt 0.2581021 0.19628584
vt 0.2574235 0.19802916
vt 0.2587736 0.19865453
vt 0.2590186 0.19715506
vt 0.2627394 0.19382465
vt 0.2661706 0.1927427
vt 0.26650918 0.19517118
vt 0.26313564 0.19519877
vt 0.26293835 0.1966576
vt 0.2657618 0.19548231
vt 0.26088792 0.19516456
vt 0.26128367 0.19671941
vt 0.26107258 0.19903934
vt 0.26190007 0.19911271
vt 0.26257303 0.20025086
vt 0.259981 0.19810683
vt 0.25995767 0.19907212
vt 0.25984356 0.19593525
vt 0.07642622 0.088706434
vt 0.0950237 0.118348
vt 0.07166257 0.11503738
vt 0.07561208 0.17193776
vt 0.033333827 0.18009192
vt 0.043587167 0.14907038
vt 0.09897425 0.09281576
vt 0.12060809 0.097584784
vt 0.11901391 0.122725606
vt 0.14138731 0.12628108
vt 0.11775353 0.14850157
vt 0.14452004 0.15938866
vt 0.09328131 0.14404291
vt 0.09061034 0.1690498
vt 0.06800222 0.1437614
vt 0.08385595 0.17415446
vt 0.11209465 0.1770196
vt 0.02375299 0.21508306
vt 0.14068222 0.09976667
vt 0.16092393 0.1014452
vt 0.16128352 0.12874782
vt 0.18068168 0.12945431
vt 0.15655662 0.16075927
vt 0.16927235 0.16606522
vt 0.15154026 0.18456137
vt 0.13635644 0.17753214
vt 0.13760793 0.19460559
vt 0.104993545 0.19528615
vt 0.18211658 0.102446854
vt 0.20472947 0.099139154
vt 0.20165527 0.12668514
vt 0.22562337 0.09622079
vt 0.19428208 0.16388196
vt 0.2238427 0.12543267
vt 0.19432929 0.18409318
vt 0.16421969 0.18563664
vt 0.16616485 0.20022994
vt 0.24279673 0.12183577
vt 0.23967026 0.15234828
vt 0.26095745 0.15228188
vt 0.2187106 0.15528369
vt 0.2172794 0.17512798
vt 0.23372394 0.17655998
vt 0.2344838 0.19002473
vt 0.24345465 0.17508292
vt 0.23292911 0.19232923
vt 0.23657249 0.20417255
vt 0.22235128 0.19426048
vt 0.22459541 0.20686722
vt 0.21019869 0.19543839
vt 0.20840932 0.19631326
vt 0.20891415 0.19056118
vt 0.20864442 0.1902954
vt 0.2029341 0.18576425
vt 0.20785798 0.17484915
vt 0.20629483 0.1741966
vt 0.19667432 0.19181168
vt 0.1981228 0.1961059
vt 0.19588864 0.19501102
vt 0.21168534 0.20946455
vt 0.19791588 0.21255642
vt 0.19601321 0.19663262
vt 0.3131348 0.121789515
vt 0.30925602 0.12782389
vt 0.31238082 0.122493744
vt 0.28154904 0.15287524
vt 0.28663313 0.12567425
vt 0.26472345 0.123022735
vt 0.30187368 0.15632612
vt 0.24636911 0.18952209
vt 0.24872597 0.20091826
vt 0.24312943 0.09414339
vt 0.069636434 0.18241698
vt 0.04835099 0.21606398
vt 0.07758613 0.19469476
vt 0.24570985 0.17667854
vt 0.25503618 0.17959988
vt 0.24843964 0.17188704
vt 0.54990435 0.58163583
vt 0.5650567 0.56808174
vt 0.5645056 0.5849791
vt 0.5517889 0.56797093
vt 0.54776794 0.59068984
vt 0.436704 0.57051617
vt 0.46563816 0.5714598
vt 0.4534224 0.5773477
vt 0.44521096 0.5774142
vt 0.53758425 0.1250301
vt 0.5708597 0.14538288
vt 0.5430654 0.14346534
vt 0.5585104 0.12276375
vt 0.51078963 0.1280449
vt 0.5348485 0.11274922
vt 0.52024966 0.14373225
vt 0.5030354 0.13613355
vt 0.5053805 0.1242255
vt 0.5021951 0.11590278
vt 0.5543484 0.11008644
vt 0.5714258 0.115633786
vt 0.5880395 0.12633198
vt 0.5937374 0.14543027
vt 0.49339312 0.11955309
vt 0.4970432 0.117441535
vt 0.48672312 0.127962
vt 0.50171155 0.25143546
vt 0.5000195 0.25313926
vt 0.50069356 0.232472
vt 0.5069639 0.24201918
vt 0.50759244 0.2493121
vt 0.5065181 0.23406076
vt 0.6680488 0.40236998
vt 0.66423124 0.41488773
vt 0.65664184 0.40985954
vt 0.6589413 0.3986113
vt 0.64644706 0.41183805
vt 0.67072374 0.39712715
vt 0.66353947 0.39545286
vt 0.66694355 0.38729453
vt 0.66335565 0.37774223
vt 0.66011685 0.39082313
vt 0.65380824 0.38073665
vt 0.6283185 0.38341057
vt 0.64062613 0.3682803
vt 0.64150965 0.38254791
vt 0.6268637 0.3690222
vt 0.63056177 0.3979209
vt 0.6441378 0.39782184
vt 0.6145896 0.38478208
vt 0.6158971 0.3985777
vt 0.61294323 0.3705666
vt 0.6001506 0.3877678
vt 0.59954983 0.37152278
vt 0.5835841 0.39551234
vt 0.59997773 0.40059137
vt 0.58290035 0.38090557
vt 0.5830555 0.40802073
vt 0.6199688 0.40886962
vt 0.6351292 0.4120841
vt 0.6230144 0.41317093
vt 0.6359124 0.4285357
vt 0.6401922 0.43461764
vt 0.63383436 0.4340042
vt 0.6518404 0.43165147
vt 0.6455234 0.43310058
vt 0.64148444 0.423918
vt 0.6470547 0.42206824
vt 0.6363532 0.43730247
vt 0.63254017 0.43744397
vt 0.630006 0.43736064
vt 0.6334584 0.43948942
vt 0.6315062 0.43954432
vt 0.6313178 0.43909
vt 0.62938416 0.43860352
vt 0.5997626 0.411429
vt 0.6113003 0.4107566
vt 0.5836666 0.41989577
vt 0.614315 0.4284593
vt 0.61043966 0.4146912
vt 0.651223 0.3677897
vt 0.660163 0.3672529
vt 0.67413056 0.4418344
vt 0.66847795 0.4498186
vt 0.6650592 0.4348864
vt 0.6740495 0.45307904
vt 0.65929395 0.4365924
vt 0.66024834 0.44707167
vt 0.6650054 0.42834163
vt 0.6582263 0.42932022
vt 0.65314305 0.43879724
vt 0.6538554 0.44731402
vt 0.6470141 0.44044018
vt 0.641681 0.4415698
vt 0.6371946 0.44273627
vt 0.6414792 0.44797194
vt 0.6338708 0.44363117
vt 0.6314184 0.4406953
vt 0.63171804 0.44542384
vt 0.6306111 0.4424386
vt 0.6297063 0.44295037
vt 0.6473913 0.44822568
vt 0.632789 0.4473492
vt 0.6371352 0.446809
vt 0.6304252 0.4472463
vt 0.39095563 0.34131622
vt 0.4068601 0.32021916
vt 0.43209863 0.33561748
vt 0.3768264 0.30291343
vt 0.4203264 0.35334623
vt 0.45893082 0.34249592
vt 0.40594596 0.37370867
vt 0.4488164 0.36618638
vt 0.3730444 0.37452495
vt 0.3893071 0.39288598
vt 0.3630182 0.32680303
vt 0.34636644 0.34530032
vt 0.4835612 0.35268772
vt 0.47803068 0.37708008
vt 0.5100158 0.36409497
vt 0.4683474 0.40373403
vt 0.49443197 0.42946482
vt 0.4378719 0.38975906
vt 0.42747152 0.41262436
vt 0.385363 0.39390004
vt 0.5657169 0.36424112
vt 0.5304863 0.3932457
vt 0.5362915 0.37121588
vt 0.5668626 0.38369972
vt 0.5604323 0.39490443
vt 0.5249249 0.41967815
vt 0.55771446 0.413392
vt 0.5007501 0.38952446
vt 0.51052314 0.43212235
vt 0.48840442 0.4355111
vt 0.46027774 0.42626274
vt 0.5196301 0.436893
vt 0.49746248 0.44753468
vt 0.72439516 0.41605562
vt 0.7130789 0.4148863
vt 0.71264505 0.4035536
vt 0.7204905 0.403247
vt 0.70773774 0.39432788
vt 0.7130631 0.37930417
vt 0.71131366 0.3809439
vt 0.70874345 0.38217735
vt 0.7151181 0.39158612
vt 0.7075329 0.37277162
vt 0.70341784 0.38584125
vt 0.7123375 0.37113887
vt 0.70451677 0.36618078
vt 0.70774937 0.35669947
vt 0.71929914 0.35553062
vt 0.7357901 0.3572966
vt 0.72843635 0.3669892
vt 0.72765476 0.34519708
vt 0.5831902 0.3639238
vt 0.6264728 0.3545966
vt 0.6393369 0.3531682
vt 0.6510341 0.35214257
vt 0.66143733 0.34977132
vt 0.6704907 0.33433104
vt 0.6693656 0.3403502
vt 0.66189426 0.33944958
vt 0.6737102 0.33925778
vt 0.67829233 0.35597444
vt 0.684179 0.34644794
vt 0.6743403 0.36790633
vt 0.68545663 0.37468922
vt 0.611634 0.3567425
vt 0.5988006 0.35853052
vt 0.66304237 0.32757664
vt 0.67107654 0.32603347
vt 0.67228264 0.32028043
vt 0.6806097 0.3239864
vt 0.68174154 0.31672978
vt 0.6785106 0.3329196
vt 0.6914953 0.32965827
vt 0.68777394 0.33851027
vt 0.69567657 0.34746647
vt 0.70422906 0.33423126
vt 0.693328 0.35534972
vt 0.68953127 0.36511147
vt 0.6994745 0.37550092
vt 0.6959764 0.37975967
vt 0.69910973 0.38910216
vt 0.7166768 0.3393197
vt 0.6940904 0.319193
vt 0.67200404 0.3125404
vt 0.7169985 0.37568486
vt 0.72017825 0.39339042
vt 0.7197371 0.3833934
vt 0.72427094 0.3869539
vt 0.72807306 0.37928915
vt 0.724405 0.36801124
vt 0.7273443 0.39743924
vt 0.73127145 0.3924616
vt 0.72419226 0.40103626
vt 0.61501783 0.34064794
vt 0.61701554 0.32377124
vt 0.62984824 0.32498074
vt 0.6279121 0.33826494
vt 0.6405374 0.33768344
vt 0.65169257 0.33936
vt 0.67077523 0.3480795
vt 0.6420604 0.32476217
vt 0.6531664 0.3260529
vt 0.5968989 0.34892702
vt 0.605021 0.34508806
vt 0.6062514 0.3223269
vt 0.6743435 0.34651977
vt 0.6773238 0.3548956
vt 0.6735891 0.3558035
vt 0.6752683 0.36511815
vt 0.6290541 0.44502026
vt 0.6290367 0.4477945
vt 0.6284828 0.44671607
vt 0.6281391 0.44758362
vt 0.628148 0.4475481
vt 0.6296002 0.44996023
vt 0.3717276 0.40365076
vt 0.35859847 0.38643956
vt 0.3392222 0.41237783
vt 0.32885304 0.40107912
vt 0.33265904 0.4266618
vt 0.4014758 0.40708494
vt 0.3741027 0.42412674
vt 0.66452307 0.35033274
vt 0.6630797 0.35474288
vt 0.6661948 0.35905558
vt 0.6679478 0.3630635
vt 0.670184 0.35742104
vt 0.67200184 0.3645956
vt 0.62859 0.43746984
vt 0.6287765 0.43658853
vt 0.62805074 0.43698734
vt 0.6291763 0.4400065
vt 0.62804204 0.43688083
vt 0.62776923 0.43588758
vt 0.6263878 0.43671238
vt 0.62828934 0.43551058
vt 0.6276251 0.4448037
vt 0.62776357 0.44659126
vt 0.6273774 0.44239444
vt 0.62606525 0.44481683
vt 0.6266825 0.4403122
vt 0.6250447 0.4398409
vt 0.6257298 0.43900108
vt 0.62706745 0.4378165
vt 0.6245609 0.43970346
vt 0.6240357 0.44186985
vt 0.6242102 0.43906498
vt 0.62503874 0.4377293
vt 0.6258546 0.4387182
vt 0.62401503 0.44465536
vt 0.6255655 0.44227856
vt 0.62443984 0.44782847
vt 0.62678117 0.44690597
vt 0.6242236 0.44819343
vt 0.62684417 0.44810396
vt 0.71814793 0.3959325
vt 0.090893455 0.4564408
vt 0.09444261 0.46286064
vt 0.089192 0.4614882
vt 0.09560713 0.45732605
vt 0.0927203 0.4682603
vt 0.0885331 0.46734422
vt 0.06156434 0.3876027
vt 0.055012174 0.38499534
vt 0.056661457 0.3830943
vt 0.056434706 0.3893305
vt 0.059366968 0.37625134
vt 0.0648436 0.3787439
vt 0.07759202 0.3790233
vt 0.0769941 0.37082827
vt 0.07534532 0.39406157
vt 0.062713556 0.39657634
vt 0.06704034 0.40360433
vt 0.07805601 0.4066497
vt 0.05786936 0.40601122
vt 0.061140474 0.41619247
vt 0.057391122 0.39502388
vt 0.07269257 0.422935
vt 0.06453838 0.42786324
vt 0.07856421 0.43479455
vt 0.07061262 0.4130504
vt 0.08120449 0.41731834
vt 0.090369664 0.43454933
vt 0.08914874 0.43129486
vt 0.09282224 0.43894958
vt 0.083451875 0.44293892
vt 0.0735217 0.45106262
vt 0.07006212 0.4403258
vt 0.07754712 0.4550916
vt 0.09681724 0.44646096
vt 0.10041836 0.45130634
vt 0.06913976 0.37117594
vt 0.08831688 0.4734938
vt 0.09110024 0.4747836
vt 0.08150475 0.4631595
vt 0.07951501 0.46998447
vt 0.06964934 0.46232182
vt 0.08239046 0.457224
vt 0.083332196 0.45771974
vt 0.037592478 0.40884972
vt 0.03493622 0.42434227
vt 0.023880083 0.4214971
vt 0.041133583 0.42323387
vt 0.017791737 0.3978634
vt 0.035037257 0.3957662
vt 0.048869263 0.40789533
vt 0.050894365 0.42419124
vt 0.04719209 0.39602852
vt 0.067278445 0.46955967
vt 0.05482391 0.45431328
vt 0.06271317 0.44745946
vt 0.056076586 0.43355
vt 0.06866141 0.47054702
vt 0.046972673 0.4386232
vt 0.063381515 0.36480856
vt 0.06262401 0.36255884
vt 0.06778161 0.3583026
vt 0.06294934 0.3701201
vt 0.06940885 0.36447626
vt 0.0779472 0.36228883
vt 0.07510317 0.35190403
vt 0.083690725 0.3427838
vt 0.08929497 0.3505323
vt 0.08444873 0.3430208
vt 0.09805962 0.35936844
vt 0.08271332 0.37280655
vt 0.11826524 0.44482183
vt 0.106282264 0.4546073
vt 0.10441155 0.4476177
vt 0.10430686 0.43621302
vt 0.11841366 0.43239218
vt 0.09923195 0.4259544
vt 0.084677026 0.37899065
vt 0.08804927 0.4046992
vt 0.0842765 0.39185005
vt 0.09340607 0.41510594
vt 0.10271524 0.41133183
vt 0.10821229 0.42097342
vt 0.09387924 0.3778268
vt 0.09268072 0.39033258
vt 0.0973153 0.40197992
vt 0.119937554 0.4319297
vt 0.12275132 0.4308648
vt 0.12133952 0.43261313
vt 0.12107227 0.44512832
vt 0.1265864 0.44403517
vt 0.12738846 0.43004787
vt 0.13274278 0.44559312
vt 0.117440484 0.4189756
vt 0.1279694 0.41599905
vt 0.10644931 0.39654136
vt 0.11087242 0.40714073
vt 0.12565517 0.40245616
vt 0.10820921 0.3918857
vt 0.09935019 0.39033931
vt 0.103803925 0.38524038
vt 0.1277501 0.40676695
vt 0.12848154 0.42921746
vt 0.12996203 0.4291048
vt 0.13934 0.42352414
vt 0.11501529 0.38706082
vt 0.11880302 0.39041078
vt 0.09878883 0.46754467
vt 0.095787525 0.47341347
vt 0.103476994 0.47536892
vt 0.100466795 0.47920746
vt 0.14636818 0.4733956
vt 0.14483564 0.48334277
vt 0.13766758 0.4797073
vt 0.13667087 0.46943563
vt 0.12715933 0.46886635
vt 0.13291545 0.45759022
vt 0.1243988 0.45756567
vt 0.14375606 0.45607734
vt 0.14175336 0.440544
vt 0.09519424 0.46448058
vt 0.09908177 0.46178567
vt 0.099857084 0.46155632
vt 0.10225202 0.45906323
vt 0.10454982 0.47308993
vt 0.10882919 0.46897876
vt 0.10803612 0.4784817
vt 0.115619496 0.45750344
vt 0.11816963 0.4739312
vt 0.12848377 0.4814682
vt 0.11904858 0.4847262
vt 0.11061149 0.4859649
vt 0.14210105 0.43825585
vt 0.15796629 0.44964838
vt 0.11579019 0.50048566
vt 0.11616087 0.49614358
vt 0.12518033 0.48870206
vt 0.1281932 0.51080006
vt 0.1394762 0.5043818
vt 0.13710542 0.4884085
vt 0.14926842 0.49832886
vt 0.15802859 0.49314058
vt 0.1620987 0.4676535
vt 0.16611831 0.48382032
vt 0.16576675 0.48555833
vt 0.1510632 0.3763355
vt 0.15926088 0.36694217
vt 0.15488347 0.3747378
vt 0.16522488 0.37510967
vt 0.15821567 0.380944
vt 0.15159576 0.39438784
vt 0.18349896 0.3836031
vt 0.1759468 0.3956197
vt 0.17546183 0.4090107
vt 0.16031688 0.4111128
vt 0.14940664 0.4170897
vt 0.14423305 0.40349197
vt 0.1536026 0.43241012
vt 0.13900568 0.3913867
vt 0.14637475 0.3877092
vt 0.14555825 0.37885052
vt 0.1348623 0.37948704
vt 0.123249754 0.38199198
vt 0.13072647 0.39581454
vt 0.12992729 0.3669194
vt 0.14161968 0.36164987
vt 0.13436374 0.34817034
vt 0.12491425 0.35444975
vt 0.10656929 0.3632933
vt 0.1657998 0.42631578
vt 0.17712869 0.422984
vt 0.13617532 0.41062248
vt 0.11618856 0.37239408
vt 0.12137058 0.34140682
vt 0.1278016 0.3360753
vt 0.10852466 0.34672844
vt 0.10304408 0.33293688
vt 0.11223369 0.32911372
vt 0.09640799 0.32222283
vt 0.1056917 0.31810492
vt 0.1003765 0.30921787
vt 0.09071254 0.31495297
vt 0.11281328 0.31340206
vt 0.10739667 0.3015743
vt 0.119963124 0.3251146
vt 0.1818463 0.43867916
vt 0.17147008 0.44416332
vt 0.17608239 0.46302497
vt 0.18971808 0.46144402
vt 0.17913921 0.48001868
vt 0.19228192 0.47913057
vt 0.17971353 0.49737656
vt 0.1914559 0.4960971
vt 0.17383711 0.50140566
vt 0.18546312 0.5096535
vt 0.10430936 0.38166732
vt 0.102641925 0.3605938
vt 0.12048347 0.39284807
vt 0.1495411 0.38653016
vt 0.15221484 0.38484883
vt 0.15365677 0.3829841
vt 0.23435271 0.4612766
vt 0.22352482 0.47844136
vt 0.22129479 0.4627974
vt 0.24150741 0.47825158
vt 0.23704346 0.46087974
vt 0.20676635 0.4658836
vt 0.20207186 0.45943892
vt 0.23591605 0.44347012
vt 0.22000381 0.44637406
vt 0.20320916 0.4453858
vt 0.20765483 0.4798118
vt 0.23363768 0.42143202
vt 0.25675166 0.41752797
vt 0.26116028 0.4407637
vt 0.21564022 0.42631733
vt 0.28719974 0.42283893
vt 0.29131427 0.44661903
vt 0.20120868 0.431548
vt 0.18872607 0.4340489
vt 0.18907815 0.43036026
vt 0.3152299 0.43860793
vt 0.31381652 0.39943707
vt 0.29382518 0.46122462
vt 0.31651723 0.4543249
vt 0.3168405 0.36852348
vt 0.2815554 0.38447303
vt 0.27700484 0.36093628
vt 0.31977242 0.35381413
vt 0.25106853 0.39325768
vt 0.23996171 0.3703928
vt 0.22770627 0.4008206
vt 0.20475915 0.40461206
vt 0.19501133 0.42241174
vt 0.33885673 0.38537169
vt 0.22268975 0.32677603
vt 0.26440075 0.31867903
vt 0.30303097 0.3079548
vt 0.35338408 0.3619188
vt 0.35784718 0.37480986
vt 0.1911149 0.4278478
vt 0.33929238 0.43168515
vt 0.33669358 0.4488448
vt 0.18679444 0.43670762
vt 0.20103627 0.38812602
vt 0.20171471 0.39534342
vt 0.18779072 0.42055142
vt 0.19616188 0.39388627
vt 0.19891322 0.38946563
vt 0.19106121 0.40796036
vt 0.20091754 0.39247167
vt 0.3199208 0.42605215
vt 0.3180812 0.43097615
vt 0.31517336 0.42414838
vt 0.93547004 0.19782531
vt 0.9357666 0.18873179
vt 0.95219076 0.1926328
vt 0.9497251 0.19713873
vt 0.5713052 0.091605306
vt 0.5385005 0.10246605
vt 0.53775495 0.09051114
vt 0.5542219 0.10377109
vt 0.5211236 0.10296857
vt 0.51855206 0.09089565
vt 0.5623741 0.1053828
vt 0.5753648 0.09977454
vt 0.5726394 0.096707225
vt 0.41953313 0.56255907
vt 0.42009053 0.5559806
vt 0.4256878 0.55705374
vt 0.42529187 0.56352335
vt 0.4396908 0.55983555
vt 0.4557698 0.5451026
vt 0.43735945 0.54864943
vt 0.4575423 0.5567518
vt 0.4625471 0.5647384
vt 0.4495418 0.53745264
vt 0.4159729 0.546426
vt 0.4302247 0.53637445
vt 0.43538937 0.58545065
vt 0.44253382 0.5947614
vt 0.43482172 0.6035575
vt 0.43552274 0.58206356
vt 0.7335209 0.8582387
vt 0.73296547 0.8752683
vt 0.7371512 0.87741256
vt 0.7384996 0.85759485
vt 0.74239993 0.8651155
vt 0.39647317 0.6246512
vt 0.39972737 0.6131714
vt 0.3865003 0.61274
vt 0.19822404 0.16881514
vt 0.20859458 0.16384983
vt 0.21054691 0.16342402
vt 0.22467813 0.16967797
vt 0.72811955 0.89697963
vt 0.7396932 0.89735717
vt 0.7316573 0.8846814
vt 0.9518419 0.20332801
vt 0.945317 0.20039475
vt 0.9447701 0.21716267
vt 0.9495174 0.1982835
vt 0.7567744 0.88111097
vt 0.7598923 0.8772953
vt 0.7657705 0.87621826
vt 0.75754815 0.85738856
vt 0.7674863 0.8825397
vt 0.41347748 0.26769567
vt 0.41699308 0.28677493
vt 0.41557214 0.26987398
vt 0.4128304 0.28753632
vt 0.7816668 0.90448517
vt 0.7837996 0.88302946
vt 0.7959553 0.8830953
vt 0.7904272 0.86450964
vt 0.79262584 0.89699113
vt 0.806842 0.89841324
vt 0.7922854 0.90781134
vt 0.7917538 0.90476084
vt 0.7914146 0.84033364
vt 0.8031439 0.8290831
vt 0.81555694 0.83977795
vt 0.7836834 0.8441099
vt 0.792766 0.84564626
vt 0.81332284 0.8557228
vt 0.7874705 0.85061985
vt 0.7969033 0.8632958
vt 0.7990879 0.86901844
vt 0.8011861 0.86036015
vt 0.8108485 0.870056
vt 0.8089303 0.8835942
vt 0.82419246 0.86931145
vt 0.81798875 0.8987327
vt 0.8203856 0.8841148
vt 0.80519634 0.9101334
vt 0.8163467 0.9099854
vt 0.7815245 0.9103074
vt 0.56812084 0.5756298
vt 0.56744677 0.596297
vt 0.57282907 0.58351374
vt 0.7550785 0.857308
vt 0.7569439 0.8759162
vt 0.75566506 0.86443216
vt 0.746819 0.8818656
vt 0.7475294 0.8600855
vt 0.80035603 0.9150593
vt 0.78795564 0.91465497
vt 0.78827405 0.9097646
vt 0.78888714 0.9080648
vt 0.47219032 0.29443765
vt 0.47281048 0.27542388
vt 0.4673062 0.29194605
vt 0.9331248 0.19361097
vt 0.9334213 0.18451738
vt 0.92588675 0.1871677
vt 0.92589605 0.18873
vt 0.58197755 0.45525652
vt 0.5741656 0.4516915
vt 0.5736921 0.454273
vt 0.5720573 0.454933
vt 0.8223939 0.061726213
vt 0.82188165 0.07743335
vt 0.82608396 0.0754565
vt 0.74925923 0.8827728
vt 0.7458845 0.8851455
vt 0.7781254 0.886197
vt 0.97958195 0.03788793
vt 0.9625698 0.036449254
vt 0.9691761 0.03423822
vt 0.9556079 0.037106037
vt 0.8193342 0.86602414
vt 0.8203588 0.83461
vt 0.8169623 0.8626268
vt 0.919071 0.1931526
vt 0.920696 0.18741262
vt 0.9227625 0.18751442
vt 0.9273379 0.1934222
vt 0.7422542 0.89495796
vt 0.7420924 0.8999181
vt 0.75539273 0.8981044
vt 0.87076366 0.1518538
vt 0.85422987 0.15131462
vt 0.86689174 0.14841723
vt 0.86956096 0.14979237
vt 0.106209666 0.5541578
vt 0.10627365 0.55310434
vt 0.10845893 0.5517393
vt 0.1173141 0.5435481
vt 0.11661309 0.565042
vt 0.24567509 0.66773206
vt 0.24272177 0.6643255
vt 0.23580667 0.66510135
vt 0.23244803 0.66730064
vt 0.510072 0.7061477
vt 0.5348727 0.7069565
vt 0.5110715 0.7045251
vt 0.22457027 0.17298472
vt 0.20390303 0.17231059
vt 0.21268599 0.17094195
vt 0.22326842 0.17129612
vt 0.4626637 0.61191374
vt 0.46341857 0.5887664
vt 0.4610303 0.6112468
vt 0.95510256 0.21563649
vt 0.95583063 0.21037716
vt 0.956867 0.21660233
vt 0.9669021 0.22367752
vt 0.95952183 0.21439451
vt 0.9675174 0.20481145
vt 0.9586304 0.20591962
vt 0.9664682 0.20293224
vt 0.95437586 0.20175219
vt 0.9666963 0.2166307
vt 0.4268846 0.21185821
vt 0.41283083 0.21139991
vt 0.4255245 0.21264142
vt 0.7459923 0.8818387
vt 0.7403445 0.8773873
vt 0.7411634 0.87729245
vt 0.7428947 0.8777702
vt 0.7467742 0.85786474
vt 0.24823605 0.66533285
vt 0.24828996 0.66367954
vt 0.24579968 0.6639119
vt 0.5754333 0.55814457
vt 0.57669556 0.53453094
vt 0.6083153 0.5358088
vt 0.5665638 0.5607883
vt 0.60663354 0.54970956
vt 0.60039705 0.5684067
vt 0.5585501 0.56390136
vt 0.56191653 0.5375207
vt 0.54907924 0.56673306
vt 0.5529404 0.5397005
vt 0.5488085 0.54148513
vt 0.538641 0.56604344
vt 0.8459949 0.8859278
vt 0.8524914 0.8643547
vt 0.8472621 0.8470734
vt 0.49900407 0.2588991
vt 0.4998668 0.23244506
vt 0.49657148 0.25736308
vt 0.6462163 0.24738514
vt 0.65475035 0.2292341
vt 0.65831923 0.24596602
vt 0.64327395 0.23198742
vt 0.6320511 0.2330054
vt 0.6340278 0.24847639
vt 0.6202442 0.2321564
vt 0.622193 0.24725002
vt 0.6159317 0.21820956
vt 0.6296 0.21895272
vt 0.63984954 0.2240572
vt 0.6113255 0.20365626
vt 0.62930197 0.20418549
vt 0.59453434 0.2071786
vt 0.5881413 0.19383448
vt 0.607085 0.1897552
vt 0.5829193 0.1808269
vt 0.6043916 0.17644882
vt 0.58131486 0.16588664
vt 0.60326546 0.16468298
vt 0.603196 0.1586082
vt 0.5799865 0.15058404
vt 0.5648049 0.19185966
vt 0.5742414 0.19921905
vt 0.5595976 0.16667444
vt 0.6372719 0.26631773
vt 0.64786863 0.26508003
vt 0.60181886 0.22026849
vt 0.60830855 0.23201817
vt 0.61204344 0.24481946
vt 0.6226271 0.15878487
vt 0.6250662 0.17518842
vt 0.63841784 0.28313637
vt 0.647994 0.28309417
vt 0.6446585 0.3017037
vt 0.6308543 0.3016429
vt 0.63022846 0.28402406
vt 0.62176925 0.30265462
vt 0.62917316 0.3220626
vt 0.6414648 0.3198557
vt 0.6179316 0.3203249
vt 0.55861723 0.14994133
vt 0.5386526 0.16342223
vt 0.53714275 0.18077648
vt 0.5342361 0.19572598
vt 0.55246305 0.20479739
vt 0.5596779 0.20573217
vt 0.5318673 0.20773232
vt 0.5510898 0.21069342
vt 0.52568793 0.2224456
vt 0.54386485 0.22618759
vt 0.51484853 0.24192578
vt 0.5330083 0.24583149
vt 0.519165 0.26946026
vt 0.4997886 0.26470643
vt 0.5700665 0.22564924
vt 0.5684707 0.22013319
vt 0.50713766 0.29155517
vt 0.48896492 0.28571987
vt 0.48324814 0.30232763
vt 0.49914145 0.31056416
vt 0.50816375 0.22066486
vt 0.51374424 0.20321894
vt 0.5400131 0.27499723
vt 0.5262904 0.29763007
vt 0.5162495 0.3172984
vt 0.47779796 0.3012346
vt 0.49449024 0.32793403
vt 0.51728547 0.19188833
vt 0.4953809 0.20713663
vt 0.49392632 0.23234922
vt 0.48956 0.225173
vt 0.47926652 0.22484201
vt 0.47951278 0.21541542
vt 0.51940227 0.17659545
vt 0.52079165 0.15969872
vt 0.5653835 0.20662755
vt 0.62050796 0.26725495
vt 0.6128161 0.26173043
vt 0.6247896 0.27891803
vt 0.62485677 0.27685225
vt 0.60345846 0.24080127
vt 0.58195496 0.20910394
vt 0.59045196 0.22229314
vt 0.4762237 0.3232255
vt 0.48640573 0.34869325
vt 0.47092718 0.34034443
vt 0.5069143 0.34864724
vt 0.45975614 0.3195213
vt 0.46191362 0.3057819
vt 0.45654458 0.33297706
vt 0.4408161 0.3340841
vt 0.44451314 0.31547856
vt 0.42984268 0.31036842
vt 0.42576814 0.32874405
vt 0.41610277 0.3039403
vt 0.4125595 0.32121706
vt 0.4339483 0.29241288
vt 0.4205382 0.2864871
vt 0.42571285 0.26766908
vt 0.43860352 0.2730676
vt 0.4310737 0.24828416
vt 0.4444258 0.25344288
vt 0.45329887 0.27782023
vt 0.45906425 0.2576946
vt 0.44984692 0.2353952
vt 0.46362814 0.24044263
vt 0.45516646 0.21863216
vt 0.46454722 0.27443016
vt 0.47400373 0.2615428
vt 0.46195698 0.29550546
vt 0.46819943 0.28217793
vt 0.437276 0.22997177
vt 0.44359517 0.21211535
vt 0.44820952 0.29964876
vt 0.45121232 0.19479537
vt 0.4611619 0.20300663
vt 0.4722637 0.185485
vt 0.47315705 0.18989295
vt 0.4838583 0.19152862
vt 0.48516437 0.17894012
vt 0.4888406 0.16115737
vt 0.4726526 0.15877438
vt 0.4948403 0.14353633
vt 0.47941443 0.13967156
vt 0.5107314 0.14881158
vt 0.45915148 0.15618247
vt 0.4654693 0.13698208
vt 0.4528527 0.17727458
vt 0.47406274 0.19434178
vt 0.46979794 0.21137941
vt 0.5002908 0.18230498
vt 0.46426925 0.18291259
vt 0.55407506 0.25137532
vt 0.5724845 0.2355609
vt 0.56026936 0.2823599
vt 0.5721217 0.26210916
vt 0.5462307 0.30345458
vt 0.47807536 0.24323922
vt 0.48775017 0.24754524
vt 0.5091725 0.33242983
vt 0.53657407 0.3217455
vt 0.59002507 0.2521537
vt 0.5956044 0.26569963
vt 0.59082377 0.2776429
vt 0.48377985 0.2037623
vt 0.6199937 0.14404172
vt 0.60162103 0.15689123
vt 0.521214 0.14462793
vt 0.50574243 0.14590114
vt 0.5970096 0.23820567
vt 0.5391946 0.147071
vt 0.63195884 0.19581395
vt 0.6414618 0.17390853
vt 0.6438779 0.18919343
vt 0.65655345 0.1886757
vt 0.65470344 0.1741097
vt 0.65401036 0.20464998
vt 0.63592505 0.19567311
vt 0.6389194 0.16077846
vt 0.6373546 0.14258611
vt 0.64998335 0.16379112
vt 0.56758225 0.30948508
vt 0.5508791 0.3325317
vt 0.6394548 0.21974862
vt 0.64188814 0.20461202
vt 0.5369106 0.3341285
vt 0.51811785 0.3384031
vt 0.5374266 0.3320676
vt 0.6541159 0.1431346
vt 0.64510065 0.22377276
vt 0.50414956 0.16981322
vt 0.5687294 0.20975667
vt 0.6473597 0.22027206
vt 0.46682963 0.22357178
vt 0.4982353 0.19771671
vt 0.41887814 0.22897607
vt 0.4318889 0.23603988
vt 0.4184198 0.24302983
vt 0.42334124 0.22936559
vt 0.42801654 0.2532736
vt 0.4261622 0.25404072
vt 0.41561618 0.25286925
vt 0.7425541 0.75721973
vt 0.7279132 0.7746757
vt 0.72469217 0.76052135
vt 0.7454036 0.77107084
vt 0.7313369 0.78816515
vt 0.748113 0.78482974
vt 0.7103402 0.77792954
vt 0.7144759 0.7912018
vt 0.7649254 0.7689814
vt 0.76058 0.75327754
vt 0.76632446 0.7807332
vt 0.70765436 0.7632372
vt 0.7348098 0.8027273
vt 0.71979403 0.8037693
vt 0.73605514 0.8102735
vt 0.7231526 0.81588876
vt 0.75404924 0.80737454
vt 0.752566 0.8203874
vt 0.77517647 0.80508214
vt 0.76568633 0.8203223
vt 0.73824507 0.82146066
vt 0.7257556 0.8272746
vt 0.75287986 0.79656816
vt 0.7673114 0.8192598
vt 0.77504855 0.8157031
vt 0.7899797 0.81725854
vt 0.7930505 0.8064067
vt 0.8123717 0.81668925
vt 0.81146425 0.8070313
vt 0.8132047 0.7961234
vt 0.795 0.7957593
vt 0.8259405 0.80949855
vt 0.8259883 0.8188177
vt 0.8289309 0.7977909
vt 0.7660071 0.83091193
vt 0.7860785 0.8286562
vt 0.77707267 0.8388449
vt 0.7660116 0.84947014
vt 0.7564841 0.83632797
vt 0.7451373 0.84176886
vt 0.74380755 0.85574096
vt 0.7305298 0.85662794
vt 0.72177476 0.8426836
vt 0.7173031 0.85639685
vt 0.72003496 0.8274757
vt 0.7792528 0.7490243
vt 0.78266907 0.76449054
vt 0.798363 0.7469977
vt 0.8025798 0.7598928
vt 0.80326605 0.77187526
vt 0.8058869 0.7592379
vt 0.8175213 0.76850605
vt 0.78790337 0.77789867
vt 0.83254653 0.785291
vt 0.8431541 0.8033212
vt 0.8370847 0.8114595
vt 0.8535646 0.7898515
vt 0.85615784 0.78149426
vt 0.83644533 0.77742696
vt 0.83570224 0.7706158
vt 0.85914785 0.76619774
vt 0.87384886 0.7931248
vt 0.87415755 0.80414003
vt 0.8750541 0.81277317
vt 0.86452913 0.8242454
vt 0.8563191 0.8320962
vt 0.8449625 0.8203473
vt 0.88374585 0.849557
vt 0.8907378 0.79387355
vt 0.8735311 0.78283286
vt 0.8793477 0.7688375
vt 0.89048463 0.7807604
vt 0.9073971 0.79719514
vt 0.907045 0.78248274
vt 0.9065225 0.7693988
vt 0.90751773 0.8136975
vt 0.92305905 0.80116814
vt 0.9223653 0.8184145
vt 0.92318696 0.785682
vt 0.92255116 0.77194476
vt 0.9361379 0.7881155
vt 0.93568623 0.80463356
vt 0.93771625 0.7740831
vt 0.9221619 0.8367031
vt 0.90763384 0.8325358
vt 0.92310894 0.85638535
vt 0.9088829 0.8533953
vt 0.9246193 0.8764459
vt 0.9103371 0.87430173
vt 0.8915451 0.8270797
vt 0.9378077 0.87841916
vt 0.9267149 0.89571106
vt 0.91316986 0.8936901
vt 0.8951191 0.8724423
vt 0.89797485 0.8917063
vt 0.88063926 0.8721125
vt 0.88318324 0.8921884
vt 0.86744833 0.8919422
vt 0.8703281 0.8732967
vt 0.8680316 0.8444648
vt 0.8869901 0.9093374
vt 0.8707527 0.9105067
vt 0.903721 0.9101001
vt 0.8496827 0.89327127
vt 0.85038126 0.8781209
vt 0.8553845 0.915745
vt 0.8598859 0.9282579
vt 0.8744257 0.9278336
vt 0.8513729 0.9302625
vt 0.8411188 0.9246365
vt 0.84552306 0.9097948
vt 0.8354739 0.9165766
vt 0.8493179 0.9073229
vt 0.83519566 0.94020796
vt 0.84795976 0.941899
vt 0.8200162 0.9423714
vt 0.856521 0.9375012
vt 0.87642646 0.9455428
vt 0.8935908 0.9450062
vt 0.87823015 0.96088654
vt 0.8623278 0.9593821
vt 0.89496 0.96106434
vt 0.89519066 0.9734451
vt 0.8785066 0.9722334
vt 0.87904376 0.9844672
vt 0.8968097 0.9863562
vt 0.8599789 0.98375523
vt 0.881059 0.9957019
vt 0.86370724 0.99411994
vt 0.8507587 0.99543834
vt 0.85038745 0.98468506
vt 0.8480585 0.97186196
vt 0.9109566 0.9935444
vt 0.90891314 0.9740706
vt 0.9125985 0.9917068
vt 0.8991146 0.9985545
vt 0.91053975 0.95952255
vt 0.90938133 0.9442364
vt 0.8615234 0.9702735
vt 0.86934215 0.8473591
vt 0.817323 0.93437535
vt 0.82664454 0.92313147
vt 0.8266986 0.91852903
vt 0.8224007 0.9139925
vt 0.8333009 0.9214816
vt 0.8031646 0.92369896
vt 0.8110085 0.9419742
vt 0.8172867 0.94205534
vt 0.8347693 0.9556003
vt 0.8198888 0.9545516
vt 0.8182221 0.9674279
vt 0.8354115 0.9691785
vt 0.80226946 0.9536124
vt 0.79966116 0.9661419
vt 0.77900004 0.9644442
vt 0.7807248 0.95233107
vt 0.7568212 0.9611902
vt 0.7594751 0.9491217
vt 0.7611112 0.94020355
vt 0.7826149 0.9400629
vt 0.74440217 0.94329685
vt 0.732116 0.9587335
vt 0.7340264 0.9281132
vt 0.7834862 0.9164531
vt 0.7606089 0.9187034
vt 0.89151686 0.9275181
vt 0.92351836 0.9147571
vt 0.9361901 0.85934824
vt 0.93540066 0.84049094
vt 0.93975884 0.8963005
vt 0.951592 0.8960998
vt 0.9495576 0.86282676
vt 0.9488504 0.8444252
vt 0.9504242 0.880351
vt 0.9084893 0.92749107
vt 0.9216534 0.9435401
vt 0.92406934 0.9575511
vt 0.938518 0.9623561
vt 0.9364804 0.9455941
vt 0.92779475 0.9769367
vt 0.93530303 0.9823603
vt 0.9374693 0.7592445
vt 0.92200637 0.75883067
vt 0.9555778 0.77388966
vt 0.9544698 0.7900223
vt 0.9539299 0.75751835
vt 0.84956384 0.9586928
vt 0.8605632 0.9531534
vt 0.9340596 0.82246053
vt 0.9487642 0.8272251
vt 0.95180446 0.80835694
vt 0.7349329 0.92557985
vt 0.8953726 0.85090965
vt 0.8911037 0.8082633
vt 0.93011725 0.91553503
vt 0.9415698 0.9138134
vt 0.9440923 0.93067193
vt 0.931409 0.929043
vt 0.89118737 0.7687872
vt 0.866112 0.75210434
vt 0.8806058 0.7575134
vt 0.9215798 0.9277471
vt 0.7714513 0.7925147
vt 0.7403283 0.83068424
vt 0.75026166 0.8269868
vt 0.8399611 0.86793524
vt 0.8268576 0.87904143
vt 0.82347685 0.8405046
vt 0.82150865 0.90085304
vt 0.9792315 0.048634887
vt 0.9699188 0.04833114
vt 0.95932996 0.044932604
vt 0.971254 0.038443863
vt 0.95384145 0.04052168
vt 0.97252834 0.11361426
vt 0.9677684 0.112811565
vt 0.9623572 0.13465828
vt 0.9757786 0.1359421
vt 0.9660003 0.15642446
vt 0.9769677 0.118046224
vt 0.9756994 0.15693134
vt 0.7667546 0.8542246
vt 0.776526 0.88448966
vt 0.77784705 0.8439818
vt 0.77735263 0.88451666
vt 0.78604347 0.8717877
vt 0.77867377 0.8440088
vt 0.1576593 0.70210207
vt 0.15798286 0.6921818
vt 0.16111043 0.6977834
vt 0.19788139 0.38231695
vt 0.19602993 0.3629619
vt 0.19874416 0.35586286
vt 0.69150347 0.59394616
vt 0.6775839 0.5976301
vt 0.6769393 0.5752791
vt 0.68949777 0.5750817
vt 0.6901431 0.62954456
vt 0.66336983 0.637362
vt 0.66422904 0.61839813
vt 0.6817038 0.64378
vt 0.6994674 0.6495917
vt 0.70586526 0.6359017
vt 0.7232103 0.64503044
vt 0.71967685 0.65507764
vt 0.7440035 0.64681053
vt 0.73847 0.6581522
vt 0.76498294 0.6450226
vt 0.7588041 0.6596291
vt 0.71705127 0.62422454
vt 0.7292694 0.6372342
vt 0.70363873 0.6101594
vt 0.66288286 0.595613
vt 0.6639804 0.57457757
vt 0.75069165 0.6368452
vt 0.7852369 0.6450974
vt 0.77688295 0.6603735
vt 0.7927389 0.65547633
vt 0.78635526 0.6409699
vt 0.77273 0.67304593
vt 0.7913279 0.67459667
vt 0.8118485 0.67297906
vt 0.8068569 0.65140736
vt 0.831007 0.6531738
vt 0.8354828 0.6676995
vt 0.8597047 0.64357203
vt 0.8606798 0.6618478
vt 0.8594402 0.67772436
vt 0.8357552 0.68186265
vt 0.88623524 0.65756357
vt 0.8830121 0.67289823
vt 0.89054644 0.6408286
vt 0.8971279 0.6223708
vt 0.87508726 0.6239869
vt 0.8354977 0.6289759
vt 0.85242903 0.6130738
vt 0.9023423 0.6057762
vt 0.8871161 0.60596186
vt 0.8733533 0.6042715
vt 0.89280105 0.59040475
vt 0.8807882 0.5902126
vt 0.8818905 0.5777194
vt 0.8934054 0.5766561
vt 0.8912301 0.56398815
vt 0.8809695 0.56624055
vt 0.8828122 0.5531729
vt 0.877436 0.55645615
vt 0.8750942 0.55762005
vt 0.8737162 0.567142
vt 0.8731653 0.5781141
vt 0.9052564 0.59062433
vt 0.90536135 0.5760855
vt 0.90353495 0.5619888
vt 0.89983714 0.54813546
vt 0.8802983 0.53907335
vt 0.86429626 0.4938481
vt 0.8839397 0.48244143
vt 0.88863623 0.5007082
vt 0.8702219 0.5067917
vt 0.8931176 0.51690125
vt 0.8779425 0.5219523
vt 0.8971333 0.5327938
vt 0.8546389 0.5152486
vt 0.8640749 0.5279303
vt 0.8438145 0.5038394
vt 0.752918 0.6712615
vt 0.73293436 0.6682087
vt 0.8797242 0.46076757
vt 0.8626731 0.4598137
vt 0.8435106 0.45755374
vt 0.8416142 0.47691882
vt 0.82965106 0.4940101
vt 0.8172698 0.48475003
vt 0.8034665 0.48101926
vt 0.80509067 0.46593618
vt 0.823262 0.46983886
vt 0.8241834 0.45459652
vt 0.6792671 0.557136
vt 0.6644357 0.5556064
vt 0.6649617 0.53619474
vt 0.6776735 0.53941494
vt 0.66736615 0.51689094
vt 0.6792152 0.51961607
vt 0.68276346 0.50143003
vt 0.6691104 0.49970567
vt 0.6971229 0.5059892
vt 0.6912462 0.52401054
vt 0.70263356 0.49016333
vt 0.6847371 0.48495132
vt 0.683869 0.46904647
vt 0.70098054 0.4664787
vt 0.66966414 0.48426193
vt 0.66836226 0.47027433
vt 0.7196583 0.46145964
vt 0.7268538 0.4734516
vt 0.738343 0.48198962
vt 0.7463982 0.46582568
vt 0.7559911 0.47618294
vt 0.77184284 0.4747758
vt 0.7602146 0.4830228
vt 0.77586323 0.48770982
vt 0.7666421 0.46251512
vt 0.7896702 0.47613686
vt 0.78927827 0.48659462
vt 0.7864111 0.46297562
vt 0.7100029 0.51095456
vt 0.7220303 0.4967183
vt 0.7379971 0.45566708
vt 0.69324344 0.541362
vt 0.6967313 0.55898577
vt 0.8940555 0.46104002
vt 0.901348 0.4799434
vt 0.7938161 0.4981063
vt 0.87131214 0.5890018
vt 0.6607405 0.6538413
vt 0.6771714 0.6575465
vt 0.695117 0.661515
vt 0.71464545 0.66521907
vt 0.8044407 0.45256573
vt 0.8707435 0.551178
vt 0.6977957 0.45262778
vt 0.6815941 0.45481753
vt 0.6671194 0.45825636
vt 0.866322 0.60178554
vt 0.8242612 0.43896908
vt 0.8029681 0.43854457
vt 0.78359187 0.45099783
vt 0.761387 0.451764
vt 0.7571845 0.43928224
vt 0.7807474 0.43808746
vt 0.7325672 0.43661118
vt 0.7155225 0.44952798
vt 0.84342927 0.4383955
vt 0.8638914 0.43917274
vt 0.8658053 0.42616367
vt 0.8449399 0.42570597
vt 0.8854929 0.42571533
vt 0.88150847 0.44016647
vt 0.8967342 0.44210386
vt 0.82333374 0.42446434
vt 0.8454867 0.40840352
vt 0.8688352 0.6026741
vt 0.8133652 0.6838282
vt 0.791278 0.68652666
vt 0.7677895 0.6351179
vt 0.7919402 0.6329287
vt 0.70433795 0.5274161
vt 0.7054685 0.54387426
vt 0.7061704 0.5592375
vt 0.7027202 0.5739305
vt 0.82731575 0.514965
vt 0.8161955 0.5070074
vt 0.7983206 0.50187355
vt 0.8374375 0.52475375
vt 0.8637877 0.58801484
vt 0.86270624 0.5782123
vt 0.862213 0.568188
vt 0.86438936 0.5584491
vt 0.75675935 0.6258312
vt 0.7409317 0.62192345
vt 0.7168564 0.60068375
vt 0.7279132 0.6121601
vt 0.7078375 0.5881118
vt 0.836011 0.69608873
vt 0.9159471 0.61880237
vt 0.9111567 0.6395892
vt 0.908197 0.655716
vt 0.8585608 0.6928775
vt 0.88077325 0.6881797
vt 0.9069491 0.66970444
vt 0.9049349 0.6818276
vt 0.4440812 0.5980665
vt 0.44453955 0.5840128
vt 0.44693905 0.5865644
vt 0.925209 0.35146093
vt 0.9451689 0.3584441
vt 0.93572116 0.3683669
vt 0.93582946 0.34588027
vt 0.9281346 0.32921016
vt 0.9122754 0.32892787
vt 0.9424549 0.3270297
vt 0.9273807 0.3812133
vt 0.91493994 0.3694961
vt 0.898047 0.3627686
vt 0.89721173 0.34579444
vt 0.89610434 0.37922454
vt 0.9100474 0.38511753
vt 0.908107 0.39975715
vt 0.89520925 0.39452684
vt 0.9234192 0.31075233
vt 0.9102254 0.3092568
vt 0.9376568 0.31099093
vt 0.8928511 0.3260461
vt 0.90723264 0.41258645
vt 0.89491016 0.4058841
vt 0.9212713 0.4080022
vt 0.9212302 0.4191255
vt 0.94882405 0.34074205
vt 0.9561881 0.35187352
vt 0.8792154 0.3622825
vt 0.8831386 0.40553248
vt 0.88088804 0.3913368
vt 0.8649658 0.38909018
vt 0.86632824 0.40346622
vt 0.8638846 0.37333858
vt 0.84727603 0.3712988
vt 0.84487444 0.35425806
vt 0.8623476 0.35873497
vt 0.8608244 0.33993995
vt 0.8431205 0.33649278
vt 0.82362616 0.34457582
vt 0.82702625 0.33213556
vt 0.8425476 0.31878436
vt 0.8584488 0.32153773
vt 0.8275089 0.3161288
vt 0.8265728 0.34868038
vt 0.92018336 0.3926736
vt 0.880476 0.37607926
vt 0.8320482 0.369277
vt 0.8187608 0.36793548
vt 0.81885517 0.34837484
vt 0.8133262 0.33161098
vt 0.8074598 0.36743855
vt 0.80243737 0.3499869
vt 0.7988128 0.33144897
vt 0.80543774 0.38697386
vt 0.7916537 0.39051068
vt 0.81920385 0.38641828
vt 0.83343256 0.3871864
vt 0.82588476 0.34650117
vt 0.8738045 0.34249622
vt 0.8751842 0.32300043
vt 0.85756665 0.30311823
vt 0.8418154 0.30137587
vt 0.8730924 0.30458772
vt 0.85651356 0.28542042
vt 0.87125015 0.28715265
vt 0.8851372 0.28881192
vt 0.8696251 0.27187967
vt 0.8560944 0.26760393
vt 0.88503116 0.2716176
vt 0.9676131 0.34808934
vt 0.84079987 0.28394198
vt 0.82616013 0.2827797
vt 0.8266374 0.29961097
vt 0.8111214 0.2814294
vt 0.81139207 0.29713583
vt 0.8115402 0.2672181
vt 0.8278287 0.26682788
vt 0.82860225 0.24982744
vt 0.81137943 0.2511294
vt 0.7945244 0.2733034
vt 0.79542476 0.2533242
vt 0.8110639 0.23329705
vt 0.8254797 0.23304397
vt 0.7957125 0.23460442
vt 0.79363805 0.27947676
vt 0.79601777 0.27791965
vt 0.7805601 0.23633713
vt 0.7977426 0.21629417
vt 0.78281784 0.21192825
vt 0.8360774 0.23466569
vt 0.84144175 0.24875176
vt 0.8285854 0.21453613
vt 0.84477127 0.21271819
vt 0.8624746 0.2123853
vt 0.86008483 0.22707677
vt 0.88046044 0.21294165
vt 0.8794815 0.22906244
vt 0.8625862 0.19635111
vt 0.8790068 0.1962499
vt 0.8463451 0.19716167
vt 0.83079153 0.19801223
vt 0.8614513 0.18039721
vt 0.8470203 0.18146437
vt 0.8322518 0.18208134
vt 0.81324416 0.2160489
vt 0.8187702 0.18322486
vt 0.89015794 0.2526673
vt 0.8999853 0.27545828
vt 0.90686053 0.25586802
vt 0.92017245 0.27690005
vt 0.9233042 0.25917703
vt 0.9174822 0.2939002
vt 0.93850607 0.26211393
vt 0.93585634 0.27807087
vt 0.94346124 0.24815565
vt 0.9561923 0.25114155
vt 0.963745 0.23985505
vt 0.95105344 0.2369141
vt 0.93567634 0.23103738
vt 0.9652075 0.22861326
vt 0.9733601 0.22866017
vt 0.9459911 0.22189295
vt 0.9515656 0.26403964
vt 0.9493781 0.279028
vt 0.92811644 0.24360847
vt 0.8747026 0.25020546
vt 0.8688729 0.27118337
vt 0.8761782 0.18032986
vt 0.9021491 0.21612078
vt 0.8962114 0.23386312
vt 0.85767347 0.2487582
vt 0.9615979 0.33671808
vt 0.9561897 0.32491958
vt 0.78614044 0.34977424
vt 0.78323597 0.33039463
vt 0.7785974 0.36855924
vt 0.7794034 0.3958071
vt 0.7633491 0.379031
vt 0.7449562 0.3642757
vt 0.75490475 0.35645413
vt 0.896048 0.19483048
vt 0.8901138 0.17975348
vt 0.9151527 0.18699867
vt 0.9208244 0.20126283
vt 0.9018056 0.17438298
vt 0.9120522 0.17514813
vt 0.9238121 0.18478489
vt 0.81218475 0.3144527
vt 0.8339278 0.4050594
vt 0.8188083 0.4046337
vt 0.84968907 0.40309042
vt 0.84881383 0.3879506
vt 0.79719645 0.31347495
vt 0.7816704 0.31238425
vt 0.764242 0.34364426
vt 0.76710516 0.32708305
vt 0.9324148 0.21231204
vt 0.92029685 0.22286743
vt 0.9499992 0.29472858
vt 0.9608774 0.27981496
vt 0.962045 0.2645383
vt 0.96260446 0.29488683
vt 0.9648231 0.3113094
vt 0.7801429 0.29923546
vt 0.95245034 0.31030607
vt 0.8357211 0.2666995
vt 0.7806244 0.2577244
vt 0.7824157 0.28910035
vt 0.9640343 0.2521099
vt 0.8977355 0.2923596
vt 0.88787955 0.30336177
vt 0.8053749 0.4091276
vt 0.8779637 0.3490293
vt 0.7657292 0.2027067
vt 0.76876867 0.20096529
vt 0.7602831 0.21614885
vt 0.77902484 0.18982673
vt 0.7531198 0.22965026
vt 0.7629947 0.24344254
vt 0.7420961 0.23852623
vt 0.7486116 0.2505899
vt 0.7897561 0.19525796
vt 0.8022208 0.1983422
vt 0.72889125 0.23895764
vt 0.7363982 0.2548768
vt 0.752792 0.26776165
vt 0.7401336 0.27115655
vt 0.75444174 0.28817713
vt 0.7403339 0.28926528
vt 0.74275523 0.3065226
vt 0.75563014 0.30735528
vt 0.7427859 0.3242005
vt 0.75577956 0.3250097
vt 0.74307454 0.33998084
vt 0.80578786 0.18329
vt 0.7945336 0.17969102
vt 0.78223085 0.17779309
vt 0.7930534 0.41496915
vt 0.78285307 0.4146124
vt 0.7667445 0.2633474
vt 0.7687774 0.28786707
vt 0.79555124 0.29049492
vt 0.8160664 0.19880188
vt 0.74920464 0.3398069
vt 0.76843154 0.30903095
vt 0.91236764 0.23789048
vt 0.92994064 0.1940862
vt 0.941551 0.2057541
vt 0.935528 0.29393965
vt 0.7343327 0.3524648
vt 0.8389687 0.14211029
vt 0.8473683 0.14198744
vt 0.84951246 0.14371252
vt 0.83876544 0.14336205
vt 0.8420468 0.16055787
vt 0.85041004 0.1553278
vt 0.86627233 0.15764391
vt 0.84154713 0.1595717
vt 0.862534 0.17889518
vt 0.8835745 0.15640944
vt 0.8840957 0.17444104
vt 0.7334336 0.27730322
vt 0.73022443 0.30366582
vt 0.7192819 0.28680742
vt 0.70467263 0.29642397
vt 0.7180563 0.31370795
vt 0.7055332 0.3258425
vt 0.73125297 0.33185178
vt 0.73168504 0.33091724
vt 0.5908006 0.5709377
vt 0.59778905 0.5878591
vt 0.58726263 0.61018443
vt 0.5720288 0.6080515
vt 0.60724485 0.5686301
vt 0.5844461 0.57863516
vt 0.57320875 0.57187235
vt 0.59143794 0.5714101
vt 0.57512605 0.56758255
vt 0.58572394 0.56875575
vt 0.574977 0.5684053
vt 0.10451845 0.52988964
vt 0.11939888 0.53037494
vt 0.113859065 0.53598726
vt 0.43886054 0.58051735
vt 0.4413458 0.57811564
vt 0.45126086 0.5809217
vt 0.23822916 0.08405262
vt 0.23477599 0.09387088
vt 0.22660437 0.0935626
vt 0.2266555 0.083675206
vt 0.22585575 0.08282155
vt 0.22547828 0.09439516
vt 0.21556683 0.093800604
vt 0.18532838 0.36121827
vt 0.1848161 0.3769254
vt 0.18267356 0.36649585
vt 0.53252745 0.70274216
vt 0.53508383 0.6995153
vt 0.5457545 0.7031736
vt 0.21470433 0.09487134
vt 0.21016558 0.0820483
vt 0.21513572 0.08164424
vt 0.2049093 0.09070802
vt 0.88310087 0.019526899
vt 0.87130284 0.027176142
vt 0.8658428 0.019551933
vt 0.8730707 0.011905253
vt 0.8811315 0.03525108
vt 0.8648832 0.037901998
vt 0.87190795 0.04898292
vt 0.89455277 0.023777366
vt 0.88812536 0.017236233
vt 0.8595129 0.06653035
vt 0.8532111 0.055680037
vt 0.9008497 0.029942155
vt 0.8919084 0.045343935
vt 0.9060844 0.056878924
vt 0.9136823 0.037520826
vt 0.930077 0.048276246
vt 0.92345655 0.069381
vt 0.9314812 0.024769783
vt 0.8949347 0.07521784
vt 0.9133024 0.08835125
vt 0.94831026 0.03948778
vt 0.8776589 0.090115964
vt 0.90307105 0.105058014
vt 0.93058026 0.10016149
vt 0.9198724 0.11644316
vt 0.9097717 0.13004959
vt 0.93327236 0.12749887
vt 0.9429986 0.10887241
vt 0.92042935 0.14174628
vt 0.89504576 0.12003994
vt 0.87899953 0.11208701
vt 0.941006 0.08217281
vt 0.9482207 0.063125074
vt 0.88120055 0.062320173
vt 0.9103019 0.01805377
vt 0.9629404 0.077264845
vt 0.9613472 0.04895568
vt 0.89377165 0.011171997
vt 0.8767646 0.12446195
vt 0.8870033 0.1345402
vt 0.9750182 0.055649817
vt 0.9760109 0.060548604
vt 0.9784584 0.07233924
vt 0.8683196 0.07766259
vt 0.87765527 0.14980233
vt 0.8650822 0.1450572
vt 0.9528398 0.115231276
vt 0.9434228 0.13501167
vt 0.9645363 0.098332405
vt 0.96177495 0.11965889
vt 0.95392054 0.14037651
vt 0.9458367 0.1635319
vt 0.9560052 0.09272587
vt 0.90047824 0.14450604
vt 0.912236 0.15660393
vt 0.88993925 0.15711778
vt 0.9018889 0.16576338
vt 0.93072623 0.15269393
vt 0.9296118 0.17788237
vt 0.936776 0.17541456
vt 0.9472489 0.18349302
vt 0.9518804 0.17332071
vt 0.95540315 0.19383371
vt 0.9665027 0.17094445
vt 0.96822333 0.19475567
vt 0.9749517 0.17986107
vt 0.9659014 0.16251457
vt 0.97488827 0.08405274
vt 0.8754918 0.0063557625
vt 0.9223742 0.16790259
vt 0.91690725 0.17581135
vt 0.92488664 0.17443144
vt 0.9206961 0.17354208
vt 0.92142844 0.17331064
vt 0.96863663 0.07420969
vt 0.9550592 0.15543056
vt 0.9547087 0.16617757
vt 0.95324755 0.16022992
vt 0.47358325 0.27710414
vt 0.48233023 0.28802764
vt 0.47307098 0.29281127
vt 0.48139244 0.2843455
vt 0.4085352 0.29236162
vt 0.40899354 0.27830786
vt 0.41053343 0.28184187
vt 0.8932101 0.17410266
vt 0.88756377 0.16960347
vt 0.8936145 0.16170233
vt 0.4057994 0.27474773
vt 0.40075362 0.27721155
vt 0.401185 0.26398456
vt 0.4028847 0.2767611
vt 0.40832862 0.2733208
vt 0.40813988 0.27910757
vt 0.4073836 0.27692246
vt 0.23228624 0.6722608
vt 0.2331286 0.6681504
vt 0.24071412 0.66886616
vt 0.24127182 0.6725539
vt 0.24282746 0.6702811
vt 0.2447848 0.6696545
vt 0.24466887 0.6700525
vt 0.25676727 0.6738868
vt 0.25788632 0.67393523
vt 0.25679776 0.67802566
vt 0.23473896 0.67318034
vt 0.9393968 0.17891932
vt 0.93923503 0.18387944
vt 0.934278 0.18362331
vt 0.92696947 0.17934155
vt 0.9344097 0.1795842
vt 0.93056077 0.18359649
vt 0.17249665 0.3740409
vt 0.17735034 0.37254405
vt 0.17993686 0.37428355
vt 0.21602376 0.35890907
vt 0.21570486 0.34331322
vt 0.21667087 0.33906853
vn 0.36567083 -0.48540494 -0.79414535
vn 0.13650799 -0.7407388 0.6577777
vn -0.26316118 0.9047243 -0.33499277
vn 0.2588461 -0.8953503 0.36241764
vn 0.20754799 -0.17978835 -0.9615612
vn 0 0 0
vn -0.184358 -0.06980051 -0.9803775
vn 0 0 0
vn -0.1604278 -0.29282913 -0.9426102
vn 0.4653078 -0.28067347 -0.8394707
vn 0.30933186 0.056230515 -0.9492902
vn 0.07750356 0.25820693 -0.9629758
vn 0 0 0
vn -0.23247537 -0.14403644 -0.9618777
vn -0.1604278 -0.29282913 -0.9426102
vn -0.6995074 -0.028657746 -0.7140505
vn 0 0 0
vn 0.058993988 0.01344466 -0.9981678
vn 0.970826 -0.017447015 0.2391494
vn 0 0 0
vn -0.08344736 -0.07389242 -0.9937688
vn -0.30402485 -0.06856614 -0.95019346
vn -0.28142884 0.1137629 -0.9528147
vn -0.04406891 -0.9990188 -0.0044054445
vn -0.04686988 -0.99889475 0.0035309743
vn -0.066840485 -0.99614775 0.056763135
vn -0.0714785 -0.99732447 -0.015322005
vn 0.036309898 -0.9964861 0.07547857
vn 0.020021817 -0.98644346 0.16287535
vn -0.045615837 -0.79901797 0.5995744
vn 0 0 0
vn 0.0821816 -0.7223408 0.6866367
vn 0 0 0
vn -0.063597105 -0.08905247 0.9939945
vn 0 0 0
vn -0.10401327 -0.12989825 0.9860566
vn -0.19672684 0.9427523 0.2692891
vn -0.0002974787 0.99971116 0.024031062
vn -0.012070712 0.5655598 0.82461894
vn 0.04793139 0.9984736 0.027443169
vn -0.06908589 0.9920553 0.10513522
vn 0.008337618 0.9759789 0.2177054
vn 0.99992585 0.0046460936 0.011258077
vn 0.95599884 -0.0012642939 0.2933678
vn 0.9998332 0.012311839 0.013488969
vn 0.36567083 -0.48540494 -0.79414535
vn 0.2588461 -0.8953503 0.36241764
vn -0.19746831 0.12476048 -0.97233796
vn -0.26316118 0.9047243 -0.33499277
vn -0.26316118 0.9047243 -0.33499277
vn 0.13650799 -0.7407388 0.6577777
vn -0.19746831 0.12476048 -0.97233796
vn 0.27912056 -0.53970134 -0.7942381
vn 0.6004405 -0.754137 0.26598617
vn -0.19746831 0.12476048 -0.97233796
vn -0.9999218 -0.0012253828 0.012446424
vn -0.44232953 -0.8806299 0.1698103
vn -0.74106467 0.48241115 -0.46701458
vn 0.20754799 -0.17978835 -0.9615612
vn 0 0 0
vn 0 0 0
vn -0.90516806 -0.2509664 -0.34305495
vn -0.6942458 0.011539178 -0.71964544
vn -0.59942615 -0.42608806 -0.6775966
vn -0.9017259 -0.4322144 0.009004916
vn -0.99999046 -0.0040911245 0.0015327797
vn -0.8162835 -0.53426534 0.21964008
vn -0.92068636 0.04097707 -0.38814622
vn -0.9751754 0.023958165 -0.22013411
vn -0.7303099 0.03040979 -0.6824388
vn -0.8988964 -0.30949798 0.3101552
vn -0.9418358 -0.22118777 0.2530241
vn -0.9615232 -0.14938848 0.23055647
vn -0.99999464 -0.0022034273 0.0024145648
vn -0.9935277 0.023312774 0.111171864
vn -0.96691865 0.0049331905 -0.25503734
vn -0.9527564 -0.015938126 0.303317
vn -0.99645096 0.06822449 0.049303897
vn -0.9630998 0.06878075 0.26020774
vn -0.96747917 -0.20191607 0.15236142
vn -0.9955794 -0.026991876 0.08996173
vn -0.99655336 0.01924583 0.080690786
vn -0.927214 -0.34620747 -0.14287944
vn -0.99460703 -0.04418509 -0.09383228
vn -0.99999696 -0.0016348101 0.0018361086
vn -0.992214 -0.044879768 -0.11617714
vn -0.997463 -0.011760086 0.070208736
vn -0.99811417 -0.055776093 -0.025634885
vn -0.98821855 0.0893739 0.124243215
vn -0.9907283 0.08264477 0.10782991
vn -0.95593673 -0.0055755684 -0.29351988
vn -0.9305914 0.0049515464 -0.3660262
vn -0.9744524 -0.0091190785 -0.22440907
vn -0.6475008 0.03658541 -0.76118606
vn -0.7494298 0.019374445 -0.66180027
vn -0.7554982 0.011220051 -0.6550547
vn -0.92624617 -0.37547484 0.03296532
vn -0.9601496 -0.27948385 -0.0012553915
vn -0.9792606 0.19895183 -0.03829878
vn -0.9648658 0.26270616 -0.0044054026
vn -0.9493449 0.29240665 -0.115076646
vn -0.9520955 0.29528105 -0.07951876
vn -0.99005806 0.07560653 -0.118611395
vn -0.8400464 -0.54221904 0.01790568
vn -0.89814 0.011392603 -0.43956196
vn -0.97143805 -0.12900187 -0.19916485
vn -0.9621982 0.26798016 -0.04859276
vn -0.9491225 -0.3114062 -0.046826363
vn -0.9801894 -0.19802065 0.004068025
vn -0.9537721 0.30039597 0.009000241
vn -0.96913147 -0.24652593 0.0030274803
vn -0.9696847 -0.24264504 0.028895443
vn -0.99999964 -0.0008481999 -0.00010376734
vn -0.9999989 0.0010312358 0.0010666272
vn -0.99999917 0.0010295046 0.0008049217
vn -0.9999992 0.00087779475 0.0008694731
vn -0.99999934 0.00057472376 0.00096716126
vn -0.9999989 0.0013499613 -0.0006058587
vn -0.99997646 0.0060509034 0.0032331792
vn -0.9999635 0.0072083543 -0.0045822677
vn -0.99835414 -0.011126765 -0.056260716
vn -0.99937946 -0.026429808 0.02328511
vn -0.99997413 0.0014265648 0.007047202
vn -0.99999374 0.00275123 -0.002228482
vn -0.9988982 -0.025846105 -0.039170846
vn -0.99610865 0.08341918 0.028438313
vn -0.98302096 0.06887954 -0.17007467
vn -0.903226 -0.07213711 -0.42305905
vn -0.92596287 0.09447067 -0.3656064
vn -0.91296804 0.27862749 -0.29808733
vn -0.5959972 0.3377371 -0.72850597
vn -0.5572166 0.13339205 -0.81958294
vn -0.5563749 -0.036237497 -0.8301408
vn -0.9584247 -0.28531268 -0.0043378556
vn -0.9420257 -0.33324945 -0.03914477
vn -0.9749905 0.22223015 -0.0026942578
vn -0.9743979 0.22391334 0.020287236
vn -0.95178574 0.2996536 0.06566321
vn -0.96864706 -0.2481874 0.0112218205
vn -0.9439895 -0.32987675 -0.00806777
vn -0.96019 -0.26431912 -0.09039092
vn -0.96647185 -0.2563084 -0.01543243
vn -0.999998 0.00005143318 0.0020255279
vn -0.998333 -0.03773509 -0.04367276
vn -0.9999965 -0.0006212505 0.0025749994
vn -0.99998784 -0.00077216065 0.004868615
vn -0.9999986 0.0008800119 0.0013961702
vn -0.9996339 -0.0094572 0.02534939
vn -0.99999934 0.0003251977 0.0010784684
vn -0.99998677 0.0026350082 0.0044160094
vn -0.99999857 0.0014460583 0.000897768
vn -0.99999845 0.0016514447 0.0005974935
vn -0.9995822 0.02838217 -0.0054757306
vn -0.9997995 0.0194369 0.0048157233
vn -0.9992678 0.0345433 -0.01644996
vn -0.99997276 -0.0025365565 0.006930501
vn -0.9931577 0.116599396 -0.00651454
vn -0.9698644 0.24110153 -0.0351144
vn -0.96083224 0.26833522 0.06926471
vn -0.77887744 0.6264208 -0.030770907
vn -0.9652007 0.2589569 -0.036453076
vn -0.9996296 0.012885677 -0.023971437
vn -0.7497603 0.6600655 -0.046616342
vn -0.9427419 0.036629997 -0.3315057
vn -0.526814 0.74133396 -0.41580164
vn -0.9631379 -0.00018118478 0.269008
vn -0.8826748 -0.394149 -0.25599167
vn -0.9693952 0.15752754 0.18830302
vn -0.9539714 -0.15009636 -0.25963363
vn -0.8685348 0.32196853 0.376807
vn -0.9646968 0.117294915 -0.23580073
vn -0.99696267 0.06691 0.039855298
vn -0.9798223 0.17904356 -0.08883542
vn -0.9506603 -0.012118161 -0.30999708
vn -0.9350361 -0.26113188 -0.23982821
vn -0.9945373 -0.02569084 -0.10117064
vn -0.9933441 0.064195625 -0.09563632
vn -0.8578216 -0.13797878 -0.49507976
vn -0.9827079 -0.11269707 -0.14691682
vn -0.99718964 -0.037247565 -0.06500379
vn -0.99977 -0.0010099713 -0.02142375
vn -0.9999987 0.001434892 0.00072307576
vn -0.998455 0.026202338 -0.04900106
vn -0.99999714 0.00053465005 0.0023273171
vn -0.9892489 0.08850451 -0.11642009
vn -0.99952686 0.021934131 -0.021561718
vn -0.9989862 0.03586572 -0.027207024
vn -0.9968369 0.034508105 -0.07159178
vn -0.9999378 -0.0029672387 0.010753033
vn -0.99351966 0.09906042 -0.055729143
vn -0.99998254 0.00515394 0.0028979683
vn -0.9999968 -0.0011537651 -0.0022465049
vn -0.9999959 0.0018784974 0.0021749535
vn -0.9999976 0.0015027155 -0.0016012725
vn -0.9999344 0.011412658 0.00097590714
vn -0.9742344 0.22507125 -0.014500704
vn -0.995676 0.08931164 0.02554862
vn -0.98442686 0.15042824 0.09096774
vn -0.96984565 0.21240382 0.11951568
vn -0.9813076 0.19227193 0.008178366
vn -0.81873405 0.5736917 0.023503074
vn -0.9611723 0.2614228 -0.088351466
vn -0.80922896 0.58734024 -0.0134153245
vn -0.8227752 0.5664733 -0.046357058
vn -0.8279781 0.55996734 -0.029813783
vn -0.7022031 -0.41978213 0.5750598
vn -0.43861103 -0.46615094 0.7683252
vn -0.47544885 -0.032520033 0.8791421
vn -0.9473186 -0.03886669 0.31792575
vn -0.8338357 -0.493665 0.24700785
vn -0.9228955 -0.38080195 -0.057041798
vn -0.9999126 -0.002860544 0.012906529
vn -0.96733624 0.015312976 0.25303373
vn -0.9994116 -0.0061275787 -0.033748932
vn -0.9782853 -0.10149382 -0.1807122
vn -0.99971414 0.010146926 0.021647973
vn -0.9984358 -0.03492997 -0.04365622
vn -0.9999894 -0.00000031947835 0.004605517
vn -0.9855701 0.0066791093 0.16913615
vn -0.975171 0.018775037 0.22065584
vn -0.98651326 0.010620115 0.1633366
vn -0.8548507 0.010532548 0.5187672
vn -0.99201566 0.012719106 0.1254715
vn -0.8552049 0.020550093 0.5178826
vn -0.98023313 0.119804285 0.15744835
vn -0.8677288 0.1300457 0.4797237
vn -0.95702356 0.15013252 0.24812533
vn -0.99698865 0.057827577 0.051667817
vn -0.7137887 0.40756607 0.56955737
vn -0.6336629 0.089776926 0.7683824
vn -0.68021125 0.16562255 0.7140601
vn -0.65405595 0.097615086 0.7501214
vn -0.78146887 -0.110329665 0.61411214
vn -0.7601835 -0.08433478 0.64421165
vn -0.9989815 -0.038809408 0.023017058
vn -0.8718703 0.026993113 0.48899245
vn -0.99970114 0.0065824 0.023542637
vn -0.99999994 0.00008569754 -0.00037216482
vn -0.9722513 0.23124464 0.03540244
vn -0.9826625 0.18524249 -0.00772457
vn -0.9449864 0.32705885 0.005761148
vn -0.94636637 0.32124916 0.034492083
vn -0.89014155 0.22263598 0.3975943
vn -0.879687 0.47551367 0.0061215637
vn -0.9077519 0.3674836 0.20234197
vn -0.85029435 0.52465826 0.041632507
vn -0.32505536 0.94537055 0.024769839
vn -0.889239 0.4514338 0.07390208
vn -0.43725923 0.8991335 0.019059531
vn -0.3541088 0.9349896 0.020035809
vn -0.47457018 0.8802023 -0.005203436
vn -0.37395996 0.92678666 -0.034934036
vn -0.7337407 -0.015486931 0.6792531
vn -0.55515313 0.0035775343 0.83174044
vn -0.77752393 0.014226006 0.62869245
vn -0.8060708 0.014225928 0.5916481
vn -0.821091 -0.0015680473 0.5707952
vn -0.61319506 0.005242108 0.78991413
vn -0.65721256 0.012960461 0.7535938
vn -0.62995905 0.015925772 0.77646506
vn -0.50837326 0.24243565 0.826306
vn -0.59073573 -0.0675986 0.80402845
vn -0.66172093 0.15528847 0.73349226
vn -0.6883928 0.06854038 0.7220925
vn -0.5476974 0.3661348 0.75231165
vn -0.665585 0.112977415 0.7377213
vn -0.9166555 0.21830674 0.3347909
vn -0.6969393 0.106486306 0.70918006
vn -0.43441805 0.650448 0.62305564
vn -0.48848817 0.8563898 0.16725948
vn -0.3129671 0.26513228 0.91200686
vn -0.15594013 0.6274283 0.7629
vn -0.56810826 0.035095755 0.8222051
vn -0.79883516 -0.60020494 -0.040204212
vn -0.7591631 -0.6501778 -0.030664062
vn -0.85105526 -0.4754734 -0.22277793
vn -0.14545551 0.8841825 -0.44391888
vn -0.6591078 0.45608073 -0.5979693
vn -0.809836 0.24468695 -0.5331923
vn 0 0 0
vn -0.32914332 0.94426996 0.0043462403
vn -0.2670289 0.9635659 -0.015373347
vn -0.22956698 0.9726709 -0.03478887
vn -0.26422676 0.9598452 -0.09424118
vn -0.7178684 0.4862863 -0.49818733
vn -0.1918898 0.73495996 -0.65039384
vn -0.08244764 0.03521313 0.9959731
vn 0.020917235 -0.0378857 0.99906313
vn 0.21182896 0.02276426 0.9770416
vn -0.43572038 0.0039485157 0.9000734
vn -0.32210127 0.019254878 0.9465094
vn -0.22827362 0.023666773 0.97330934
vn 0.1458184 -0.0046146973 0.9893006
vn -0.102591656 -0.3358293 0.93631923
vn -0.20638758 0.06976271 -0.97598016
vn -0.26545146 -0.0013956905 -0.9641232
vn -0.38238132 -0.106090456 -0.91789395
vn -0.32386985 -0.58801657 -0.741178
vn -0.162669 -0.014152918 -0.9865792
vn -0.184358 -0.06980051 -0.9803775
vn -0.08504762 0.046770457 -0.9952786
vn -0.1522123 0.03168422 -0.9878398
vn 0.20754799 -0.17978835 -0.9615612
vn 0.08077872 0.042704143 -0.9958168
vn 0.33812878 -0.3099384 -0.8885984
vn 0.040463507 -0.047598686 -0.99804664
vn -0.31260595 0.3279832 -0.891462
vn -0.53630465 -0.8273489 -0.16694663
vn -0.5130786 -0.77499884 -0.3689542
vn -0.4758481 -0.8425258 -0.25242603
vn -0.18489316 -0.78560925 -0.5904512
vn -0.028023966 -0.47246212 -0.88090533
vn -0.2208017 -0.921699 -0.318932
vn -0.5055841 -0.86247736 -0.022748493
vn -0.4750468 -0.8798259 0.0153931575
vn -0.57347375 -0.8187804 0.026954724
vn -0.48031703 -0.87230915 -0.091500506
vn -0.7653532 -0.6078241 -0.2116231
vn -0.6940461 -0.7198209 -0.012565055
vn -0.6350125 -0.76799697 -0.08330515
vn -0.87152183 -0.44681045 0.20201524
vn -0.99132633 0.062114168 -0.11581843
vn -0.6202151 -0.783515 0.037913866
vn -0.724854 -0.6888402 -0.009264346
vn -0.7405915 -0.6718858 -0.009677446
vn -0.42061517 -0.90351635 -0.08210418
vn -0.8617276 -0.47486195 0.1786944
vn -0.8730319 -0.05716132 -0.48430145
vn -0.8864473 -0.45400313 -0.08995766
vn -0.96617377 0.10482948 -0.23562488
vn -0.5726313 -0.8190585 -0.035165194
vn -0.925282 -0.37901884 -0.014069944
vn -0.83453274 -0.5509107 0.0072457786
vn -0.6084986 -0.7930379 -0.028641747
vn -0.60828197 -0.78849393 0.09094166
vn -0.88896716 -0.45135075 -0.07758803
vn 0 0 0
vn -0.63844246 -0.75531965 0.14793067
vn -0.99809635 0.057924893 -0.021173863
vn -0.70304596 -0.71084154 0.020751342
vn -0.5385562 -0.83716834 -0.095427185
vn -0.51767766 -0.85540986 -0.016846115
vn -0.87038225 -0.49087048 -0.038483042
vn -0.6035225 -0.79504234 0.060566556
vn -0.7326211 -0.67273265 0.103426926
vn -0.42863277 -0.90119 -0.064269006
vn -0.4507776 -0.8909652 0.05459388
vn -0.6606233 -0.7463476 -0.08088322
vn -0.5821322 -0.7822002 0.22200204
vn -0.27708948 -0.9270269 0.25267068
vn -0.47538093 -0.7731677 0.41979122
vn -0.5210722 -0.7137777 0.46797982
vn -0.79439324 -0.606364 0.035525795
vn -0.76370275 -0.64519966 -0.021805843
vn -0.44232953 -0.8806299 0.1698103
vn -0.33374053 -0.94258004 -0.012652768
vn -0.6616865 -0.54232115 0.51774395
vn -0.58352184 -0.62340164 -0.5204542
vn -0.7694992 -0.34482247 -0.5375579
vn -0.93912154 -0.11465184 -0.3238915
vn -0.73708004 -0.66700536 0.10870524
vn -0.181107 -0.9834569 -0.0035800312
vn -0.76174814 -0.6452557 -0.058179762
vn -0.7159916 -0.6962548 0.05084519
vn -0.5609985 -0.8277877 0.0069412524
vn -0.20965679 -0.97755945 0.020532671
vn -0.17641535 -0.9843131 -0.0023214808
vn -0.79632217 -0.59835714 -0.0885427
vn -0.8059744 -0.5917469 -0.015518236
vn -0.5399659 -0.84165895 0.0068536866
vn -0.15429701 -0.9880245 -0.00028061384
vn -0.16603865 -0.9858583 0.022683427
vn -0.7030473 -0.7111284 0.004577187
vn -0.57551026 -0.7084975 -0.4084351
vn -0.65983516 -0.73864776 -0.13790236
vn -0.46359515 -0.69390947 0.5509711
vn 0.151334 -0.5754872 0.8036868
vn -0.5690376 -0.82190734 0.025779203
vn -0.98420113 -0.102129616 -0.14462943
vn -0.5555193 -0.8032811 0.21479703
vn -0.56981814 -0.20145601 -0.7966949
vn -0.37839925 -0.294229 -0.87763506
vn -0.66627014 0.07788396 -0.74163216
vn -0.9361874 -0.07755399 0.34283894
vn -0.9614752 -0.018153701 -0.27429155
vn -0.95931655 -0.18132083 -0.21641277
vn -0.917774 -0.09381759 0.38586146
vn -0.9281804 -0.3316292 -0.1688291
vn -0.9009746 -0.07237022 0.42779368
vn -0.6211102 -0.7071567 0.33786315
vn -0.5935527 -0.3199234 0.7384742
vn -0.9974198 0.07134756 0.0079609705
vn -0.97633046 0.047976483 0.21089597
vn -0.24783705 -0.9359413 -0.25018138
vn -0.17671603 -0.97386557 0.14267908
vn -0.4520539 -0.7880932 0.41779938
vn -0.83617765 -0.5364688 -0.114053145
vn -0.5689351 -0.5710819 -0.59175867
vn -0.524294 0.23031756 -0.8197985
vn -0.7522777 -0.6324044 0.18477833
vn -0.97047216 -0.110062286 0.21463951
vn -0.9765741 0.031517558 0.21286063
vn -0.9941878 -0.0797915 -0.07227699
vn -0.98498297 -0.118488096 -0.12557533
vn 0 0 0
vn -0.9980779 -0.0593963 -0.01767801
vn -0.99495065 -0.097527795 0.02369549
vn -0.9901236 -0.093976036 -0.10403685
vn -0.9940359 -0.10329471 0.034969617
vn -0.9784271 -0.19252194 -0.0749379
vn -0.62362194 -0.08012932 0.7776085
vn -0.46724337 0.078871325 0.88060373
vn -0.25203568 0.1339067 -0.9584086
vn 0.1869598 -0.8892879 -0.4173884
vn 0.14643766 -0.5773674 -0.80324525
vn -0.7016845 -0.22947657 0.6745216
vn -0.082587115 0.019216958 0.99639857
vn -0.9232405 -0.03865114 0.38227358
vn 0.14185458 0.35024434 0.9258543
vn -0.77037126 -0.58245766 -0.25936693
vn -0.9408164 -0.15084049 -0.30349907
vn -0.8590637 -0.11596724 -0.49855915
vn -0.8686421 0.12315029 -0.47989053
vn -0.7546961 -0.52438504 -0.39427686
vn -0.9980604 0.0583259 0.021760646
vn -0.9743677 -0.18239994 0.13167329
vn -0.9933276 0.0058562336 0.11517803
vn -0.5602544 -0.82651895 -0.05460278
vn -0.38801017 -0.92157775 -0.011939207
vn -0.84715927 -0.39205816 -0.3586245
vn -0.81683713 -0.5726113 -0.06995332
vn -0.52265424 -0.41304275 -0.7458071
vn -0.5936929 -0.59036857 -0.5468032
vn -0.5487328 -0.19168428 0.81372565
vn -0.44653028 0.04632966 0.8935683
vn -0.54971814 -0.07967751 0.8315416
vn -0.5355187 -0.76482314 0.35814145
vn -0.8435632 -0.42115152 0.33321542
vn -0.35131538 -0.7690077 0.5340456
vn -0.28213835 -0.9220358 -0.26504317
vn -0.63771605 -0.77027136 0.00050206436
vn -0.42612785 -0.90431523 -0.025080035
vn 0.0450981 -0.8154326 0.5770925
vn 0.34168673 -0.85534865 0.38939556
vn -0.14465705 -0.92192316 0.35934946
vn -0.42975277 -0.88354766 0.18616156
vn 0.05580861 -0.40526947 0.9124922
vn 0 0 0
vn 0.67392683 0.3652375 -0.6422026
vn 0.9137664 0.080141954 -0.3982565
vn 0.7622689 0.13497344 -0.633031
vn 0.7781759 0.01416045 -0.6278868
vn 0.7716068 0.0128635345 -0.6359697
vn 0.95462376 0.007305563 -0.2977249
vn 0.7595376 0.0051923613 -0.6504427
vn 0.9473868 0.0052732443 -0.32004765
vn 0.74972165 0.015553094 -0.66157055
vn 0.93528783 0.013931273 -0.35361356
vn 0.9220434 0.03725271 -0.38528982
vn 0.9293276 0.015855614 -0.3689157
vn 0.9993988 0.016997453 -0.03021773
vn 0.932358 -0.17247634 -0.31774265
vn 0.9998974 0.0012931157 -0.014265947
vn 0.7850405 -0.5632892 -0.25771442
vn 0.9928394 -0.11271448 -0.039564315
vn 0.5802769 0.24806605 -0.7757203
vn 0.9007044 0.04262624 -0.43233618
vn 0.76328105 -0.052878827 -0.64389896
vn 0.70228094 0.26480952 -0.66081566
vn 0.930681 0.3563109 -0.08291818
vn 0.69900566 0.6866778 -0.19966137
vn 0.90157515 0.17987084 -0.39345738
vn 0.952778 0.30288494 -0.021790056
vn 0.9998422 -0.005861764 -0.0167668
vn 0.8371415 -0.035413638 -0.5458388
vn 0.8990293 0.04166895 -0.43590134
vn 0.93284947 0.16553822 -0.3199828
vn 0.9988052 0.038327765 -0.03031709
vn 0.99819684 0.039975677 0.044777118
vn 0.997935 0.041229844 0.049253177
vn 0.99966097 0.026033469 0.00041098887
vn 0.99870926 0.050777294 0.0012248805
vn 0.99911684 0.005724572 -0.041627105
vn 0.9965128 0.010191357 0.08281585
vn 0.9987768 0.010982384 -0.048210636
vn 0.99765915 0.044846583 0.05162326
vn 0.9999726 0.0069833924 0.0024520806
vn 0.9999669 0.0076086987 0.0028749716
vn 0.9981037 -0.024715157 0.05637544
vn 0.9991669 -0.011860211 0.039048888
vn 0.9895086 -0.110612154 0.09293861
vn 0.9896532 -0.08545099 0.115258925
vn 0.7998541 -0.5999503 0.017116904
vn 0.7679715 -0.6400691 0.023049643
vn 0.9365692 -0.34749633 -0.045655802
vn 0.7921434 0.59373033 -0.14139691
vn 0.821178 0.5705176 -0.013279494
vn 0.977794 0.20941949 -0.007898568
vn 0.9658038 0.25918412 -0.0068234494
vn 0.9369624 0.24475363 -0.24939351
vn 0.9970714 0.04660822 -0.06063251
vn 0.9193862 0.3365343 -0.20365085
vn 0.8394841 0.5369693 -0.083248764
vn 0.9305933 0.36576223 -0.014631689
vn 0.71567404 0.6983748 -0.009128262
vn 0.9543125 0.29879 0.00349239
vn 0.98833543 0.15203163 -0.0089168055
vn 0.99995136 0.004096213 0.008974062
vn 0.92724556 0.37441632 0.005300608
vn 0.77268296 0.63475627 -0.0067459852
vn 0.99997354 0.0029920498 -0.006634946
vn 0.999975 0.006356486 0.003090054
vn 0.99920475 0.018156251 -0.035499882
vn 0.99797195 0.046249453 -0.04373818
vn 0.99772936 0.03718113 -0.05615716
vn 0.99792385 -0.064140156 0.005832417
vn 0.9989181 -0.02598926 -0.03856311
vn 0.9998363 0.014776864 0.01044118
vn 0.99709195 0.076178744 0.0021199742
vn 0.9978337 0.016223848 -0.063754775
vn 0.9990369 0.0052342755 0.043564998
vn 0.99975795 0.012819893 0.017880654
vn 0.99552524 -0.009980975 0.09396725
vn 0.9955942 -0.036708795 0.08628215
vn 0.9897498 -0.11497349 0.084713995
vn 0.99860793 -0.05164194 0.010738159
vn 0.9951735 0.07052117 0.06823769
vn 0.988682 -0.14999658 -0.0029960878
vn 0.9853038 0.16920732 -0.023351774
vn 0.97995585 0.19875212 0.013568831
vn 0.9964744 0.029043749 -0.078709766
vn 0.99264634 0.06891622 -0.09951787
vn 0.99918556 0.03731616 0.015353131
vn 0.9218437 -0.38729373 -0.014414806
vn 0.9999529 -0.009256082 0.002909159
vn 0.929183 -0.36941054 0.012442205
vn 0.9999576 -0.0062835277 0.006727022
vn 0.67814934 -0.35859397 0.64150125
vn 0.84146816 -0.47361276 0.26004285
vn 0.94400525 -0.03779234 0.32775885
vn 0.95152146 0.30729836 0.013214629
vn 0.99996924 0.00407771 0.006701162
vn 0.78968656 0.6134727 0.006806054
vn 0.99916196 0.032954156 0.024278002
vn 0.9999839 0.0029813459 -0.0048319027
vn 0.9993093 0.035945885 0.009425331
vn 0.9997269 -0.00047069739 -0.023364019
vn 0.99841696 0.03924365 -0.040292576
vn 0.9992117 0.028555319 -0.027577434
vn 0.9978023 0.056897998 -0.03395808
vn 0.99819946 0.05994239 -0.002167244
vn 0.99671525 0.075697586 -0.028786132
vn 0.99963367 0.022960206 -0.014331763
vn 0.99999934 0.00038981126 -0.0011023433
vn 0.9999995 0.00077437644 -0.0006109881
vn 0.9999996 0.00034641253 -0.00082363444
vn 0.9999999 0.00043561994 0.00023239438
vn 0.99999964 0.00030333697 -0.00082153786
vn 0.99999964 0.0004636985 -0.00073685736
vn 0.99633336 -0.08519829 -0.007816176
vn 0.99999976 0.000286273 -0.0006512185
vn 0.98573005 -0.16776593 0.013816479
vn 0.99890727 -0.04665332 0.0027722504
vn 0.9999248 0.0004407075 0.012256749
vn 0.9810294 -0.18289912 0.064259596
vn 0.9951156 -0.095746525 0.024032732
vn 0.9829604 0.18374453 -0.005175241
vn 0.98875594 -0.14946203 0.0047794464
vn 0.97339815 0.22910012 -0.0030198947
vn 0.9838966 0.17866684 0.005062751
vn 0.9670875 0.18628074 -0.17332402
vn 0.9999492 -0.010064491 0.00051709544
vn 0.999983 0.0054819398 0.00197136
vn 0.9974827 0.07004786 -0.011022129
vn 0.9459356 -0.3243539 -0.0006096597
vn 0.9347572 -0.35496798 0.01505722
vn 0.94488263 -0.32734513 -0.0064811064
vn 0.9964786 0.0061465087 0.083621815
vn 0.9755151 -0.21552707 0.043798752
vn 0.9981123 0.06028442 -0.011727803
vn 0.96984 -0.24060856 0.03895991
vn 0.98947287 -0.07766401 -0.122113876
vn 0.99466825 -0.088938676 -0.052201167
vn 0.8754488 -0.4787974 -0.065896824
vn 0.99726576 -0.071274646 -0.019516723
vn 0.9958901 -0.011815954 -0.08979609
vn 0.82299274 -0.56286156 -0.07661469
vn 0.9999628 0.00035176362 0.008619223
vn 0.9392219 0.0149888825 0.34298322
vn 0.99966854 0.012281722 0.022626394
vn 0.694022 -0.016217388 0.71977115
vn 0.7144177 0.01265571 0.69960505
vn 0.9457404 0.004328567 0.3248944
vn 0.8760979 0.4820619 -0.008291755
vn 0.59615004 0.80227625 0.030950444
vn 0.5830954 0.8100633 0.06162182
vn 0.9386255 0.2949687 0.17881721
vn 0.9070537 0.4210148 -0.00026331874
vn 0.9864404 0.1433635 0.07988865
vn 0.88832045 0.4305732 0.15966702
vn 0.99953854 0.02742769 0.013053176
vn 0.9992168 0.03942931 0.0033312705
vn 0.9616313 0.27359125 -0.02032327
vn 0.9999928 -0.00064729335 -0.0037501515
vn 0.9995622 0.024616554 0.016413685
vn 0.9989807 0.038152374 0.02412386
vn 0.9989732 0.036387756 0.026989788
vn 0.9998774 0.006053262 0.01444048
vn 0.99866384 0.049331423 0.015393794
vn 0.9996932 0.021366034 0.01252674
vn 0.9978163 0.059927247 0.027771587
vn 0.9995811 -0.023747444 0.01654341
vn 0.99611753 0.0841939 0.025715513
vn 0.9999861 -0.004359599 -0.0029526292
vn 0.9973724 0.058157653 0.043197945
vn 0.99502367 0.098623134 -0.014192855
vn 0.9611424 0.08476494 0.2627168
vn 0.9999899 -0.0044759708 -0.00025402976
vn 0.9969609 0.045763563 -0.06304479
vn 0.99991584 -0.005565922 0.011718179
vn 0.99898547 0.02372713 -0.03827559
vn 0.9999995 0.00011045692 -0.0009723873
vn 0.99999917 -0.00017121785 -0.0012758471
vn 0.99771565 -0.06342169 -0.023261748
vn 0.96557724 -0.038427502 -0.25726244
vn 0.9934484 0.02984905 -0.11031482
vn 0.9917279 -0.04399779 -0.120581746
vn 0.9904289 0.024842117 -0.13576978
vn 0.99934554 -0.024547733 -0.026569685
vn 0.99998707 -0.0025100117 0.0044172537
vn 0.9999278 -0.0033526542 0.011539082
vn 0.93876225 0.003975843 0.3445426
vn 0.9998332 0.012311839 0.013488969
vn 0.716409 0.0045653447 0.6976656
vn 0.68855864 0.008237776 0.72513384
vn 0.71299934 0.0012727126 0.7011636
vn 0.93734306 0.004583839 0.34837767
vn 0.6725236 -0.005411595 0.74005586
vn 0.6454592 0.49614978 0.5807046
vn 0.8870127 0.17450252 0.42750126
vn 0.9826551 0.15790527 0.09723583
vn 0.999296 0.019226955 0.032214206
vn 0.6699072 -0.04438442 0.74111694
vn 0.8771734 -0.04946733 0.47761884
vn 0.89278424 0.09314788 0.44074905
vn 0.72221226 0.13280277 0.67880255
vn 0.6863099 0.033727217 0.7265268
vn 0.9231619 0.31280622 0.22343767
vn 0.73773694 0.4565701 0.49728054
vn 0.8534051 0.52076817 0.022364102
vn 0.9389316 0.3406535 0.04860719
vn 0.7068163 0.7050892 0.057095375
vn 0.99992585 0.0046460936 0.011258077
vn 0.9991984 0.028882287 -0.02771992
vn 0.95599884 -0.0012642939 0.2933678
vn 0.99999964 0.00017449552 -0.00079404254
vn 0.9999995 0.00033820263 -0.00088765624
vn 0.998923 0.04637867 0.0013474474
vn 0.9997 0.02437697 -0.0023781217
vn 0.9885507 0.15058675 -0.009545882
vn 0.7231296 0.56535393 -0.3968105
vn 0.1936755 0.78622776 0.58680123
vn 0.6993827 0.018270908 -0.7145138
vn 0.34073925 0.030165903 -0.9396738
vn 0.41869006 -0.012202472 -0.9080472
vn 0.5842399 0.18372683 -0.7905113
vn 0.67253023 0.39490342 -0.62590283
vn 0.49839014 0.014067627 -0.86683875
vn 0.55342835 0.017986957 -0.8327026
vn 0.50236 0.010411668 -0.8645959
vn 0.7407935 -0.11574153 -0.66168636
vn 0.4266193 -0.19447213 -0.88327605
vn 0.6088244 -0.57812047 -0.54323995
vn 0.26158866 0.9645489 -0.034882355
vn 0.54960567 0.8353163 -0.0134265935
vn 0.28638217 0.956114 -0.06189774
vn 0.4268322 0.90405345 0.022397812
vn 0.3042476 0.95256466 0.0073477635
vn 0.7579182 0.65231097 0.0071050143
vn 0.642742 0.76602244 0.009610196
vn 0.062481906 0.9960728 0.06272935
vn 0.14772123 0.98893905 0.013341525
vn 0.20078775 0.9796342 -0.0010059188
vn 0.2875395 0.9572722 0.030839102
vn 0.73088586 0.67397803 0.10751478
vn 0.13310683 0.9905692 0.032484774
vn 0.4103641 -0.45903605 0.787964
vn 0.3041015 -0.025970252 0.9522856
vn 0.42078298 0.035931222 0.9064495
vn 0.3263237 0.048639543 0.94400585
vn 0.51034886 0.30209994 0.8051582
vn 0.2443196 0.1951053 0.94986415
vn 0.5631624 0.35643083 0.74552345
vn 0.6457666 0.16224095 0.74609876
vn 0.6110151 -0.09920511 0.7853782
vn 0.75462294 -0.003211336 0.6561508
vn 0.12503397 0.39923516 0.9082829
vn 0.26371083 0.24959734 0.9317498
vn 0.4994298 0.21713799 0.83870196
vn 0.3131054 0.013381681 0.9496241
vn 0.2935287 -0.029301798 0.9555011
vn 0.40741313 -0.027942656 0.9128164
vn 0.5547309 0.14284949 0.8196753
vn 0 0 0
vn 0.3948639 -0.8851309 -0.2462232
vn 0.2512582 -0.846264 -0.46979418
vn 0.1741326 -0.8218017 -0.5425125
vn 0.048185695 -0.4120073 -0.90990555
vn -0.09432451 -0.754075 -0.6499799
vn 0.09308221 -0.8125946 -0.5753484
vn -0.12984556 -0.33608863 -0.93283683
vn 0.5470152 -0.71313447 -0.43842176
vn 0.64477074 -0.76057106 -0.076173075
vn 0.41992506 -0.8804212 -0.2202758
vn 0.4805095 -0.8754615 -0.051746946
vn 0.7455917 -0.6655042 -0.034599166
vn 0.7047196 -0.7090028 -0.02617955
vn 0.42450255 -0.9049917 0.028064933
vn 0.5805198 -0.8135018 -0.034808133
vn 0.2346253 -0.9638774 0.12606096
vn 0.13322008 -0.69176334 0.70972943
vn 0.6014512 0.01141372 0.798828
vn 0.53529656 -0.84051037 0.08366565
vn 0.30129728 -0.95218855 -0.05056606
vn 0.53925437 -0.84109956 0.04190813
vn 0.2552009 -0.9586702 0.1257934
vn 0.65124875 -0.758847 0.005130623
vn -0.01278922 -0.97077733 0.23964109
vn 0.14578204 -0.7693249 0.62200224
vn 0.016654534 -0.9795321 0.20059763
vn -0.09205228 -0.8387859 0.53662336
vn -0.18037751 -0.20477724 0.96204484
vn 0.29106694 -0.19057305 0.9375297
vn 0.8063646 -0.58049643 0.1131369
vn 0.091073126 -0.61870575 0.7803262
vn 0.6162085 -0.29022384 0.73215926
vn 0.6916349 -0.722247 -0.000679809
vn 0.7148348 -0.69921863 0.010223491
vn 0.6410626 -0.76690656 -0.02988325
vn 0.61419255 -0.78896946 0.01716734
vn 0.82089114 -0.23777324 -0.51923174
vn 0.8447337 -0.53085035 0.06799138
vn 0.51783615 -0.31961787 0.79353017
vn 0.72839665 -0.17917058 -0.661314
vn 0.8032264 -0.50305235 0.31900728
vn 0.7930497 -0.57016975 -0.21442637
vn 0.56327516 -0.82614464 0.01435729
vn 0.8457357 -0.52975035 0.06399753
vn 0.727627 -0.6807591 0.08441591
vn 0.7483843 -0.66323704 -0.0061341017
vn 0.7583017 -0.64829755 0.06847481
vn 0.65727794 -0.73785174 0.1534942
vn 0.65760195 -0.75271124 0.031391434
vn 0.56328523 -0.7265853 0.39342532
vn 0.5149405 -0.8385751 0.1778426
vn 0.41976565 -0.81403035 0.40143672
vn 0.27636936 -0.7971997 0.5367425
vn -0.006995881 -0.6728557 0.7397407
vn 0.7667128 -0.6417057 -0.019112915
vn 0.732691 -0.68026936 -0.019936
vn 0.70469725 -0.7094533 0.008819918
vn 0.5735754 -0.8191492 0.0024201162
vn 0.57854587 -0.8127604 0.06859444
vn 0.8620763 -0.50654465 -0.015393911
vn 0.8608736 -0.50873584 -0.009193701
vn 0.7526904 -0.653599 0.079154655
vn -0.49344993 -0.67515343 0.5483384
vn 0.97896224 -0.19159041 0.0701854
vn 0.14316186 0.6847026 -0.7146237
vn 0.008006417 -0.5527947 -0.833279
vn -0.008984509 -0.17343578 -0.9848042
vn -0.06095088 -0.714722 -0.6967478
vn -0.12685554 -0.8086406 -0.5744633
vn 0.0060281274 -0.7781088 -0.62810063
vn 0.0017346826 -0.81100357 -0.5850386
vn -0.09529537 -0.53056884 -0.84226805
vn -0.005215087 -0.644029 -0.7649833
vn 0.046435636 -0.73392093 -0.6776458
vn -0.0061067604 -0.8239253 -0.5666655
vn 0.032666963 -0.9713776 -0.23528376
vn 0.91366833 0.08115137 -0.39827707
vn 0 0 0
vn -0.06801628 -0.89287674 -0.44513467
vn 0.013156298 -0.7577004 -0.65246993
vn 0.15086052 -0.974626 -0.16536385
vn 0.048023444 -0.6553833 -0.7537682
vn -0.015660599 -0.4552585 -0.8902216
vn 0.44015864 -0.6468744 -0.622747
vn -0.26361528 -0.13297349 -0.95541877
vn -0.17367667 0.0020397385 -0.98480064
vn -0.10892358 -0.67124116 -0.7331923
vn -0.32051852 -0.5415444 -0.7771728
vn 0.12867135 -0.9910815 -0.034658935
vn 0.83122414 -0.5505542 -0.0771781
vn 0.81635237 -0.5732897 0.070055224
vn 0.8490734 -0.51403356 -0.12183525
vn 0.8536078 -0.40308234 -0.32996726
vn 0.9047348 -0.014679638 -0.4257223
vn 0.9768043 -0.18169844 0.11330919
vn -0.96503574 0.011053487 0.26188517
vn 0.9871789 -0.05571376 -0.14957865
vn 0.9825153 -0.102315076 0.15554844
vn 0.50015795 -0.8580607 -0.1165067
vn 0.7400447 -0.6573736 0.14210473
vn 0.9926888 -0.104951024 0.05961804
vn 0.5306929 -0.8475607 0.0024345322
vn 0.99790496 -0.037741564 -0.052548327
vn 0.9938421 -0.10705537 -0.02858312
vn 0.8540685 -0.51829886 0.043968998
vn 0.8397781 -0.54181254 -0.034812283
vn 0.9554978 -0.29344037 0.030276254
vn 0.8173837 -0.5757156 -0.020867685
vn 0.47874764 0.87691396 -0.042691577
vn 0.5190172 0.84057313 -0.15510613
vn 0.99452555 0.08432678 -0.06170796
vn 0.876973 0.48050448 -0.0058210287
vn 0.09217231 0.4209121 0.9024064
vn 0.44885534 0.064595826 0.89126664
vn 0.7412741 0.022200562 -0.67083514
vn 0.9759604 0.20022985 -0.0860774
vn 0.22407405 0.015997838 0.9744408
vn 0.000009331457 0.30636677 0.95191354
vn 0.027490683 0.9993731 0.022308985
vn 0.40598878 0.9044664 0.13081935
vn 0.93336254 0.3488913 -0.084316276
vn 0.29184642 0.045534246 -0.9553807
vn 0.6494 0.75392824 0.09935729
vn 0.8730321 0.48676658 0.029551147
vn 0.97747445 0.19661371 0.076724775
vn 0.950225 0.031716365 -0.30994597
vn 0.9981755 -0.027368112 -0.053820107
vn 0.9904346 0.0037461936 -0.13793205
vn 0.9940384 0.017280435 -0.10765252
vn 0.99840575 -0.017866492 0.053542305
vn 0.99462235 0.026702322 0.10006681
vn 0.99414974 0.065206625 0.08610705
vn 0.7347348 -0.6781872 -0.015063905
vn 0.9986105 -0.052353814 -0.00601327
vn 0.99145234 -0.1028217 -0.080311805
vn 0.766922 -0.64167315 -0.009283619
vn 0.994996 0.09915694 -0.012282542
vn 0.6989388 -0.7145755 -0.029433547
vn 0.9745024 -0.13123336 -0.18199694
vn 0.9601492 0.060671832 0.27282298
vn 0.99752253 -0.05434208 -0.044673704
vn 0.98824286 0.15231596 0.013260146
vn 0.6503765 0.7595931 0.005356411
vn 0.5239292 0.85067475 0.04301933
vn 0.56983566 0.82122624 0.029577397
vn 0.991593 -0.10032482 -0.081720814
vn 0.667418 0.6867873 -0.2878827
vn 0.9133638 0.39338267 -0.10496006
vn 0.28144974 0.9163454 -0.28477567
vn 0.42471805 0.7897209 -0.4426686
vn 0.7039428 0.12979442 -0.6982965
vn 0.66117185 0.14990821 -0.735105
vn 0.6923013 0.2819183 -0.66425973
vn 0.81882316 0.070858665 -0.5696557
vn 0.6851123 0.37123302 -0.6267433
vn 0.6290488 0.23647569 0.7405247
vn 0.6453821 -0.23585668 0.7265353
vn 0.65946805 -0.7469286 -0.0848501
vn 0.94285136 -0.10462738 -0.31636116
vn 0.54520696 -0.8197638 -0.17531891
vn 0.41793045 -0.8985523 -0.13393256
vn 0.8938721 -0.34737977 0.2834079
vn 0.21592842 -0.9764084 0.0012450633
vn 0.15799622 -0.9753794 -0.15385756
vn 0.48421672 -0.6425439 -0.5938615
vn 0.90142405 -0.015272555 -0.43266782
vn 0.6265823 0.020286294 -0.7790912
vn 0.99489653 0.0975328 -0.025849609
vn 0.90479386 0.14944875 0.39876446
vn 0.65560657 0.29316184 -0.6958708
vn 0.82635087 0.54694587 0.13414349
vn 0.66362953 0.04020901 -0.74697995
vn 0.588395 -0.5189562 -0.6200611
vn 0.53061736 0.7226504 -0.44296902
vn 0.5580671 -0.75862575 -0.33622625
vn 0.69617516 -0.04370828 -0.71654016
vn 0.6581791 -0.7526799 -0.016531745
vn 0.26331016 0.94852513 0.17597686
vn 0.17840719 0.7282112 -0.6617245
vn 0.027628668 0.9083934 0.4172028
vn -0.24803616 0.51336247 -0.82154554
vn -0.8352263 0.51408005 -0.19524033
vn -0.7685993 0.5061063 0.39129475
vn -0.6182072 0.7838653 0.058095753
vn -0.5084085 0.85174054 0.12672344
vn -0.7767101 0.62956184 -0.019319953
vn -0.55657864 0.81673795 -0.15218195
vn -0.8218269 0.56972337 0.003986678
vn -0.9990411 0.037151627 0.023166088
vn -0.98717564 -0.15734197 0.026977316
vn -0.9953124 0.08990181 -0.035650484
vn -0.5669649 0.8208199 0.06932108
vn -0.63907444 0.76914394 -0.0012025953
vn -0.73755646 0.6683493 0.09653829
vn -0.5817276 0.80864626 -0.08765935
vn -0.5001204 0.86579275 -0.016806329
vn -0.5546513 0.83085144 0.04525258
vn -0.5006839 0.86426 0.04868575
vn -0.79058313 0.2686081 -0.55029815
vn -0.66698396 0.68881166 -0.28402624
vn -0.8780346 0.46573722 0.11020051
vn -0.8450097 0.28102267 0.45495597
vn -0.11923404 0.9291498 0.34994847
vn -0.35762274 0.8823482 0.30588835
vn 0.11803099 0.40031812 0.90874314
vn 0.70321375 0.2961571 -0.6463601
vn -0.89518243 0.44220126 -0.055735633
vn -0.4364302 0.8997368 0.0015301139
vn -0.793908 0.6051542 -0.059148166
vn -0.7596467 0.635206 0.13946423
vn -0.57138556 0.63973063 0.5140654
vn -0.27674198 0.9206042 0.27550262
vn -0.3337744 0.8934542 0.30055657
vn -0.34594354 0.8729832 0.34383628
vn -0.32575086 0.9163273 0.23287472
vn -0.44204426 0.8472593 0.29453117
vn 0.11656298 0.92169917 0.369978
vn 0.4867269 0.38623422 0.7835305
vn 0.030372635 0.76150393 0.64744824
vn 0.40742338 0.32229108 0.8544792
vn -0.13336939 0.77378064 0.61925447
vn -0.013945912 0.6891955 0.72444123
vn -0.104527794 0.5748992 0.8115201
vn -0.06898181 0.7684452 0.6361867
vn -0.060011875 0.7239934 0.6871914
vn 0.026679875 0.5874275 0.80883694
vn 0.054245725 0.7467926 0.662841
vn 0.031922612 0.7164275 0.6969308
vn -0.4734084 0.8471077 0.24143955
vn -0.18212543 0.8012569 0.56992775
vn 0.010665181 0.80004114 0.5998503
vn 0.0012563282 0.64289296 0.765955
vn 0.014249307 0.8751755 0.48359573
vn -0.004727801 0.6506394 0.75937206
vn 0.032834124 0.66716653 0.7441846
vn -0.08662999 0.8956386 0.43626463
vn 0.0047653257 0.60544395 0.7958737
vn -0.2821265 0.5696137 0.7719746
vn -0.3413005 0.731092 0.5907779
vn 0.032930017 0.49855283 0.86623365
vn 0.25574794 0.65523815 0.7108136
vn 0.020419449 0.62580866 0.7797093
vn -0.90501076 0.17242189 -0.3888781
vn -0.8827646 0.13401817 0.45029524
vn -0.41063493 0.44742656 0.79447365
vn -0.5491959 0.6888143 0.47320053
vn -0.5538208 0.63599676 0.53739244
vn -0.71484816 0.5239276 0.46313268
vn -0.5587866 0.7648449 0.32057744
vn -0.023525037 0.7180459 0.69559807
vn -0.74106467 0.48241115 -0.46701458
vn -0.18845776 0.4017608 -0.89614284
vn -0.72041005 0.65347683 0.23233028
vn -0.88028544 0.34524298 0.32543024
vn -0.86487395 -0.49561962 -0.079713546
vn -0.96503145 -0.26165327 0.015870353
vn -0.9643394 -0.042390518 -0.2612521
vn -0.83000463 0.55767643 0.009451822
vn -0.91681683 -0.03143746 -0.39806852
vn -0.8427712 0.524997 0.11880637
vn -0.8431288 0.50857085 -0.17461266
vn -0.86090595 0.4193637 0.28805393
vn -0.94179904 0.32576585 0.08301347
vn -0.9700202 0.20602739 0.12889367
vn -0.7159916 -0.6962548 0.05084519
vn -0.9999218 -0.0012253828 0.012446424
vn -0.5609985 -0.8277877 0.0069412524
vn -0.79632217 -0.59835714 -0.0885427
vn -0.92119133 0.20989713 -0.3276426
vn -0.6805135 0.7264225 0.09597773
vn -0.781763 -0.5297751 0.32891485
vn -0.44232953 -0.8806299 0.1698103
vn 0.25050223 -0.52179176 0.81546426
vn -0.5468745 -0.81937486 -0.17191021
vn -0.82828856 0.34022045 0.44518322
vn 0.08528451 -0.06158628 0.99445146
vn -0.8049706 0.10803482 0.5833959
vn -0.49567983 0.0802694 0.864788
vn -0.9882603 -0.115268596 0.10027306
vn -0.4855355 -0.0405342 -0.8732767
vn -0.5780345 0.23537703 -0.7813282
vn 0.80114377 -0.45040798 -0.3940829
vn 0.015337832 0.4141776 -0.91006684
vn 0.8382201 -0.14787571 -0.52489984
vn 0.9999203 -0.012564193 0.0012236959
vn 0.17484422 0.023072079 -0.98432577
vn 0.6422772 0.5500089 -0.533826
vn -0.41396734 0.18855612 -0.89054906
vn -0.7542151 -0.43868464 0.48858505
vn -0.78043306 -0.5334592 0.3261067
vn -0.68819463 -0.37597182 0.6205106
vn -0.73039013 0.0866925 0.6775062
vn -0.5115326 -0.4151053 0.7523443
vn -0.15743147 0.46527818 0.87105197
vn -0.64600796 0.52841955 0.5508598
vn -0.80031514 -0.26604295 0.5373238
vn -0.55482364 0.61848736 0.55645674
vn -0.67494905 0.042847853 0.7366192
vn -0.7570152 0.05745362 0.6508663
vn -0.7535004 -0.23456536 0.6141793
vn -0.6833923 0.16717802 0.7106522
vn -0.6610844 0.50784916 0.55231935
vn -0.945924 0.29191414 0.14147066
vn 0.39278075 0.10988587 0.9130435
vn 0.17000724 0.6886713 0.7048613
vn -0.23912497 -0.18997122 -0.95222384
vn -0.6892805 -0.33883932 -0.6403751
vn -0.79964364 0.5999598 -0.024865774
vn -0.83204335 0.47077897 0.29337868
vn -0.6171165 0.19132088 0.76325846
vn -0.49141356 -0.24796417 0.8348811
vn -0.0066487393 0.49166965 0.8707564
vn -0.62469697 0.49302188 0.6055437
vn -0.08375725 0.27847302 0.95678496
vn -0.6178547 -0.26506764 0.7402666
vn 0.6151484 -0.34285003 0.7099622
vn -0.39234868 0.1812318 0.90178573
vn -0.84715927 -0.39205816 -0.3586245
vn -0.63771605 -0.77027136 0.00050206436
vn -0.42612785 -0.90431523 -0.025080035
vn 0.24567786 0.23963492 0.93926436
vn -0.37689462 0.44003665 0.81505716
vn -0.19369723 0.34504035 0.91838366
vn -0.78748333 0.615376 -0.034385834
vn -0.8258248 0.42875397 -0.36631063
vn -0.86486006 0.40986383 -0.28987715
vn 0.36543146 0.30583054 0.87916297
vn -0.79205626 0.41552237 0.44720024
vn -0.5771412 0.13274033 0.8057841
vn -0.24466293 -0.17625374 -0.9534541
vn 0.24719663 0.04159298 -0.96807224
vn -0.91315454 -0.08859726 -0.39786842
vn -0.94156766 0.33217463 -0.05577105
vn -0.5690376 -0.82190734 0.025779203
vn -0.98420113 -0.102129616 -0.14462943
vn -0.9073792 0.41440558 0.070221245
vn -0.6011122 0.32634097 0.7294969
vn 0.06775422 0.37173542 0.9258629
vn 0.19761887 0.108715236 0.9742319
vn 0.14224796 -0.040008057 0.9890222
vn 0.077310994 -0.11810587 0.9899869
vn 0.35035455 -0.15657991 0.9234362
vn -0.024480894 -0.093953714 0.99527556
vn 0.002898545 -0.050174467 0.99873626
vn -0.0017527022 -0.07674565 0.99704915
vn -0.020540325 -0.08164176 0.99645007
vn 0.40376246 0.66055703 0.6329615
vn 0.51349974 0.6876469 0.51328325
vn 0.28183505 0.9316329 0.22941051
vn 0.7548982 0.22175801 0.61721313
vn 0.56001014 0.62094104 0.5484714
vn 0.72195655 0.13490821 0.6786593
vn 0.73570126 -0.14140446 0.6623809
vn 0.5335798 0.14028181 0.8340345
vn 0.47788766 -0.21084514 0.8527413
vn 0.33757657 0.73409903 0.58918643
vn 0.6290488 0.23647569 0.7405247
vn 0.12562208 -0.021164937 0.9918524
vn 0.24278502 -0.6938933 0.6779141
vn -0.020199869 -0.87269795 0.48784244
vn 0.19835149 -0.770584 0.6056872
vn -0.6903823 -0.2603941 0.6749572
vn -0.72715986 0.0051823114 0.6864486
vn 0.03957577 -0.64946073 0.75936455
vn -0.025951676 -0.6827409 0.7301995
vn -0.007805349 -0.07243633 0.99734247
vn 0.030220302 -0.50257516 0.86400515
vn -0.0054849875 -0.095137306 0.99544907
vn -0.12984782 -0.17309855 0.9763076
vn -0.02952525 -0.6479094 0.761145
vn -0.026041828 -0.015280831 0.9995441
vn -0.26717007 -0.17568097 0.94750005
vn -0.19734173 0.040768124 0.9794867
vn -0.23717996 0.12788066 0.96301204
vn -0.0901956 0.53959996 0.83707625
vn 0.32903647 0.19866121 0.92318404
vn 0.799461 0.0073416657 0.6006731
vn 0.83649087 -0.061861534 0.54447794
vn 0.75953573 -0.047395468 0.64873654
vn 0.33003458 -0.87713575 0.3488696
vn 0.23523036 -0.92232615 0.30656347
vn 0.53222716 -0.76853585 0.35508707
vn 0.6057791 -0.7257289 0.32611224
vn 0.2141779 -0.9466229 0.24090019
vn 0.032580353 -0.97725296 0.2095595
vn 0.6453821 -0.23585668 0.7265353
vn 0.65946805 -0.7469286 -0.0848501
vn 0.9981755 -0.027368112 -0.053820107
vn -0.07011622 -0.92736775 0.36752242
vn -0.26793173 -0.75736815 0.59548813
vn -0.3059504 -0.16638389 0.93739575
vn 0.43116787 -0.6518997 0.6237957
vn 0.34186852 -0.015789213 0.93961513
vn 0.26331016 0.94852513 0.17597686
vn 0.63549536 0.5117988 -0.57810694
vn 0.9080897 0.30651587 0.2853439
vn 0.6377325 0.7190662 0.27611786
vn 0.9402701 0.25339636 0.22733757
vn 0.7223344 0.46105555 0.515423
vn 0.0044041905 -0.5423882 -0.84011644
vn 0.86386657 0.4958387 0.0887613
vn 0.81052214 0.067414135 0.5818154
vn 0.6140897 0.017786078 0.7890358
vn 0.971062 0.2055382 0.12162495
vn 0.47152084 0.029115198 0.8813742
vn 0.87392455 0.4390702 0.20850237
vn 0.8690162 0.13737457 0.47533053
vn 0.87898415 0.4401537 0.18344381
vn 0.5471317 -0.094071165 0.83174366
vn 0.8855448 0.3749386 0.27428356
vn -0.59128565 0.20445254 0.78011566
vn -0.6851058 0.1742698 0.70729065
vn -0.6968757 0.16277117 0.6984768
vn -0.5953292 0.086170666 0.79884773
vn -0.97943366 0.03972917 0.19781646
vn -0.8067207 -0.23463486 0.54235435
vn -0.6733739 0.092094354 0.73354363
vn -0.72133034 -0.24275242 0.6486554
vn -0.699337 0.10022001 0.70773137
vn -0.8700978 0.04238639 0.4910531
vn -0.75771487 0.0034837076 0.65257645
vn -0.81019354 0.14719906 0.567379
vn -0.27431923 -0.9160687 0.29251856
vn -0.22937262 -0.88068485 0.41446644
vn -0.51899445 -0.401045 0.75485605
vn -0.2067549 -0.9607493 0.18496802
vn -0.66050327 -0.42170298 0.6212101
vn -0.13636112 -0.9841428 0.11344002
vn -0.13136993 -0.9850208 0.1116956
vn 0.37074912 0.884648 0.2827419
vn 0.5685983 0.5600722 0.6025074
vn 0.3377554 0.90466934 0.25979733
vn 0.6369877 0.5337946 0.55615646
vn 0.4435159 0.52580744 0.72582376
vn 0.29589826 0.9202973 0.2559239
vn 0.027628668 0.9083934 0.4172028
vn 0.000009331457 0.30636677 0.95191354
vn -0.68017524 0.19969657 0.7053247
vn 0.22407405 0.015997838 0.9744408
vn 0.2714229 0.9598093 0.07138426
vn 0.9624945 0.021102868 0.2704792
vn 0.7198318 0.66555876 0.19716422
vn 0.9325167 0.33130845 -0.14369194
vn 0.13154428 0.49854663 0.856824
vn -0.35699177 -0.8793258 0.3151872
vn -0.8057821 -0.31096175 0.504002
vn 0.75317985 0.07746814 0.6532372
vn 0.6166443 0.28466323 0.7339732
vn 0.8047953 0.30189455 0.5110423
vn 0.5972705 0.48779958 0.6366471
vn 0.71921706 0.27103972 0.63973767
vn 0.85111105 -0.110524304 0.51321954
vn 0.58690447 -0.11995899 0.8007203
vn 0.52392393 0.18347283 0.83177006
vn 0.876973 0.48050448 -0.0058210287
vn 0.09217231 0.4209121 0.9024064
vn 0.44885534 0.064595826 0.89126664
vn -0.92711455 0.09579726 0.3623278
vn 0.49107426 0.5853003 0.6451896
vn 0.5546923 0.49502292 0.6687815
vn 0.5966933 -0.29395658 0.7466905
vn 0.31880513 -0.62546396 0.71215034
vn 0.6343287 -0.53257763 0.5603465
vn 0.8225483 0.5625767 -0.08319715
vn 0.62516975 0.7682725 0.1375504
vn -0.40278378 -0.08745082 -0.9111079
vn -0.9614752 -0.018153701 -0.27429155
vn -0.96617377 0.10482948 -0.23562488
vn -0.024656218 -0.20463693 -0.97852737
vn 0.38238138 0.03667688 -0.92327636
vn 0.30696967 -0.08220237 -0.9481626
vn 0.23789182 0.048159525 -0.970097
vn -0.19588338 0.051991634 -0.979248
vn -0.34678158 -0.18030499 -0.9204524
vn 0.30146295 0.11536972 -0.94647235
vn -0.95931655 -0.18132083 -0.21641277
vn -0.3151937 -0.5952059 -0.73917717
vn -0.9281804 -0.3316292 -0.1688291
vn 0.52646685 -0.02198064 -0.84991145
vn -0.3872993 -0.026319856 -0.9215783
vn 0.5318838 -0.5889236 -0.6084971
vn 0.73913693 -0.12862056 -0.6611606
vn 0.53002834 -0.15240541 -0.8341718
vn 0.49707693 -0.1257119 -0.8585517
vn 0.32134834 -0.43110406 -0.8431397
vn 0.1518137 -0.838524 -0.52328783
vn 0.64319617 -0.49722898 -0.58229035
vn -0.24783705 -0.9359413 -0.25018138
vn 0.23384729 -0.8408743 -0.48810428
vn 0.16558564 -0.8693862 -0.46556315
vn 0.037403468 -0.85848945 -0.51146543
vn -0.09102745 0.08674802 -0.99206287
vn -0.103953004 -0.79581404 -0.5965516
vn -0.19083317 0.24843335 -0.949665
vn 0.49768248 -0.257801 -0.82816106
vn 0.058349404 0.43244526 -0.8997702
vn 0.102930605 0.090824775 -0.9905333
vn 0.2739775 0.6020269 -0.75
vn 0.3160667 0.61830497 -0.71958375
vn -0.6308926 0.5232424 -0.5728803
vn 0.07750356 0.25820693 -0.9629758
vn -0.6408603 -0.33677405 -0.6898415
vn -0.23247537 -0.14403644 -0.9618777
vn -0.79261076 -0.074752174 -0.6051283
vn -0.66232264 0.12984738 -0.737881
vn 0 0 0
vn 0.071243785 0.5340177 -0.8424663
vn -0.21657278 -0.3127307 -0.92482203
vn 0.012007548 -0.52589244 -0.8504663
vn -0.43027577 -0.19864601 -0.8805694
vn 0.19611967 0.05228875 -0.97918487
vn -0.6078346 -0.45908135 -0.6479054
vn 0.0212857 0.38088796 -0.92437613
vn -0.09344273 0.16039051 -0.98262066
vn -0.004693857 0.51445204 -0.85750633
vn 0.018041445 -0.76014537 -0.6495025
vn 0.1015132 -0.7516757 -0.65167373
vn -0.26579103 0.35389414 -0.8967241
vn 0.15015046 0.3618177 -0.9200776
vn -0.14536242 0.6098012 -0.77910995
vn 0.40053126 0.044769123 -0.9151887
vn 0.021234661 0.40880996 -0.91237247
vn 0.061829504 -0.09693356 -0.9933685
vn 0.018325578 -0.48738995 -0.8729921
vn 0.1800189 -0.5475129 -0.8172043
vn -0.5584169 -0.40035906 -0.7265557
vn 0.018777344 0.4240429 -0.9054474
vn 0.005119167 -0.9698946 -0.24347128
vn 0 0 0
vn -0.17671603 -0.97386557 0.14267908
vn -0.5689351 -0.5710819 -0.59175867
vn -0.54283255 -0.28386572 -0.79041326
vn 0.2899557 -0.31509957 -0.9036802
vn 0.06069571 -0.8605367 -0.5057595
vn -0.76212656 -0.636259 -0.119739376
vn -0.109523036 -0.98735964 -0.11456725
vn -0.31607363 -0.6631822 -0.6784444
vn -0.025532117 -0.65842956 -0.7522091
vn 0.024651354 -0.73895144 -0.67330754
vn 0.017594162 -0.9932108 -0.114990436
vn 0.01368644 -0.7879089 -0.6156397
vn 0.025167491 -0.9969637 -0.07368861
vn -0.02731983 -0.9922238 -0.12143143
vn 0.22126117 -0.6270515 -0.7468935
vn 0.40195042 -0.020158743 -0.9154395
vn 0.3551636 -0.011541515 -0.9347329
vn 0.36421648 -0.9312464 -0.011245194
vn 0.026117919 -0.992505 -0.11938011
vn -0.11093485 -0.67773557 -0.72688925
vn -0.020708136 -0.64440405 -0.7644047
vn -0.000906018 -0.995423 -0.095562786
vn -0.19734275 -0.73210746 -0.65197736
vn 0.18151003 -0.4988553 -0.84746534
vn 0.17987119 -0.02865409 -0.98327273
vn -0.6264617 0.05628271 -0.77741754
vn 0.28703997 -0.06616981 -0.9556305
vn 0.24190919 -0.0935708 -0.9657766
vn -0.038019493 -0.16456467 -0.9856333
vn -0.036281347 -0.0388016 -0.998588
vn 0.02837964 -0.35073027 0.9360464
vn -0.5780345 0.23537703 -0.7813282
vn -0.9974198 0.07134756 0.0079609705
vn -0.83617765 -0.5364688 -0.114053145
vn -0.74106467 0.48241115 -0.46701458
vn -0.6103365 0.28897306 -0.7375527
vn -0.524294 0.23031756 -0.8197985
vn -0.4855355 -0.0405342 -0.8732767
vn -0.73313785 -0.16876675 -0.65880704
vn -0.62914085 0.4321514 -0.64608586
vn -0.7257536 -0.55039126 -0.41273627
vn -0.78718185 -0.5347222 -0.3072734
vn -0.5468745 -0.81937486 -0.17191021
vn -0.9643394 -0.042390518 -0.2612521
vn -0.81022614 0.31573805 -0.4938047
vn -0.50634307 -0.34517068 -0.7902366
vn -0.61202174 -0.29293984 -0.73458534
vn -0.24902776 -0.55297935 -0.79510945
vn -0.40296993 -0.2939566 -0.8667207
vn -0.10521481 0.6378117 -0.7629719
vn -0.58172375 -0.33426693 -0.74152756
vn -0.34818447 0.8044117 -0.48134118
vn 0.13354842 -0.58761793 -0.79804134
vn 0.3839073 -0.5092442 -0.7702503
vn -0.01490101 -0.3008444 -0.95355684
vn 0.13798462 0.7546619 -0.6414403
vn -0.055206463 0.86407435 -0.50032765
vn -0.5089573 0.70089257 -0.49971196
vn 0.22379364 -0.28163558 -0.9330583
vn 0.15314795 0.8828421 -0.44399947
vn -0.44232953 -0.8806299 0.1698103
vn -0.7522777 -0.6324044 0.18477833
vn -0.6616865 -0.54232115 0.51774395
vn -0.86487395 -0.49561962 -0.079713546
vn -0.81230956 -0.36676165 -0.45347446
vn -0.77804166 -0.5524874 -0.29901314
vn -0.8911644 -0.44291747 -0.098234765
vn -0.6254889 0.73201686 -0.27002767
vn -0.74584883 0.66558367 -0.026605438
vn -0.5512403 0.8288206 0.095867544
vn -0.85878235 -0.5094874 0.053995032
vn -0.801127 0.58730745 0.11517582
vn -0.96503145 -0.26165327 0.015870353
vn -0.80947113 -0.51856637 0.27540037
vn -0.6438032 -0.49235964 -0.58574694
vn -0.54422706 0.74465966 -0.38639212
vn -0.6043946 0.7297322 -0.31968418
vn -0.6063732 0.7748021 0.17886677
vn -0.9136305 -0.19455984 0.35696757
vn -0.41906872 0.8244756 0.38029122
vn -0.7542151 -0.43868464 0.48858505
vn -0.781763 -0.5297751 0.32891485
vn -0.78043306 -0.5334592 0.3261067
vn -0.77157885 -0.23176278 0.5924121
vn -0.68819463 -0.37597182 0.6205106
vn -0.91681683 -0.03143746 -0.39806852
vn 0.24567786 0.23963492 0.93926436
vn -0.54012126 0.38284653 0.7494648
vn -0.5115326 -0.4151053 0.7523443
vn -0.9556477 0.25145122 0.15332894
vn -0.7687456 0.5742296 -0.28158587
vn -0.91677654 0.048851866 -0.39640167
vn -0.61106265 0.71581566 -0.33795023
vn -0.8352263 0.51408005 -0.19524033
vn -0.99121374 0.12563038 0.041380554
vn -0.8951943 -0.19666402 -0.399938
vn -0.9078141 -0.23179246 0.34949365
vn -0.9571345 0.10725239 0.26905492
vn -0.9929869 0.009177864 0.11786742
vn -0.8872617 -0.06931903 0.45602804
vn -0.9996064 -0.027918257 -0.0027774868
vn -0.9071384 -0.4208235 0.0027442111
vn -0.99282986 -0.042932395 0.111560084
vn -0.9990411 0.037151627 0.023166088
vn -0.98717564 -0.15734197 0.026977316
vn -0.8218269 0.56972337 0.003986678
vn -0.6182072 0.7838653 0.058095753
vn -0.9993627 0.034270167 0.009984999
vn -0.9953124 0.08990181 -0.035650484
vn -0.5669649 0.8208199 0.06932108
vn -0.88217336 -0.4235567 0.20583946
vn -0.97750807 -0.19990017 0.067215666
vn -0.98967046 -0.083517 0.11652178
vn -0.9998711 -0.00720235 0.014349882
vn -0.9613985 -0.24678771 0.12169143
vn -0.9894595 -0.046787217 -0.13704324
vn -0.99140036 -0.12645166 -0.033693586
vn -0.9967107 -0.027623162 -0.07618854
vn -0.89518243 0.44220126 -0.055735633
vn -0.4364302 0.8997368 0.0015301139
vn -0.8780346 0.46573722 0.11020051
vn -0.9696861 -0.044925075 0.24018872
vn -0.793908 0.6051542 -0.059148166
vn -0.90501076 0.17242189 -0.3888781
vn -0.9742898 -0.1187993 -0.19143179
vn -0.832799 -0.5479951 -0.078403786
vn -0.6030243 -0.79768443 0.0078234915
vn -0.96669436 -0.10370579 -0.23398109
vn -0.33796746 -0.93899214 -0.06381036
vn -0.5446012 -0.81604046 -0.19361705
vn -0.8067207 -0.23463486 0.54235435
vn -0.97943366 0.03972917 0.19781646
vn -0.8827646 0.13401817 0.45029524
vn 0 0 0
vn 0.061829504 -0.09693356 -0.9933685
vn -0.34365156 0.89723665 -0.27725446
vn -0.9465127 -0.25683442 -0.19531977
vn -0.5560869 0.12827457 -0.8211656
vn -0.5526239 -0.5502603 0.6259556
vn -0.9957975 0.017606605 0.08987369
vn 0.352375 -0.2331155 0.9063603
vn 0.45649728 0.8200171 -0.34522775
vn -0.42673934 0.0028775237 -0.90437007
vn -0.8556388 0.47432438 -0.20711994
vn -0.20790781 0.49686903 -0.84255296
vn 0.5283149 0.19266418 0.8269002
vn 0.9490296 0.17286311 -0.26355472
vn 0.8998491 0.39074442 -0.1938824
vn 0.94628257 0.27667674 -0.16732974
vn 0.9325167 0.33130845 -0.14369194
vn 0.7198318 0.66555876 0.19716422
vn 0.4852515 0.15530653 -0.8604713
vn 0.876973 0.48050448 -0.0058210287
vn -0.06843764 -0.20351683 -0.9766766
vn 0.7412741 0.022200562 -0.67083514
vn -0.50874823 0.03017984 -0.8603862
vn 0.17840719 0.7282112 -0.6617245
vn 0.29184642 0.045534246 -0.9553807
vn -0.8057821 -0.31096175 0.504002
vn -0.4609133 0.8868619 0.032169633
vn -0.6318488 0.77105665 -0.07898518
vn 0.064036205 0.9979261 -0.006544272
vn -0.45468608 0.88887924 -0.05616255
vn 0.049765248 0.99557847 0.07966791
vn -0.026329104 0.99954766 -0.014533018
vn -0.37688914 0.8957475 -0.2357775
vn -0.4043849 0.8213413 -0.4023324
vn 0.075950846 0.9970528 0.010824672
vn 0.16128059 0.9834793 0.08220129
vn -0.24928258 0.92699444 -0.2802489
vn -0.018347055 0.99757695 0.06710893
vn 0.008284829 0.99991155 0.0104055675
vn -0.2191168 0.87992936 -0.42155913
vn 0.12580775 0.7583138 -0.6396347
vn -0.19267528 0.81018347 -0.55360544
vn -0.03666929 0.9552065 -0.2936594
vn -0.03082212 0.21887437 -0.9752661
vn 0.18785317 0.9346558 -0.30187708
vn -0.030464176 0.99406236 -0.104460366
vn 0.107775696 0.9937977 -0.027395613
vn -0.06759814 0.98893034 -0.13208799
vn -0.6180117 0.76146907 0.19551566
vn 0.12930536 0.98061734 0.14720647
vn 0.26142827 0.9486671 0.17800546
vn -0.03344859 0.9993814 0.010859657
vn 0.17905538 0.9823642 0.053849686
vn -0.15249541 0.98520577 0.07819655
vn 0.049036924 0.9945015 0.092532165
vn 0.083634 0.99586064 -0.03559409
vn 0.06195963 0.9885175 0.13781893
vn 0.10073176 0.98953766 0.10328762
vn 0.019001482 0.9997773 -0.009177947
vn -0.13840333 0.9698011 0.20082416
vn 0.029001325 0.9977345 -0.06070262
vn 0.0768202 0.98726344 -0.1393182
vn -0.017991541 0.99671674 -0.078943655
vn -0.08768222 0.9953613 -0.0395941
vn 0.09401676 0.7968596 -0.5968045
vn 0.29907185 0.8892713 -0.34605289
vn 0.2619123 0.8910786 -0.37064934
vn 0.30063337 0.86717373 -0.39702561
vn 0.2825142 0.9063792 -0.31410578
vn 0.028417526 0.9995666 -0.007686538
vn -0.029798068 0.9991226 0.02942855
vn -0.051306903 0.9852247 0.1634009
vn -0.0038670707 0.99865407 -0.05172128
vn -0.12580988 0.98760176 -0.093886435
vn -0.0112820305 0.946166 -0.3234852
vn -0.15837102 0.9847495 0.07202134
vn -0.30559662 0.9457573 0.11024413
vn -0.13618393 0.9850231 0.10575198
vn -0.084711805 0.9963397 0.011451699
vn -0.12256134 0.99216646 -0.024174275
vn -0.017296415 0.997377 -0.07028485
vn 0.10543866 0.98616505 -0.12791064
vn -0.3232685 0.94481957 0.05304239
vn 0.03286701 0.9982228 0.049708534
vn 0.034759972 0.99455 -0.09829607
vn -0.01523564 0.998659 0.049477216
vn -0.06908589 0.9920553 0.10513522
vn -0.046187982 0.9986661 -0.023079652
vn -0.0029887373 0.9991901 0.040127605
vn -0.084585965 0.9918459 0.09532527
vn -0.07268585 0.9952326 0.065030046
vn 0.3229497 0.88651264 -0.331359
vn -0.0014384534 0.9972608 0.07395171
vn 0.5300418 0.67348623 -0.5152397
vn 0.37958765 0.85471785 -0.35407707
vn 0.63558435 0.76914847 -0.06665744
vn 0.66611797 0.7457652 -0.01100206
vn 0.22879495 0.9020079 0.3661075
vn 0.18521103 0.910851 0.3688459
vn -0.00128616 0.99946094 0.032805458
vn -0.03531648 0.9954606 -0.08837945
vn -0.18375735 0.96848744 0.16812302
vn -0.36379984 0.92648846 -0.09627491
vn 0.008880421 0.9833753 -0.1813673
vn -0.024894923 0.9318662 -0.3619469
vn 0.052404627 0.9777688 -0.20303208
vn 0.06692486 0.98449886 0.16212064
vn -0.2762128 0.9534784 0.12077033
vn 0.2412048 0.9675523 -0.075251736
vn 0.04793139 0.9984736 0.027443169
vn 0.008337618 0.9759789 0.2177054
vn 0.39454395 0.9152326 0.08175797
vn -0.08883506 0.942347 0.32263058
vn -0.35341486 0.924366 -0.14368516
vn -0.16629001 0.98561203 -0.030275391
vn -0.0937232 0.98038733 -0.17336842
vn -0.050411858 0.9845838 0.1674915
vn 0.085671484 0.9942777 -0.063814364
vn 0.13606194 0.99061316 -0.013142792
vn -0.11816289 0.99269575 0.024344644
vn 0.6299417 0.7663975 -0.12573132
vn 0.8542389 0.5191661 0.02724661
vn 0.86993486 0.47613654 0.12848087
vn 0.35761386 0.88654274 0.29352057
vn 0.33841702 0.90193963 0.26828876
vn 0.362784 0.89358354 0.2643789
vn 0.33719844 0.8695165 0.36088547
vn -0.07857526 0.9881125 -0.13213472
vn -0.08328326 0.9692642 -0.23149678
vn -0.15313038 0.97994787 -0.12748812
vn 0.3839604 0.9118126 0.14550656
vn -0.17908868 0.97877085 -0.099673554
vn -0.18883394 0.9814286 -0.03375882
vn -0.5858989 0.81017935 -0.018218698
vn 0.5498131 0.8311769 0.08276801
vn 0.34677607 0.8495861 0.39742893
vn 0.17196299 0.9748121 0.14202145
vn 0.22583026 0.919111 0.32285544
vn -0.6303922 0.7691737 -0.10477362
vn -0.19672684 0.9427523 0.2692891
vn -0.21557789 0.9004386 0.37780476
vn -0.24087997 0.8860449 0.39610767
vn -0.3330767 0.86683834 0.37101382
vn -0.19359724 0.9676419 0.161831
vn 0.09649106 0.9947413 -0.034339387
vn -0.19819693 0.9661924 0.16489443
vn 0.0899744 0.98870856 -0.11983301
vn 0.10928582 0.97869676 -0.17380795
vn 0.06471054 0.99401796 -0.08798219
vn -0.012070712 0.5655598 0.82461894
vn -0.26311228 0.90056276 0.34606168
vn -0.19028334 0.9638916 0.18629335
vn 0.09839502 0.9890454 -0.110034846
vn -0.017101547 0.9835981 -0.17956126
vn 0.10833679 0.9786354 -0.17474549
vn -0.11395863 0.98963356 -0.087400176
vn 0.17047657 0.9651993 -0.1983131
vn 0.12639841 0.982665 -0.13562068
vn 0.00033836305 0.9999992 -0.0012139652
vn 0.22947626 0.9518442 -0.20330578
vn 0.1720462 0.95902467 -0.22510388
vn -0.04544848 0.7761957 0.6288519
vn -0.4358322 0.867303 0.2404907
vn -0.009319927 0.99995583 -0.0011907833
vn -0.032465227 0.39659122 0.91742104
vn -0.27657166 0.45568797 0.8460831
vn -0.017078785 0.8354624 0.5492822
vn -0.10416867 0.95807624 0.26690593
vn 0.11625967 0.97118413 0.20805049
vn 0.059134074 0.9863338 0.15378156
vn -0.000048273643 0.9999996 -0.000880369
vn -0.9821901 0.12911731 0.1364967
vn -0.24501671 0.74450874 0.6210262
vn 0.011020748 0.6641156 0.74754864
vn 0.12762281 -0.05372753 0.99036646
vn 0.21712148 -0.18719684 0.95802695
vn -0.01711802 0.9783648 0.2061776
vn -0.0002974787 0.99971116 0.024031062
vn -0.91388524 0.094572626 -0.39480355
vn 0.13272828 0.5717136 -0.80964607
vn 0.5277179 0.8458471 0.077823795
vn -0.35652375 0.015241716 -0.9341619
vn -0.97632915 0.055253226 -0.20911357
vn -0.07408227 0.22224088 -0.9721732
vn -0.9744253 0.08907466 -0.20630327
vn 0.3872068 0.9095809 -0.15077634
vn -0.12872535 0.09294309 0.98731524
vn -0.19734275 -0.73210746 -0.65197736
vn -0.6264617 0.05628271 -0.77741754
vn -0.9645518 0.09193187 -0.24736288
vn -0.54283255 -0.28386572 -0.79041326
vn -0.7854804 -0.5931172 -0.17672737
vn -0.024656218 -0.20463693 -0.97852737
vn -0.76212656 -0.636259 -0.119739376
vn -0.3872993 -0.026319856 -0.9215783
vn -0.31607363 -0.6631822 -0.6784444
vn 0.12602088 0.8026545 -0.58297896
vn -0.45412588 0.81330043 -0.3637472
vn -0.09373141 0.9932585 -0.06820554
vn -0.5372973 0.6946565 -0.47829276
vn -0.13069406 0.86770976 -0.4795819
vn -0.61106265 0.71581566 -0.33795023
vn -0.24803616 0.51336247 -0.82154554
vn -0.5595453 0.75323796 -0.34574798
vn -0.017971937 0.9996846 -0.01754408
vn -0.8352263 0.51408005 -0.19524033
vn -0.50751346 0.70093286 -0.501122
vn -0.034853864 0.99901783 -0.02736005
vn -0.17513043 0.9790247 -0.10411499
vn -0.47450417 0.740437 -0.476024
vn -0.43764722 0.7738881 -0.45777953
vn -0.43020838 0.86911386 -0.24405287
vn -0.10521481 0.6378117 -0.7629719
vn 0.12304476 0.8154666 -0.5655743
vn 0.045954037 0.758067 -0.6505557
vn 0.08577705 0.7161308 -0.69267523
vn 0.024864372 0.791569 -0.61057377
vn -0.25659943 0.80451834 -0.535637
vn 0.01379138 0.76615256 -0.6425108
vn 0.16078852 0.607713 -0.7777094
vn -0.61561567 0.68297315 -0.39314756
vn -0.082760915 0.6989638 -0.7103521
vn -0.16622542 0.8856693 -0.43354237
vn -0.5128498 0.67295694 -0.5330235
vn -0.8556388 0.47432438 -0.20711994
vn -0.20790781 0.49686903 -0.84255296
vn -0.38507438 0.77366334 -0.50315285
vn -0.12085441 0.71394783 -0.6896903
vn -0.13106546 0.597892 -0.7907888
vn 0.18844002 0.5867097 -0.7875672
vn -0.058644395 0.818792 -0.5710872
vn 0.03417419 0.7997941 -0.59930086
vn 0.6422772 0.5500089 -0.533826
vn 0.49082732 0.22787462 -0.8409291
vn 0.17484422 0.023072079 -0.98432577
vn -0.3978424 0.8075428 -0.43542627
vn -0.5733697 0.6959936 -0.43225008
vn -0.4500632 0.7702402 -0.4518552
vn -0.559662 0.63876545 -0.52797455
vn -0.027479498 0.029461559 -0.9991881
vn 0.16377309 0.35156646 -0.9217263
vn -0.008154882 -0.14995357 -0.9886594
vn -0.08344736 -0.07389242 -0.9937688
vn -0.030831957 -0.005054515 -0.9995118
vn 0.031493865 0.14485209 -0.988952
vn 0.053574476 -0.156224 -0.9862676
vn -0.13852783 0.2768347 -0.95087993
vn 0.058993988 0.01344466 -0.9981678
vn 0.0570981 -0.15771541 -0.98583245
vn 0.07125134 -0.16403756 -0.9838775
vn 0.043408845 0.08592346 -0.9953556
vn 0.3052913 0.24993736 -0.91887355
vn 0.19485477 0.27501112 -0.94148844
vn 0.0619373 -0.68024933 -0.7303592
vn -0.025523616 -0.7579651 -0.65179557
vn 0.06725935 -0.81511533 -0.57538086
vn 0.22903848 0.7727315 -0.59196913
vn 0.28144974 0.9163454 -0.28477567
vn 0.6923013 0.2819183 -0.66425973
vn 0.6851123 0.37123302 -0.6267433
vn 0.092430584 0.3524781 -0.9312442
vn 0.69617516 -0.04370828 -0.71654016
vn -0.32731226 0.24187574 -0.9134346
vn -0.2575423 -0.04884476 -0.9650317
vn -0.2812918 0.025824023 -0.95927477
vn -0.12326886 -0.89646715 -0.4256189
vn -0.28142884 0.1137629 -0.9528147
vn -0.30402485 -0.06856614 -0.95019346
vn -0.07222023 0.10262264 -0.9920952
vn -0.083686754 -0.727411 -0.6810799
vn -0.017307533 0.08091291 -0.9965709
vn -0.04430011 -0.8087329 -0.58650535
vn 0.24515392 -0.9037859 -0.35081422
vn -0.60006416 0.32420602 -0.7313094
vn -0.6422853 0.16422871 -0.7486645
vn -0.7687456 0.5742296 -0.28158587
vn -0.91677654 0.048851866 -0.39640167
vn -0.6755827 0.18273467 -0.71428007
vn -0.6680793 0.16807383 -0.7248595
vn -0.7134132 0.13597195 -0.6874251
vn -0.65885985 0.050541002 -0.75056595
vn -0.6444583 -0.2822795 -0.71062773
vn -0.5361556 0.030622842 -0.84356356
vn -0.4712301 -0.19097206 -0.8610876
vn -0.8951943 -0.19666402 -0.399938
vn -0.47797564 -0.85445935 -0.20356452
vn -0.4282749 0.51567703 -0.7420632
vn -0.6767964 0.25929368 -0.68899447
vn -0.9163711 -0.100837715 -0.38742188
vn -0.9368446 0.2682846 -0.22437835
vn -0.70116967 0.18418255 -0.6887945
vn -0.7087325 -0.21766129 -0.6710602
vn -0.6353822 -0.34012783 -0.693255
vn -0.3272453 -0.8950332 -0.30302817
vn -0.12573284 -0.9763582 -0.1758294
vn -0.2270183 -0.85783625 -0.46106362
vn -0.5135926 -0.787323 -0.34109402
vn -0.4352323 -0.88557017 -0.16229086
vn -0.2447235 -0.9295132 -0.27589044
vn -0.6643132 0.034932222 -0.74663764
vn 0.25496227 0.28203738 -0.92490494
vn -0.9078141 -0.23179246 0.34949365
vn -0.8872617 -0.06931903 0.45602804
vn -0.9571345 0.10725239 0.26905492
vn -0.38121495 -0.9030463 0.19794568
vn -0.88217336 -0.4235567 0.20583946
vn -0.47225678 -0.87092936 0.13585147
vn -0.3229078 -0.94608825 0.025448121
vn -0.9071384 -0.4208235 0.0027442111
vn 0.16132037 0.3978269 -0.90316635
vn 0.42850947 0.015809078 -0.903399
vn 0.10115988 -0.30427614 -0.9471973
vn 0.03926543 -0.40242586 -0.9146101
vn -0.49567983 0.0802694 0.864788
vn -0.18823794 0.97614515 -0.10819963
vn -0.7767101 0.62956184 -0.019319953
vn -0.5001204 0.86579275 -0.016806329
vn -0.63907444 0.76914394 -0.0012025953
vn -0.6254889 0.73201686 -0.27002767
vn -0.74584883 0.66558367 -0.026605438
vn -0.5512403 0.8288206 0.095867544
vn -0.6043946 0.7297322 -0.31968418
vn -0.54422706 0.74465966 -0.38639212
vn -0.5546513 0.83085144 0.04525258
vn -0.5006839 0.86426 0.04868575
vn -0.801127 0.58730745 0.11517582
vn -0.6063732 0.7748021 0.17886677
vn -0.328186 0.9319677 0.1540461
vn 0.80533785 0.47854924 -0.349888
vn -0.41063493 0.44742656 0.79447365
vn -0.5491959 0.6888143 0.47320053
vn -0.41906872 0.8244756 0.38029122
vn -0.5538208 0.63599676 0.53739244
vn -0.21061285 0.9687575 0.13096218
vn -0.5587866 0.7648449 0.32057744
vn -0.54012126 0.38284653 0.7494648
vn -0.77157885 -0.23176278 0.5924121
vn -0.030842971 0.99319565 0.11229924
vn -0.39291745 0.47324097 0.78845346
vn 0.0910209 0.99168456 0.090977445
vn 0.29965284 0.9217785 0.24603374
vn -0.080436215 0.88996047 0.44888797
vn 0.40742338 0.32229108 0.8544792
vn -0.031067949 0.94932437 0.3127587
vn -0.104527794 0.5748992 0.8115201
vn -0.16408056 0.6515491 0.7406493
vn 0.024699071 0.95555013 0.2937922
vn -0.34818447 0.8044117 -0.48134118
vn -0.5089573 0.70089257 -0.49971196
vn -0.023525037 0.7180459 0.69559807
vn -0.060011875 0.7239934 0.6871914
vn 0.026679875 0.5874275 0.80883694
vn 0.031922612 0.7164275 0.6969308
vn -0.0029217836 0.94849664 0.31677368
vn -0.2821265 0.5696137 0.7719746
vn -0.009451417 0.5567493 0.8306268
vn 0.04902974 0.9985917 0.020264404
vn 0.010680538 0.3626366 0.93186945
vn -0.7730543 0.6189542 0.13886225
vn 0.63549536 0.5117988 -0.57810694
vn 0.6377325 0.7190662 0.27611786
vn 0.2907569 0.89302695 0.34345788
vn 0.2971933 0.8937782 0.33591175
vn 0.49205086 0.454082 0.742762
vn 0.33622974 0.18270598 0.9238875
vn 0.5537281 0.49957737 0.6661889
vn 0.370253 0.88349086 0.2869785
vn 0.6369877 0.5337946 0.55615646
vn 0.675948 0.21326236 0.70541716
vn 0.5685983 0.5600722 0.6025074
vn 0.4435159 0.52580744 0.72582376
vn 0.2714229 0.9598093 0.07138426
vn -0.71197563 0.49685574 -0.49621075
vn -0.9366783 0.03226946 0.34870115
vn -0.5771412 0.13274033 0.8057841
vn 0.11803099 0.40031812 0.90874314
vn -0.08662999 0.8956386 0.43626463
vn -0.3413005 0.731092 0.5907779
vn -0.5887474 0.1606801 0.79218584
vn 0.25574794 0.65523815 0.7108136
vn 0.6140897 0.017786078 0.7890358
vn -0.6788214 0.3246638 0.65863115
vn 0.81052214 0.067414135 0.5818154
vn 0.7223344 0.46105555 0.515423
vn -0.52862996 -0.5792733 0.6204779
vn 0.40742338 0.32229108 0.8544792
vn -0.023525037 0.7180459 0.69559807
vn 0.4867269 0.38623422 0.7835305
vn 0.11656298 0.92169917 0.369978
vn 0.95766985 0.22016165 -0.18546511
vn 0.45649728 0.8200171 -0.34522775
vn 0.8596111 0.4460513 0.24921277
vn -0.5560869 0.12827457 -0.8211656
vn -0.42673934 0.0028775237 -0.90437007
vn 0.9693028 0.0022038089 -0.2458603
vn -0.20790781 0.49686903 -0.84255296
vn 0.5742105 0.8032735 -0.15822117
vn 0.0070193564 0.1931354 0.981147
vn -0.08791619 0.2859244 0.95421064
vn 0.03001911 0.026551617 0.9991966
vn -0.090347275 0.23308796 0.9682496
vn -0.5771412 0.13274033 0.8057841
vn 0.80533785 0.47854924 -0.349888
vn 0.46916804 -0.018889701 0.88290685
vn 0.8464828 0.0836334 0.52580637
vn -0.4855355 -0.0405342 -0.8732767
vn -0.5468745 -0.81937486 -0.17191021
vn 0.25050223 -0.52179176 0.81546426
vn 0.80114377 -0.45040798 -0.3940829
vn 0.8382201 -0.14787571 -0.52489984
vn 0.08528451 -0.06158628 0.99445146
vn 0.9999203 -0.012564193 0.0012236959
vn -0.49567983 0.0802694 0.864788
vn 0.6422772 0.5500089 -0.533826
vn -0.07157252 0.15474334 0.9853588
vn 0.14429086 -0.17040849 0.97475183
vn 0.03001911 0.026551617 0.9991966
vn 0.0014434233 0.5750713 0.81810206
vn -0.68017524 0.19969657 0.7053247
vn -0.50874823 0.03017984 -0.8603862
vn 0.17840719 0.7282112 -0.6617245
vn -0.06843764 -0.20351683 -0.9766766
vn -0.92711455 0.09579726 0.3623278
vn -0.8057821 -0.31096175 0.504002
vn 0.19611967 0.05228875 -0.97918487
vn -0.004693857 0.51445204 -0.85750633
vn 0.0212857 0.38088796 -0.92437613
vn 0.061829504 -0.09693356 -0.9933685
vn 0.3839073 -0.5092442 -0.7702503
vn 0.1800189 -0.5475129 -0.8172043
vn 0.0005118336 -0.5836733 -0.8119884
vn -0.02901646 -0.7628247 -0.64595395
vn 0.59882516 0.44195235 -0.6678971
vn 0.7831011 -0.57144386 -0.24536626
vn 0.7432941 0.32338735 -0.5856061
vn 0.71663314 0.33640704 -0.610956
vn 0.018777344 0.4240429 -0.9054474
vn 0.7767299 -0.29526988 -0.55633295
vn 0.6059451 0.7641986 -0.22097743
vn 0.5636664 0.72949684 -0.3874462
vn 0.8035849 -0.50714236 -0.31154132
vn 0.54511493 0.64840764 -0.53142947
vn 0.65244776 -0.43644688 -0.61953694
vn 0.51582354 -0.47858837 -0.7105486
vn 0.59047 -0.5721679 -0.5691828
vn 0.7024742 -0.4374975 -0.56136084
vn 0.5545218 -0.26937792 -0.7873634
vn 0.3703721 -0.44083765 -0.8176104
vn 0.6789081 0.3531675 -0.6437053
vn 0.5837161 0.48855904 -0.6485257
vn 0.7123867 0.43470496 -0.55094165
vn 0.5774677 0.61031884 -0.5422564
vn 0.491194 0.48626554 -0.72268546
vn 0.6881647 0.3204601 -0.650949
vn 0.9255373 -0.25234833 0.28231376
vn 0.78486997 0.28147724 -0.5520414
vn 0.8484325 -0.46563423 0.25168845
vn 0.89261484 0.33463946 -0.30208468
vn 0.96204513 0.06840135 -0.26417878
vn 0.9316978 0.3605015 0.044473447
vn 0.95609266 -0.21755598 0.1963575
vn 0.6600332 0.50022626 -0.56047285
vn 0.89961493 -0.0019689563 -0.43667957
vn 0.68658537 -0.59678406 -0.41527012
vn 0.5062653 0.015796449 -0.8622331
vn 0.22379364 -0.28163558 -0.9330583
vn 0.44015864 -0.6468744 -0.622747
vn 0.83122414 -0.5505542 -0.0771781
vn 0.8029238 -0.026761737 -0.5954807
vn -0.0012513184 0.01836126 -0.99983066
vn 0.022323392 -0.07794355 -0.9967078
vn -0.26361528 -0.13297349 -0.95541877
vn -0.4459558 -0.044497922 -0.8939482
vn -0.4822341 -0.3050648 -0.8212099
vn 0.76581526 -0.20615387 -0.6091203
vn 0.06967682 -0.6213552 -0.7804248
vn 0.5579906 -0.6813167 -0.4737658
vn 0.3551636 -0.011541515 -0.9347329
vn -0.5584169 -0.40035906 -0.7265557
vn 0.36421648 -0.9312464 -0.011245194
vn -0.32051852 -0.5415444 -0.7771728
vn 0.9120556 0.39432478 -0.11252805
vn -0.6078346 -0.45908135 -0.6479054
vn -0.18507394 -0.85481924 -0.4848007
vn -0.17169602 -0.9269151 -0.3336898
vn 0.26346272 -0.9632013 0.053204518
vn 0.2828479 -0.95473623 -0.09206423
vn 0.9983761 -0.022673184 0.052260697
vn 0.81635237 -0.5732897 0.070055224
vn 0.8490734 -0.51403356 -0.12183525
vn 0.9326756 -0.11724022 0.34113193
vn 0.8536078 -0.40308234 -0.32996726
vn 0 0 0
vn 0.99193716 -0.1258703 0.01474064
vn 0.87508136 -0.21732795 0.4324363
vn 0.66787666 -0.16781084 0.7251071
vn 0.71571755 -0.3231952 0.6191068
vn 0.28100967 -0.9594767 -0.02092886
vn 0.69092417 -0.5478785 0.47164914
vn 0.6048171 -0.55282956 0.5732153
vn 0.86371034 -0.48230642 0.14623591
vn -0.028023966 -0.47246212 -0.88090533
vn 0.0041081966 -0.7496949 -0.6617709
vn -0.18489316 -0.78560925 -0.5904512
vn -0.20530121 -0.9753319 -0.08111174
vn -0.5055841 -0.86247736 -0.022748493
vn -0.4758481 -0.8425258 -0.25242603
vn 0.09093034 -0.4358375 -0.8954202
vn 0.05930744 -0.47894847 -0.8758373
vn 0.07427716 -0.70381725 -0.70648724
vn -0.036472626 -0.7500779 -0.660343
vn 0.022118982 -0.90766364 -0.41911513
vn -0.19734275 -0.73210746 -0.65197736
vn -0.025007261 -0.9001021 -0.43496078
vn -0.029341398 -0.9902653 -0.13606519
vn -0.2208017 -0.921699 -0.318932
vn -0.40278378 -0.08745082 -0.9111079
vn 0.080123186 -0.9082495 -0.41068617
vn -0.4750468 -0.8798259 0.0153931575
vn -0.1544755 -0.42087057 -0.89387095
vn -0.058189485 -0.55160594 -0.8320726
vn 0.025414072 -0.8041101 -0.5939369
vn 0.009423023 -0.82863855 -0.55970466
vn 0.18151003 -0.4988553 -0.84746534
vn 0.09619753 -0.6482131 -0.75535804
vn 0.17987119 -0.02865409 -0.98327273
vn -0.7854804 -0.5931172 -0.17672737
vn -0.024656218 -0.20463693 -0.97852737
vn 0.30696967 -0.08220237 -0.9481626
vn 0.13268441 -0.3778266 -0.9163198
vn 0.31946927 -0.3221285 -0.89116365
vn 0.16709805 -0.6986333 -0.6956937
vn 0.11750373 -0.51593053 -0.8485332
vn -0.06095088 -0.714722 -0.6967478
vn -0.2742893 -0.52127457 -0.8081078
vn -0.008984509 -0.17343578 -0.9848042
vn 0.24190919 -0.0935708 -0.9657766
vn 0.28703997 -0.06616981 -0.9556305
vn -0.095761746 -0.52506673 -0.84565634
vn 0.0060281274 -0.7781088 -0.62810063
vn 0.0017346826 -0.81100357 -0.5850386
vn -0.12685554 -0.8086406 -0.5744633
vn 0.008006417 -0.5527947 -0.833279
vn -0.09529537 -0.53056884 -0.84226805
vn -0.16352358 -0.087339915 -0.98266566
vn -0.005215087 -0.644029 -0.7649833
vn -0.1005969 -0.110995404 -0.9887165
vn -0.11093485 -0.67773557 -0.72688925
vn 0.019329136 -0.11195928 -0.9935248
vn -0.020708136 -0.64440405 -0.7644047
vn 0.0051708743 -0.07675783 -0.99703634
vn 0.014222897 -0.13384758 -0.99089986
vn -0.059061058 -0.030744892 -0.9977808
vn 0.023177939 -0.124613255 -0.99193466
vn -0.11427437 -0.053655934 -0.9919992
vn -0.0068581467 -0.082586706 -0.9965603
vn -0.53532934 0.7854354 0.3106666
vn -0.065873384 0.052325062 -0.99645513
vn -0.0029106801 -0.079127766 -0.9968602
vn -0.027359435 0.06720096 -0.9973643
vn 0.024651354 -0.73895144 -0.67330754
vn -0.025532117 -0.65842956 -0.7522091
vn -0.036281347 -0.0388016 -0.998588
vn -0.10892358 -0.67124116 -0.7331923
vn 0.06171885 -0.62732553 -0.7763076
vn -0.5604466 -0.52235824 -0.642683
vn 0.046435636 -0.73392093 -0.6776458
vn 0.0861686 -0.6215454 -0.77862465
vn -0.013131962 -0.54117334 -0.8408085
vn -0.0061067604 -0.8239253 -0.5666655
vn 0.40195042 -0.020158743 -0.9154395
vn 0.22126117 -0.6270515 -0.7468935
vn -0.1867626 -0.26889473 -0.94488907
vn -0.8864473 -0.45400313 -0.08995766
vn -0.42061517 -0.90351635 -0.08210418
vn -0.96617377 0.10482948 -0.23562488
vn 0.91366833 0.08115137 -0.39827707
vn 0.84569716 0.52542174 -0.093425155
vn 0.032666963 -0.9713776 -0.23528376
vn 0.0044041905 -0.5423882 -0.84011644
vn -0.9366783 0.03226946 0.34870115
vn -0.6788214 0.3246638 0.65863115
vn 0.63549536 0.5117988 -0.57810694
vn -0.52862996 -0.5792733 0.6204779
vn -0.57551026 -0.7084975 -0.4084351
vn -0.8686421 0.12315029 -0.47989053
vn -0.9232405 -0.03865114 0.38227358
vn 0.151334 -0.5754872 0.8036868
vn 0.50295913 0.040489487 0.8633613
vn 0.32118997 0.055271126 0.9454005
vn 0.44780165 0.061180953 0.89203733
vn 0.3502059 -0.13473229 0.92693204
vn 0.6298831 0.09205212 0.77121574
vn -0.57578194 -0.02406159 0.8172492
vn 0.4160292 -0.030826181 0.9088286
vn 0.13532886 0.34128758 0.93016607
vn -0.00040689015 0.26865515 0.96323633
vn -0.823298 0.19597526 0.5327046
vn -0.49768478 -0.15073386 0.8541599
vn -0.21375419 -0.29725975 0.9305621
vn 0.1075862 -0.22397864 0.9686376
vn 0.13773571 0.02772635 0.9900809
vn -0.15544654 0.24851961 0.9560724
vn -0.6488858 0.7495599 0.13079439
vn -0.10019358 0.2130284 0.97189516
vn -0.15816867 -0.42511362 0.89121324
vn 0.18254578 0.41078135 0.89327246
vn -0.050605666 0.17607597 0.9830749
vn 0.007995201 -0.34779915 0.937535
vn -0.35713378 -0.21658038 0.90859693
vn 0.010491752 -0.24247731 0.97010034
vn 0.6600332 0.50022626 -0.56047285
vn 0.6881647 0.3204601 -0.650949
vn 0.9316978 0.3605015 0.044473447
vn 0.9869082 0.1469949 -0.066368185
vn 0.81719846 0.56264764 0.12495736
vn 0.89961493 -0.0019689563 -0.43667957
vn 0.7839042 -0.60747033 -0.12835105
vn 0.68658537 -0.59678406 -0.41527012
vn 0.8035849 -0.50714236 -0.31154132
vn 0.9315964 -0.27414146 0.23869346
vn 0.88834524 -0.41214547 -0.20243242
vn 0.89278007 -0.43114692 0.13059908
vn 0.8892432 0.4507312 -0.07802523
vn 0.87873554 -0.46182165 -0.12060091
vn 0.7410554 0.65459883 0.14945649
vn 0.99497133 -0.02414762 0.09720591
vn 0.9891809 0.11559771 -0.09032332
vn 0.8410619 -0.4927273 0.22323689
vn 0.8056212 -0.54841363 0.22409138
vn 0.75167024 0.6222267 0.21869102
vn 0.8165592 -0.49188027 0.30213392
vn 0.80522865 0.48569945 0.3401513
vn 0.5716999 -0.6271382 0.52901506
vn 0.7816697 -0.43678328 0.44521108
vn 0.675948 0.21326236 0.70541716
vn 0.6343287 -0.53257763 0.5603465
vn 0.9490296 0.17286311 -0.26355472
vn 0.8404976 0.53721035 -0.070489936
vn 0.8998491 0.39074442 -0.1938824
vn 0.94628257 0.27667674 -0.16732974
vn 0.6208263 -0.78331643 -0.031465612
vn 0.9325167 0.33130845 -0.14369194
vn 0.95609266 -0.21755598 0.1963575
vn 0.7344091 -0.6762528 -0.057666752
vn 0.96023273 0.26622546 -0.08412578
vn 0.8628485 0.3227934 0.3889689
vn 0.41618165 -0.907415 -0.058231782
vn 0.9428453 -0.3210821 0.089157306
vn 0.9624945 0.021102868 0.2704792
vn 0.23054439 -0.97230834 0.038286243
vn 0.63982666 -0.5806993 -0.5033986
vn 0.96382135 -0.03740904 -0.26391098
vn 0.6892041 -0.3604415 -0.6285536
vn 0.8047953 0.30189455 0.5110423
vn 0.75317985 0.07746814 0.6532372
vn 0.71921706 0.27103972 0.63973767
vn -0.8057821 -0.31096175 0.504002
vn -0.35699177 -0.8793258 0.3151872
vn 0.6181329 0.7623534 -0.19164817
vn 0.6059451 0.7641986 -0.22097743
vn 0.8536078 -0.40308234 -0.32996726
vn 0.50015795 -0.8580607 -0.1165067
vn 0.28100967 -0.9594767 -0.02092886
vn 0.9047348 -0.014679638 -0.4257223
vn 0.22529773 -0.9740461 0.0217965
vn 0.7400447 -0.6573736 0.14210473
vn 0.8484325 -0.46563423 0.25168845
vn 0.96204513 0.06840135 -0.26417878
vn 0.1456251 -0.9888647 -0.030657485
vn 0.5306929 -0.8475607 0.0024345322
vn 0.14602444 -0.98915863 0.015558852
vn 0.1593642 -0.9869214 -0.024271378
vn 0.26942715 -0.9629726 0.009631769
vn 0.8540685 -0.51829886 0.043968998
vn 0.25388312 -0.96660393 -0.034931883
vn 0.21004297 -0.93737906 -0.27785328
vn 0.36931857 -0.7134283 0.595503
vn 0.53480375 -0.83410376 0.13511428
vn 0.9496854 -0.20684572 -0.23518604
vn 0.8173837 -0.5757156 -0.020867685
vn 0.9554978 -0.29344037 0.030276254
vn 0.8397781 -0.54181254 -0.034812283
vn 0.51141226 0.043777775 0.8582197
vn -0.44972375 -0.41239682 0.79226094
vn -0.39291745 0.47324097 0.78845346
vn -0.16408056 0.6515491 0.7406493
vn -0.54012126 0.38284653 0.7494648
vn -0.1459144 -0.5353196 0.83195066
vn 0.010680538 0.3626366 0.93186945
vn -0.26440033 -0.5482026 0.7934522
vn -0.06294065 -0.58961457 0.80522865
vn -0.80031514 -0.26604295 0.5373238
vn -0.17255078 0.3882974 0.9052355
vn -0.5115326 -0.4151053 0.7523443
vn -0.67494905 0.042847853 0.7366192
vn -0.009451417 0.5567493 0.8306268
vn 0.20471346 -0.49709788 0.8431999
vn 0.33622974 0.18270598 0.9238875
vn 0.07315272 -0.23978128 0.96806693
vn 0.23173285 -0.4271376 0.873987
vn -0.03163052 -0.31369257 0.9489976
vn 0.00013436498 0.4882036 0.8727298
vn 0.9084843 -0.22281365 0.35356805
vn 0.5537281 0.49957737 0.6661889
vn 0.39245892 -0.48291695 0.7827945
vn 0.49205086 0.454082 0.742762
vn 0.73790616 -0.37995064 0.55779207
vn 0.48931545 -0.6463285 0.58551675
vn 0.31880513 -0.62546396 0.71215034
vn 0.5966933 -0.29395658 0.7466905
vn 0.4535124 -0.36272994 0.81409675
vn -0.52862996 -0.5792733 0.6204779
vn -0.6254044 0.5106199 0.5900311
vn 0.10649886 0.63657564 0.76382554
vn 0.9402701 0.25339636 0.22733757
vn 0.0044041905 -0.5423882 -0.84011644
vn 0.12304476 0.8154666 -0.5655743
vn -0.10521481 0.6378117 -0.7629719
vn -0.055206463 0.86407435 -0.50032765
vn 0.045954037 0.758067 -0.6505557
vn 0.13798462 0.7546619 -0.6414403
vn -0.8556388 0.47432438 -0.20711994
vn -0.13106546 0.597892 -0.7907888
vn 0.019829465 0.9990343 -0.039207835
vn 0.03417419 0.7997941 -0.59930086
vn 0.2877503 0.9205479 -0.26418036
vn 0.15314795 0.8828421 -0.44399947
vn 0.9189386 0.3820859 0.09778686
vn 0.52618456 0.41124865 -0.7443147
vn 0.35973802 0.86940855 -0.3386995
vn 0.5742105 0.8032735 -0.15822117
vn 0.18844002 0.5867097 -0.7875672
vn -0.20790781 0.49686903 -0.84255296
vn 0.22903848 0.7727315 -0.59196913
vn 0.370253 0.88349086 0.2869785
vn 0.6523964 0.755162 0.0641036
vn 0.64869225 0.7577391 -0.07092125
vn 0.61875325 0.7770182 -0.115703
vn 0.5277179 0.8458471 0.077823795
vn 0.31464034 0.9340372 -0.16904429
vn 0.9329459 0.19092344 0.3052215
vn 0.58999014 0.7612213 0.2691723
vn 0.13272828 0.5717136 -0.80964607
vn 0.40765777 0.8309494 -0.37860033
vn 0.44973022 0.7428861 -0.4958457
vn 0.5636664 0.72949684 -0.3874462
vn 0.54511493 0.64840764 -0.53142947
vn 0.40854415 0.8987271 0.15931487
vn 0.2714229 0.9598093 0.07138426
vn 0.56983566 0.82122624 0.029577397
vn 0.667418 0.6867873 -0.2878827
vn 0.9133638 0.39338267 -0.10496006
vn 0.65102935 0.6368641 -0.412995
vn 0.65560657 0.29316184 -0.6958708
vn 0.17096455 0.9677646 -0.18493976
vn 0.53061736 0.7226504 -0.44296902
vn 0.011498282 0.999842 -0.013555551
vn 0.22771323 0.9415276 -0.24833947
vn 0.42471805 0.7897209 -0.4426686
vn 0.63186073 0.64216995 -0.43401584
vn 0.4317141 0.8239475 -0.3670606
vn 0.09597078 0.9820144 -0.1625954
vn 0.5062653 0.015796449 -0.8622331
vn 0.22379364 -0.28163558 -0.9330583
vn 0.28144974 0.9163454 -0.28477567
vn 0.66117185 0.14990821 -0.735105
vn 0.82635087 0.54694587 0.13414349
vn 0.5283149 0.19266418 0.8269002
vn 0.4568142 0.38088793 0.80389374
vn 0.352375 -0.2331155 0.9063603
vn 0.8596111 0.4460513 0.24921277
vn 0.95766985 0.22016165 -0.18546511
vn 0.9693028 0.0022038089 -0.2458603
vn -0.34365156 0.89723665 -0.27725446
vn 0.45649728 0.8200171 -0.34522775
vn 0.061829504 -0.09693356 -0.9933685
vn 0.5680393 0.8187858 -0.08319332
vn 0.5190172 0.84057313 -0.15510613
vn 0.47874764 0.87691396 -0.042691577
vn 0.65806973 0.75185716 -0.040681645
vn 0.6216035 0.78329754 -0.0073550064
vn 0.547661 0.8358758 0.037135407
vn 0.97858125 -0.20566867 0.008893913
vn 0.5239292 0.85067475 0.04301933
vn 0.6503765 0.7595931 0.005356411
vn -0.68017524 0.19969657 0.7053247
vn 0.17840719 0.7282112 -0.6617245
vn 0.40598878 0.9044664 0.13081935
vn -0.35652375 0.015241716 -0.9341619
vn -0.07408227 0.22224088 -0.9721732
vn 0.9111616 0.1610413 0.37927598
vn 0.3872068 0.9095809 -0.15077634
vn 0.52375853 -0.10361914 0.8455413
vn 0.51783615 -0.31961787 0.79353017
vn 0.78658414 -0.12722528 0.60423434
vn -0.49344993 -0.67515343 0.5483384
vn 0.71854436 -0.11136755 -0.6865065
vn 0.8032264 -0.50305235 0.31900728
vn 0.9166068 -0.32935703 -0.22661857
vn -0.23912497 -0.18997122 -0.95222384
vn 0.67445266 -0.1843377 -0.7149358
vn -0.6892805 -0.33883932 -0.6403751
vn 0.6151484 -0.34285003 0.7099622
vn 0.17000724 0.6886713 0.7048613
vn 0.39278075 0.10988587 0.9130435
vn 0.26631874 -0.04011702 0.9630498
vn -0.91388524 0.094572626 -0.39480355
vn -0.97632915 0.055253226 -0.20911357
vn -0.9744253 0.08907466 -0.20630327
vn 0.2855359 0.034692705 0.9577399
vn -0.12872535 0.09294309 0.98731524
vn 0.5449367 -0.7103585 -0.4454602
vn 0.85111105 -0.110524304 0.51321954
vn 0.19252811 -0.06936848 -0.97883654
vn 0.646311 -0.41572216 -0.6398884
vn 0.26021144 -0.82882017 -0.49532533
vn -0.30024225 -0.9536655 -0.019409
vn -0.29528573 -0.90976703 0.29177105
vn 0.58690447 -0.11995899 0.8007203
vn 0.8494213 -0.045925077 -0.52571315
vn 0.72839665 -0.17917058 -0.661314
vn 0.8924434 -0.094184816 -0.44121873
vn 0.9994775 -0.0017014805 -0.03227805
vn 0.6801918 -0.5244697 -0.5121237
vn 0.91242445 -0.40629914 -0.04901604
vn 0.5223026 -0.7840012 -0.33547294
vn 0.62256163 -0.67073566 -0.403151
vn 0.5082945 -0.72836304 0.4594822
vn 0.4874567 -0.16960236 0.8565168
vn 0.07935329 -0.64580727 0.7593655
vn -0.09973731 -0.8894944 0.44592848
vn 0.28253177 -0.9422582 0.17979255
vn 0.6892387 0.046121232 0.72306484
vn 0.996763 -0.08039155 0.00083851756
vn 0.6014512 0.01141372 0.798828
vn 0.9908561 -0.0902886 -0.10026061
vn 0.2346253 -0.9638774 0.12606096
vn 0.53529656 -0.84051037 0.08366565
vn 0.71663314 0.33640704 -0.610956
vn -0.08375725 0.27847302 0.95678496
vn 0.09865933 -0.23166585 0.9677796
vn -0.6171165 0.19132088 0.76325846
vn 0.2968541 -0.27674463 0.91394204
vn 0.0450981 -0.8154326 0.5770925
vn -0.49141356 -0.24796417 0.8348811
vn -0.36067894 -0.51586825 0.7770397
vn 0.58690447 -0.11995899 0.8007203
vn -0.30024225 -0.9536655 -0.019409
vn 0.5471317 -0.094071165 0.83174366
vn -0.29528573 -0.90976703 0.29177105
vn -0.7361811 -0.4000096 0.54592097
vn -0.57914126 -0.48241386 0.6571699
vn -0.5317575 -0.04477587 0.8457122
vn -0.18341325 -0.5945741 0.78284174
vn 0.47152084 0.029115198 0.8813742
vn -0.012971656 0.2910425 0.9566222
vn 0.0821816 -0.7223408 0.6866367
vn 0.089952715 0.73465174 0.6724547
vn -0.4547928 0.1965918 0.8686283
vn 0.87392455 0.4390702 0.20850237
vn -0.1781599 -0.05632823 0.982388
vn -0.07824417 0.3300386 0.94071907
vn 0.14995104 0.13349874 0.9796391
vn -0.04210563 0.15623687 0.9868218
vn -0.045615837 -0.79901797 0.5995744
vn 0.016917007 -0.50265884 0.8643193
vn -0.12703967 -0.9867458 0.10096364
vn -0.08164363 -0.56619954 0.82021487
vn 0.050694417 0.21251956 0.9758409
vn 0.21813044 0.35895586 0.9075075
vn 0.13859035 0.54271173 0.82840616
vn 0.62516975 0.7682725 0.1375504
vn -0.0002206746 -0.39828545 0.9172615
vn 0.38305366 -0.34184557 0.8581442
vn -0.4608818 -0.3972161 0.793604
vn -0.6833923 0.16717802 0.7106522
vn -0.42612785 -0.90431523 -0.025080035
vn -0.0066487393 0.49166965 0.8707564
vn 0.17000724 0.6886713 0.7048613
vn 0.49678656 0.3164803 0.80811095
vn 0.8225483 0.5625767 -0.08319715
vn -0.62469697 0.49302188 0.6055437
vn -0.41942215 0.18025133 0.88971597
vn 0.23173285 -0.4271376 0.873987
vn -0.52862996 -0.5792733 0.6204779
vn -0.6254044 0.5106199 0.5900311
vn 0.7223344 0.46105555 0.515423
vn 0.86386657 0.4958387 0.0887613
vn -0.5881319 0.41921437 0.6916359
vn -0.35658365 0.51410556 0.78009206
vn 0.87898415 0.4401537 0.18344381
vn -0.17255078 0.3882974 0.9052355
vn 0.00013436498 0.4882036 0.8727298
vn -0.023384456 0.77185065 0.6353737
vn 0.117845826 0.75876206 0.64061886
vn 0.9084843 -0.22281365 0.35356805
vn 0.10649886 0.63657564 0.76382554
vn 0.07935329 -0.64580727 0.7593655
vn 0.5082945 -0.72836304 0.4594822
vn 0.4874567 -0.16960236 0.8565168
vn -0.09973731 -0.8894944 0.44592848
vn -0.039930638 -0.10345951 0.9938318
vn -0.16886407 0.02364718 0.9853556
vn 0.6892387 0.046121232 0.72306484
vn 0.6014512 0.01141372 0.798828
vn -0.18037751 -0.20477724 0.96204484
vn 0.13322008 -0.69176334 0.70972943
vn 0.29106694 -0.19057305 0.9375297
vn 0.6750853 0.04649541 0.73627305
vn -0.0015920673 -0.9103443 0.41384864
vn 0.15567543 -0.917904 0.36498958
vn -0.021048693 -0.99888384 0.042285364
vn 0.12960678 -0.93533766 0.32915893
vn 0.1161141 -0.5740883 0.81051844
vn -0.106329024 -0.9609431 0.2555045
vn 0.028846543 -0.8897716 0.45549357
vn 0.028329184 -0.99336404 0.1114691
vn 0.13580208 -0.97685474 0.16526541
vn 0.013731027 -0.97109056 0.23831612
vn -0.008242393 -0.6790697 0.73402756
vn -0.18925227 -0.7062604 0.68218756
vn 0.6162085 -0.29022384 0.73215926
vn 0.085142225 -0.7114369 0.6975732
vn -0.016961588 -0.7035619 0.7104315
vn 0.7303077 0.23116927 0.64281523
vn 0.06576772 0.45789763 0.88656884
vn 0.20228545 0.10909188 0.9732315
vn -0.41010633 -0.11822296 0.90434295
vn -0.5079327 0.028263276 0.86093295
vn -0.014076395 0.15207799 0.98826826
vn -0.18478115 -0.06720142 0.9804794
vn -0.035199024 -0.065060735 0.99726033
vn -0.027063932 -0.40672645 0.913149
vn -0.010630347 -0.12761378 0.991767
vn 0.045050286 -0.09531905 0.99442685
vn 0.07785566 -0.43609023 0.8965288
vn 0.1266954 0.091542535 0.98770857
vn 0.12997988 0.0043276134 0.9915072
vn -0.09127884 -0.08403555 0.9922733
vn 0 0 0
vn -0.06812703 -0.6812268 0.72889555
vn -0.008255885 -0.554492 0.8321481
vn -0.11785681 -0.7113166 0.69292027
vn -0.24286741 -0.598002 0.7638121
vn 0 0 0
vn 0.49040452 -0.70269847 0.51547873
vn 0.34168673 -0.85534865 0.38939556
vn 0.41019288 -0.6406529 0.64908063
vn -0.14465705 -0.92192316 0.35934946
vn -0.0646433 -0.88562566 0.45987865
vn -0.5355187 -0.76482314 0.35814145
vn -0.54971814 -0.07967751 0.8315416
vn 0.106163085 -0.13681015 0.9848921
vn 0.17161465 -0.026319264 0.9848125
vn -0.29204303 -0.33563656 0.89557743
vn -0.23488685 -0.27167124 0.9332861
vn -0.12598775 -0.83741206 0.53185344
vn -0.47409835 -0.37957707 0.79445076
vn 0.7015291 -0.5885386 0.40184492
vn 0.7601225 -0.2970778 0.5778915
vn 0.66095513 -0.39562294 0.6376683
vn 0.7494583 -0.09734974 0.65485513
vn 0.50583565 -0.6143476 0.6055637
vn 0.52700007 -0.1948573 0.8272252
vn 0.05580861 -0.40526947 0.9124922
vn -0.01886642 -0.27475756 0.96132845
vn 0.20490283 -0.06472044 0.9766402
vn -0.44653028 0.04632966 0.8935683
vn -0.5487328 -0.19168428 0.81372565
vn -0.35131538 -0.7690077 0.5340456
vn -0.044983026 -0.79508835 0.6048232
vn -0.000033773016 -0.83913094 0.54392946
vn -0.63844246 -0.75531965 0.14793067
vn -0.082587115 0.019216958 0.99639857
vn -0.38801017 -0.92157775 -0.011939207
vn -0.51767766 -0.85540986 -0.016846115
vn -0.42863277 -0.90119 -0.064269006
vn -0.5602544 -0.82651895 -0.05460278
vn -0.4507776 -0.8909652 0.05459388
vn -0.27708948 -0.9270269 0.25267068
vn -0.010779672 -0.8219385 0.5694742
vn -0.124553084 -0.8323191 0.54012173
vn -0.5210722 -0.7137777 0.46797982
vn -0.27291426 -0.23912963 0.93184483
vn -0.062259637 -0.069356404 0.99564725
vn -0.096895374 -0.44109797 0.8922129
vn -0.190119 -0.24259649 0.95131576
vn 0.16211398 -0.7494169 0.641945
vn 0.17644759 -0.3434617 0.92244256
vn -0.063597105 -0.08905247 0.9939945
vn 0.2477059 0.05775221 0.9671124
vn 0.0069563026 -0.1755725 0.98444194
vn -0.0066282596 -0.5521093 0.8337454
vn 0.008899023 -0.7232827 0.6904947
vn 0.008296181 -0.6189411 0.78539354
vn -0.03297584 -0.7047395 0.7086994
vn -0.00069461635 -0.59937733 0.8004663
vn -0.0052065193 -0.098735645 0.9951001
vn -0.2968764 -0.5505504 0.78022987
vn 0.001366263 -0.59688365 0.8023266
vn -0.106678724 -0.8018725 0.5878947
vn 0.0034963547 -0.83071905 0.5566809
vn 0.028887613 -0.7380907 0.67408276
vn -0.12439135 -0.3620462 0.92382324
vn 0.08911618 -0.47077882 0.8777389
vn 0.0926618 -0.7692286 0.63221925
vn 0.091073126 -0.61870575 0.7803262
vn -0.014014849 -0.62251943 0.78247887
vn -0.012772306 -0.28978485 0.9570066
vn 0.0070850295 -0.74530655 0.6666843
vn 0.17939943 -0.5389886 0.8229867
vn -0.06365876 -0.7015067 0.709814
vn -0.06709231 -0.43427232 0.89827955
vn -0.09205228 -0.8387859 0.53662336
vn -0.006995881 -0.6728557 0.7397407
vn -0.06707762 -0.7514169 0.6564093
vn 0.14578204 -0.7693249 0.62200224
vn 0.0050711012 -0.80648077 0.5912386
vn 0.27636936 -0.7971997 0.5367425
vn 0.56328523 -0.7265853 0.39342532
vn 0.04191077 -0.46057382 0.8866314
vn 0.4103641 -0.45903605 0.787964
vn -0.08441918 -0.45168647 0.8881738
vn -0.013166951 -0.5236151 0.85185313
vn 0.043502394 -0.6380326 0.7687795
vn 0.0073173144 -0.6797546 0.7334031
vn 0.00850799 -0.29434162 0.95566237
vn -0.13701202 -0.7241447 0.67590106
vn -0.102591656 -0.3358293 0.93631923
vn -0.3285508 -0.7554776 0.56684035
vn -0.43861103 -0.46615094 0.7683252
vn -0.47538093 -0.7731677 0.41979122
vn -0.7022031 -0.41978213 0.5750598
vn -0.15658216 -0.4333339 0.88752675
vn 0.8063646 -0.58049643 0.1131369
vn 0 0 0
vn -0.07789237 0.38380703 0.92012227
vn -0.021376112 0.0057675154 0.99975485
vn 0.11309051 -0.8116024 0.5731597
vn 0.18779324 -0.033784933 0.98162735
vn 0.21182896 0.02276426 0.9770416
vn 0.20250039 0.045004178 0.9782475
vn -0.08244764 0.03521313 0.9959731
vn 0.08441097 -0.05558308 0.99487954
vn 0.093786225 0.17510603 0.98007244
vn -0.056344956 0.1289606 0.9900477
vn -0.13174315 -0.10141786 0.98608226
vn -0.14343494 0.0026890468 0.9896561
vn -0.08664795 0.101501405 0.9910548
vn 0.1458184 -0.0046146973 0.9893006
vn 0.32691386 0.018848727 0.9448662
vn 0.3038222 0.09749105 0.94772756
vn -0.19184123 0.008730493 0.98138714
vn 0.2596858 0.04400955 0.9646898
vn 0.1529675 0.076868504 0.9852371
vn 0.0679113 0.11549838 0.9909834
vn 0.48864076 -0.07358456 0.86937654
vn 0.17600797 0.0013203828 0.9843879
vn 0.4331539 0.73619914 0.51998895
vn 0.19873546 -0.08985439 0.9759254
vn 0.27760828 -0.14602508 0.9495316
vn 0.3076898 -0.040532794 0.950623
vn 0.32487038 -0.09202498 0.94127077
vn 0.45535606 -0.09187204 0.8855565
vn 0.26311657 0.04164846 0.9638647
vn -0.31804633 0.08255809 0.94447374
vn -0.35075343 -0.36329153 0.8631288
vn -0.06580541 -0.00093179627 0.99783206
vn -0.2816692 0.0397116 0.95868945
vn 0.2039624 -0.0318575 0.97846025
vn 0.07723803 0.14830874 0.9859203
vn 0.2069334 -0.07582207 0.97541255
vn 0.25440305 -0.13375957 0.9578034
vn -0.100104414 0.06473421 0.99286884
vn -0.21712531 -0.047803916 0.9749725
vn -0.3055125 -0.13499324 0.9425704
vn -0.3326336 -0.38748303 0.85977423
vn 0.27268928 -0.26388124 0.9252066
vn 0.4938406 0.41052294 0.7665458
vn -0.021103306 -0.1958537 0.98040605
vn 0.20565231 -0.16772887 0.96414423
vn 0 0 0
vn -0.4086131 -0.31338957 0.8572178
vn -0.27890426 -0.42810276 0.85961646
vn -0.5649631 0.39867243 0.72241056
vn -0.0700336 0.21380724 0.97436225
vn -0.26413977 0.5159289 0.81489116
vn -0.43151388 0.34541747 0.8333562
vn -0.48634598 -0.6760174 0.5535956
vn -0.40766478 -0.06384968 0.9108966
vn 0 0 0
vn -0.3495411 0.06991106 0.93430907
vn -0.07322724 -0.0051305844 -0.99730206
vn -0.07810201 0.057058383 -0.9953112
vn -0.6448867 0.40389228 -0.6488391
vn -0.7381183 0.5365877 0.40896815
vn -0.823298 0.19597526 0.5327046
vn -0.696648 -0.115846254 0.70799804
vn -0.57578194 -0.02406159 0.8172492
vn -0.28468242 -0.026721448 0.9582494
vn -0.53013515 -0.040394217 0.8469504
vn -0.49768478 -0.15073386 0.8541599
vn -0.98268443 0.17480299 0.061442964
vn -0.15544654 0.24851961 0.9560724
vn -0.6488858 0.7495599 0.13079439
vn -0.91681683 -0.03143746 -0.39806852
vn 0.24567786 0.23963492 0.93926436
vn 0.94214165 -0.29157692 -0.16538443
vn -0.24466293 -0.17625374 -0.9534541
vn 0.24719663 0.04159298 -0.96807224
vn 0.80533785 0.47854924 -0.349888
vn 0.8464828 0.0836334 0.52580637
vn 0.70321375 0.2961571 -0.6463601
vn -0.5006839 0.86426 0.04868575
vn 0.46916804 -0.018889701 0.88290685
vn 0.36543146 0.30583054 0.87916297
vn -0.5771412 0.13274033 0.8057841
vn -0.77037126 -0.58245766 -0.25936693
vn 0.14185458 0.35024434 0.9258543
vn -0.7016845 -0.22947657 0.6745216
vn -0.082587115 0.019216958 0.99639857
vn 0.27912056 -0.53970134 -0.7942381
vn 0.06545468 0.24761473 -0.96664506
vn 0.79626846 -0.6003976 0.074022315
vn 0.6004405 -0.754137 0.26598617
vn -0.19746831 0.12476048 -0.97233796
vn 0.6151484 -0.34285003 0.7099622
vn -0.6178547 -0.26506764 0.7402666
vn -0.6892805 -0.33883932 -0.6403751
vn 0.008006417 -0.5527947 -0.833279
vn -0.0068581467 -0.082586706 -0.9965603
vn -0.53532934 0.7854354 0.3106666
vn -0.008984509 -0.17343578 -0.9848042
vn 0.06545468 0.24761473 -0.96664506
vn 0.20061271 -0.06663299 -0.977402
vn -0.19746831 0.12476048 -0.97233796
vn -0.09988158 0.2589752 -0.96070576
vn -0.6448867 0.40389228 -0.6488391
vn -0.07810201 0.057058383 -0.9953112
vn 0.50359297 0.0730425 -0.8608478
vn 0.06659466 -0.05482603 -0.9962727
vn 0.45332614 -0.8269031 -0.3327562
vn 0.42031068 -0.44488883 -0.7908305
vn -0.19746831 0.12476048 -0.97233796
vn -0.030289877 0.27310452 -0.9615074
vn -0.15816867 -0.42511362 0.89121324
vn 0.0014434233 0.5750713 0.81810206
vn 0.18254578 0.41078135 0.89327246
vn 0.14429086 -0.17040849 0.97475183
vn -0.98302096 0.06887954 -0.17007467
vn -0.903226 -0.07213711 -0.42305905
vn -0.57742685 -0.013142639 -0.81633663
vn -0.92596287 0.09447067 -0.3656064
vn -0.6629387 -0.02389822 -0.74829215
vn -0.8174312 0.028751174 -0.5753082
vn -0.6591078 0.45608073 -0.5979693
vn 0.14643766 -0.5773674 -0.80324525
vn -0.9427419 0.036629997 -0.3315057
vn -0.7497603 0.6600655 -0.046616342
vn -0.7178684 0.4862863 -0.49818733
vn -0.9652007 0.2589569 -0.036453076
vn -0.83601075 0.19285765 -0.5137041
vn -0.8151068 -0.038159348 -0.5780525
vn -0.526814 0.74133396 -0.41580164
vn -0.32046485 0.73951155 -0.59196705
vn -0.4316905 0.18136938 -0.8835997
vn -0.79630524 0.17446266 -0.5791897
vn -0.7729327 0.008040987 -0.6344371
vn -0.83927214 0.071272984 -0.53901994
vn -0.56049925 0.23505148 -0.79409784
vn -0.48997614 -0.015238042 -0.87160265
vn -0.34031397 0.04896368 -0.9390362
vn -0.809836 0.24468695 -0.5331923
vn -0.2828255 0.12067114 -0.9515504
vn -0.91296804 0.27862749 -0.29808733
vn 0.6494 0.75392824 0.09935729
vn 0.97747445 0.19661371 0.076724775
vn 0.8730321 0.48676658 0.029551147
vn 0.06659466 -0.05482603 -0.9962727
vn 0.27912056 -0.53970134 -0.7942381
vn 0.23305237 -0.8520117 0.46878847
vn -0.19746831 0.12476048 -0.97233796
vn 0.13650799 -0.7407388 0.6577777
vn -0.91296804 0.27862749 -0.29808733
vn 0.14643766 -0.5773674 -0.80324525
vn 0.1869598 -0.8892879 -0.4173884
vn -0.14545551 0.8841825 -0.44391888
vn -0.3495411 0.06991106 0.93430907
vn -0.021103306 -0.1958537 0.98040605
vn -0.40766478 -0.06384968 0.9108966
vn -0.005134831 0.04586831 -0.99893427
vn -0.22551434 -0.19327284 -0.95487636
vn -0.5475261 -0.7460353 -0.37900722
vn 0.1701009 0.67220974 -0.7205551
vn 0.9871789 -0.05571376 -0.14957865
vn 0.9768043 -0.18169844 0.11330919
vn -0.13868533 -0.9180093 0.37151763
vn 0.14316186 0.6847026 -0.7146237
vn -0.15313038 0.97994787 -0.12748812
vn -0.5858989 0.81017935 -0.018218698
vn -0.6303922 0.7691737 -0.10477362
vn -0.079157494 0.06499368 -0.99474114
vn -0.0704318 0.27770853 -0.95808
vn -0.19746831 0.12476048 -0.97233796
vn 0.06079585 -0.052426588 -0.99677247
vn -0.13667424 0.14836371 -0.9794429
vn 0.071877226 -0.06884523 -0.9950347
vn 0.5073105 0.11239545 -0.8544023
vn -0.079157494 0.06499368 -0.99474114
vn 0.016042015 0.16018803 -0.9869562
vn -0.0704318 0.27770853 -0.95808
vn -0.096324846 0.047239725 -0.9942283
vn 0.1701009 0.67220974 -0.7205551
vn -0.5475261 -0.7460353 -0.37900722
vn -0.22551434 -0.19327284 -0.95487636
vn 0.79626846 -0.6003976 0.074022315
vn 0.06545468 0.24761473 -0.96664506
vn -0.19746831 0.12476048 -0.97233796
vn 0.00062733947 -0.9973309 0.07301131
vn 0.0418913 -0.99902314 -0.014067615
vn -0.013836806 -0.9998089 0.013809405
vn -0.089343786 -0.9815801 0.16887352
vn -0.9929869 0.009177864 0.11786742
vn -0.8872617 -0.06931903 0.45602804
vn -0.9996064 -0.027918257 -0.0027774868
vn -0.88217336 -0.4235567 0.20583946
vn -0.99282986 -0.042932395 0.111560084
vn 0.058993988 0.01344466 -0.9981678
vn 0 0 0
vn 0.970826 -0.017447015 0.2391494
vn 0.19485477 0.27501112 -0.94148844
vn 0.98875594 -0.14946203 0.0047794464
vn 0.99771565 -0.06342169 -0.023261748
vn 0.96557724 -0.038427502 -0.25726244
vn 0.28703997 -0.06616981 -0.9556305
vn -0.036281347 -0.0388016 -0.998588
vn 0.02837964 -0.35073027 0.9360464
vn -0.038019493 -0.16456467 -0.9856333
vn -0.90501076 0.17242189 -0.3888781
vn -0.793908 0.6051542 -0.059148166
vn -0.9696861 -0.044925075 0.24018872
vn -0.7381183 0.5365877 0.40896815
vn -0.6448867 0.40389228 -0.6488391
vn 0.8104098 -0.51645666 -0.27660173
vn -0.07322724 -0.0051305844 -0.99730206
vn 0.44696152 -0.45787218 -0.768491
vn -0.022014258 -0.037367143 -0.9990591
vn 0.50359297 0.0730425 -0.8608478
vn -0.24222963 0.047393586 -0.9690607
vn -0.09988158 0.2589752 -0.96070576
vn 0 0 0
vn -0.06759814 0.98893034 -0.13208799
vn -0.6180117 0.76146907 0.19551566
vn -0.19819693 0.9661924 0.16489443
vn 0.06659466 -0.05482603 -0.9962727
vn 0.13650799 -0.7407388 0.6577777
vn 0.36567083 -0.48540494 -0.79414535
vn 0.45332614 -0.8269031 -0.3327562
vn -0.19746831 0.12476048 -0.97233796
vn 0.93462217 0.28648585 -0.21073024
vn 0.19485477 0.27501112 -0.94148844
vn 0.5428137 0.5301901 -0.6513461
vn 0.007332731 0.9999592 0.0052791364
vn 0.37074912 0.884648 0.2827419
vn 0.28183505 0.9316329 0.22941051
vn 0.56001014 0.62094104 0.5484714
vn 0.51349974 0.6876469 0.51328325
vn 0.7548982 0.22175801 0.61721313
vn 0.33757657 0.73409903 0.58918643
vn 0.3377554 0.90466934 0.25979733
vn 0.26331016 0.94852513 0.17597686
vn 0.29589826 0.9202973 0.2559239
vn 0.027628668 0.9083934 0.4172028
vn 0.6494 0.75392824 0.09935729
vn -0.10226252 0.19749355 -0.97495574
vn -0.20041327 0.32871896 -0.9229184
vn -0.19746831 0.12476048 -0.97233796
vn -0.123030536 0.16005827 0.97941047
vn -0.054132413 0.3064922 0.9503327
vn -0.08000481 0.55433816 0.8284373
vn -0.22827362 0.023666773 0.97330934
vn -0.50837326 0.24243565 0.826306
vn -0.6336629 0.089776926 0.7683824
vn -0.10372725 0.21088241 0.97199243
vn 0.030697273 0.07253901 0.99689305
vn 0.20565231 -0.16772887 0.96414423
vn 0.073710844 -0.043013457 0.9963516
vn -0.021103306 -0.1958537 0.98040605
vn 0.016561408 0.0013195955 0.99986196
vn -0.04655215 0.034510616 0.99831957
vn -0.054839354 0.18753713 0.98072547
vn -0.01047475 0.023007551 0.9996804
vn -0.01152507 0.050458644 0.9986597
vn 0.12144861 -0.094654106 0.9880743
vn 0.054869767 -0.13259058 0.98965096
vn -0.026117371 0.010696862 0.99960166
vn 0.0076011377 0.014701035 0.999863
vn -0.027900036 0.07603029 0.99671507
vn -0.0021995585 0.046957683 0.99889445
vn -0.10089309 0.21074767 0.9723199
vn -0.123030536 0.16005827 0.97941047
vn -0.054132413 0.3064922 0.9503327
vn -0.0029702785 -0.022469833 0.9997431
vn -0.13817213 -0.32212198 0.9365607
vn -0.0017185486 0.0060396986 0.9999803
vn 0.32487038 -0.09202498 0.94127077
vn -0.32210127 0.019254878 0.9465094
vn 0.19373709 -0.16591997 0.96692115
vn 0.14480263 -0.13526079 0.9801718
vn 0.25440305 -0.13375957 0.9578034
vn -0.07963164 0.32633412 0.9418943
vn 0.02788511 0.22180915 0.9746913
vn 0.3076898 -0.040532794 0.950623
vn -0.43572038 0.0039485157 0.9000734
vn 0.020917235 -0.0378857 0.99906313
vn 0.14749308 -0.08978791 0.98497915
vn 0.0679113 0.11549838 0.9909834
vn -0.19184123 0.008730493 0.98138714
vn 0.08441097 -0.05558308 0.99487954
vn -0.08244764 0.03521313 0.9959731
vn -0.13174315 -0.10141786 0.98608226
vn -0.00013129992 0.28533718 0.9584272
vn 0.0032031226 0.026266595 0.9996498
vn -0.0069699003 -0.046694413 0.9988849
vn -0.0009874773 0.00019029362 0.9999995
vn 0.010491752 -0.24247731 0.97010034
vn 0.007995201 -0.34779915 0.937535
vn -0.05050442 0.01580257 0.9985988
vn -0.050605666 0.17607597 0.9830749
vn 0.13773571 0.02772635 0.9900809
vn -0.022593979 0.16026306 0.9868157
vn 0.32118997 0.055271126 0.9454005
vn -0.025261138 0.028287137 0.9992806
vn 0.00006948138 0.0017559967 0.99999845
vn 0.44780165 0.061180953 0.89203733
vn -0.07157252 0.15474334 0.9853588
vn 0.18254578 0.41078135 0.89327246
vn 0.03507862 -0.03631663 0.99872446
vn 0.4160292 -0.030826181 0.9088286
vn 0.10581152 -0.11141432 0.98812485
vn 0.07988065 0.014690826 0.9966962
vn 0.1075862 -0.22397864 0.9686376
vn 0.0033841522 0.0016558623 0.9999929
vn -0.00023361506 0.0020734174 0.9999978
vn 0.0014678809 0.0020138265 0.9999969
vn -0.043708075 -0.071070015 0.99651325
vn 0.13532886 0.34128758 0.93016607
vn -0.021464538 0.0016010406 0.9997683
vn -0.020528985 0.002662622 0.9997857
vn -0.04018939 -0.16825065 0.9849246
vn -0.21375419 -0.29725975 0.9305621
vn -0.59836626 -0.16611542 0.7838134
vn -0.33243272 0.08081691 0.939658
vn -0.040230803 0.028702267 0.9987781
vn 0.003922059 0.016825503 0.99985075
vn 0.041162647 0.10865398 0.99322706
vn -0.35713378 -0.21658038 0.90859693
vn -0.3495411 0.06991106 0.93430907
vn 0.27760828 -0.14602508 0.9495316
vn 0.19873546 -0.08985439 0.9759254
vn 0 0 0
vn 0.27268928 -0.26388124 0.9252066
vn 0.14429086 -0.17040849 0.97475183
vn 0.03001911 0.026551617 0.9991966
vn 0.01828907 0.08805247 0.9959479
vn -0.12439135 -0.3620462 0.92382324
vn 0.08911618 -0.47077882 0.8777389
vn -0.27291426 -0.23912963 0.93184483
vn -0.027896186 -0.0060540484 0.9995925
vn -0.10019358 0.2130284 0.97189516
vn -0.06709231 -0.43427232 0.89827955
vn -0.08441918 -0.45168647 0.8881738
vn -0.00021503943 -0.0187527 0.9998241
vn 0.0067626177 -0.028444542 0.9995725
vn 0.04191077 -0.46057382 0.8866314
vn 0.3041015 -0.025970252 0.9522856
vn 0.4103641 -0.45903605 0.787964
vn 0.025747068 0.06868733 0.9973059
vn 0.42078298 0.035931222 0.9064495
vn 0.3263237 0.048639543 0.94400585
vn 0.014548589 0.067984514 0.9975803
vn 0.3131054 0.013381681 0.9496241
vn 0.034349002 0.0011057529 0.99940926
vn -0.054732587 0.039411314 0.997723
vn -0.012391735 -0.011134679 0.99986124
vn 0.03782658 -0.0471294 0.99817234
vn 0.0023112216 -0.050444394 0.9987242
vn 0.037632342 -0.07308082 0.99661577
vn -0.28468242 -0.026721448 0.9582494
vn -0.696648 -0.115846254 0.70799804
vn -0.15544654 0.24851961 0.9560724
vn -0.98268443 0.17480299 0.061442964
vn 0.2935287 -0.029301798 0.9555011
vn 0.40741313 -0.027942656 0.9128164
vn -0.025624078 0.07843736 0.99658966
vn 0.2443196 0.1951053 0.94986415
vn -0.04403211 0.05602028 0.9974582
vn 0.09365964 0.05930371 0.99383646
vn -0.03216113 0.07438084 0.9967112
vn 0.02980413 0.0014954798 0.99955463
vn 0.029325875 0.009398399 0.9995257
vn 0.0106691625 -0.0038531725 0.9999357
vn 0.25258297 -0.078533314 0.9643829
vn 0.01759441 0.2359077 0.97161615
vn 0.26371083 0.24959734 0.9317498
vn -0.0035062453 0.1888479 0.9820001
vn 0.6110151 -0.09920511 0.7853782
vn 0.6457666 0.16224095 0.74609876
vn 0.5547309 0.14284949 0.8196753
vn -0.0741864 0.021224957 0.9970185
vn -0.21133457 0.07709826 0.9743683
vn 0.0061929883 0.0075634215 0.9999522
vn 0.51034886 0.30209994 0.8051582
vn -0.00022580771 0.08470156 0.9964063
vn -0.08791619 0.2859244 0.95421064
vn -0.21712531 -0.047803916 0.9749725
vn -0.3055125 -0.13499324 0.9425704
vn -0.100104414 0.06473421 0.99286884
vn -0.53013515 -0.040394217 0.8469504
vn -0.49768478 -0.15073386 0.8541599
vn -0.062259637 -0.069356404 0.99564725
vn -0.10401327 -0.12989825 0.9860566
vn -0.090347275 0.23308796 0.9682496
vn -0.3326336 -0.38748303 0.85977423
vn -0.35075343 -0.36329153 0.8631288
vn 0.042409647 -0.093941264 0.994674
vn -0.03824187 0.55241764 0.8326898
vn -0.08000481 0.55433816 0.8284373
vn 0.1377108 0.31230673 0.93994695
vn 0.116128646 0.41572276 0.902047
vn 0.0070193564 0.1931354 0.981147
vn 0.017975194 0.27987176 0.9598691
vn -0.0060459366 -0.0023605989 0.99997896
vn -0.10137684 0.21434021 0.97148395
vn -0.086655505 0.028583733 0.9958282
vn -0.66172093 0.15528847 0.73349226
vn -0.5476974 0.3661348 0.75231165
vn -0.59073573 -0.0675986 0.80402845
vn 0 0 0
vn -0.039234895 0.38399392 0.9225016
vn -0.018022092 0.7329786 0.68001294
vn -0.3129671 0.26513228 0.91200686
vn -0.2816692 0.0397116 0.95868945
vn -0.4086131 -0.31338957 0.8572178
vn -0.069538556 -0.06424702 0.99550825
vn -0.0503303 -0.0013563214 0.99873173
vn -0.063597105 -0.08905247 0.9939945
vn -0.190119 -0.24259649 0.95131576
vn 0 0 0
vn -0.15594013 0.6274283 0.7629
vn -0.101372324 0.30991185 0.9453456
vn 0.003702103 0.005702031 0.9999769
vn -0.15816867 -0.42511362 0.89121324
vn -0.65405595 0.097615086 0.7501214
vn -0.073543906 0.008105498 0.997259
vn 0.003691196 0.0058139563 0.9999763
vn -0.0060459366 -0.0023605989 0.99997896
vn -0.086655505 0.028583733 0.9958282
vn -0.0503303 -0.0013563214 0.99873173
vn 0 0 0
vn 0.19873546 -0.08985439 0.9759254
vn 0 0 0
vn -0.3495411 0.06991106 0.93430907
vn -0.20638758 0.06976271 -0.97598016
vn 0.04185869 -0.052107316 -0.9977638
vn -0.38238132 -0.106090456 -0.91789395
vn 0.07899518 0.13846478 -0.9872119
vn 0.052809384 -0.01616019 -0.9984738
vn -0.039797712 0.014454935 -0.9991032
vn -0.028023966 -0.47246212 -0.88090533
vn 0.09093034 -0.4358375 -0.8954202
vn 0.043671113 0.05004358 -0.9977918
vn -0.26545146 -0.0013956905 -0.9641232
vn -0.14809859 -0.012709725 -0.98889095
vn -0.32386985 -0.58801657 -0.741178
vn 0.1998886 0.003757757 -0.97981143
vn 0.05930744 -0.47894847 -0.8758373
vn -0.22326852 0.15275884 -0.96271276
vn -0.1544755 -0.42087057 -0.89387095
vn 0.08245456 0.21872751 -0.972296
vn -0.38349485 0.22817941 -0.8949111
vn 0.32674503 0.06831967 -0.94263995
vn -0.17078765 0.37825504 -0.90981025
vn -0.16114694 -0.031581324 -0.986425
vn -0.058189485 -0.55160594 -0.8320726
vn 0.4164493 0.05693492 -0.90737444
vn -0.24904867 -0.1989379 -0.94783884
vn -0.19521666 0.03545704 -0.980119
vn -0.45185083 -0.103490345 -0.8860703
vn 0.4219435 -0.02179514 -0.90636015
vn -0.54952437 0.017460214 -0.8352952
vn 0.4284697 -0.0524989 -0.9020297
vn 0.40461358 0.03599979 -0.9137789
vn 0.45396033 -0.010696553 -0.8909577
vn 0.41493493 -0.072653495 -0.9069457
vn -0.5558774 0.003303075 -0.8312577
vn 0.21419132 0.035476655 -0.9761473
vn -0.29081732 -0.17047136 -0.9414695
vn -0.6301963 -0.22237775 -0.7439091
vn -0.09738863 -0.13635926 -0.9858608
vn -0.06251534 -0.07884369 -0.9949249
vn -0.03855648 0.03776624 -0.9985425
vn -0.04071327 -0.0014458303 -0.9991698
vn -0.10660678 -0.06724896 -0.9920245
vn -0.1867626 -0.26889473 -0.94488907
vn 0.31946927 -0.3221285 -0.89116365
vn 0.11750373 -0.51593053 -0.8485332
vn 0.13268441 -0.3778266 -0.9163198
vn -0.162669 -0.014152918 -0.9865792
vn 0.06813885 -0.008582941 -0.99763894
vn -0.08504762 0.046770457 -0.9952786
vn 0.08077872 0.042704143 -0.9958168
vn -0.25203568 0.1339067 -0.9584086
vn 0.20754799 -0.17978835 -0.9615612
vn -0.31260595 0.3279832 -0.891462
vn -0.1958113 -0.007181258 -0.9806153
vn 0.040463507 -0.047598686 -0.99804664
vn 0.06659466 -0.05482603 -0.9962727
vn -0.030289877 0.27310452 -0.9615074
vn 0.06445961 -0.08458081 -0.99432945
vn 0.20390806 -0.0051364577 -0.97897655
vn 0.33812878 -0.3099384 -0.8885984
vn -0.184358 -0.06980051 -0.9803775
vn -0.1522123 0.03168422 -0.9878398
vn -0.05706544 -0.06402844 -0.9963152
vn 0.006282077 -0.03801155 -0.99925756
vn 0.08599317 -0.102492206 -0.99100983
vn 0.20061271 -0.06663299 -0.977402
vn 0.06545468 0.24761473 -0.96664506
vn 0.27912056 -0.53970134 -0.7942381
vn 0.08865436 -0.17509499 -0.98055196
vn -0.01844298 -0.012235651 -0.999755
vn 0.030577749 0.030940449 -0.9990534
vn -0.2828255 0.12067114 -0.9515504
vn -0.010036585 -0.0034105594 -0.9999438
vn -0.023087785 0.014952584 -0.9996216
vn -0.023227897 0.0013723895 -0.9997293
vn -0.34031397 0.04896368 -0.9390362
vn 0.0011269231 0.005940369 -0.9999817
vn -0.022457724 0.29168984 -0.9562493
vn -0.011399987 0.314557 -0.9491701
vn -0.08408371 0.22846445 -0.9699144
vn -0.56049925 0.23505148 -0.79409784
vn -0.04582756 0.4197288 -0.90649194
vn -0.012789861 0.4429369 -0.89646155
vn -0.33108103 0.33020192 -0.88394123
vn -0.043352894 0.20339766 -0.97813594
vn -0.0015687351 0.015746355 -0.9998748
vn -0.014615735 0.20132606 -0.97941524
vn 0.0013736709 0.014241783 -0.99989766
vn -0.008955866 0.26439178 -0.96437377
vn 0.007905749 0.029407382 -0.9995362
vn -0.0012779591 0.0048271767 -0.99998754
vn -0.006332185 0.5926974 -0.8054004
vn 0.06699206 0.27957603 -0.9577835
vn 0.14174892 0.030682148 -0.98942703
vn 0.015035514 -0.17787646 -0.983938
vn 0.0011427094 0.03739875 -0.99929976
vn -0.061504494 -0.10659867 -0.9923981
vn -0.089568235 -0.038661342 -0.99523
vn -0.1229977 -0.09788803 -0.9875675
vn 0.016042015 0.16018803 -0.9869562
vn -0.079157494 0.06499368 -0.99474114
vn -0.006932295 -0.016096413 -0.9998464
vn -0.033929367 -0.030040666 -0.99897265
vn -0.043699346 0.20003258 -0.97881424
vn 0.053063486 0.017889837 -0.9984309
vn 0.14110129 0.247211 -0.95863295
vn -0.09009091 -0.13741305 -0.9864083
vn -0.00037622507 0.0024830557 -0.99999684
vn 0.0011191289 0.003027097 -0.9999948
vn 0.03644748 0.019695072 -0.99914145
vn -0.17760004 -0.2456119 -0.95296013
vn -0.13090068 -0.18958814 -0.9730988
vn -0.1604278 -0.29282913 -0.9426102
vn 0.07026631 -0.14340621 -0.9871663
vn -0.11656329 -0.048421606 -0.9920022
vn -0.07756874 0.13297221 -0.98807967
vn -0.22551434 -0.19327284 -0.95487636
vn 0.06079585 -0.052426588 -0.99677247
vn 0.029924497 0.001491374 -0.99955106
vn 0.018994313 0.0023071785 -0.99981695
vn 0.41465077 -0.02915838 -0.90951335
vn 0.5073105 0.11239545 -0.8544023
vn 0.41064084 0.053761613 -0.91021085
vn 0.7393535 0.10542769 -0.6650123
vn 0.75309676 -0.09112185 -0.65156895
vn 0.651116 -0.057558488 -0.75679255
vn 0.65202975 0.1784078 -0.73690426
vn 0.612327 0.08959418 -0.7855116
vn 0.8371415 -0.035413638 -0.5458388
vn 0.8990293 0.04166895 -0.43590134
vn 0.93284947 0.16553822 -0.3199828
vn 0.67392683 0.3652375 -0.6422026
vn 0.67253023 0.39490342 -0.62590283
vn 0.70228094 0.26480952 -0.66081566
vn 0.76328105 -0.052878827 -0.64389896
vn 0.9007044 0.04262624 -0.43233618
vn 0.90157515 0.17987084 -0.39345738
vn 0.3243516 0.25339314 -0.911366
vn -0.015346558 0.35427043 -0.9350171
vn 0.8271438 0.06734289 -0.55794096
vn -0.0704318 0.27770853 -0.95808
vn -0.005134831 0.04586831 -0.99893427
vn -0.05728058 0.17021377 -0.9837409
vn -0.6995074 -0.028657746 -0.7140505
vn 0.1755205 -0.057501618 -0.98279506
vn 0 0 0
vn -0.3088832 0.123530954 -0.94304365
vn -0.096324846 0.047239725 -0.9942283
vn 0.1701009 0.67220974 -0.7205551
vn 0.12763955 -0.0071856133 -0.9917946
vn 0.056264598 -0.033529826 -0.99785274
vn 0.49839014 0.014067627 -0.86683875
vn 0.5842399 0.18372683 -0.7905113
vn 0.11613413 0.008480072 -0.9931973
vn 0.55342835 0.017986957 -0.8327026
vn 0.50236 0.010411668 -0.8645959
vn -0.047756433 -0.009389451 -0.9988149
vn 0.41869006 -0.012202472 -0.9080472
vn -0.14379248 -0.039296947 -0.98882735
vn -0.052185904 -0.007460756 -0.99860954
vn -0.057596464 -0.04205308 -0.99745387
vn -0.07322724 -0.0051305844 -0.99730206
vn 0.34073925 0.030165903 -0.9396738
vn -0.022014258 -0.037367143 -0.9990591
vn -0.26087868 -0.008162437 -0.9653371
vn -0.1806207 -0.08228262 -0.980105
vn 0.003354013 0.00038397947 -0.9999943
vn 0.09170182 0.20946059 -0.9735076
vn 0.022795647 0.47720838 -0.87849444
vn -0.1276974 0.48283467 -0.866351
vn 0.038541373 0.650835 -0.75824034
vn 0.0023672485 0.92796946 -0.37264866
vn 0.0025796655 0.8610583 -0.5084997
vn -0.1096174 0.78345907 -0.61169916
vn 0.002640259 0.9112123 -0.41192853
vn -0.040041495 0.20592944 -0.97774726
vn -0.030869303 0.44580457 -0.8945979
vn 0.04216706 0.49722534 -0.86659616
vn 0.19662243 0.70173603 -0.6847672
vn 0.044093516 0.5809251 -0.81276184
vn 0.5802769 0.24806605 -0.7757203
vn 0.7231296 0.56535393 -0.3968105
vn -0.8151068 -0.038159348 -0.5780525
vn -0.7729327 0.008040987 -0.6344371
vn -0.1918898 0.73495996 -0.65039384
vn -0.033743966 0.73216224 -0.6802939
vn -0.7178684 0.4862863 -0.49818733
vn 0.20967922 0.15285154 -0.96574897
vn -0.13667424 0.14836371 -0.9794429
vn -0.102402754 0.46445 -0.87965894
vn -0.04035478 0.7083883 -0.7046683
vn 0.0002912417 0.52038926 -0.8539291
vn -0.24222963 0.047393586 -0.9690607
vn 0.06596257 -0.15983878 -0.9849368
vn 0.00065958034 0.000970285 -0.9999993
vn 0.12614712 0.38520762 -0.9141674
vn 0.051614843 0.8215172 -0.5678427
vn -0.035679724 0.8539425 -0.5191427
vn 0.049270608 0.5307316 -0.8461066
vn -0.48997614 -0.015238042 -0.87160265
vn -0.5572166 0.13339205 -0.81958294
vn -0.809836 0.24468695 -0.5331923
vn -0.011984467 0.37214273 -0.92809814
vn 0.3800133 -0.00043629998 -0.92498094
vn 0.124034755 -0.03860755 -0.99152654
vn 0.002909858 0.2775944 -0.96069396
vn -0.0704318 0.27770853 -0.95808
vn -0.10226252 0.19749355 -0.97495574
vn -0.19746831 0.12476048 -0.97233796
vn 0.14110129 0.247211 -0.95863295
vn 0.03644748 0.019695072 -0.99914145
vn 0.06079585 -0.052426588 -0.99677247
vn 0.071877226 -0.06884523 -0.9950347
vn -0.07756874 0.13297221 -0.98807967
vn -0.13667424 0.14836371 -0.9794429
vn -0.6995074 -0.028657746 -0.7140505
vn -0.05728058 0.17021377 -0.9837409
vn -0.3088832 0.123530954 -0.94304365
vn -0.36077127 0.0739988 -0.9297141
vn -0.26087868 -0.008162437 -0.9653371
vn 0.1755205 -0.057501618 -0.98279506
vn -0.19843192 -0.071771316 -0.97748333
vn 0.20061271 -0.06663299 -0.977402
vn 0.08865436 -0.17509499 -0.98055196
vn -0.19746831 0.12476048 -0.97233796
vn 0.08865436 -0.17509499 -0.98055196
vn -0.079157494 0.06499368 -0.99474114
vn -0.19746831 0.12476048 -0.97233796
vn -0.9955794 -0.026991876 0.08996173
vn -0.96747917 -0.20191607 0.15236142
vn 0 0 0
vn 0.07785566 -0.43609023 0.8965288
vn 0 0 0
vn -0.24286741 -0.598002 0.7638121
vn -0.36397067 0.8961312 -0.25391766
vn -0.03279643 0.99945307 0.0042332555
vn -0.23623481 0.9716515 -0.009300179
vn -0.5794544 0.8143966 -0.031474963
vn -0.010326001 0.9999007 -0.009589608
vn -0.26422676 0.9598452 -0.09424118
vn -0.22956698 0.9726709 -0.03478887
vn -0.028705196 0.9829656 -0.18153404
vn -0.013950498 0.9747331 -0.22293669
vn -0.004102051 0.99998385 -0.0039334884
vn -0.0053800475 0.99996865 -0.0058139293
vn -0.015401662 0.969675 -0.24391223
vn 0.039684184 0.91300005 -0.40602472
vn -0.003927916 0.9774396 -0.21117878
vn 0.1473417 0.8717021 -0.46736056
vn -0.0012144336 0.99407375 -0.10870126
vn -0.289993 0.8877128 -0.3575893
vn -0.26867297 0.83395123 -0.4820167
vn -0.278001 0.9199269 -0.2764958
vn -0.2670289 0.9635659 -0.015373347
vn -0.32914332 0.94426996 0.0043462403
vn -0.19267528 0.81018347 -0.55360544
vn -0.040817168 0.98272496 -0.1805148
vn 0.019204317 0.9951727 -0.09624222
vn -0.030464176 0.99406236 -0.104460366
vn -0.03082212 0.21887437 -0.9752661
vn 0.002640259 0.9112123 -0.41192853
vn 0.0023672485 0.92796946 -0.37264866
vn 0.03746957 0.9907271 -0.13059786
vn 0.18785317 0.9346558 -0.30187708
vn 0.0034386774 0.9999905 -0.002666118
vn -0.0047551054 0.9954691 -0.09496657
vn 0.009863527 0.99918866 -0.039047867
vn 0.003473195 0.9999696 -0.006976809
vn 0.031019673 0.9545354 -0.29647923
vn -0.035679724 0.8539425 -0.5191427
vn 0.1624519 0.9866081 -0.014625172
vn 0.21690775 0.9464643 -0.23907404
vn 0.29159856 0.95606977 -0.030015305
vn 0.28638217 0.956114 -0.06189774
vn 0.1074279 0.99398804 -0.021142881
vn 0.2619123 0.8910786 -0.37064934
vn 0.2825142 0.9063792 -0.31410578
vn 0.26158866 0.9645489 -0.034882355
vn 0.0389444 0.9990793 -0.017998746
vn 0.24627157 0.964784 -0.09242336
vn 0.050418682 0.99872094 -0.003797156
vn 0.45984194 0.8856714 -0.064277284
vn 0.116755806 0.98979855 0.08165099
vn 0.06436387 0.9978914 0.008365216
vn 0.042375494 0.99900603 0.01382943
vn 0.007300619 0.9999733 -0.00033128404
vn 0.16340992 0.98430777 -0.06659871
vn 0.053583402 0.8939029 -0.44504657
vn 0.93048626 0.26127633 -0.25676832
vn 0.8153139 0.56685835 0.118045874
vn 0.66505754 0.64434695 0.37751228
vn 0.54960567 0.8353163 -0.0134265935
vn 0.4268322 0.90405345 0.022397812
vn 0.3042476 0.95256466 0.0073477635
vn 0.20078775 0.9796342 -0.0010059188
vn 0.24999085 0.9680534 0.019422784
vn 0.013110149 0.9974392 0.070307486
vn 0.062481906 0.9960728 0.06272935
vn 0.14772123 0.98893905 0.013341525
vn 0.007940632 0.9999541 0.0053575276
vn 0.13310683 0.9905692 0.032484774
vn 0.18011755 0.9739703 0.13762112
vn 0.2875395 0.9572722 0.030839102
vn 0.35761386 0.88654274 0.29352057
vn 0.34677607 0.8495861 0.39742893
vn 0.30300444 0.90206665 0.30735
vn 0.0025796655 0.8610583 -0.5084997
vn -0.1096174 0.78345907 -0.61169916
vn 0.018483697 0.85713565 0.514759
vn -0.0060011786 0.8235804 0.5671678
vn 0.055754345 0.8824678 0.4670568
vn 0.056931183 0.9906574 0.12392254
vn 0.21809675 0.898164 0.38175288
vn 0.19939661 0.95814854 0.20540774
vn -0.0076808115 0.9361463 0.3515267
vn 0.05266747 0.9535849 0.29648268
vn 0.06615042 0.98343265 0.16877297
vn 0.114130795 0.7764554 0.6197509
vn -0.16344565 0.9865245 -0.007405623
vn -0.37395996 0.92678666 -0.034934036
vn -0.47457018 0.8802023 -0.005203436
vn -0.1022799 0.994755 -0.0011051825
vn -0.3541088 0.9349896 0.020035809
vn -0.058596753 0.99813205 0.017285842
vn -0.02128245 0.99977213 0.00167018
vn -0.43725923 0.8991335 0.019059531
vn -0.27688316 0.9498809 0.1451274
vn -0.5077248 0.8590287 0.065461695
vn -0.04451899 0.99676013 0.06698751
vn -0.025810782 0.9996668 0.00015279405
vn -0.06516207 0.9844683 0.16302185
vn -0.019388363 0.97311294 0.22951101
vn -0.32505536 0.94537055 0.024769839
vn -0.48848817 0.8563898 0.16725948
vn -0.02376605 0.93234986 0.36077544
vn -0.003477434 0.99861574 0.0524831
vn -0.19672684 0.9427523 0.2692891
vn -0.013833418 0.98849916 0.15059245
vn -0.0002974787 0.99971116 0.024031062
vn 0.0036614458 0.9979243 0.06429335
vn -0.01711802 0.9783648 0.2061776
vn 0.011020748 0.6641156 0.74754864
vn -0.020342208 0.9780967 0.20715463
vn -0.06298533 0.9980126 0.001931243
vn -0.24501671 0.74450874 0.6210262
vn -0.01725457 0.9314532 0.3634517
vn -0.3330767 0.86683834 0.37101382
vn -0.24087997 0.8860449 0.39610767
vn -0.054962035 0.8177247 0.5729795
vn -0.556491 0.8301962 -0.0330462
vn -0.5904489 0.8040068 0.07030699
vn 0.1936755 0.78622776 0.58680123
vn 0.5830954 0.8100633 0.06162182
vn -0.27657166 0.45568797 0.8460831
vn 0.66611797 0.7457652 -0.01100206
vn -0.1918898 0.73495996 -0.65039384
vn -0.033743966 0.73216224 -0.6802939
vn 0.0002912417 0.52038926 -0.8539291
vn -0.04035478 0.7083883 -0.7046683
vn 0.010120286 0.7067249 0.70741606
vn 0.5498131 0.8311769 0.08276801
vn -0.018022092 0.7329786 0.68001294
vn -0.15594013 0.6274283 0.7629
vn -0.43441805 0.650448 0.62305564
vn 0.5300418 0.67348623 -0.5152397
vn 0.1377108 0.31230673 0.93994695
vn 0.017975194 0.27987176 0.9598691
vn 0.0021737288 0.6743808 0.73838055
vn -0.023340955 0.72321814 0.6902251
vn -0.054132413 0.3064922 0.9503327
vn -0.00013129992 0.28533718 0.9584272
vn -0.08000481 0.55433816 0.8284373
vn -0.03824187 0.55241764 0.8326898
vn 0.116128646 0.41572276 0.902047
vn 0.017757628 0.4479186 0.89389795
vn 0.01759441 0.2359077 0.97161615
vn -0.0035062453 0.1888479 0.9820001
vn 0.26371083 0.24959734 0.9317498
vn 0.12503397 0.39923516 0.9082829
vn 0.4994298 0.21713799 0.83870196
vn 0.041162647 0.10865398 0.99322706
vn 0.003702103 0.005702031 0.9999769
vn 0 0 0
vn 0.051614843 0.8215172 -0.5678427
vn 0.038541373 0.650835 -0.75824034
vn 0.12580775 0.7583138 -0.6396347
vn 0.09401676 0.7968596 -0.5968045
vn -0.6180117 0.76146907 0.19551566
vn -0.6318488 0.77105665 -0.07898518
vn -0.4609133 0.8868619 0.032169633
vn -0.45468608 0.88887924 -0.05616255
vn 0.33719844 0.8695165 0.36088547
vn 0.18521103 0.910851 0.3688459
vn 0.22879495 0.9020079 0.3661075
vn 0.362784 0.89358354 0.2643789
vn 0.63558435 0.76914847 -0.06665744
vn 0.86993486 0.47613654 0.12848087
vn 0.8542389 0.5191661 0.02724661
vn 0.6299417 0.7663975 -0.12573132
vn -0.03666929 0.9552065 -0.2936594
vn -0.2191168 0.87992936 -0.42155913
vn -0.4043849 0.8213413 -0.4023324
vn -0.24928258 0.92699444 -0.2802489
vn -0.37688914 0.8957475 -0.2357775
vn 0.049270608 0.5307316 -0.8461066
vn 0.8394841 0.5369693 -0.083248764
vn 0.71567404 0.6983748 -0.009128262
vn 0.77268296 0.63475627 -0.0067459852
vn 0.044093516 0.5809251 -0.81276184
vn 0.19662243 0.70173603 -0.6847672
vn 0.69900566 0.6866778 -0.19966137
vn 0.7231296 0.56535393 -0.3968105
vn -0.83453274 -0.5509107 0.0072457786
vn -0.88896716 -0.45135075 -0.07758803
vn 0 0 0
vn -0.009735358 -0.99995255 0.000261944
vn -0.12573284 -0.9763582 -0.1758294
vn -0.3272453 -0.8950332 -0.30302817
vn -0.03417992 -0.9992029 -0.02062299
vn -0.0039877677 -0.99979407 -0.019897167
vn 0.039379995 -0.99920076 0.006862069
vn -0.039987992 -0.9991958 0.0029464462
vn -0.2447235 -0.9295132 -0.27589044
vn -0.0322993 -0.99770916 -0.059440304
vn -0.016477648 -0.9998607 0.00265304
vn -0.0107617285 -0.99868286 0.050167274
vn -0.011722468 -0.9989935 -0.043296296
vn -0.100644834 -0.9948588 -0.011251379
vn 0.048820227 -0.9855668 -0.16209476
vn 0.02288715 -0.9866602 -0.16117631
vn 0.010235301 -0.9999389 0.0041773343
vn 0.04222669 -0.9983007 -0.040157493
vn -0.03754728 -0.9991151 -0.018951919
vn 0.0029573462 -0.9998523 0.016930051
vn 0.10115988 -0.30427614 -0.9471973
vn 0.03926543 -0.40242586 -0.9146101
vn -0.5135926 -0.787323 -0.34109402
vn -0.6643132 0.034932222 -0.74663764
vn 0.0005973397 -0.99999166 0.0040387823
vn -0.2270183 -0.85783625 -0.46106362
vn 0.016732 -0.99980897 0.010100312
vn 0.06725935 -0.81511533 -0.57538086
vn 0.014968215 -0.9922956 -0.12298526
vn 0.014460636 -0.9903425 -0.1378864
vn 0.0619373 -0.68024933 -0.7303592
vn -0.010729816 -0.999916 0.0072647007
vn -0.009966058 -0.99993837 -0.004895833
vn -0.020695822 -0.9983053 0.054389592
vn 0.012497566 -0.99876547 0.048075937
vn 0.013264079 -0.99915195 -0.03898093
vn 0.015455763 -0.9992537 -0.035400882
vn -0.013836806 -0.9998089 0.013809405
vn 0.0418913 -0.99902314 -0.014067615
vn 0.040646862 -0.9979384 -0.049667325
vn -0.06329508 -0.99774426 -0.022364127
vn 0.07501166 -0.99578553 -0.052767277
vn 0.00062733947 -0.9973309 0.07301131
vn -0.4352323 -0.88557017 -0.16229086
vn -0.034815583 -0.9989433 -0.030001191
vn 0.0074904505 -0.9989424 -0.045364928
vn 0.03229089 -0.9994496 -0.0076005463
vn -0.013995598 -0.9980875 0.060210943
vn 0.01465853 -0.9998583 0.008272471
vn 0.008978587 -0.9999092 -0.0100472225
vn -0.021452013 -0.99968016 0.013394902
vn -0.046414994 -0.998302 0.035197355
vn 0.018642154 -0.99785733 -0.06271503
vn 0.11602894 -0.99028623 -0.07661872
vn 0.0068853474 -0.9986751 -0.05099629
vn 0.0070337025 -0.9970056 -0.077009074
vn -0.089343786 -0.9815801 0.16887352
vn -0.04406891 -0.9990188 -0.0044054445
vn -0.04686988 -0.99889475 0.0035309743
vn -0.052916877 -0.99855804 -0.009033666
vn 0.01690594 -0.99979293 0.011328124
vn -0.034946315 -0.99827564 -0.047165032
vn -0.014317761 -0.9998084 0.013348737
vn 0.0026344599 -0.99992937 -0.011588674
vn -0.03880807 -0.99903363 -0.020633342
vn -0.037669368 -0.9980448 0.049875926
vn -0.0011579905 -0.9984596 0.055471797
vn -0.04547405 -0.9981495 0.040369105
vn -0.47797564 -0.85445935 -0.20356452
vn 0.022424672 -0.9991882 0.033467483
vn 0.070125565 -0.996371 0.048241965
vn 0.04690812 -0.99888927 -0.0044616065
vn 0.036309898 -0.9964861 0.07547857
vn 0.035287093 -0.99869746 0.036853217
vn 0.022480424 -0.9996545 -0.013624045
vn 0.023877941 -0.99911004 0.034770258
vn 0.012792259 -0.99988055 -0.008672632
vn 0.016689451 -0.99983495 -0.007176775
vn 0.030384563 -0.99928445 -0.022524536
vn -0.040741 -0.99822396 -0.043463442
vn -0.028827664 -0.9992656 -0.025244078
vn 0.024771282 -0.99854565 -0.047884975
vn -0.011846497 -0.9997203 -0.020470379
vn -0.0714785 -0.99732447 -0.015322005
vn 0.020021817 -0.98644346 0.16287535
vn 0.025854515 -0.9983918 0.050450835
vn 0.01407787 -0.9994406 0.030336138
vn 0.15490006 -0.98738736 0.032743588
vn -0.0028230597 -0.99870116 -0.050872758
vn -0.00045140024 -0.9999546 0.00951935
vn 0.026626708 -0.99956465 0.01270739
vn 0.0017416143 -0.999667 0.02574576
vn -0.009177044 -0.99994737 -0.0045806523
vn -0.0041365814 -0.99839544 -0.056475528
vn -0.033662528 -0.99930274 -0.016151363
vn 0.015240969 -0.99968505 -0.019937826
vn -0.006545656 -0.9960376 0.08869181
vn -0.021259734 -0.99645776 0.08136302
vn 0.014096313 -0.9949115 0.099761635
vn 0.0032240315 -0.9981764 0.060277987
vn 0.03957577 -0.64946073 0.75936455
vn -0.025951676 -0.6827409 0.7301995
vn 0.030220302 -0.50257516 0.86400515
vn 0.029501384 -0.99954814 0.005763166
vn -0.02952525 -0.6479094 0.761145
vn 0.015542941 -0.9996653 -0.020680374
vn 0.002609183 -0.9999493 0.009726031
vn 0.034834728 -0.99899435 -0.028227374
vn 0.020784652 -0.9997614 -0.006718016
vn -0.0026839175 -0.9997547 -0.021984786
vn 0.015589942 -0.99954706 0.025742121
vn -0.032196384 -0.9994195 -0.011135083
vn -0.019994661 -0.9996395 0.017917318
vn -0.067082986 -0.99759734 0.017305464
vn -0.33796746 -0.93899214 -0.06381036
vn -0.5446012 -0.81604046 -0.19361705
vn -0.061743654 -0.995084 -0.07743115
vn -0.026179511 -0.9993533 0.024651047
vn -0.27431923 -0.9160687 0.29251856
vn -0.8067207 -0.23463486 0.54235435
vn -0.22937262 -0.88068485 0.41446644
vn -0.17786418 -0.98389244 0.017888743
vn -0.049178865 -0.9987573 -0.008078883
vn -0.023943875 -0.999636 0.012433128
vn -0.00038094984 -0.99988955 0.014858962
vn 0 0 0
vn -0.020199869 -0.87269795 0.48784244
vn -0.0152707165 -0.99936914 0.03206453
vn 0.045997348 -0.9987459 0.019770717
vn -0.0017196381 -0.999568 0.029340722
vn -0.38121495 -0.9030463 0.19794568
vn -0.47225678 -0.87092936 0.13585147
vn 0.022166355 -0.99972665 -0.0074351253
vn -0.009905783 -0.999923 0.0074797454
vn 0.1713681 -0.96990275 -0.1729787
vn 0.5580671 -0.75862575 -0.33622625
vn 0.588395 -0.5189562 -0.6200611
vn 0.48421672 -0.6425439 -0.5938615
vn 0.15799622 -0.9753794 -0.15385756
vn -0.0076007224 -0.99796534 0.0633042
vn 0.24278502 -0.6938933 0.6779141
vn -0.13636112 -0.9841428 0.11344002
vn -0.13136993 -0.9850208 0.1116956
vn 0.19835149 -0.770584 0.6056872
vn -0.6903823 -0.2603941 0.6749572
vn -0.75771487 0.0034837076 0.65257645
vn 0.028976925 -0.99865156 -0.043074463
vn -0.04430011 -0.8087329 -0.58650535
vn -0.083686754 -0.727411 -0.6810799
vn -0.025523616 -0.7579651 -0.65179557
vn -0.0030688206 -0.9951461 -0.0983608
vn -0.024445273 -0.99956495 0.016503552
vn -0.062181477 -0.997007 0.04594007
vn 0.08299331 -0.9963964 -0.01750052
vn 0.034228217 -0.9989213 -0.031381007
vn -0.2067549 -0.9607493 0.18496802
vn -0.022066819 -0.9984811 0.050483473
vn -0.24636556 -0.9688833 -0.02385749
vn -0.832799 -0.5479951 -0.078403786
vn -0.9742898 -0.1187993 -0.19143179
vn -0.97750807 -0.19990017 0.067215666
vn -0.9071384 -0.4208235 0.0027442111
vn -0.047946192 -0.99884576 0.0028910527
vn -0.3229078 -0.94608825 0.025448121
vn 0.053758558 -0.9969854 0.05594788
vn -0.06613884 -0.99775773 -0.01025754
vn -0.10078837 -0.99490553 0.002176976
vn -0.6030243 -0.79768443 0.0078234915
vn -0.024825724 -0.9992619 0.029313821
vn -0.00103469 -0.9994754 -0.032370806
vn -0.12326886 -0.89646715 -0.4256189
vn 0.0135242995 -0.9991595 0.038695067
vn 0.33003458 -0.87713575 0.3488696
vn 0.53222716 -0.76853585 0.35508707
vn 0.23523036 -0.92232615 0.30656347
vn 0.6057791 -0.7257289 0.32611224
vn 0.2141779 -0.9466229 0.24090019
vn 0.015356188 -0.99950135 0.027589658
vn 0.032580353 -0.97725296 0.2095595
vn 0.058175154 -0.99816173 -0.016994748
vn 0.023686208 -0.99961096 0.014726953
vn -0.009821413 -0.99872404 0.049535643
vn 0.65946805 -0.7469286 -0.0848501
vn 0.54520696 -0.8197638 -0.17531891
vn 0.11484614 -0.99336904 -0.0053152707
vn 0.7347348 -0.6781872 -0.015063905
vn 0.09463037 -0.9955069 0.003329599
vn 0.766922 -0.64167315 -0.009283619
vn 0.6989388 -0.7145755 -0.029433547
vn 0.13545135 -0.9905268 0.022573367
vn 0.6581791 -0.7526799 -0.016531745
vn 0.15046638 -0.9881525 -0.030241497
vn 0.8938721 -0.34737977 0.2834079
vn -0.07011622 -0.92736775 0.36752242
vn -0.26793173 -0.75736815 0.59548813
vn 0.43116787 -0.6518997 0.6237957
vn 0.24515392 -0.9037859 -0.35081422
vn 0.69617516 -0.04370828 -0.71654016
vn 0.019934086 -0.9996976 0.014396218
vn -0.009716687 -0.99989265 0.010968088
vn 0.048349652 -0.99882996 0.0009985995
vn 0.012700372 -0.99861777 0.051002987
vn 0.21592842 -0.9764084 0.0012450633
vn 0.017519066 -0.99984574 -0.0012764953
vn -0.012913776 -0.999881 0.008434923
vn -0.66050327 -0.42170298 0.6212101
vn -0.72133034 -0.24275242 0.6486554
vn -0.016617864 -0.9998325 0.007665338
vn 0.41793045 -0.8985523 -0.13393256
vn 0.0135242995 -0.9991595 0.038695067
vn -0.04406891 -0.9990188 -0.0044054445
vn -0.066840485 -0.99614775 0.056763135
vn 0 0 0
vn 0.0135242995 -0.9991595 0.038695067
vn -0.066840485 -0.99614775 0.056763135
vn -0.04686988 -0.99889475 0.0035309743
vn 0 0 0
vn 0.0029573462 -0.9998523 0.016930051
vn -0.034946315 -0.99827564 -0.047165032
vn -0.00103469 -0.9994754 -0.032370806
vn -0.012913776 -0.999881 0.008434923
vn 0.015542941 -0.9996653 -0.020680374
vn 0.045997348 -0.9987459 0.019770717
vn 0.015240969 -0.99968505 -0.019937826
vn -0.00038094984 -0.99988955 0.014858962
vn -0.0017196381 -0.999568 0.029340722
vn -0.037669368 -0.9980448 0.049875926
vn 0 0 0
vn -0.047946192 -0.99884576 0.0028910527
vn -0.009716687 -0.99989265 0.010968088
vn 0.019934086 -0.9996976 0.014396218
vn -0.06613884 -0.99775773 -0.01025754
vn 0.017519066 -0.99984574 -0.0012764953
vn -0.10078837 -0.99490553 0.002176976
vn 0.048349652 -0.99882996 0.0009985995
vn 0 0 0
vn -0.047946192 -0.99884576 0.0028910527
vn -0.10078837 -0.99490553 0.002176976
vn 0 0 0
vn -0.61106265 0.71581566 -0.33795023
vn -0.7687456 0.5742296 -0.28158587
vn 0 0 0
vn -0.81683713 -0.5726113 -0.06995332
vn 0 0 0
vn -0.8435632 -0.42115152 0.33321542
vn 0.4568142 0.38088793 0.80389374
vn -0.5526239 -0.5502603 0.6259556
vn 0.352375 -0.2331155 0.9063603
vn 0 0 0
vn 0.4568142 0.38088793 0.80389374
vn 0 0 0
vn 0.352375 -0.2331155 0.9063603
vn 0.07785566 -0.43609023 0.8965288
vn -0.027063932 -0.40672645 0.913149
vn 0 0 0
vn 0.6454592 0.49614978 0.5807046
vn 0 0 0
vn 0.8870127 0.17450252 0.42750126
vn 0.061829504 -0.09693356 -0.9933685
vn 0.4568142 0.38088793 0.80389374
vn 0.71663314 0.33640704 -0.610956
vn -0.5526239 -0.5502603 0.6259556
vn -0.55290604 0.09758581 -0.82750946
vn -0.5558774 0.003303075 -0.8312577
vn 0.41493493 -0.072653495 -0.9069457
vn -0.030289877 0.27310452 -0.9615074
vn -0.37542045 0.041298185 -0.9259341
vn -0.54952437 0.017460214 -0.8352952
vn -0.3133096 0.00025063223 -0.949651
vn -0.40064135 0.24890651 -0.88177776
vn -0.5617757 0.4834086 -0.67135996
vn -0.6301963 -0.22237775 -0.7439091
vn -0.45185083 -0.103490345 -0.8860703
vn -0.017647428 0.006826507 -0.99982095
vn -0.022961518 -0.00038098614 -0.99973625
vn -0.00028756371 0.00007636631 -0.99999994
vn -0.0058232667 0.0058926744 -0.99996567
vn -0.0001971837 -0.0002257808 -0.99999994
vn -0.00036994874 0.00023657197 -0.9999999
vn -0.10226252 0.19749355 -0.97495574
vn -0.0004629445 0.00011891354 -0.9999999
vn -0.00062188343 0.00035921906 -0.99999976
vn 0.14110129 0.247211 -0.95863295
vn -0.06251534 -0.07884369 -0.9949249
vn -0.000730509 -0.024971217 -0.9996879
vn 0.25004864 -0.03350903 -0.9676533
vn 0.31338677 -0.013780415 -0.9495256
vn 0.22722322 0.0116692 -0.97377276
vn 0.3710969 -0.03171929 -0.92805225
vn 0.40332064 -0.090714455 -0.91055113
vn 0.33256578 0.27613255 -0.9017488
vn -0.001591793 -0.00472991 -0.99998754
vn -0.10660678 -0.06724896 -0.9920245
vn 0.17287834 0.0013142877 -0.9849423
vn 0.11041723 0.045367476 -0.99284935
vn -0.016023159 0.0015601378 -0.9998704
vn -0.20041327 0.32871896 -0.9229184
vn 0.30933186 0.056230515 -0.9492902
vn 0.053063486 0.017889837 -0.9984309
vn -0.19746831 0.12476048 -0.97233796
vn -0.1867626 -0.26889473 -0.94488907
vn -0.04245788 -0.13441697 -0.99001485
vn 0.07026631 -0.14340621 -0.9871663
vn -0.13090068 -0.18958814 -0.9730988
vn -0.1604278 -0.29282913 -0.9426102
vn -0.09738863 -0.13635926 -0.9858608
vn -0.095761746 -0.52506673 -0.84565634
vn -0.2742893 -0.52127457 -0.8081078
vn -0.19843192 -0.071771316 -0.97748333
vn -0.49190012 -0.062072102 -0.86843616
vn -0.36077127 0.0739988 -0.9297141
vn -0.26087868 -0.008162437 -0.9653371
vn -0.1806207 -0.08228262 -0.980105
vn -0.24222963 0.047393586 -0.9690607
vn 0.40293 -0.0037668534 -0.91522306
vn 0.06732795 -0.10129122 -0.99257594
vn 0.101099394 -0.026786607 -0.99451566
vn -0.013131962 -0.54117334 -0.8408085
vn 0.0861686 -0.6215454 -0.77862465
vn -0.08250125 0.19454703 -0.9774175
vn -0.17367667 0.0020397385 -0.98480064
vn -0.015660599 -0.4552585 -0.8902216
vn -0.12984556 -0.33608863 -0.93283683
vn -0.09988158 0.2589752 -0.96070576
vn 0.048185695 -0.4120073 -0.90990555
vn -0.07810201 0.057058383 -0.9953112
vn 0.4266193 -0.19447213 -0.88327605
vn 0.34073925 0.030165903 -0.9396738
vn -0.07322724 -0.0051305844 -0.99730206
vn 0.1755205 -0.057501618 -0.98279506
vn 0.42031068 -0.44488883 -0.7908305
vn 0.21623601 0.093550675 -0.9718489
vn 0.06171885 -0.62732553 -0.7763076
vn 0 0 0
vn -0.5604466 -0.52235824 -0.642683
vn -0.10892358 -0.67124116 -0.7331923
vn 0.4653078 -0.28067347 -0.8394707
vn -0.17367667 0.0020397385 -0.98480064
vn 0.21623601 0.093550675 -0.9718489
vn 0 0 0
vn 0.45535606 -0.09187204 0.8855565
vn 0.27268928 -0.26388124 0.9252066
vn 0.25440305 -0.13375957 0.9578034
vn 0 0 0
vn 0.45535606 -0.09187204 0.8855565
vn 0.27268928 -0.26388124 0.9252066
vn 0 0 0
vn -0.07322724 -0.0051305844 -0.99730206
vn 0 0 0
vn 0.8104098 -0.51645666 -0.27660173
vn -0.07157252 0.15474334 0.9853588
vn 0.18254578 0.41078135 0.89327246
vn 0.0014434233 0.5750713 0.81810206
vn 0 0 0
vn -0.07157252 0.15474334 0.9853588
vn 0.18254578 0.41078135 0.89327246
vn 0 0 0
vn 0.058993988 0.01344466 -0.9981678
vn 0.07125134 -0.16403756 -0.9838775
vn 0.3052913 0.24993736 -0.91887355
vn 0.970826 -0.017447015 0.2391494
vn 0.5428137 0.5301901 -0.6513461
vn 0.93462217 0.28648585 -0.21073024
vn 0.19485477 0.27501112 -0.94148844
vn 0.19485477 0.27501112 -0.94148844
vn 0.93462217 0.28648585 -0.21073024
vn 0.3052913 0.24993736 -0.91887355
vn 0.043408845 0.08592346 -0.9953556
vn -0.07322724 -0.0051305844 -0.99730206
vn 0 0 0
vn 0 0 0
vn -0.07322724 -0.0051305844 -0.99730206
vn 0 0 0
vn 0 0 0
vn -0.013166951 -0.5236151 0.85185313
vn 0 0 0
vn 0.17600797 0.0013203828 0.9843879
vn 0.07785566 -0.43609023 0.8965288
vn 0 0 0
vn 0 0 0
usemtl material_0
f 1/1/1 2/2/2 3/3/3
f 1/1/1 3/3/3 4/4/4
f 5/5/5 6/6/6 7/7/7
f 5/5/5 7/7/7 6/6/6 8/8/8
f 9/9/9 10/10/10 11/11/11
f 12/12/12 13/13/13 14/14/14
f 15/15/15 16/16/16 17/17/17
f 18/18/18 19/19/19 20/20/20
f 21/21/21 22/22/22 23/23/23
f 24/24/24 25/25/25 26/26/26
f 27/27/27 28/28/28 29/29/29
f 30/30/30 33/33/33 31/31/31 32/32/32
f 30/30/30 32/32/32 31/31/31 33/33/33
f 34/34/34 35/35/35 36/36/36
f 37/37/37 38/38/38 39/39/39
f 40/40/40 41/41/41 42/42/42
f 43/43/43 44/44/44 45/45/45
f 46/46/46 47/47/47 48/48/48
f 47/47/47 49/49/49 48/48/48
f 50/50/50 51/51/51 52/52/52
f 53/53/53 54/54/54 55/55/55
f 56/56/56 57/57/57 58/58/58
f 59/59/59 60/60/60 61/61/61
f 62/62/62 68/68/68 63/63/63 64/64/64
f 62/62/62 65/65/65 66/66/66 68/68/68
f 67/67/67 73/73/73 66/66/66 65/65/65
f 66/66/66 74/74/74 69/69/69 68/68/68
f 68/68/68 69/69/69 70/70/70 63/63/63
f 71/71/71 106/106/106 72/72/72 73/73/73
f 73/73/73 72/72/72 74/74/74 66/66/66
f 75/75/75 76/76/76 69/69/69 74/74/74
f 75/75/75 74/74/74 72/72/72 77/77/77
f 78/78/78 77/77/77 72/72/72 106/106/106
f 75/75/75 77/77/77 79/79/79 80/80/80
f 78/78/78 107/107/107 79/79/79 77/77/77
f 81/81/81 82/82/82 75/75/75 80/80/80
f 81/81/81 83/83/83 84/84/84
f 83/83/83 111/111/111 85/85/85 84/84/84
f 81/81/81 84/84/84 86/86/86 87/87/87
f 86/86/86 84/84/84 85/85/85 116/116/116
f 87/87/87 86/86/86 88/88/88 122/122/122
f 81/81/81 87/87/87 89/89/89 82/82/82
f 87/87/87 122/122/122 90/90/90 89/89/89
f 82/82/82 89/89/89 91/91/91 93/93/93
f 89/89/89 90/90/90 92/92/92 91/91/91
f 93/93/93 91/91/91 94/94/94 95/95/95
f 75/75/75 82/82/82 93/93/93 76/76/76
f 76/76/76 93/93/93 95/95/95 96/96/96
f 69/69/69 76/76/76 96/96/96 70/70/70
f 97/97/97 98/98/98 99/99/99 101/101/101
f 98/98/98 139/139/139 100/100/100 99/99/99
f 102/102/102 107/107/107 101/101/101 99/99/99
f 97/97/97 101/101/101 103/103/103 104/104/104
f 78/78/78 103/103/103 101/101/101 107/107/107
f 78/78/78 106/106/106 105/105/105 103/103/103
f 102/102/102 108/108/108 79/79/79 107/107/107
f 102/102/102 110/110/110 109/109/109 108/108/108
f 108/108/108 109/109/109 111/111/111 83/83/83
f 109/109/109 140/140/140 112/112/112 111/111/111
f 111/111/111 112/112/112 113/113/113 85/85/85
f 85/85/85 113/113/113 114/114/114 116/116/116
f 113/113/113 143/143/143 115/115/115 114/114/114
f 116/116/116 114/114/114 117/117/117 118/118/118
f 86/86/86 116/116/116 118/118/118 88/88/88
f 118/118/118 120/120/120 119/119/119 88/88/88
f 121/121/121 122/122/122 88/88/88 119/119/119
f 121/121/121 119/119/119 123/123/123 125/125/125
f 119/119/119 120/120/120 124/124/124 123/123/123
f 125/125/125 123/123/123 126/126/126 162/162/162
f 127/127/127 121/121/121 125/125/125 128/128/128
f 127/127/127 90/90/90 122/122/122 121/121/121
f 129/129/129 128/128/128 125/125/125 162/162/162
f 130/130/130 90/90/90 127/127/127
f 130/130/130 131/131/131 92/92/92 90/90/90
f 92/92/92 131/131/131 132/132/132 133/133/133
f 91/91/91 92/92/92 133/133/133 94/94/94
f 134/134/134 135/135/135 136/136/136 137/137/137
f 138/138/138 137/137/137 136/136/136 173/173/173
f 139/139/139 134/134/134 137/137/137 100/100/100
f 138/138/138 110/110/110 100/100/100 137/137/137
f 138/138/138 140/140/140 109/109/109 110/110/110
f 102/102/102 99/99/99 100/100/100 110/110/110
f 138/138/138 173/173/173 141/141/141 140/140/140
f 140/140/140 141/141/141 142/142/142 112/112/112
f 112/112/112 142/142/142 143/143/143 113/113/113
f 143/143/143 142/142/142 144/144/144 146/146/146
f 143/143/143 146/146/146 145/145/145 115/115/115
f 115/115/115 145/145/145 147/147/147 149/149/149
f 148/148/148 191/191/191 147/147/147 145/145/145
f 149/149/149 147/147/147 150/150/150 151/151/151
f 114/114/114 115/115/115 149/149/149 117/117/117
f 117/117/117 149/149/149 151/151/151 152/152/152
f 152/152/152 151/151/151 153/153/153 154/154/154
f 118/118/118 117/117/117 152/152/152 120/120/120
f 120/120/120 152/152/152 154/154/154 124/124/124
f 124/124/124 154/154/154 155/155/155 157/157/157
f 154/154/154 153/153/153 156/156/156 155/155/155
f 158/158/158 157/157/157 155/155/155 202/202/202
f 123/123/123 124/124/124 157/157/157 126/126/126
f 158/158/158 159/159/159 126/126/126 157/157/157
f 158/158/158 205/205/205 160/160/160 159/159/159
f 161/161/161 162/162/162 126/126/126 159/159/159
f 161/161/161 159/159/159 160/160/160 163/163/163
f 161/161/161 163/163/163 164/164/164
f 129/129/129 162/162/162 161/161/161 165/165/165
f 166/166/166 167/167/167 168/168/168
f 167/167/167 215/215/215 169/169/169 168/168/168
f 166/166/166 168/168/168 170/170/170 172/172/172
f 171/171/171 170/170/170 168/168/168 169/169/169
f 171/171/171 136/136/136 172/172/172 170/170/170
f 171/171/171 174/174/174 173/173/173 136/136/136
f 173/173/173 174/174/174 175/175/175 141/141/141
f 175/175/175 144/144/144 142/142/142 141/141/141
f 176/176/176 177/177/177 144/144/144 175/175/175
f 176/176/176 175/175/175 178/178/178
f 171/171/171 179/179/179 178/178/178 175/175/175
f 176/176/176 178/178/178 179/179/179 180/180/180
f 169/169/169 217/217/217 180/180/180 179/179/179
f 176/176/176 180/180/180 181/181/181
f 180/180/180 218/218/218 182/182/182 181/181/181
f 176/176/176 181/181/181 183/183/183 177/177/177
f 181/181/181 182/182/182 184/184/184 183/183/183
f 177/177/177 183/183/183 185/185/185 187/187/187
f 183/183/183 184/184/184 186/186/186 185/185/185
f 187/187/187 185/185/185 188/188/188 148/148/148
f 144/144/144 177/177/177 187/187/187 146/146/146
f 187/187/187 148/148/148 145/145/145 146/146/146
f 148/148/148 188/188/188 189/189/189 191/191/191
f 189/189/189 188/188/188 190/190/190 228/228/228
f 191/191/191 189/189/189 192/192/192 193/193/193
f 150/150/150 147/147/147 191/191/191 193/193/193
f 150/150/150 193/193/193 194/194/194 195/195/195
f 192/192/192 238/238/238 194/194/194 193/193/193
f 195/195/195 194/194/194 196/196/196 197/197/197
f 153/153/153 151/151/151 150/150/150 195/195/195
f 153/153/153 195/195/195 197/197/197 156/156/156
f 156/156/156 197/197/197 198/198/198 200/200/200
f 197/197/197 196/196/196 199/199/199 198/198/198
f 200/200/200 198/198/198 201/201/201 203/203/203
f 155/155/155 156/156/156 200/200/200 202/202/202
f 202/202/202 200/200/200 203/203/203 204/204/204
f 158/158/158 202/202/202 204/204/204 205/205/205
f 206/206/206 207/207/207 208/208/208 253/253/253
f 206/206/206 253/253/253 209/209/209 210/210/210
f 211/211/211 210/210/210 209/209/209 212/212/212
f 212/212/212 209/209/209 213/213/213 216/216/216
f 214/214/214 215/215/215 211/211/211 212/212/212
f 214/214/214 212/212/212 216/216/216 217/217/217
f 217/217/217 216/216/216 218/218/218 180/180/180
f 214/214/214 217/217/217 169/169/169 215/215/215
f 218/218/218 220/220/220 219/219/219 182/182/182
f 184/184/184 182/182/182 219/219/219 221/221/221
f 219/219/219 257/257/257 222/222/222 221/221/221
f 184/184/184 221/221/221 223/223/223 186/186/186
f 221/221/221 222/222/222 224/224/224 223/223/223
f 190/190/190 186/186/186 223/223/223 225/225/225
f 185/185/185 186/186/186 190/190/190 188/188/188
f 223/223/223 224/224/224 226/226/226 225/225/225
f 227/227/227 228/228/228 190/190/190 225/225/225
f 227/227/227 225/225/225 226/226/226 229/229/229
f 229/229/229 226/226/226 230/230/230 261/261/261
f 227/227/227 229/229/229 231/231/231 233/233/233
f 232/232/232 231/231/231 229/229/229 261/261/261
f 233/233/233 231/231/231 234/234/234 236/236/236
f 227/227/227 233/233/233 235/235/235 228/228/228
f 235/235/235 233/233/233 236/236/236 237/237/237
f 189/189/189 228/228/228 235/235/235 192/192/192
f 192/192/192 235/235/235 237/237/237 238/238/238
f 238/238/238 237/237/237 239/239/239 240/240/240
f 194/194/194 238/238/238 240/240/240 196/196/196
f 241/241/241 199/199/199 196/196/196 240/240/240
f 241/241/241 240/240/240 239/239/239 242/242/242
f 242/242/242 239/239/239 243/243/243 267/267/267
f 241/241/241 242/242/242 244/244/244 246/246/246
f 242/242/242 267/267/267 245/245/245 244/244/244
f 246/246/246 244/244/244 247/247/247 249/249/249
f 241/241/241 246/246/246 248/248/248 199/199/199
f 248/248/248 246/246/246 249/249/249 250/250/250
f 198/198/198 199/199/199 248/248/248 201/201/201
f 201/201/201 248/248/248 250/250/250 251/251/251
f 203/203/203 201/201/201 251/251/251 252/252/252
f 253/253/253 208/208/208 254/254/254 255/255/255
f 256/256/256 255/255/255 254/254/254 273/273/273
f 209/209/209 253/253/253 255/255/255 213/213/213
f 213/213/213 255/255/255 256/256/256 220/220/220
f 219/219/219 220/220/220 256/256/256 257/257/257
f 218/218/218 216/216/216 213/213/213 220/220/220
f 256/256/256 273/273/273 258/258/258 257/257/257
f 257/257/257 258/258/258 259/259/259 222/222/222
f 222/222/222 259/259/259 260/260/260 224/224/224
f 224/224/224 260/260/260 230/230/230 226/226/226
f 232/232/232 262/262/262 234/234/234 231/231/231
f 234/234/234 262/262/262 263/263/263 264/264/264
f 264/264/264 263/263/263 265/265/265 266/266/266
f 236/236/236 234/234/234 264/264/264 243/243/243
f 243/243/243 264/264/264 266/266/266 267/267/267
f 237/237/237 236/236/236 243/243/243 239/239/239
f 267/267/267 266/266/266 268/268/268 245/245/245
f 269/269/269 270/270/270 245/245/245 268/268/268
f 269/269/269 268/268/268 271/271/271 272/272/272
f 266/266/266 265/265/265 271/271/271 268/268/268
f 244/244/244 245/245/245 270/270/270 247/247/247
f 171/171/171 169/169/169 179/179/179
f 171/171/171 175/175/175 174/174/174
f 71/71/71 73/73/73 67/67/67 274/274/274
f 274/274/274 275/275/275 276/276/276 71/71/71
f 276/276/276 105/105/105 106/106/106 71/71/71
f 130/130/130 277/277/277 278/278/278 131/131/131
f 278/278/278 279/279/279 132/132/132 131/131/131
f 80/80/80 79/79/79 108/108/108 83/83/83
f 81/81/81 280/280/280 80/80/80 83/83/83
f 204/204/204 203/203/203 252/252/252 281/281/281
f 205/205/205 204/204/204 281/281/281 282/282/282
f 160/160/160 205/205/205 282/282/282 283/283/283
f 160/160/160 283/283/283 284/284/284 163/163/163
f 285/285/285 163/163/163 284/284/284 286/286/286
f 258/258/258 273/273/273 287/287/287 288/288/288
f 254/254/254 289/289/289 287/287/287 273/273/273
f 258/258/258 288/288/288 290/290/290 259/259/259
f 259/259/259 290/290/290 291/291/291 260/260/260
f 260/260/260 291/291/291 292/292/292 230/230/230
f 208/208/208 293/293/293 289/289/289 254/254/254
f 294/294/294 293/293/293 208/208/208 207/207/207
f 63/63/63 70/70/70 295/295/295 297/297/297
f 70/70/70 96/96/96 296/296/296 295/295/295
f 64/64/64 63/63/63 297/297/297 298/298/298
f 96/96/96 95/95/95 299/299/299 296/296/296
f 300/300/300 133/133/133 132/132/132 302/302/302
f 300/300/300 301/301/301 94/94/94 133/133/133
f 95/95/95 94/94/94 301/301/301 299/299/299
f 303/303/303 304/304/304 301/301/301 300/300/300
f 303/303/303 300/300/300 305/305/305
f 303/303/303 305/305/305 306/306/306 307/307/307
f 62/62/62 64/64/64 308/308/308 65/65/65
f 308/308/308 64/64/64 298/298/298 309/309/309
f 274/274/274 308/308/308 309/309/309 310/310/310
f 298/298/298 312/312/312 311/311/311 309/309/309
f 310/310/310 309/309/309 311/311/311 313/313/313
f 67/67/67 65/65/65 308/308/308 274/274/274
f 274/274/274 310/310/310 314/314/314 275/275/275
f 275/275/275 314/314/314 315/315/315 276/276/276
f 276/276/276 315/315/315 316/316/316 104/104/104
f 317/317/317 318/318/318 316/316/316 315/315/315
f 318/318/318 320/320/320 319/319/319 316/316/316
f 318/318/318 322/322/322 321/321/321 320/320/320
f 319/319/319 320/320/320 323/323/323 324/324/324
f 321/321/321 325/325/325 323/323/323 320/320/320
f 317/317/317 315/315/315 326/326/326
f 317/317/317 326/326/326 327/327/327 328/328/328
f 327/327/327 326/326/326 329/329/329 330/330/330
f 105/105/105 276/276/276 104/104/104 103/103/103
f 97/97/97 104/104/104 316/316/316 319/319/319
f 97/97/97 319/319/319 324/324/324 98/98/98
f 324/324/324 323/323/323 331/331/331 354/354/354
f 331/331/331 323/323/323 325/325/325 332/332/332
f 333/333/333 334/334/334 331/331/331 332/332/332
f 333/333/333 335/335/335 334/334/334
f 333/333/333 337/337/337 336/336/336 335/335/335
f 338/338/338 335/335/335 336/336/336 339/339/339
f 338/338/338 341/341/341 340/340/340 335/335/335
f 338/338/338 342/342/342 341/341/341
f 340/340/340 341/341/341 343/343/343 135/135/135
f 343/343/343 341/341/341 342/342/342 344/344/344
f 134/134/134 353/353/353 340/340/340 135/135/135
f 136/136/136 135/135/135 343/343/343 172/172/172
f 342/342/342 346/346/346 345/345/345 344/344/344
f 347/347/347 348/348/348 345/345/345 346/346/346
f 167/167/167 345/345/345 348/348/348 211/211/211
f 167/167/167 211/211/211 215/215/215
f 347/347/347 350/350/350 349/349/349 348/348/348
f 211/211/211 348/348/348 349/349/349 210/210/210
f 349/349/349 351/351/351 206/206/206 210/210/210
f 352/352/352 351/351/351 349/349/349 350/350/350
f 166/166/166 172/172/172 343/343/343 344/344/344
f 166/166/166 344/344/344 345/345/345 167/167/167
f 353/353/353 334/334/334 335/335/335 340/340/340
f 139/139/139 354/354/354 353/353/353 134/134/134
f 98/98/98 324/324/324 354/354/354 139/139/139
f 354/354/354 331/331/331 334/334/334 353/353/353
f 355/355/355 366/366/366 356/356/356 357/357/357
f 356/356/356 380/380/380 358/358/358 359/359/359
f 358/358/358 381/381/381 360/360/360 359/359/359
f 361/361/361 366/366/366 362/362/362 363/363/363
f 362/362/362 364/364/364 365/365/365 367/367/367
f 366/366/366 355/355/355 364/364/364 362/362/362
f 367/367/367 365/365/365 368/368/368 371/371/371
f 363/363/363 362/362/362 367/367/367 369/369/369
f 367/367/367 371/371/371 370/370/370 369/369/369
f 370/370/370 371/371/371 372/372/372 373/373/373
f 374/374/374 375/375/375 373/373/373 372/372/372
f 376/376/376 375/375/375 374/374/374 377/377/377
f 374/374/374 372/372/372 378/378/378 379/379/379
f 371/371/371 368/368/368 378/378/378 372/372/372
f 356/356/356 366/366/366 361/361/361 380/380/380
f 382/382/382 360/360/360 381/381/381 383/383/383
f 382/382/382 383/383/383 327/327/327
f 384/384/384 387/387/387 385/385/385 386/386/386
f 384/384/384 386/386/386 388/388/388 389/389/389
f 390/390/390 389/389/389 388/388/388 394/394/394
f 384/384/384 389/389/389 391/391/391 357/357/357
f 390/390/390 396/396/396 391/391/391 389/389/389
f 392/392/392 400/400/400 357/357/357 391/391/391
f 384/384/384 357/357/357 356/356/356 359/359/359
f 384/384/384 359/359/359 360/360/360 387/387/387
f 327/327/327 393/393/393 387/387/387 360/360/360
f 327/327/327 360/360/360 382/382/382
f 390/390/390 394/394/394 395/395/395 396/396/396
f 397/397/397 396/396/396 395/395/395 398/398/398
f 397/397/397 392/392/392 391/391/391 396/396/396
f 397/397/397 398/398/398 399/399/399
f 393/393/393 330/330/330 385/385/385 387/387/387
f 327/327/327 330/330/330 393/393/393
f 383/383/383 317/317/317 328/328/328 327/327/327
f 383/383/383 322/322/322 318/318/318 317/317/317
f 322/322/322 383/383/383 381/381/381 401/401/401
f 321/321/321 322/322/322 401/401/401 402/402/402
f 401/401/401 380/380/380 361/361/361 402/402/402
f 358/358/358 380/380/380 401/401/401 381/381/381
f 403/403/403 325/325/325 321/321/321 402/402/402
f 403/403/403 402/402/402 361/361/361 363/363/363
f 403/403/403 363/363/363 404/404/404 405/405/405
f 404/404/404 363/363/363 369/369/369 406/406/406
f 407/407/407 406/406/406 369/369/369 370/370/370
f 407/407/407 370/370/370 373/373/373 408/408/408
f 407/407/407 408/408/408 409/409/409
f 408/408/408 373/373/373 375/375/375 410/410/410
f 333/333/333 409/409/409 408/408/408 336/336/336
f 407/407/407 409/409/409 333/333/333 332/332/332
f 376/376/376 411/411/411 410/410/410 375/375/375
f 403/403/403 406/406/406 332/332/332 325/325/325
f 407/407/407 332/332/332 406/406/406
f 408/408/408 410/410/410 339/339/339 336/336/336
f 339/339/339 410/410/410 411/411/411 412/412/412
f 403/403/403 405/405/405 404/404/404 406/406/406
f 306/306/306 413/413/413 307/307/307
f 278/278/278 277/277/277 414/414/414 415/415/415
f 416/416/416 412/412/412 411/411/411 418/418/418
f 338/338/338 339/339/339 412/412/412 417/417/417
f 417/417/417 412/412/412 416/416/416 419/419/419
f 376/376/376 377/377/377 418/418/418 411/411/411
f 420/420/420 416/416/416 421/421/421
f 374/374/374 424/424/424 422/422/422 423/423/423
f 422/422/422 426/426/426 425/425/425 423/423/423
f 421/421/421 423/423/423 425/425/425 427/427/427
f 421/421/421 416/416/416 418/418/418 423/423/423
f 421/421/421 427/427/427 428/428/428 429/429/429
f 374/374/374 379/379/379 430/430/430 424/424/424
f 431/431/431 426/426/426 422/422/422 432/432/432
f 422/422/422 424/424/424 433/433/433 432/432/432
f 425/425/425 426/426/426 434/434/434 435/435/435
f 427/427/427 425/425/425 435/435/435 436/436/436
f 428/428/428 427/427/427 436/436/436 437/437/437
f 438/438/438 439/439/439 434/434/434 426/426/426
f 431/431/431 438/438/438 426/426/426
f 420/420/420 421/421/421 429/429/429 417/417/417
f 440/440/440 433/433/433 441/441/441 442/442/442
f 443/443/443 444/444/444 440/440/440 442/442/442
f 440/440/440 444/444/444 445/445/445 446/446/446
f 446/446/446 445/445/445 447/447/447 439/439/439
f 431/431/431 432/432/432 446/446/446 439/439/439
f 424/424/424 430/430/430 441/441/441 433/433/433
f 432/432/432 433/433/433 440/440/440 446/446/446
f 431/431/431 439/439/439 438/438/438 448/448/448
f 449/449/449 477/477/477 450/450/450 451/451/451
f 452/452/452 451/451/451 450/450/450 454/454/454
f 453/453/453 452/452/452 454/454/454 456/456/456
f 455/455/455 453/453/453 456/456/456 458/458/458
f 457/457/457 455/455/455 458/458/458 459/459/459
f 460/460/460 459/459/459 461/461/461 463/463/463
f 462/462/462 460/460/460 463/463/463 465/465/465
f 464/464/464 462/462/462 465/465/465 493/493/493
f 466/466/466 661/661/661 467/467/467 468/468/468
f 469/469/469 467/467/467 470/470/470 472/472/472
f 467/467/467 661/661/661 471/471/471 470/470/470
f 470/470/470 509/509/509 473/473/473 472/472/472
f 472/472/472 473/473/473 474/474/474 475/475/475
f 476/476/476 475/475/475 474/474/474 478/478/478
f 477/477/477 476/476/476 478/478/478 480/480/480
f 477/477/477 480/480/480 479/479/479 450/450/450
f 454/454/454 450/450/450 479/479/479 481/481/481
f 481/481/481 479/479/479 482/482/482 484/484/484
f 456/456/456 454/454/454 481/481/481 483/483/483
f 483/483/483 481/481/481 484/484/484 486/486/486
f 458/458/458 456/456/456 483/483/483 485/485/485
f 485/485/485 483/483/483 486/486/486 487/487/487
f 459/459/459 458/458/458 485/485/485 461/461/461
f 461/461/461 485/485/485 487/487/487 488/488/488
f 487/487/487 521/521/521 489/489/489 488/488/488
f 463/463/463 461/461/461 488/488/488 490/490/490
f 490/490/490 488/488/488 489/489/489 492/492/492
f 465/465/465 463/463/463 490/490/490 491/491/491
f 491/491/491 490/490/490 492/492/492 533/533/533
f 493/493/493 465/465/465 491/491/491 494/494/494
f 495/495/495 494/494/494 491/491/491 533/533/533
f 496/496/496 497/497/497 498/498/498 500/500/500
f 497/497/497 543/543/543 499/499/499 498/498/498
f 498/498/498 547/547/547 501/501/501 500/500/500
f 496/496/496 500/500/500 502/502/502 503/503/503
f 502/502/502 500/500/500 501/501/501 506/506/506
f 504/504/504 505/505/505 503/503/503 502/502/502
f 504/504/504 502/502/502 506/506/506 507/507/507
f 507/507/507 506/506/506 508/508/508 511/511/511
f 504/504/504 507/507/507 473/473/473 509/509/509
f 474/474/474 473/473/473 507/507/507 511/511/511
f 504/504/504 509/509/509 510/510/510 505/505/505
f 470/470/470 471/471/471 510/510/510 509/509/509
f 478/478/478 474/474/474 511/511/511 512/512/512
f 512/512/512 511/511/511 508/508/508 514/514/514
f 480/480/480 478/478/478 512/512/512 513/513/513
f 513/513/513 512/512/512 514/514/514 515/515/515
f 480/480/480 513/513/513 482/482/482 479/479/479
f 482/482/482 513/513/513 515/515/515 516/516/516
f 517/517/517 516/516/516 515/515/515 553/553/553
f 484/484/484 482/482/482 516/516/516 518/518/518
f 518/518/518 516/516/516 517/517/517 520/520/520
f 486/486/486 484/484/484 518/518/518 519/519/519
f 519/519/519 518/518/518 520/520/520 522/522/522
f 487/487/487 486/486/486 519/519/519 521/521/521
f 521/521/521 519/519/519 522/522/522 524/524/524
f 523/523/523 489/489/489 521/521/521 524/524/524
f 492/492/492 489/489/489 523/523/523 531/531/531
f 523/523/523 524/524/524 525/525/525 527/527/527
f 524/524/524 522/522/522 526/526/526 525/525/525
f 527/527/527 525/525/525 528/528/528 530/530/530
f 523/523/523 527/527/527 529/529/529 531/531/531
f 529/529/529 527/527/527 530/530/530 660/660/660
f 532/532/532 531/531/531 529/529/529 535/535/535
f 533/533/533 492/492/492 531/531/531 532/532/532
f 495/495/495 533/533/533 532/532/532 534/534/534
f 534/534/534 532/532/532 535/535/535 536/536/536
f 536/536/536 535/535/535 537/537/537 576/576/576
f 538/538/538 539/539/539 540/540/540 591/591/591
f 499/499/499 541/541/541 542/542/542 545/545/545
f 541/541/541 598/598/598 544/544/544 542/542/542
f 545/545/545 542/542/542 546/546/546 551/551/551
f 498/498/498 499/499/499 545/545/545 547/547/547
f 545/545/545 551/551/551 548/548/548 547/547/547
f 549/549/549 501/501/501 547/547/547 548/548/548
f 508/508/508 506/506/506 501/501/501 549/549/549
f 549/549/549 548/548/548 550/550/550 552/552/552
f 550/550/550 548/548/548 551/551/551 659/659/659
f 553/553/553 552/552/552 550/550/550 554/554/554
f 508/508/508 549/549/549 552/552/552 514/514/514
f 515/515/515 514/514/514 552/552/552 553/553/553
f 517/517/517 553/553/553 554/554/554 555/555/555
f 555/555/555 554/554/554 556/556/556 558/558/558
f 520/520/520 517/517/517 555/555/555 557/557/557
f 557/557/557 555/555/555 558/558/558 559/559/559
f 520/520/520 557/557/557 526/526/526 522/522/522
f 526/526/526 557/557/557 559/559/559 560/560/560
f 560/560/560 559/559/559 561/561/561 563/563/563
f 525/525/525 526/526/526 560/560/560 528/528/528
f 560/560/560 563/563/563 562/562/562 528/528/528
f 564/564/564 530/530/530 528/528/528 562/562/562
f 564/564/564 562/562/562 565/565/565 567/567/567
f 562/562/562 563/563/563 566/566/566 565/565/565
f 568/568/568 567/567/567 565/565/565
f 569/569/569 564/564/564 567/567/567 570/570/570
f 569/569/569 660/660/660 530/530/530 564/564/564
f 570/570/570 567/567/567 571/571/571 574/574/574
f 572/572/572 569/569/569 570/570/570 573/573/573
f 537/537/537 660/660/660 569/569/569 572/572/572
f 573/573/573 570/570/570 574/574/574 578/578/578
f 575/575/575 572/572/572 573/573/573 577/577/577
f 576/576/576 537/537/537 572/572/572 575/575/575
f 577/577/577 573/573/573 578/578/578 579/579/579
f 579/579/579 578/578/578 580/580/580 581/581/581
f 581/581/581 580/580/580 582/582/582 584/584/584
f 583/583/583 586/586/586 582/582/582 580/580/580
f 584/584/584 582/582/582 585/585/585 587/587/587
f 585/585/585 582/582/582 586/586/586 588/588/588
f 539/539/539 587/587/587 585/585/585 540/540/540
f 540/540/540 585/585/585 588/588/588 589/589/589
f 589/589/589 588/588/588 590/590/590 593/593/593
f 591/591/591 540/540/540 589/589/589 592/592/592
f 592/592/592 589/589/589 593/593/593 634/634/634
f 594/594/594 595/595/595 596/596/596 650/650/650
f 597/597/597 599/599/599 544/544/544 598/598/598
f 600/600/600 603/603/603 599/599/599 597/597/597
f 601/601/601 602/602/602 544/544/544 599/599/599
f 601/601/601 599/599/599 603/603/603 604/604/604
f 603/603/603 651/651/651 605/605/605 604/604/604
f 606/606/606 601/601/601 604/604/604 608/608/608
f 607/607/607 602/602/602 601/601/601 606/606/606
f 608/608/608 604/604/604 605/605/605 612/612/612
f 609/609/609 606/606/606 608/608/608 611/611/611
f 610/610/610 607/607/607 606/606/606 609/609/609
f 611/611/611 608/608/608 612/612/612 615/615/615
f 613/613/613 609/609/609 611/611/611
f 613/613/613 618/618/618 614/614/614 609/609/609
f 613/613/613 611/611/611 615/615/615 616/616/616
f 617/617/617 641/641/641 616/616/616 615/615/615
f 613/613/613 616/616/616 618/618/618
f 618/618/618 616/616/616 619/619/619 621/621/621
f 618/618/618 621/621/621 620/620/620 614/614/614
f 622/622/622 623/623/623 614/614/614 620/620/620
f 566/566/566 622/622/622 620/620/620 624/624/624
f 563/563/563 561/561/561 622/622/622 566/566/566
f 624/624/624 620/620/620 621/621/621 626/626/626
f 568/568/568 565/565/565 566/566/566 624/624/624
f 625/625/625 624/624/624 626/626/626 628/628/628
f 568/568/568 625/625/625 571/571/571 567/567/567
f 625/625/625 628/628/628 627/627/627 571/571/571
f 574/574/574 571/571/571 627/627/627 583/583/583
f 583/583/583 627/627/627 629/629/629 586/586/586
f 578/578/578 574/574/574 583/583/583 580/580/580
f 627/627/627 628/628/628 630/630/630 629/629/629
f 629/629/629 590/590/590 588/588/588 586/586/586
f 629/629/629 630/630/630 631/631/631 590/590/590
f 593/593/593 590/590/590 631/631/631 632/632/632
f 633/633/633 655/655/655 632/632/632 631/631/631
f 634/634/634 593/593/593 632/632/632 635/635/635
f 632/632/632 655/655/655 636/636/636 635/635/635
f 636/636/636 655/655/655 637/637/637 638/638/638
f 639/639/639 640/640/640 641/641/641
f 640/640/640 637/637/637 642/642/642 641/641/641
f 639/639/639 641/641/641 617/617/617 643/643/643
f 644/644/644 612/612/612 605/605/605 645/645/645
f 646/646/646 647/647/647 645/645/645 648/648/648
f 648/648/648 645/645/645 605/605/605 651/651/651
f 649/649/649 646/646/646 648/648/648 650/650/650
f 594/594/594 650/650/650 648/648/648 651/651/651
f 594/594/594 651/651/651 603/603/603 600/600/600
f 594/594/594 600/600/600 652/652/652 595/595/595
f 617/617/617 615/615/615 612/612/612 644/644/644
f 619/619/619 616/616/616 641/641/641 642/642/642
f 653/653/653 654/654/654 619/619/619 642/642/642
f 653/653/653 642/642/642 637/637/637 655/655/655
f 653/653/653 633/633/633 631/631/631 630/630/630
f 653/653/653 630/630/630 654/654/654
f 628/628/628 626/626/626 654/654/654 630/630/630
f 626/626/626 621/621/621 619/619/619 654/654/654
f 561/561/561 656/656/656 623/623/623 622/622/622
f 559/559/559 558/558/558 656/656/656 561/561/561
f 657/657/657 610/610/610 623/623/623 656/656/656
f 558/558/558 556/556/556 657/657/657 656/656/656
f 556/556/556 659/659/659 658/658/658 657/657/657
f 657/657/657 658/658/658 607/607/607 610/610/610
f 658/658/658 546/546/546 602/602/602 607/607/607
f 551/551/551 546/546/546 658/658/658 659/659/659
f 542/542/542 544/544/544 602/602/602 546/546/546
f 554/554/554 550/550/550 659/659/659 556/556/556
f 623/623/623 610/610/610 609/609/609 614/614/614
f 535/535/535 529/529/529 660/660/660 537/537/537
f 649/649/649 650/650/650 596/596/596 662/662/662
f 663/663/663 664/664/664 665/665/665 457/457/457
f 666/666/666 667/667/667 449/449/449 451/451/451
f 668/668/668 666/666/666 451/451/451 452/452/452
f 669/669/669 668/668/668 452/452/452 453/453/453
f 670/670/670 669/669/669 453/453/453 455/455/455
f 665/665/665 670/670/670 455/455/455 457/457/457
f 663/663/663 457/457/457 459/459/459 460/460/460
f 671/671/671 663/663/663 460/460/460 462/462/462
f 672/672/672 664/664/664 663/663/663 671/671/671
f 673/673/673 671/671/671 462/462/462 464/464/464
f 496/496/496 674/674/674 675/675/675 497/497/497
f 676/676/676 674/674/674 496/496/496 503/503/503
f 675/675/675 677/677/677 543/543/543 497/497/497
f 677/677/677 678/678/678 679/679/679 543/543/543
f 678/678/678 683/683/683 680/680/680 679/679/679
f 543/543/543 679/679/679 541/541/541 499/499/499
f 679/679/679 680/680/680 598/598/598 541/541/541
f 681/681/681 596/596/596 595/595/595 682/682/682
f 682/682/682 595/595/595 652/652/652 686/686/686
f 684/684/684 685/685/685 680/680/680 683/683/683
f 684/684/684 686/686/686 652/652/652 685/685/685
f 685/685/685 597/597/597 598/598/598 680/680/680
f 600/600/600 597/597/597 685/685/685 652/652/652
f 687/687/687 538/538/538 591/591/591 688/688/688
f 688/688/688 591/591/591 592/592/592 689/689/689
f 689/689/689 592/592/592 634/634/634 690/690/690
f 691/691/691 692/692/692 693/693/693 703/703/703
f 694/694/694 695/695/695 696/696/696 647/647/647
f 697/697/697 698/698/698 694/694/694 699/699/699
f 699/699/699 694/694/694 647/647/647 646/646/646
f 649/649/649 662/662/662 699/699/699 646/646/646
f 690/690/690 634/634/634 635/635/635 700/700/700
f 700/700/700 635/635/635 636/636/636 701/701/701
f 701/701/701 636/636/636 638/638/638 702/702/702
f 702/702/702 638/638/638 693/693/693 692/692/692
f 638/638/638 637/637/637 640/640/640 693/693/693
f 639/639/639 643/643/643 703/703/703 693/693/693
f 643/643/643 617/617/617 644/644/644 696/696/696
f 643/643/643 696/696/696 695/695/695 703/703/703
f 647/647/647 696/696/696 644/644/644 645/645/645
f 639/639/639 693/693/693 640/640/640 704/704/704
f 673/673/673 706/706/706 672/672/672 671/671/671
f 673/673/673 464/464/464 705/705/705 706/706/706
f 705/705/705 464/464/464 493/493/493 713/713/713
f 707/707/707 706/706/706 705/705/705 712/712/712
f 708/708/708 672/672/672 706/706/706 707/707/707
f 708/708/708 707/707/707 709/709/709 711/711/711
f 710/710/710 709/709/709 707/707/707 712/712/712
f 712/712/712 705/705/705 713/713/713 714/714/714
f 713/713/713 716/716/716 715/715/715 714/714/714
f 713/713/713 493/493/493 494/494/494 716/716/716
f 716/716/716 494/494/494 495/495/495 717/717/717
f 717/717/717 495/495/495 534/534/534 737/737/737
f 716/716/716 717/717/717 718/718/718 715/715/715
f 717/717/717 737/737/737 719/719/719 718/718/718
f 720/720/720 732/732/732 721/721/721 722/722/722
f 720/720/720 723/723/723 724/724/724
f 725/725/725 727/727/727 724/724/724 723/723/723
f 720/720/720 724/724/724 726/726/726 728/728/728
f 726/726/726 724/724/724 727/727/727 752/752/752
f 729/729/729 758/758/758 728/728/728 726/726/726
f 720/720/720 728/728/728 730/730/730 732/732/732
f 731/731/731 730/730/730 728/728/728 758/758/758
f 733/733/733 732/732/732 730/730/730 734/734/734
f 730/730/730 731/731/731 735/735/735 734/734/734
f 734/734/734 736/736/736 733/733/733
f 737/737/737 534/534/534 536/536/536 738/738/738
f 738/738/738 536/536/536 576/576/576 760/760/760
f 719/719/719 737/737/737 738/738/738 739/739/739
f 738/738/738 760/760/760 740/740/740 739/739/739
f 741/741/741 719/719/719 739/739/739 742/742/742
f 742/742/742 739/739/739 740/740/740 766/766/766
f 743/743/743 723/723/723 744/744/744
f 743/743/743 745/745/745 723/723/723
f 745/745/745 746/746/746 725/725/725 723/723/723
f 746/746/746 748/748/748 747/747/747 725/725/725
f 747/747/747 750/750/750 749/749/749 725/725/725
f 725/725/725 749/749/749 751/751/751 727/727/727
f 581/581/581 584/584/584 751/751/751 749/749/749
f 752/752/752 727/727/727 751/751/751 753/753/753
f 753/753/753 751/751/751 584/584/584 587/587/587
f 754/754/754 752/752/752 753/753/753 755/755/755
f 729/729/729 726/726/726 752/752/752 754/754/754
f 755/755/755 753/753/753 587/587/587 539/539/539
f 756/756/756 757/757/757 754/754/754 755/755/755
f 756/756/756 755/755/755 539/539/539 538/538/538
f 756/756/756 538/538/538 687/687/687 757/757/757
f 759/759/759 575/575/575 577/577/577 761/761/761
f 760/760/760 576/576/576 575/575/575 759/759/759
f 577/577/577 579/579/579 750/750/750 761/761/761
f 762/762/762 759/759/759 761/761/761 763/763/763
f 760/760/760 759/759/759 762/762/762 740/740/740
f 747/747/747 763/763/763 761/761/761 750/750/750
f 764/764/764 765/765/765 762/762/762 763/763/763
f 764/764/764 763/763/763 747/747/747 748/748/748
f 766/766/766 740/740/740 762/762/762 765/765/765
f 579/579/579 581/581/581 749/749/749 750/750/750
f 743/743/743 744/744/744 767/767/767
f 746/746/746 769/769/769 768/768/768 748/748/748
f 770/770/770 771/771/771 772/772/772 773/773/773
f 770/770/770 773/773/773 774/774/774
f 770/770/770 774/774/774 775/775/775 776/776/776
f 777/777/777 776/776/776 775/775/775 778/778/778
f 777/777/777 778/778/778 779/779/779 780/780/780
f 777/777/777 780/780/780 781/781/781 782/782/782
f 779/779/779 784/784/784 783/783/783 780/780/780
f 710/710/710 785/785/785 783/783/783 784/784/784
f 710/710/710 784/784/784 786/786/786 709/709/709
f 787/787/787 711/711/711 709/709/709 786/786/786
f 788/788/788 789/789/789 783/783/783 785/785/785
f 790/790/790 787/787/787 786/786/786 791/791/791
f 714/714/714 785/785/785 710/710/710 712/712/712
f 788/788/788 785/785/785 714/714/714 715/715/715
f 791/791/791 786/786/786 784/784/784 779/779/779
f 792/792/792 780/780/780 783/783/783 789/789/789
f 788/788/788 715/715/715 793/793/793 794/794/794
f 794/794/794 793/793/793 715/715/715 718/718/718
f 794/794/794 718/718/718 795/795/795
f 796/796/796 795/795/795 718/718/718 719/719/719
f 796/796/796 719/719/719 741/741/741
f 777/777/777 782/782/782 781/781/781
f 797/797/797 741/741/741 798/798/798
f 797/797/797 796/796/796 741/741/741
f 799/799/799 748/748/748 768/768/768 769/769/769
f 746/746/746 745/745/745 800/800/800 769/769/769
f 801/801/801 769/769/769 800/800/800 745/745/745
f 741/741/741 742/742/742 802/802/802 798/798/798
f 803/803/803 798/798/798 802/802/802 804/804/804
f 805/805/805 802/802/802 742/742/742 766/766/766
f 805/805/805 806/806/806 804/804/804 802/802/802
f 805/805/805 766/766/766 765/765/765 807/807/807
f 764/764/764 808/808/808 807/807/807 765/765/765
f 807/807/807 808/808/808 809/809/809 812/812/812
f 801/801/801 810/810/810 809/809/809 808/808/808
f 799/799/799 808/808/808 764/764/764 748/748/748
f 801/801/801 808/808/808 799/799/799
f 801/801/801 745/745/745 811/811/811 810/810/810
f 805/805/805 807/807/807 812/812/812 806/806/806
f 813/813/813 814/814/814 815/815/815 835/835/835
f 816/816/816 817/817/817 818/818/818 819/819/819
f 820/820/820 826/826/826 819/819/819 818/818/818
f 820/820/820 818/818/818 821/821/821
f 820/820/820 821/821/821 822/822/822 823/823/823
f 820/820/820 823/823/823 824/824/824
f 825/825/825 824/824/824 823/823/823 827/827/827
f 825/825/825 815/815/815 814/814/814 824/824/824
f 825/825/825 827/827/827 828/828/828 829/829/829
f 825/825/825 829/829/829 830/830/830
f 830/830/830 829/829/829 831/831/831 863/863/863
f 825/825/825 830/830/830 832/832/832 815/815/815
f 830/830/830 863/863/863 833/833/833 832/832/832
f 834/834/834 835/835/835 815/815/815 832/832/832
f 834/834/834 832/832/832 833/833/833 836/836/836
f 836/836/836 833/833/833 837/837/837 840/840/840
f 838/838/838 834/834/834 836/836/836 839/839/839
f 838/838/838 846/846/846 835/835/835 834/834/834
f 839/839/839 836/836/836 840/840/840 842/842/842
f 838/838/838 839/839/839 841/841/841 843/843/843
f 841/841/841 839/839/839 842/842/842 881/881/881
f 844/844/844 843/843/843 841/841/841 873/873/873
f 838/838/838 843/843/843 845/845/845 846/846/846
f 844/844/844 850/850/850 845/845/845 843/843/843
f 847/847/847 848/848/848 846/846/846 845/845/845
f 848/848/848 813/813/813 835/835/835 846/846/846
f 849/849/849 847/847/847 845/845/845 850/850/850
f 851/851/851 849/849/849 850/850/850 852/852/852
f 844/844/844 875/875/875 852/852/852 850/850/850
f 853/853/853 854/854/854 855/855/855 857/857/857
f 854/854/854 878/878/878 856/856/856 855/855/855
f 857/857/857 855/855/855 858/858/858 859/859/859
f 829/829/829 860/860/860 861/861/861 831/831/831
f 827/827/827 882/882/882 860/860/860 829/829/829
f 862/862/862 864/864/864 863/863/863 831/831/831
f 863/863/863 864/864/864 837/837/837 833/833/833
f 865/865/865 870/870/870 866/866/866 867/867/867
f 865/865/865 868/868/868 869/869/869 870/870/870
f 871/871/871 872/872/872 870/870/870 869/869/869
f 872/872/872 873/873/873 866/866/866 870/870/870
f 874/874/874 875/875/875 872/872/872 871/871/871
f 874/874/874 871/871/871 876/876/876 856/856/856
f 871/871/871 869/869/869 877/877/877 876/876/876
f 855/855/855 856/856/856 876/876/876 858/858/858
f 858/858/858 876/876/876 877/877/877 879/879/879
f 880/880/880 859/859/859 858/858/858 879/879/879
f 844/844/844 873/873/873 872/872/872 875/875/875
f 866/866/866 873/873/873 841/841/841 881/881/881
f 883/883/883 826/826/826 820/820/820 824/824/824
f 884/884/884 827/827/827 823/823/823 822/822/822
f 885/885/885 886/886/886 887/887/887
f 887/887/887 886/886/886 888/888/888 889/889/889
f 890/890/890 889/889/889 891/891/891 897/897/897
f 892/892/892 893/893/893 894/894/894 895/895/895
f 892/892/892 895/895/895 896/896/896 891/891/891
f 896/896/896 898/898/898 897/897/897 891/891/891
f 892/892/892 891/891/891 889/889/889 888/888/888
f 896/896/896 912/912/912 899/899/899 898/898/898
f 900/900/900 897/897/897 898/898/898 901/901/901
f 902/902/902 901/901/901 898/898/898 899/899/899
f 903/903/903 899/899/899 904/904/904
f 904/904/904 911/911/911 905/905/905 906/906/906
f 907/907/907 906/906/906 905/905/905 913/913/913
f 907/907/907 908/908/908 909/909/909
f 903/903/903 910/910/910 902/902/902 899/899/899
f 904/904/904 899/899/899 912/912/912 911/911/911
f 907/907/907 913/913/913 914/914/914 915/915/915
f 907/907/907 915/915/915 916/916/916 908/908/908
f 916/916/916 918/918/918 917/917/917 908/908/908
f 918/918/918 920/920/920 919/919/919 917/917/917
f 921/921/921 922/922/922 923/923/923 935/935/935
f 924/924/924 921/921/921 925/925/925 927/927/927
f 921/921/921 935/935/935 926/926/926 925/925/925
f 927/927/927 925/925/925 928/928/928 929/929/929
f 926/926/926 936/936/936 928/928/928 925/925/925
f 930/930/930 929/929/929 928/928/928 937/937/937
f 930/930/930 937/937/937 931/931/931 932/932/932
f 933/933/933 919/919/919 920/920/920 934/934/934
f 933/933/933 934/934/934 923/923/923 922/922/922
f 936/936/936 938/938/938 937/937/937 928/928/928
f 938/938/938 939/939/939 931/931/931 937/937/937
f 939/939/939 941/941/941 940/940/940 931/931/931
f 942/942/942 932/932/932 931/931/931 940/940/940
f 941/941/941 944/944/944 943/943/943 940/940/940
f 945/945/945 943/943/943 944/944/944 946/946/946
f 947/947/947 948/948/948 914/914/914 913/913/913
f 949/949/949 909/909/909 908/908/908 950/950/950
f 950/950/950 908/908/908 917/917/917 951/951/951
f 951/951/951 917/917/917 919/919/919 952/952/952
f 952/952/952 919/919/919 933/933/933
f 953/953/953 951/951/951 952/952/952
f 953/953/953 952/952/952 933/933/933
f 953/953/953 933/933/933 954/954/954
f 933/933/933 922/922/922 954/954/954
f 955/955/955 956/956/956 957/957/957 966/966/966
f 958/958/958 961/961/961 959/959/959 960/960/960
f 958/958/958 960/960/960 962/962/962
f 963/963/963 974/974/974 962/962/962 960/960/960
f 958/958/958 962/962/962 964/964/964 966/966/966
f 965/965/965 964/964/964 962/962/962 974/974/974
f 967/967/967 966/966/966 964/964/964 968/968/968
f 955/955/955 966/966/966 967/967/967 970/970/970
f 968/968/968 964/964/964 965/965/965 973/973/973
f 969/969/969 967/967/967 968/968/968 971/971/971
f 970/970/970 967/967/967 969/969/969 976/976/976
f 968/968/968 973/973/973 972/972/972 971/971/971
f 963/963/963 965/965/965 974/974/974
f 963/963/963 960/960/960 975/975/975
f 958/958/958 977/977/977 978/978/978 961/961/961
f 958/958/958 957/957/957 979/979/979 977/977/977
f 958/958/958 966/966/966 957/957/957
f 979/979/979 981/981/981 980/980/980 977/977/977
f 982/982/982 980/980/980 981/981/981 983/983/983
f 982/982/982 983/983/983 887/887/887 889/889/889
f 982/982/982 889/889/889 890/890/890
f 984/984/984 956/956/956 985/985/985
f 984/984/984 986/986/986 987/987/987 956/956/956
f 987/987/987 986/986/986 988/988/988 992/992/992
f 988/988/988 989/989/989 990/990/990 992/992/992
f 991/991/991 990/990/990 989/989/989
f 955/955/955 985/985/985 956/956/956
f 957/957/957 956/956/956 987/987/987 979/979/979
f 979/979/979 987/987/987 992/992/992 981/981/981
f 885/885/885 887/887/887 983/983/983 990/990/990
f 983/983/983 981/981/981 992/992/992 990/990/990
f 993/993/993 994/994/994 995/995/995 996/996/996
f 996/996/996 995/995/995 997/997/997 1002/1002/1002
f 993/993/993 996/996/996 998/998/998
f 998/998/998 996/996/996 999/999/999 1021/1021/1021
f 1000/1000/1000 1006/1006/1006 1001/1001/1001 1002/1002/1002
f 999/999/999 996/996/996 1002/1002/1002 1001/1001/1001
f 1003/1003/1003 999/999/999 1001/1001/1001 1005/1005/1005
f 1004/1004/1004 1021/1021/1021 999/999/999 1003/1003/1003
f 1005/1005/1005 1001/1001/1001 1006/1006/1006 1015/1015/1015
f 1007/1007/1007 1008/1008/1008 1009/1009/1009 1012/1012/1012
f 1000/1000/1000 1010/1010/1010 1007/1007/1007 1012/1012/1012
f 1011/1011/1011 1019/1019/1019 1007/1007/1007 1010/1010/1010
f 1000/1000/1000 1012/1012/1012 1013/1013/1013 1006/1006/1006
f 1013/1013/1013 1012/1012/1012 1009/1009/1009 1016/1016/1016
f 1014/1014/1014 1015/1015/1015 1006/1006/1006 1013/1013/1013
f 1014/1014/1014 1013/1013/1013 1016/1016/1016 1017/1017/1017
f 1014/1014/1014 1017/1017/1017 1018/1018/1018
f 1020/1020/1020 1008/1008/1008 1019/1019/1019
f 1008/1008/1008 1007/1007/1007 1019/1019/1019
f 1022/1022/1022 1004/1004/1004 1003/1003/1003 1023/1023/1023
f 1023/1023/1023 1003/1003/1003 1005/1005/1005 1024/1024/1024
f 1025/1025/1025 993/993/993 998/998/998 1026/1026/1026
f 998/998/998 1021/1021/1021 1027/1027/1027 1026/1026/1026
f 1025/1025/1025 1026/1026/1026 1028/1028/1028 1030/1030/1030
f 1029/1029/1029 1028/1028/1028 1026/1026/1026 1027/1027/1027
f 1030/1030/1030 1031/1031/1031 1025/1025/1025
f 1032/1032/1032 1029/1029/1029 1027/1027/1027
f 1032/1032/1032 1027/1027/1027 1021/1021/1021 1004/1004/1004
f 963/963/963 1034/1034/1034 1030/1030/1030 1028/1028/1028
f 1033/1033/1033 1031/1031/1031 1030/1030/1030 1036/1036/1036
f 1030/1030/1030 1034/1034/1034 1035/1035/1035 1036/1036/1036
f 903/903/903 1036/1036/1036 1035/1035/1035 910/910/910
f 973/973/973 965/965/965 1029/1029/1029 1037/1037/1037
f 972/972/972 973/973/973 1037/1037/1037 1038/1038/1038
f 963/963/963 1028/1028/1028 1029/1029/1029 965/965/965
f 1033/1033/1033 1036/1036/1036 903/903/903 904/904/904
f 1033/1033/1033 904/904/904 906/906/906
f 1033/1033/1033 906/906/906 907/907/907 909/909/909
f 1032/1032/1032 1004/1004/1004 1022/1022/1022 1039/1039/1039
f 1032/1032/1032 1040/1040/1040 1037/1037/1037 1029/1029/1029
f 1039/1039/1039 1038/1038/1038 1037/1037/1037 1040/1040/1040
f 1032/1032/1032 1039/1039/1039 1040/1040/1040
f 934/934/934 1041/1041/1041 1042/1042/1042 923/923/923
f 923/923/923 1042/1042/1042 1043/1043/1043 935/935/935
f 1043/1043/1043 1042/1042/1042 1044/1044/1044 1046/1046/1046
f 926/926/926 935/935/935 1043/1043/1043 1045/1045/1045
f 1045/1045/1045 1043/1043/1043 1046/1046/1046 1062/1062/1062
f 926/926/926 1045/1045/1045 1047/1047/1047 936/936/936
f 1045/1045/1045 1062/1062/1062 1048/1048/1048 1047/1047/1047
f 936/936/936 1047/1047/1047 1049/1049/1049 938/938/938
f 938/938/938 1049/1049/1049 1050/1050/1050 939/939/939
f 1051/1051/1051 1052/1052/1052 1053/1053/1053 945/945/945
f 1051/1051/1051 1081/1081/1081 1054/1054/1054 1052/1052/1052
f 1055/1055/1055 1054/1054/1054 1056/1056/1056
f 1054/1054/1054 1083/1083/1083 1057/1057/1057 1056/1056/1056
f 1055/1055/1055 1056/1056/1056 1058/1058/1058 1060/1060/1060
f 1056/1056/1056 1057/1057/1057 1059/1059/1059 1058/1058/1058
f 1060/1060/1060 1058/1058/1058 1061/1061/1061 1098/1098/1098
f 1062/1062/1062 1046/1046/1046 1063/1063/1063 1064/1064/1064
f 1044/1044/1044 1065/1065/1065 1063/1063/1063 1046/1046/1046
f 1066/1066/1066 1065/1065/1065 1044/1044/1044 1067/1067/1067
f 1041/1041/1041 1067/1067/1067 1044/1044/1044 1042/1042/1042
f 1062/1062/1062 1064/1064/1064 1068/1068/1068 1048/1048/1048
f 1048/1048/1048 1068/1068/1068 1069/1069/1069 1070/1070/1070
f 1070/1070/1070 1069/1069/1069 1071/1071/1071 1072/1072/1072
f 1047/1047/1047 1048/1048/1048 1070/1070/1070 1049/1049/1049
f 1049/1049/1049 1070/1070/1070 1072/1072/1072 1050/1050/1050
f 1050/1050/1050 1072/1072/1072 1073/1073/1073 1075/1075/1075
f 1072/1072/1072 1071/1071/1071 1074/1074/1074 1073/1073/1073
f 1075/1075/1075 1073/1073/1073 1076/1076/1076 1077/1077/1077
f 939/939/939 1050/1050/1050 1075/1075/1075 941/941/941
f 941/941/941 1075/1075/1075 1077/1077/1077 944/944/944
f 944/944/944 1077/1077/1077 1078/1078/1078 946/946/946
f 1051/1051/1051 945/945/945 946/946/946 1079/1079/1079
f 946/946/946 1078/1078/1078 1080/1080/1080 1079/1079/1079
f 1051/1051/1051 1079/1079/1079 1080/1080/1080 1081/1081/1081
f 1080/1080/1080 1097/1097/1097 1082/1082/1082 1081/1081/1081
f 1081/1081/1081 1082/1082/1082 1083/1083/1083 1054/1054/1054
f 1084/1084/1084 1085/1085/1085 1057/1057/1057 1083/1083/1083
f 1084/1084/1084 1083/1083/1083 1086/1086/1086
f 1087/1087/1087 1086/1086/1086 1083/1083/1083 1082/1082/1082
f 1057/1057/1057 1085/1085/1085 1088/1088/1088 1059/1059/1059
f 1059/1059/1059 1088/1088/1088 1089/1089/1089 1090/1090/1090
f 1091/1091/1091 1092/1092/1092 1090/1090/1090 1089/1089/1089
f 1061/1061/1061 1058/1058/1058 1059/1059/1059 1090/1090/1090
f 1076/1076/1076 1073/1073/1073 1074/1074/1074 1093/1093/1093
f 1076/1076/1076 1093/1093/1093 1094/1094/1094 1095/1095/1095
f 1096/1096/1096 1097/1097/1097 1095/1095/1095 1094/1094/1094
f 1077/1077/1077 1076/1076/1076 1095/1095/1095 1078/1078/1078
f 1078/1078/1078 1095/1095/1095 1097/1097/1097 1080/1080/1080
f 1096/1096/1096 1087/1087/1087 1082/1082/1082 1097/1097/1097
f 1099/1099/1099 1108/1108/1108 1100/1100/1100 1101/1101/1101
f 1102/1102/1102 1105/1105/1105 1103/1103/1103 1104/1104/1104
f 1104/1104/1104 1103/1103/1103 1106/1106/1106 1099/1099/1099
f 1099/1099/1099 1106/1106/1106 1107/1107/1107 1108/1108/1108
f 945/945/945 1053/1053/1053 1108/1108/1108 1107/1107/1107
f 1100/1100/1100 1108/1108/1108 1053/1053/1053 1101/1101/1101
f 1109/1109/1109 1110/1110/1110 1111/1111/1111 1113/1113/1113
f 1111/1111/1111 1110/1110/1110 1112/1112/1112 1114/1114/1114
f 1102/1102/1102 1114/1114/1114 1112/1112/1112 1105/1105/1105
f 914/914/914 948/948/948 1115/1115/1115 915/915/915
f 915/915/915 1115/1115/1115 1116/1116/1116 916/916/916
f 916/916/916 1116/1116/1116 1117/1117/1117 918/918/918
f 1118/1118/1118 1119/1119/1119 1120/1120/1120 1129/1129/1129
f 1118/1118/1118 1115/1115/1115 948/948/948 1119/1119/1119
f 1116/1116/1116 1115/1115/1115 1118/1118/1118 1121/1121/1121
f 1118/1118/1118 1129/1129/1129 1122/1122/1122 1121/1121/1121
f 1116/1116/1116 1121/1121/1121 1123/1123/1123 1117/1117/1117
f 1123/1123/1123 1121/1121/1121 1122/1122/1122 1131/1131/1131
f 1117/1117/1117 1123/1123/1123 1124/1124/1124 1126/1126/1126
f 1123/1123/1123 1131/1131/1131 1125/1125/1125 1124/1124/1124
f 1041/1041/1041 1126/1126/1126 1124/1124/1124 1067/1067/1067
f 918/918/918 1117/1117/1117 1126/1126/1126 920/920/920
f 920/920/920 1126/1126/1126 1041/1041/1041 934/934/934
f 1127/1127/1127 1128/1128/1128 1129/1129/1129 1120/1120/1120
f 1130/1130/1130 1122/1122/1122 1129/1129/1129 1128/1128/1128
f 1132/1132/1132 1125/1125/1125 1131/1131/1131 1133/1133/1133
f 1066/1066/1066 1067/1067/1067 1124/1124/1124 1125/1125/1125
f 1134/1134/1134 1135/1135/1135 1101/1101/1101 1053/1053/1053
f 1134/1134/1134 1136/1136/1136 1137/1137/1137 1135/1135/1135
f 1138/1138/1138 1137/1137/1137 1136/1136/1136 1139/1139/1139
f 1138/1138/1138 1139/1139/1139 1140/1140/1140
f 1138/1138/1138 1140/1140/1140 1141/1141/1141
f 1138/1138/1138 1141/1141/1141 1142/1142/1142
f 1141/1141/1141 1143/1143/1143 1142/1142/1142
f 1144/1144/1144 1138/1138/1138 1142/1142/1142
f 1145/1145/1145 1158/1158/1158 1146/1146/1146 1147/1147/1147
f 1148/1148/1148 1149/1149/1149 1150/1150/1150 1160/1160/1160
f 1151/1151/1151 1149/1149/1149 1152/1152/1152 1153/1153/1153
f 1154/1154/1154 1155/1155/1155 1153/1153/1153 1152/1152/1152
f 1156/1156/1156 1157/1157/1157 1154/1154/1154 1152/1152/1152
f 1158/1158/1158 1145/1145/1145 1156/1156/1156 1152/1152/1152
f 1148/1148/1148 1146/1146/1146 1158/1158/1158 1152/1152/1152
f 1152/1152/1152 1149/1149/1149 1148/1148/1148
f 1148/1148/1148 1160/1160/1160 1159/1159/1159 1146/1146/1146
f 1161/1161/1161 1160/1160/1160 1150/1150/1150 1162/1162/1162
f 1142/1142/1142 1143/1143/1143 1161/1161/1161 1162/1162/1162
f 1111/1111/1111 1114/1114/1114 1163/1163/1163 1113/1113/1113
f 1157/1157/1157 1113/1113/1113 1163/1163/1163 1154/1154/1154
f 1164/1164/1164 1155/1155/1155 1154/1154/1154 1163/1163/1163
f 1102/1102/1102 1164/1164/1164 1163/1163/1163 1114/1114/1114
f 1102/1102/1102 1166/1166/1166 1165/1165/1165 1164/1164/1164
f 1165/1165/1165 1167/1167/1167 1155/1155/1155 1164/1164/1164
f 1018/1018/1018 1017/1017/1017 1168/1168/1168 1169/1169/1169
f 1170/1170/1170 1171/1171/1171 1172/1172/1172
f 1173/1173/1173 1184/1184/1184 1174/1174/1174 1175/1175/1175
f 1170/1170/1170 1175/1175/1175 1176/1176/1176
f 1176/1176/1176 1175/1175/1175 1174/1174/1174 1177/1177/1177
f 1170/1170/1170 1176/1176/1176 1177/1177/1177 1171/1171/1171
f 1171/1171/1171 1177/1177/1177 1178/1178/1178 1180/1180/1180
f 1179/1179/1179 1188/1188/1188 1178/1178/1178 1177/1177/1177
f 1180/1180/1180 1178/1178/1178 1181/1181/1181 1182/1182/1182
f 1183/1183/1183 1179/1179/1179 1174/1174/1174 1184/1184/1184
f 1183/1183/1183 1185/1185/1185 1186/1186/1186 1188/1188/1188
f 1185/1185/1185 1194/1194/1194 1187/1187/1187 1186/1186/1186
f 1189/1189/1189 1188/1188/1188 1186/1186/1186 1191/1191/1191
f 1183/1183/1183 1188/1188/1188 1179/1179/1179
f 1179/1179/1179 1177/1177/1177 1174/1174/1174
f 1189/1189/1189 1181/1181/1181 1178/1178/1178 1188/1188/1188
f 1189/1189/1189 1191/1191/1191 1190/1190/1190 1181/1181/1181
f 1192/1192/1192 1182/1182/1182 1181/1181/1181 1190/1190/1190
f 1193/1193/1193 1190/1190/1190 1191/1191/1191 1199/1199/1199
f 1194/1194/1194 1195/1195/1195 1196/1196/1196 1187/1187/1187
f 1197/1197/1197 1196/1196/1196 1195/1195/1195
f 1198/1198/1198 1199/1199/1199 1187/1187/1187 1196/1196/1196
f 1198/1198/1198 1196/1196/1196 1200/1200/1200
f 1201/1201/1201 1225/1225/1225 1200/1200/1200 1196/1196/1196
f 1198/1198/1198 1200/1200/1200 1202/1202/1202 1204/1204/1204
f 1200/1200/1200 1225/1225/1225 1203/1203/1203 1202/1202/1202
f 1204/1204/1204 1202/1202/1202 1205/1205/1205 1209/1209/1209
f 1198/1198/1198 1204/1204/1204 1206/1206/1206 1193/1193/1193
f 1198/1198/1198 1193/1193/1193 1199/1199/1199
f 1191/1191/1191 1186/1186/1186 1187/1187/1187 1199/1199/1199
f 1207/1207/1207 1208/1208/1208 1209/1209/1209 1205/1205/1205
f 1207/1207/1207 1210/1210/1210 1205/1205/1205 1211/1211/1211
f 1207/1207/1207 1211/1211/1211 1212/1212/1212
f 1213/1213/1213 1214/1214/1214 1215/1215/1215 1217/1217/1217
f 1214/1214/1214 1230/1230/1230 1216/1216/1216 1215/1215/1215
f 1213/1213/1213 1217/1217/1217 1218/1218/1218 1220/1220/1220
f 1218/1218/1218 1217/1217/1217 1219/1219/1219 1222/1222/1222
f 1221/1221/1221 1220/1220/1220 1218/1218/1218 1201/1201/1201
f 1201/1201/1201 1218/1218/1218 1222/1222/1222 1223/1223/1223
f 1197/1197/1197 1221/1221/1221 1201/1201/1201 1196/1196/1196
f 1223/1223/1223 1222/1222/1222 1224/1224/1224 1203/1203/1203
f 1201/1201/1201 1223/1223/1223 1225/1225/1225
f 1223/1223/1223 1203/1203/1203 1225/1225/1225
f 1224/1224/1224 1226/1226/1226 1211/1211/1211 1203/1203/1203
f 1202/1202/1202 1203/1203/1203 1211/1211/1211 1205/1205/1205
f 1226/1226/1226 1224/1224/1224 1227/1227/1227
f 1212/1212/1212 1211/1211/1211 1226/1226/1226 1228/1228/1228
f 1227/1227/1227 1229/1229/1229 1228/1228/1228 1226/1226/1226
f 1222/1222/1222 1219/1219/1219 1231/1231/1231 1224/1224/1224
f 1224/1224/1224 1231/1231/1231 1227/1227/1227
f 1232/1232/1232 1233/1233/1233 1214/1214/1214 1213/1213/1213
f 1232/1232/1232 1230/1230/1230 1214/1214/1214 1233/1233/1233
f 1192/1192/1192 1190/1190/1190 1193/1193/1193 1234/1234/1234
f 1235/1235/1235 1234/1234/1234 1193/1193/1193 1206/1206/1206
f 1236/1236/1236 1237/1237/1237 1238/1238/1238 1239/1239/1239
f 1239/1239/1239 1238/1238/1238 1240/1240/1240 1241/1241/1241
f 1183/1183/1183 1184/1184/1184 1241/1241/1241 1185/1185/1185
f 1185/1185/1185 1241/1241/1241 1240/1240/1240 1194/1194/1194
f 1242/1242/1242 1243/1243/1243 1244/1244/1244 1247/1247/1247
f 1238/1238/1238 1245/1245/1245 1246/1246/1246 1240/1240/1240
f 1245/1245/1245 1242/1242/1242 1247/1247/1247 1246/1246/1246
f 1194/1194/1194 1240/1240/1240 1246/1246/1246 1195/1195/1195
f 1197/1197/1197 1195/1195/1195 1246/1246/1246 1247/1247/1247
f 1248/1248/1248 1249/1249/1249 1250/1250/1250 1251/1251/1251
f 1248/1248/1248 1251/1251/1251 1252/1252/1252 1253/1253/1253
f 1232/1232/1232 1252/1252/1252 1251/1251/1251 1230/1230/1230
f 1254/1254/1254 1253/1253/1253 1252/1252/1252 1255/1255/1255
f 1232/1232/1232 1213/1213/1213 1255/1255/1255 1252/1252/1252
f 1243/1243/1243 1254/1254/1254 1255/1255/1255 1244/1244/1244
f 1213/1213/1213 1220/1220/1220 1244/1244/1244 1255/1255/1255
f 1221/1221/1221 1247/1247/1247 1244/1244/1244 1220/1220/1220
f 1197/1197/1197 1247/1247/1247 1221/1221/1221
f 1256/1256/1256 1257/1257/1257 1258/1258/1258 1259/1259/1259
f 1236/1236/1236 1259/1259/1259 1258/1258/1258 1237/1237/1237
f 1260/1260/1260 1237/1237/1237 1258/1258/1258 1261/1261/1261
f 1260/1260/1260 1238/1238/1238 1237/1237/1237
f 1260/1260/1260 1262/1262/1262 1245/1245/1245 1238/1238/1238
f 1262/1262/1262 1242/1242/1242 1245/1245/1245
f 1262/1262/1262 1264/1264/1264 1263/1263/1263 1242/1242/1242
f 1265/1265/1265 1266/1266/1266 1267/1267/1267
f 1268/1268/1268 1295/1295/1295 1266/1266/1266 1265/1265/1265
f 1267/1267/1267 1270/1270/1270 1269/1269/1269 1265/1265/1265
f 1271/1271/1271 1265/1265/1265 1269/1269/1269 1272/1272/1272
f 1273/1273/1273 1280/1280/1280 1272/1272/1272 1269/1269/1269
f 1271/1271/1271 1272/1272/1272 1274/1274/1274
f 1271/1271/1271 1274/1274/1274 1275/1275/1275 1276/1276/1276
f 1277/1277/1277 1276/1276/1276 1275/1275/1275 1297/1297/1297
f 1204/1204/1204 1209/1209/1209 1278/1278/1278 1206/1206/1206
f 1235/1235/1235 1206/1206/1206 1278/1278/1278 1273/1273/1273
f 1279/1279/1279 1280/1280/1280 1273/1273/1273 1278/1278/1278
f 1270/1270/1270 1235/1235/1235 1273/1273/1273 1269/1269/1269
f 1208/1208/1208 1279/1279/1279 1278/1278/1278 1209/1209/1209
f 1279/1279/1279 1208/1208/1208 1207/1207/1207 1212/1212/1212
f 1279/1279/1279 1212/1212/1212 1281/1281/1281 1282/1282/1282
f 1281/1281/1281 1212/1212/1212 1228/1228/1228 1288/1288/1288
f 1283/1283/1283 1285/1285/1285 1282/1282/1282 1281/1281/1281
f 1279/1279/1279 1282/1282/1282 1284/1284/1284 1280/1280/1280
f 1284/1284/1284 1282/1282/1282 1285/1285/1285 1291/1291/1291
f 1228/1228/1228 1229/1229/1229 1286/1286/1286 1288/1288/1288
f 1286/1286/1286 1229/1229/1229 1287/1287/1287 1292/1292/1292
f 1289/1289/1289 1290/1290/1290 1288/1288/1288 1286/1286/1286
f 1283/1283/1283 1281/1281/1281 1288/1288/1288 1290/1290/1290
f 1289/1289/1289 1286/1286/1286 1292/1292/1292 1293/1293/1293
f 1294/1294/1294 1296/1296/1296 1295/1295/1295 1268/1268/1268
f 1272/1272/1272 1308/1308/1308 1298/1298/1298 1274/1274/1274
f 1274/1274/1274 1298/1298/1298 1299/1299/1299 1275/1275/1275
f 1300/1300/1300 1299/1299/1299 1301/1301/1301 1302/1302/1302
f 1300/1300/1300 1302/1302/1302 1303/1303/1303 1304/1304/1304
f 1304/1304/1304 1303/1303/1303 1305/1305/1305 1307/1307/1307
f 1297/1297/1297 1300/1300/1300 1304/1304/1304 1306/1306/1306
f 1275/1275/1275 1299/1299/1299 1300/1300/1300 1297/1297/1297
f 1306/1306/1306 1304/1304/1304 1307/1307/1307 1315/1315/1315
f 1280/1280/1280 1284/1284/1284 1308/1308/1308 1272/1272/1272
f 1284/1284/1284 1291/1291/1291 1309/1309/1309 1308/1308/1308
f 1298/1298/1298 1308/1308/1308 1309/1309/1309 1310/1310/1310
f 1298/1298/1298 1310/1310/1310 1301/1301/1301 1299/1299/1299
f 1307/1307/1307 1305/1305/1305 1311/1311/1311 1312/1312/1312
f 1312/1312/1312 1311/1311/1311 1313/1313/1313 1317/1317/1317
f 1314/1314/1314 1315/1315/1315 1307/1307/1307 1312/1312/1312
f 1314/1314/1314 1312/1312/1312 1316/1316/1316
f 1316/1316/1316 1312/1312/1312 1317/1317/1317 1318/1318/1318
f 1319/1319/1319 1315/1315/1315 1314/1314/1314 1320/1320/1320
f 1321/1321/1321 1322/1322/1322 1318/1318/1318 1317/1317/1317
f 1323/1323/1323 1324/1324/1324 1325/1325/1325 1331/1331/1331
f 1326/1326/1326 1323/1323/1323 1327/1327/1327
f 1327/1327/1327 1323/1323/1323 1328/1328/1328 1340/1340/1340
f 1325/1325/1325 1329/1329/1329 1330/1330/1330 1331/1331/1331
f 1332/1332/1332 1328/1328/1328 1323/1323/1323 1331/1331/1331
f 1332/1332/1332 1331/1331/1331 1333/1333/1333
f 1334/1334/1334 1344/1344/1344 1335/1335/1335 1336/1336/1336
f 1332/1332/1332 1336/1336/1336 1337/1337/1337 1328/1328/1328
f 1336/1336/1336 1346/1346/1346 1338/1338/1338 1337/1337/1337
f 1339/1339/1339 1340/1340/1340 1328/1328/1328 1337/1337/1337
f 1341/1341/1341 1342/1342/1342 1338/1338/1338 1348/1348/1348
f 1343/1343/1343 1342/1342/1342 1341/1341/1341 1353/1353/1353
f 1336/1336/1336 1335/1335/1335 1345/1345/1345 1346/1346/1346
f 1347/1347/1347 1346/1346/1346 1345/1345/1345 1359/1359/1359
f 1347/1347/1347 1348/1348/1348 1338/1338/1338 1346/1346/1346
f 1349/1349/1349 1348/1348/1348 1347/1347/1347 1359/1359/1359
f 1341/1341/1341 1348/1348/1348 1349/1349/1349 1350/1350/1350
f 1351/1351/1351 1350/1350/1350 1349/1349/1349
f 1352/1352/1352 1353/1353/1353 1341/1341/1341 1350/1350/1350
f 1352/1352/1352 1350/1350/1350 1351/1351/1351 1354/1354/1354
f 1355/1355/1355 1356/1356/1356 1354/1354/1354 1351/1351/1351
f 1349/1349/1349 1357/1357/1357 1355/1355/1355 1351/1351/1351
f 1349/1349/1349 1359/1359/1359 1358/1358/1358 1357/1357/1357
f 1358/1358/1358 1360/1360/1360 1361/1361/1361 1357/1357/1357
f 1361/1361/1361 1360/1360/1360 1362/1362/1362 1363/1363/1363
f 1361/1361/1361 1363/1363/1363 1364/1364/1364 1365/1365/1365
f 1357/1357/1357 1361/1361/1361 1365/1365/1365 1366/1366/1366
f 1326/1326/1326 1367/1367/1367 1324/1324/1324 1323/1323/1323
f 1368/1368/1368 1369/1369/1369 1370/1370/1370 1372/1372/1372
f 1371/1371/1371 1370/1370/1370 1369/1369/1369 1375/1375/1375
f 1372/1372/1372 1370/1370/1370 1373/1373/1373 1374/1374/1374
f 1371/1371/1371 1376/1376/1376 1373/1373/1373 1370/1370/1370
f 1377/1377/1377 1373/1373/1373 1376/1376/1376 1378/1378/1378
f 1373/1373/1373 1377/1377/1377 1379/1379/1379
f 1374/1374/1374 1373/1373/1373 1379/1379/1379
f 1380/1380/1380 1381/1381/1381 1382/1382/1382 1383/1383/1383
f 1380/1380/1380 1383/1383/1383 1384/1384/1384 1385/1385/1385
f 1385/1385/1385 1384/1384/1384 1386/1386/1386 1387/1387/1387
f 1387/1387/1387 1386/1386/1386 1388/1388/1388 1389/1389/1389
f 1390/1390/1390 1389/1389/1389 1388/1388/1388 1391/1391/1391
f 1380/1380/1380 1385/1385/1385 1387/1387/1387 1392/1392/1392
f 1393/1393/1393 1394/1394/1394 1395/1395/1395 1397/1397/1397
f 1396/1396/1396 1393/1393/1393 1397/1397/1397 1418/1418/1418
f 1398/1398/1398 1399/1399/1399 1396/1396/1396 1418/1418/1418
f 1398/1398/1398 1401/1401/1401 1400/1400/1400 1399/1399/1399
f 1398/1398/1398 1418/1418/1418 1402/1402/1402 1401/1401/1401
f 1401/1401/1401 1404/1404/1404 1403/1403/1403 1400/1400/1400
f 1403/1403/1403 1404/1404/1404 1405/1405/1405 1406/1406/1406
f 1407/1407/1407 1408/1408/1408 1409/1409/1409 1428/1428/1428
f 1410/1410/1410 1431/1431/1431 1411/1411/1411 1412/1412/1412
f 1413/1413/1413 1416/1416/1416 1397/1397/1397 1395/1395/1395
f 1414/1414/1414 1395/1395/1395 1394/1394/1394 1415/1415/1415
f 1413/1413/1413 1417/1417/1417 1416/1416/1416
f 1402/1402/1402 1418/1418/1418 1397/1397/1397 1416/1416/1416
f 1417/1417/1417 1419/1419/1419 1402/1402/1402 1416/1416/1416
f 1420/1420/1420 1419/1419/1419 1417/1417/1417 1445/1445/1445
f 1401/1401/1401 1402/1402/1402 1419/1419/1419 1404/1404/1404
f 1420/1420/1420 1404/1404/1404 1419/1419/1419
f 1420/1420/1420 1421/1421/1421 1405/1405/1405 1404/1404/1404
f 1420/1420/1420 1446/1446/1446 1422/1422/1422 1421/1421/1421
f 1405/1405/1405 1421/1421/1421 1423/1423/1423 1425/1425/1425
f 1424/1424/1424 1423/1423/1423 1421/1421/1421 1422/1422/1422
f 1426/1426/1426 1427/1427/1427 1425/1425/1425 1423/1423/1423
f 1406/1406/1406 1405/1405/1405 1425/1425/1425 1409/1409/1409
f 1409/1409/1409 1425/1425/1425 1427/1427/1427 1428/1428/1428
f 1428/1428/1428 1427/1427/1427 1429/1429/1429 1430/1430/1430
f 1407/1407/1407 1428/1428/1428 1430/1430/1430 1431/1431/1431
f 1431/1431/1431 1430/1430/1430 1432/1432/1432 1411/1411/1411
f 1432/1432/1432 1434/1434/1434 1433/1433/1433 1411/1411/1411
f 1434/1434/1434 1458/1458/1458 1435/1435/1435 1433/1433/1433
f 1436/1436/1436 1437/1437/1437 1438/1438/1438 1440/1440/1440
f 1439/1439/1439 1438/1438/1438 1437/1437/1437
f 1441/1441/1441 1440/1440/1440 1438/1438/1438 1470/1470/1470
f 1442/1442/1442 1443/1443/1443 1444/1444/1444 1474/1474/1474
f 1420/1420/1420 1445/1445/1445 1443/1443/1443 1446/1446/1446
f 1446/1446/1446 1443/1443/1443 1442/1442/1442 1447/1447/1447
f 1446/1446/1446 1447/1447/1447 1422/1422/1422
f 1424/1424/1424 1422/1422/1422 1447/1447/1447 1448/1448/1448
f 1424/1424/1424 1426/1426/1426 1423/1423/1423
f 1426/1426/1426 1449/1449/1449 1450/1450/1450 1452/1452/1452
f 1451/1451/1451 1475/1475/1475 1450/1450/1450 1449/1449/1449
f 1450/1450/1450 1477/1477/1477 1453/1453/1453 1452/1452/1452
f 1426/1426/1426 1452/1452/1452 1429/1429/1429 1427/1427/1427
f 1429/1429/1429 1452/1452/1452 1453/1453/1453 1454/1454/1454
f 1455/1455/1455 1454/1454/1454 1453/1453/1453 1483/1483/1483
f 1430/1430/1430 1429/1429/1429 1454/1454/1454 1432/1432/1432
f 1432/1432/1432 1454/1454/1454 1455/1455/1455 1434/1434/1434
f 1434/1434/1434 1455/1455/1455 1456/1456/1456 1458/1458/1458
f 1457/1457/1457 1456/1456/1456 1455/1455/1455 1483/1483/1483
f 1458/1458/1458 1456/1456/1456 1459/1459/1459 1461/1461/1461
f 1460/1460/1460 1435/1435/1435 1458/1458/1458 1461/1461/1461
f 1460/1460/1460 1461/1461/1461 1462/1462/1462 1463/1463/1463
f 1462/1462/1462 1461/1461/1461 1459/1459/1459 1489/1489/1489
f 1464/1464/1464 1465/1465/1465 1466/1466/1466 1468/1468/1468
f 1465/1465/1465 1493/1493/1493 1467/1467/1467 1466/1466/1466
f 1438/1438/1438 1468/1468/1468 1466/1466/1466 1470/1470/1470
f 1439/1439/1439 1469/1469/1469 1468/1468/1468 1438/1438/1438
f 1470/1470/1470 1466/1466/1466 1467/1467/1467 1471/1471/1471
f 1441/1441/1441 1470/1470/1470 1471/1471/1471 1472/1472/1472
f 1473/1473/1473 1472/1472/1472 1471/1471/1471 1495/1495/1495
f 1476/1476/1476 1477/1477/1477 1450/1450/1450 1475/1475/1475
f 1476/1476/1476 1475/1475/1475 1478/1478/1478
f 1476/1476/1476 1478/1478/1478 1479/1479/1479 1480/1480/1480
f 1476/1476/1476 1480/1480/1480 1481/1481/1481
f 1480/1480/1480 1482/1482/1482 1481/1481/1481
f 1476/1476/1476 1481/1481/1481 1483/1483/1483 1453/1453/1453
f 1457/1457/1457 1483/1483/1483 1481/1481/1481 1482/1482/1482
f 1457/1457/1457 1482/1482/1482 1484/1484/1484 1486/1486/1486
f 1485/1485/1485 1484/1484/1484 1482/1482/1482 1499/1499/1499
f 1487/1487/1487 1488/1488/1488 1486/1486/1486 1484/1484/1484
f 1457/1457/1457 1486/1486/1486 1459/1459/1459 1456/1456/1456
f 1459/1459/1459 1486/1486/1486 1488/1488/1488 1489/1489/1489
f 1490/1490/1490 1502/1502/1502 1491/1491/1491 1492/1492/1492
f 1493/1493/1493 1492/1492/1492 1494/1494/1494 1467/1467/1467
f 1494/1494/1494 1492/1492/1492 1491/1491/1491 1498/1498/1498
f 1495/1495/1495 1471/1471/1471 1467/1467/1467 1494/1494/1494
f 1496/1496/1496 1497/1497/1497 1495/1495/1495 1494/1494/1494
f 1496/1496/1496 1494/1494/1494 1498/1498/1498
f 1496/1496/1496 1498/1498/1498 1499/1499/1499 1500/1500/1500
f 1485/1485/1485 1499/1499/1499 1498/1498/1498 1491/1491/1491
f 1480/1480/1480 1500/1500/1500 1499/1499/1499 1482/1482/1482
f 1501/1501/1501 1485/1485/1485 1491/1491/1491 1502/1502/1502
f 1501/1501/1501 1487/1487/1487 1484/1484/1484 1485/1485/1485
f 1497/1497/1497 1504/1504/1504 1503/1503/1503 1495/1495/1495
f 1473/1473/1473 1495/1495/1495 1503/1503/1503
f 1496/1496/1496 1505/1505/1505 1479/1479/1479 1478/1478/1478
f 1480/1480/1480 1479/1479/1479 1505/1505/1505 1500/1500/1500
f 1496/1496/1496 1478/1478/1478 1504/1504/1504 1497/1497/1497
f 1506/1506/1506 1518/1518/1518 1507/1507/1507 1508/1508/1508
f 1509/1509/1509 1508/1508/1508 1507/1507/1507 1510/1510/1510
f 1510/1510/1510 1507/1507/1507 1511/1511/1511 1513/1513/1513
f 1512/1512/1512 1415/1415/1415 1509/1509/1509 1510/1510/1510
f 1512/1512/1512 1510/1510/1510 1513/1513/1513 1514/1514/1514
f 1515/1515/1515 1514/1514/1514 1513/1513/1513 1523/1523/1523
f 1414/1414/1414 1512/1512/1512 1514/1514/1514 1413/1413/1413
f 1515/1515/1515 1524/1524/1524 1413/1413/1413 1514/1514/1514
f 1414/1414/1414 1413/1413/1413 1395/1395/1395
f 1506/1506/1506 1516/1516/1516 1517/1517/1517 1518/1518/1518
f 1519/1519/1519 1518/1518/1518 1517/1517/1517 1533/1533/1533
f 1436/1436/1436 1511/1511/1511 1507/1507/1507 1518/1518/1518
f 1519/1519/1519 1436/1436/1436 1518/1518/1518
f 1519/1519/1519 1520/1520/1520 1437/1437/1437 1436/1436/1436
f 1436/1436/1436 1440/1440/1440 1521/1521/1521 1511/1511/1511
f 1522/1522/1522 1521/1521/1521 1440/1440/1440 1441/1441/1441
f 1513/1513/1513 1511/1511/1511 1521/1521/1521 1523/1523/1523
f 1444/1444/1444 1523/1523/1523 1521/1521/1521 1522/1522/1522
f 1515/1515/1515 1523/1523/1523 1444/1444/1444 1443/1443/1443
f 1515/1515/1515 1443/1443/1443 1445/1445/1445 1524/1524/1524
f 1413/1413/1413 1524/1524/1524 1445/1445/1445 1417/1417/1417
f 1448/1448/1448 1447/1447/1447 1525/1525/1525 1537/1537/1537
f 1424/1424/1424 1448/1448/1448 1526/1526/1526
f 1526/1526/1526 1448/1448/1448 1527/1527/1527 1529/1529/1529
f 1424/1424/1424 1526/1526/1526 1528/1528/1528 1426/1426/1426
f 1526/1526/1526 1529/1529/1529 1528/1528/1528
f 1464/1464/1464 1468/1468/1468 1469/1469/1469 1439/1439/1439
f 1464/1464/1464 1439/1439/1439 1530/1530/1530
f 1439/1439/1439 1437/1437/1437 1520/1520/1520 1530/1530/1530
f 1464/1464/1464 1530/1530/1530 1531/1531/1531 1532/1532/1532
f 1533/1533/1533 1530/1530/1530 1520/1520/1520 1519/1519/1519
f 1522/1522/1522 1441/1441/1441 1472/1472/1472 1534/1534/1534
f 1473/1473/1473 1535/1535/1535 1534/1534/1534 1472/1472/1472
f 1444/1444/1444 1522/1522/1522 1534/1534/1534 1474/1474/1474
f 1525/1525/1525 1474/1474/1474 1534/1534/1534 1535/1535/1535
f 1442/1442/1442 1474/1474/1474 1525/1525/1525 1447/1447/1447
f 1525/1525/1525 1535/1535/1535 1536/1536/1536 1537/1537/1537
f 1473/1473/1473 1536/1536/1536 1535/1535/1535
f 1451/1451/1451 1537/1537/1537 1536/1536/1536 1475/1475/1475
f 1451/1451/1451 1527/1527/1527 1448/1448/1448 1537/1537/1537
f 1475/1475/1475 1536/1536/1536 1504/1504/1504 1478/1478/1478
f 1473/1473/1473 1503/1503/1503 1504/1504/1504 1536/1536/1536
f 1426/1426/1426 1528/1528/1528 1529/1529/1529 1527/1527/1527
f 1426/1426/1426 1527/1527/1527 1538/1538/1538 1449/1449/1449
f 1451/1451/1451 1449/1449/1449 1538/1538/1538 1527/1527/1527
f 1516/1516/1516 1533/1533/1533 1517/1517/1517
f 1533/1533/1533 1541/1541/1541 1531/1531/1531 1530/1530/1530
f 1539/1539/1539 1532/1532/1532 1531/1531/1531 1540/1540/1540
f 1541/1541/1541 1542/1542/1542 1540/1540/1540 1531/1531/1531
f 1516/1516/1516 1542/1542/1542 1541/1541/1541 1533/1533/1533
f 1543/1543/1543 1540/1540/1540 1542/1542/1542
f 1516/1516/1516 1544/1544/1544 1543/1543/1543 1542/1542/1542
f 1545/1545/1545 1546/1546/1546 1547/1547/1547
f 1545/1545/1545 1548/1548/1548 1546/1546/1546
f 1549/1549/1549 1550/1550/1550 1548/1548/1548 1545/1545/1545
f 1550/1550/1550 1549/1549/1549 1551/1551/1551
f 1552/1552/1552 1550/1550/1550 1551/1551/1551
f 1553/1553/1553 1552/1552/1552 1551/1551/1551
f 1554/1554/1554 1555/1555/1555 1556/1556/1556 1558/1558/1558
f 1557/1557/1557 1560/1560/1560 1556/1556/1556 1555/1555/1555
f 1559/1559/1559 1558/1558/1558 1556/1556/1556 1561/1561/1561
f 1561/1561/1561 1556/1556/1556 1560/1560/1560 1562/1562/1562
f 1563/1563/1563 1564/1564/1564 1565/1565/1565 1567/1567/1567
f 1566/1566/1566 1571/1571/1571 1565/1565/1565 1564/1564/1564
f 1568/1568/1568 1567/1567/1567 1565/1565/1565 1570/1570/1570
f 1569/1569/1569 1567/1567/1567 1568/1568/1568 1572/1572/1572
f 1570/1570/1570 1565/1565/1565 1571/1571/1571 1576/1576/1576
f 1566/1566/1566 1573/1573/1573 1574/1574/1574 1571/1571/1571
f 1573/1573/1573 1587/1587/1587 1575/1575/1575 1574/1574/1574
f 1576/1576/1576 1571/1571/1571 1574/1574/1574 1577/1577/1577
f 1577/1577/1577 1574/1574/1574 1575/1575/1575 1590/1590/1590
f 1578/1578/1578 1579/1579/1579 1580/1580/1580
f 1580/1580/1580 1581/1581/1581 1582/1582/1582 1584/1584/1584
f 1583/1583/1583 1582/1582/1582 1581/1581/1581 1598/1598/1598
f 1584/1584/1584 1582/1582/1582 1585/1585/1585 1588/1588/1588
f 1580/1580/1580 1584/1584/1584 1586/1586/1586 1578/1578/1578
f 1584/1584/1584 1588/1588/1588 1575/1575/1575 1587/1587/1587
f 1589/1589/1589 1590/1590/1590 1575/1575/1575 1588/1588/1588
f 1591/1591/1591 1592/1592/1592 1593/1593/1593 1595/1595/1595
f 1594/1594/1594 1593/1593/1593 1592/1592/1592 1596/1596/1596
f 1595/1595/1595 1593/1593/1593 1583/1583/1583 1598/1598/1598
f 1583/1583/1583 1593/1593/1593 1594/1594/1594 1597/1597/1597
f 1583/1583/1583 1597/1597/1597 1585/1585/1585 1582/1582/1582
f 1599/1599/1599 1602/1602/1602 1600/1600/1600 1601/1601/1601
f 1569/1569/1569 1601/1601/1601 1600/1600/1600
f 1563/1563/1563 1567/1567/1567 1569/1569/1569 1600/1600/1600
f 1602/1602/1602 1564/1564/1564 1563/1563/1563 1600/1600/1600
f 1602/1602/1602 1603/1603/1603 1566/1566/1566 1564/1564/1564
f 1566/1566/1566 1603/1603/1603 1604/1604/1604 1573/1573/1573
f 1573/1573/1573 1604/1604/1604 1605/1605/1605 1587/1587/1587
f 1578/1578/1578 1586/1586/1586 1584/1584/1584 1587/1587/1587
f 1578/1578/1578 1587/1587/1587 1605/1605/1605
f 1594/1594/1594 1596/1596/1596 1606/1606/1606 1608/1608/1608
f 1596/1596/1596 1623/1623/1623 1607/1607/1607 1606/1606/1606
f 1609/1609/1609 1608/1608/1608 1606/1606/1606 1634/1634/1634
f 1594/1594/1594 1608/1608/1608 1610/1610/1610 1597/1597/1597
f 1609/1609/1609 1612/1612/1612 1610/1610/1610 1608/1608/1608
f 1585/1585/1585 1597/1597/1597 1610/1610/1610 1611/1611/1611
f 1611/1611/1611 1610/1610/1610 1612/1612/1612 1615/1615/1615
f 1588/1588/1588 1585/1585/1585 1611/1611/1611 1613/1613/1613
f 1614/1614/1614 1613/1613/1613 1611/1611/1611 1615/1615/1615
f 1616/1616/1616 1615/1615/1615 1617/1617/1617 1618/1618/1618
f 1619/1619/1619 1617/1617/1617 1620/1620/1620 1622/1622/1622
f 1617/1617/1617 1637/1637/1637 1621/1621/1621 1620/1620/1620
f 1623/1623/1623 1624/1624/1624 1625/1625/1625 1607/1607/1607
f 1607/1607/1607 1625/1625/1625 1626/1626/1626 1627/1627/1627
f 1627/1627/1627 1626/1626/1626 1628/1628/1628 1630/1630/1630
f 1629/1629/1629 1607/1607/1607 1627/1627/1627
f 1629/1629/1629 1634/1634/1634 1606/1606/1606 1607/1607/1607
f 1629/1629/1629 1627/1627/1627 1630/1630/1630 1631/1631/1631
f 1632/1632/1632 1636/1636/1636 1631/1631/1631 1630/1630/1630
f 1629/1629/1629 1631/1631/1631 1633/1633/1633 1634/1634/1634
f 1609/1609/1609 1633/1633/1633 1631/1631/1631 1635/1635/1635
f 1635/1635/1635 1631/1631/1631 1636/1636/1636 1638/1638/1638
f 1609/1609/1609 1635/1635/1635 1637/1637/1637 1612/1612/1612
f 1637/1637/1637 1635/1635/1635 1638/1638/1638 1621/1621/1621
f 1615/1615/1615 1612/1612/1612 1637/1637/1637 1617/1617/1617
f 1639/1639/1639 1632/1632/1632 1630/1630/1630 1628/1628/1628
f 1614/1614/1614 1615/1615/1615 1616/1616/1616
f 1568/1568/1568 1570/1570/1570 1640/1640/1640 1642/1642/1642
f 1570/1570/1570 1576/1576/1576 1641/1641/1641 1640/1640/1640
f 1640/1640/1640 1649/1649/1649 1643/1643/1643 1642/1642/1642
f 1576/1576/1576 1577/1577/1577 1644/1644/1644 1641/1641/1641
f 1577/1577/1577 1590/1590/1590 1645/1645/1645 1644/1644/1644
f 1641/1641/1641 1644/1644/1644 1646/1646/1646 1647/1647/1647
f 1645/1645/1645 1657/1657/1657 1646/1646/1646 1644/1644/1644
f 1646/1646/1646 1658/1658/1658 1648/1648/1648 1647/1647/1647
f 1641/1641/1641 1647/1647/1647 1649/1649/1649 1640/1640/1640
f 1649/1649/1649 1647/1647/1647 1648/1648/1648 1650/1650/1650
f 1643/1643/1643 1649/1649/1649 1650/1650/1650 1651/1651/1651
f 1652/1652/1652 1651/1651/1651 1650/1650/1650 1662/1662/1662
f 1653/1653/1653 1645/1645/1645 1590/1590/1590 1589/1589/1589
f 1654/1654/1654 1666/1666/1666 1655/1655/1655 1656/1656/1656
f 1653/1653/1653 1656/1656/1656 1657/1657/1657 1645/1645/1645
f 1657/1657/1657 1656/1656/1656 1655/1655/1655 1659/1659/1659
f 1657/1657/1657 1659/1659/1659 1658/1658/1658 1646/1646/1646
f 1648/1648/1648 1658/1658/1658 1660/1660/1660 1661/1661/1661
f 1659/1659/1659 1665/1665/1665 1660/1660/1660 1658/1658/1658
f 1648/1648/1648 1661/1661/1661 1662/1662/1662 1650/1650/1650
f 1663/1663/1663 1664/1664/1664 1655/1655/1655 1666/1666/1666
f 1655/1655/1655 1664/1664/1664 1665/1665/1665 1659/1659/1659
f 1653/1653/1653 1667/1667/1667 1654/1654/1654 1656/1656/1656
f 1652/1652/1652 1671/1671/1671 1668/1668/1668 1651/1651/1651
f 1669/1669/1669 1670/1670/1670 1668/1668/1668 1672/1672/1672
f 1672/1672/1672 1668/1668/1668 1671/1671/1671 1673/1673/1673
f 1672/1672/1672 1673/1673/1673 1674/1674/1674 1675/1675/1675
f 1653/1653/1653 1589/1589/1589 1588/1588/1588 1676/1676/1676
f 1614/1614/1614 1676/1676/1676 1588/1588/1588 1613/1613/1613
f 1676/1676/1676 1677/1677/1677 1667/1667/1667 1653/1653/1653
f 1654/1654/1654 1667/1667/1667 1678/1678/1678 1666/1666/1666
f 1614/1614/1614 1679/1679/1679 1677/1677/1677 1676/1676/1676
f 1677/1677/1677 1679/1679/1679 1678/1678/1678 1667/1667/1667
f 1614/1614/1614 1619/1619/1619 1622/1622/1622 1679/1679/1679
f 1680/1680/1680 1682/1682/1682 1681/1681/1681 1599/1599/1599
f 1682/1682/1682 1684/1684/1684 1683/1683/1683 1681/1681/1681
f 1685/1685/1685 1681/1681/1681 1683/1683/1683 1686/1686/1686
f 1602/1602/1602 1599/1599/1599 1681/1681/1681 1685/1685/1685
f 1683/1683/1683 1690/1690/1690 1687/1687/1687 1686/1686/1686
f 1602/1602/1602 1688/1688/1688 1689/1689/1689 1603/1603/1603
f 1602/1602/1602 1685/1685/1685 1688/1688/1688
f 1689/1689/1689 1715/1715/1715 1604/1604/1604 1603/1603/1603
f 1691/1691/1691 1692/1692/1692 1687/1687/1687 1690/1690/1690
f 1691/1691/1691 1694/1694/1694 1693/1693/1693 1692/1692/1692
f 1695/1695/1695 1696/1696/1696 1694/1694/1694 1691/1691/1691
f 1696/1696/1696 1697/1697/1697 1694/1694/1694
f 1693/1693/1693 1694/1694/1694 1697/1697/1697 1698/1698/1698
f 1698/1698/1698 1697/1697/1697 1699/1699/1699 1700/1700/1700
f 1701/1701/1701 1706/1706/1706 1700/1700/1700 1699/1699/1699
f 1702/1702/1702 1703/1703/1703 1698/1698/1698 1700/1700/1700
f 1704/1704/1704 1705/1705/1705 1702/1702/1702 1700/1700/1700
f 1704/1704/1704 1700/1700/1700 1706/1706/1706
f 1704/1704/1704 1706/1706/1706 1707/1707/1707 1708/1708/1708
f 1707/1707/1707 1706/1706/1706 1701/1701/1701
f 1709/1709/1709 1711/1711/1711 1708/1708/1708 1707/1707/1707
f 1704/1704/1704 1708/1708/1708 1710/1710/1710 1712/1712/1712
f 1711/1711/1711 1717/1717/1717 1710/1710/1710 1708/1708/1708
f 1713/1713/1713 1724/1724/1724 1712/1712/1712 1710/1710/1710
f 1704/1704/1704 1712/1712/1712 1705/1705/1705
f 1578/1578/1578 1605/1605/1605 1714/1714/1714 1579/1579/1579
f 1714/1714/1714 1605/1605/1605 1604/1604/1604 1715/1715/1715
f 1707/1707/1707 1701/1701/1701 1716/1716/1716
f 1707/1707/1707 1716/1716/1716 1709/1709/1709
f 1713/1713/1713 1710/1710/1710 1717/1717/1717 1718/1718/1718
f 1713/1713/1713 1718/1718/1718 1719/1719/1719 1720/1720/1720
f 1720/1720/1720 1719/1719/1719 1721/1721/1721 1725/1725/1725
f 1713/1713/1713 1720/1720/1720 1722/1722/1722 1724/1724/1724
f 1722/1722/1722 1720/1720/1720 1723/1723/1723 1731/1731/1731
f 1726/1726/1726 1723/1723/1723 1725/1725/1725
f 1726/1726/1726 1727/1727/1727 1723/1723/1723
f 1723/1723/1723 1720/1720/1720 1725/1725/1725
f 1727/1727/1727 1728/1728/1728 1723/1723/1723
f 1729/1729/1729 1728/1728/1728 1727/1727/1727 1736/1736/1736
f 1730/1730/1730 1731/1731/1731 1723/1723/1723 1728/1728/1728
f 1732/1732/1732 1730/1730/1730 1728/1728/1728 1729/1729/1729
f 1732/1732/1732 1729/1729/1729 1733/1733/1733 1735/1735/1735
f 1729/1729/1729 1736/1736/1736 1734/1734/1734 1733/1733/1733
f 1737/1737/1737 1738/1738/1738 1733/1733/1733 1734/1734/1734
f 1726/1726/1726 1725/1725/1725 1739/1739/1739
f 1726/1726/1726 1739/1739/1739 1740/1740/1740
f 1741/1741/1741 1742/1742/1742 1696/1696/1696 1695/1695/1695
f 1721/1721/1721 1743/1743/1743 1744/1744/1744 1745/1745/1745
f 1725/1725/1725 1721/1721/1721 1745/1745/1745 1740/1740/1740
f 1725/1725/1725 1740/1740/1740 1739/1739/1739
f 1746/1746/1746 1747/1747/1747 1745/1745/1745 1744/1744/1744
f 1740/1740/1740 1745/1745/1745 1747/1747/1747 1749/1749/1749
f 1748/1748/1748 1740/1740/1740 1749/1749/1749 1750/1750/1750
f 1748/1748/1748 1750/1750/1750 1751/1751/1751
f 1752/1752/1752 1753/1753/1753 1754/1754/1754 1755/1755/1755
f 1756/1756/1756 1759/1759/1759 1757/1757/1757 1758/1758/1758
f 1756/1756/1756 1761/1761/1761 1760/1760/1760 1759/1759/1759
f 1762/1762/1762 1760/1760/1760 1761/1761/1761
f 1763/1763/1763 1762/1762/1762 1761/1761/1761
f 1764/1764/1764 1767/1767/1767 1765/1765/1765 1766/1766/1766
f 1768/1768/1768 1769/1769/1769 1770/1770/1770 1771/1771/1771
f 1772/1772/1772 1773/1773/1773 1774/1774/1774 1775/1775/1775
f 1774/1774/1774 1777/1777/1777 1776/1776/1776 1775/1775/1775
f 1778/1778/1778 1776/1776/1776 1777/1777/1777 1779/1779/1779
f 1778/1778/1778 1779/1779/1779 1780/1780/1780
f 1781/1781/1781 1784/1784/1784 1782/1782/1782 1783/1783/1783
f 1785/1785/1785 1789/1789/1789 1786/1786/1786 1787/1787/1787
f 1788/1788/1788 1786/1786/1786 1789/1789/1789 1790/1790/1790
f 1791/1791/1791 1801/1801/1801 1792/1792/1792 1793/1793/1793
f 1794/1794/1794 1814/1814/1814 1795/1795/1795 1796/1796/1796
f 1797/1797/1797 1798/1798/1798 1799/1799/1799 1801/1801/1801
f 1800/1800/1800 1817/1817/1817 1799/1799/1799 1798/1798/1798
f 1802/1802/1802 1801/1801/1801 1799/1799/1799 1816/1816/1816
f 1797/1797/1797 1801/1801/1801 1791/1791/1791
f 1803/1803/1803 1792/1792/1792 1801/1801/1801
f 1803/1803/1803 1801/1801/1801 1802/1802/1802
f 1803/1803/1803 1802/1802/1802 1794/1794/1794
f 1804/1804/1804 1807/1807/1807 1805/1805/1805 1806/1806/1806
f 1808/1808/1808 1809/1809/1809 1804/1804/1804 1806/1806/1806
f 1808/1808/1808 1831/1831/1831 1810/1810/1810 1809/1809/1809
f 1811/1811/1811 1812/1812/1812 1804/1804/1804 1809/1809/1809
f 1810/1810/1810 1813/1813/1813 1811/1811/1811 1809/1809/1809
f 1814/1814/1814 1813/1813/1813 1810/1810/1810 1795/1795/1795
f 1815/1815/1815 1811/1811/1811 1813/1813/1813 1816/1816/1816
f 1815/1815/1815 1819/1819/1819 1812/1812/1812 1811/1811/1811
f 1802/1802/1802 1816/1816/1816 1813/1813/1813 1814/1814/1814
f 1799/1799/1799 1817/1817/1817 1815/1815/1815 1816/1816/1816
f 1818/1818/1818 1819/1819/1819 1815/1815/1815 1817/1817/1817
f 1820/1820/1820 1818/1818/1818 1817/1817/1817 1800/1800/1800
f 1820/1820/1820 1828/1828/1828 1819/1819/1819 1818/1818/1818
f 1820/1820/1820 1800/1800/1800 1821/1821/1821 1822/1822/1822
f 1822/1822/1822 1821/1821/1821 1823/1823/1823 1825/1825/1825
f 1820/1820/1820 1822/1822/1822 1824/1824/1824 1826/1826/1826
f 1822/1822/1822 1825/1825/1825 1824/1824/1824
f 1827/1827/1827 1826/1826/1826 1824/1824/1824 1825/1825/1825
f 1828/1828/1828 1829/1829/1829 1830/1830/1830 1812/1812/1812
f 1812/1812/1812 1830/1830/1830 1807/1807/1807 1804/1804/1804
f 1828/1828/1828 1812/1812/1812 1819/1819/1819
f 1795/1795/1795 1810/1810/1810 1831/1831/1831 1832/1832/1832
f 1794/1794/1794 1802/1802/1802 1814/1814/1814
f 1833/1833/1833 1834/1834/1834 1835/1835/1835 1836/1836/1836
f 1835/1835/1835 1841/1841/1841 1837/1837/1837 1836/1836/1836
f 1833/1833/1833 1836/1836/1836 1838/1838/1838
f 1839/1839/1839 1836/1836/1836 1837/1837/1837 1840/1840/1840
f 1842/1842/1842 1837/1837/1837 1841/1841/1841 1843/1843/1843
f 1844/1844/1844 1839/1839/1839 1845/1845/1845 1846/1846/1846
f 1844/1844/1844 1838/1838/1838 1836/1836/1836 1839/1839/1839
f 1847/1847/1847 1838/1838/1838 1844/1844/1844 1848/1848/1848
f 1845/1845/1845 1839/1839/1839 1840/1840/1840 1849/1849/1849
f 1849/1849/1849 1840/1840/1840 1850/1850/1850 1851/1851/1851
f 1842/1842/1842 1850/1850/1850 1840/1840/1840 1837/1837/1837
f 1852/1852/1852 1851/1851/1851 1850/1850/1850 1853/1853/1853
f 1797/1797/1797 1791/1791/1791 1849/1849/1849 1851/1851/1851
f 1797/1797/1797 1851/1851/1851 1798/1798/1798
f 1800/1800/1800 1798/1798/1798 1851/1851/1851 1852/1852/1852
f 1842/1842/1842 1843/1843/1843 1853/1853/1853 1850/1850/1850
f 1834/1834/1834 1855/1855/1855 1854/1854/1854 1835/1835/1835
f 1856/1856/1856 1857/1857/1857 1854/1854/1854 1855/1855/1855
f 1858/1858/1858 1857/1857/1857 1856/1856/1856 1859/1859/1859
f 1835/1835/1835 1854/1854/1854 1860/1860/1860 1841/1841/1841
f 1854/1854/1854 1857/1857/1857 1861/1861/1861 1860/1860/1860
f 1858/1858/1858 1861/1861/1861 1857/1857/1857
f 1858/1858/1858 1863/1863/1863 1862/1862/1862 1861/1861/1861
f 1858/1858/1858 1864/1864/1864 1863/1863/1863
f 1865/1865/1865 1861/1861/1861 1862/1862/1862 1866/1866/1866
f 1852/1852/1852 1853/1853/1853 1865/1865/1865 1866/1866/1866
f 1800/1800/1800 1852/1852/1852 1866/1866/1866 1821/1821/1821
f 1863/1863/1863 1864/1864/1864 1823/1823/1823 1862/1862/1862
f 1867/1867/1867 1843/1843/1843 1841/1841/1841 1860/1860/1860
f 1867/1867/1867 1860/1860/1860 1861/1861/1861 1865/1865/1865
f 1867/1867/1867 1865/1865/1865 1853/1853/1853 1843/1843/1843
f 1821/1821/1821 1866/1866/1866 1862/1862/1862 1823/1823/1823
f 1868/1868/1868 1874/1874/1874 1869/1869/1869 1870/1870/1870
f 1871/1871/1871 1872/1872/1872 1873/1873/1873 1882/1882/1882
f 1874/1874/1874 1875/1875/1875 1876/1876/1876 1869/1869/1869
f 1875/1875/1875 1886/1886/1886 1877/1877/1877 1876/1876/1876
f 1869/1869/1869 1876/1876/1876 1878/1878/1878 1880/1880/1880
f 1879/1879/1879 1878/1878/1878 1876/1876/1876 1877/1877/1877
f 1881/1881/1881 1880/1880/1880 1878/1878/1878 1884/1884/1884
f 1870/1870/1870 1869/1869/1869 1880/1880/1880 1882/1882/1882
f 1871/1871/1871 1882/1882/1882 1880/1880/1880 1881/1881/1881
f 1883/1883/1883 1881/1881/1881 1884/1884/1884 1895/1895/1895
f 1871/1871/1871 1885/1885/1885 1872/1872/1872
f 1877/1877/1877 1886/1886/1886 1887/1887/1887 1888/1888/1888
f 1887/1887/1887 1896/1896/1896 1889/1889/1889 1888/1888/1888
f 1879/1879/1879 1877/1877/1877 1888/1888/1888 1890/1890/1890
f 1891/1891/1891 1890/1890/1890 1888/1888/1888 1889/1889/1889
f 1891/1891/1891 1903/1903/1903 1892/1892/1892 1890/1890/1890
f 1879/1879/1879 1893/1893/1893 1884/1884/1884 1878/1878/1878
f 1894/1894/1894 1895/1895/1895 1884/1884/1884 1893/1893/1893
f 1896/1896/1896 1897/1897/1897 1898/1898/1898 1889/1889/1889
f 1899/1899/1899 1901/1901/1901 1898/1898/1898 1897/1897/1897
f 1891/1891/1891 1889/1889/1889 1898/1898/1898 1900/1900/1900
f 1901/1901/1901 1908/1908/1908 1900/1900/1900 1898/1898/1898
f 1891/1891/1891 1900/1900/1900 1902/1902/1902 1903/1903/1903
f 1904/1904/1904 1903/1903/1903 1902/1902/1902 1924/1924/1924
f 1901/1901/1901 1905/1905/1905 1906/1906/1906 1908/1908/1908
f 1905/1905/1905 1935/1935/1935 1907/1907/1907 1906/1906/1906
f 1909/1909/1909 1910/1910/1910 1911/1911/1911 1913/1913/1913
f 1912/1912/1912 1937/1937/1937 1911/1911/1911 1910/1910/1910
f 1913/1913/1913 1911/1911/1911 1914/1914/1914 1916/1916/1916
f 1909/1909/1909 1913/1913/1913 1915/1915/1915
f 1913/1913/1913 1916/1916/1916 1915/1915/1915
f 1909/1909/1909 1915/1915/1915 1917/1917/1917 1919/1919/1919
f 1918/1918/1918 1917/1917/1917 1915/1915/1915 1916/1916/1916
f 1919/1919/1919 1917/1917/1917 1918/1918/1918 1925/1925/1925
f 1909/1909/1909 1919/1919/1919 1920/1920/1920 1922/1922/1922
f 1920/1920/1920 1919/1919/1919 1921/1921/1921
f 1922/1922/1922 1920/1920/1920 1921/1921/1921
f 1923/1923/1923 1922/1922/1922 1921/1921/1921
f 1902/1902/1902 1923/1923/1923 1921/1921/1921
f 1924/1924/1924 1902/1902/1902 1921/1921/1921
f 1925/1925/1925 1924/1924/1924 1921/1921/1921
f 1925/1925/1925 1929/1929/1929 1926/1926/1926 1924/1924/1924
f 1919/1919/1919 1925/1925/1925 1921/1921/1921
f 1925/1925/1925 1918/1918/1918 1927/1927/1927 1928/1928/1928
f 1918/1918/1918 1916/1916/1916 1927/1927/1927
f 1925/1925/1925 1928/1928/1928 1929/1929/1929
f 1904/1904/1904 1924/1924/1924 1926/1926/1926 1929/1929/1929
f 1930/1930/1930 1936/1936/1936 1931/1931/1931 1932/1932/1932
f 1933/1933/1933 1934/1934/1934 1931/1931/1931 1936/1936/1936
f 1907/1907/1907 1935/1935/1935 1934/1934/1934 1933/1933/1933
f 1938/1938/1938 1914/1914/1914 1911/1911/1911 1937/1937/1937
f 1939/1939/1939 1901/1901/1901 1899/1899/1899
f 1871/1871/1871 1940/1940/1940 1941/1941/1941 1885/1885/1885
f 1871/1871/1871 1881/1881/1881 1883/1883/1883 1942/1942/1942
f 1871/1871/1871 1942/1942/1942 1940/1940/1940
f 1912/1912/1912 1943/1943/1943 1937/1937/1937
f 1943/1943/1943 1848/1848/1848 1844/1844/1844 1937/1937/1937
f 1847/1847/1847 1848/1848/1848 1944/1944/1944
f 1943/1943/1943 1944/1944/1944 1848/1848/1848
f 1943/1943/1943 1945/1945/1945 1847/1847/1847 1944/1944/1944
f 1858/1858/1858 1859/1859/1859 1856/1856/1856
f 1946/1946/1946 1947/1947/1947 1948/1948/1948
f 1946/1946/1946 1949/1949/1949 1947/1947/1947
f 1946/1946/1946 1948/1948/1948 1950/1950/1950
f 1951/1951/1951 1952/1952/1952 1953/1953/1953 1954/1954/1954
f 1955/1955/1955 1958/1958/1958 1956/1956/1956 1957/1957/1957
f 1959/1959/1959 1955/1955/1955 1957/1957/1957 1961/1961/1961
f 1959/1959/1959 1963/1963/1963 1960/1960/1960 1955/1955/1955
f 1962/1962/1962 1963/1963/1963 1959/1959/1959 1961/1961/1961
f 1962/1962/1962 1970/1970/1970 1964/1964/1964 1963/1963/1963
f 1964/1964/1964 1960/1960/1960 1963/1963/1963
f 1955/1955/1955 1960/1960/1960 1965/1965/1965 1958/1958/1958
f 1966/1966/1966 1967/1967/1967 1958/1958/1958 1965/1965/1965
f 1958/1958/1958 1967/1967/1967 1968/1968/1968 1956/1956/1956
f 1962/1962/1962 1971/1971/1971 1969/1969/1969 1970/1970/1970
f 1972/1972/1972 1973/1973/1973 1974/1974/1974 1977/1977/1977
f 1972/1972/1972 1975/1975/1975 1976/1976/1976
f 1972/1972/1972 1977/1977/1977 1975/1975/1975
f 1978/1978/1978 1979/1979/1979 1980/1980/1980 1981/1981/1981
f 1981/1981/1981 1980/1980/1980 1982/1982/1982 1994/1994/1994
f 1981/1981/1981 1983/1983/1983 1978/1978/1978
f 1981/1981/1981 1984/1984/1984 1983/1983/1983
f 1984/1984/1984 1985/1985/1985 1983/1983/1983
f 1984/1984/1984 1986/1986/1986 1985/1985/1985
f 1981/1981/1981 1987/1987/1987 1984/1984/1984
f 1981/1981/1981 1988/1988/1988 1987/1987/1987
f 1989/1989/1989 1992/1992/1992 1990/1990/1990 1991/1991/1991
f 1991/1991/1991 1994/1994/1994 1993/1993/1993 1989/1989/1989
f 1993/1993/1993 1996/1996/1996 1995/1995/1995 1989/1989/1989
f 1992/1992/1992 1989/1989/1989 1995/1995/1995 1997/1997/1997
f 1997/1997/1997 1995/1995/1995 1998/1998/1998 1999/1999/1999
f 1999/1999/1999 1998/1998/1998 2000/2000/2000 2002/2002/2002
f 2001/2001/2001 2003/2003/2003 2000/2000/2000 1998/1998/1998
f 1996/1996/1996 2001/2001/2001 1998/1998/1998 1995/1995/1995
f 2004/2004/2004 2001/2001/2001 1996/1996/1996
f 2004/2004/2004 1996/1996/1996 1993/1993/1993 2005/2005/2005
f 1982/1982/1982 2005/2005/2005 1993/1993/1993 1994/1994/1994
f 2004/2004/2004 2005/2005/2005 2006/2006/2006
f 2005/2005/2005 2012/2012/2012 2007/2007/2007 2006/2006/2006
f 2008/2008/2008 2014/2014/2014 2009/2009/2009 2007/2007/2007
f 2010/2010/2010 2011/2011/2011 2012/2012/2012 2013/2013/2013
f 2011/2011/2011 2008/2008/2008 2007/2007/2007 2012/2012/2012
f 1982/1982/1982 2013/2013/2013 2012/2012/2012 2005/2005/2005
f 2010/2010/2010 2013/2013/2013 1982/1982/1982 1980/1980/1980
f 2015/2015/2015 2009/2009/2009 2014/2014/2014 2017/2017/2017
f 2016/2016/2016 2009/2009/2009 2015/2015/2015
f 2018/2018/2018 2019/2019/2019 2015/2015/2015 2017/2017/2017
f 2018/2018/2018 2020/2020/2020 2019/2019/2019
f 2019/2019/2019 2020/2020/2020 2016/2016/2016 2015/2015/2015
f 2004/2004/2004 2022/2022/2022 2021/2021/2021 2001/2001/2001
f 2023/2023/2023 2003/2003/2003 2001/2001/2001 2021/2021/2021
f 2004/2004/2004 2024/2024/2024 2025/2025/2025 2022/2022/2022
f 1990/1990/1990 2026/2026/2026 1988/1988/1988 1991/1991/1991
f 1984/1984/1984 1987/1987/1987 1988/1988/1988 1986/1986/1986
f 2026/2026/2026 2027/2027/2027 1986/1986/1986 1988/1988/1988
f 1981/1981/1981 1994/1994/1994 1991/1991/1991 1988/1988/1988
f 2028/2028/2028 2031/2031/2031 2029/2029/2029 2030/2030/2030
f 2029/2029/2029 2033/2033/2033 2032/2032/2032 2030/2030/2030
f 2034/2034/2034 2030/2030/2030 2032/2032/2032 2035/2035/2035
f 2010/2010/2010 2035/2035/2035 2032/2032/2032 2036/2036/2036
f 2032/2032/2032 2033/2033/2033 2037/2037/2037 2036/2036/2036
f 2010/2010/2010 2036/2036/2036 2038/2038/2038 2011/2011/2011
f 2037/2037/2037 2047/2047/2047 2038/2038/2038 2036/2036/2036
f 2011/2011/2011 2038/2038/2038 2039/2039/2039 2008/2008/2008
f 2008/2008/2008 2039/2039/2039 2040/2040/2040 2014/2014/2014
f 2041/2041/2041 2049/2049/2049 2040/2040/2040 2039/2039/2039
f 2014/2014/2014 2040/2040/2040 2042/2042/2042 2017/2017/2017
f 2018/2018/2018 2017/2017/2017 2043/2043/2043
f 2044/2044/2044 2045/2045/2045 2043/2043/2043 2017/2017/2017
f 2044/2044/2044 2046/2046/2046 2045/2045/2045
f 2047/2047/2047 2041/2041/2041 2039/2039/2039 2038/2038/2038
f 2048/2048/2048 2042/2042/2042 2040/2040/2040 2049/2049/2049
f 2044/2044/2044 2042/2042/2042 2048/2048/2048 2050/2050/2050
f 2044/2044/2044 2017/2017/2017 2042/2042/2042
f 2051/2051/2051 2052/2052/2052 2053/2053/2053 2055/2055/2055
f 2051/2051/2051 2061/2061/2061 2054/2054/2054 2052/2052/2052
f 2055/2055/2055 2053/2053/2053 2056/2056/2056 2058/2058/2058
f 2051/2051/2051 2055/2055/2055 2057/2057/2057 2059/2059/2059
f 2057/2057/2057 2055/2055/2055 2058/2058/2058 2068/2068/2068
f 2059/2059/2059 2057/2057/2057 2060/2060/2060 2070/2070/2070
f 2059/2059/2059 2062/2062/2062 2061/2061/2061 2051/2051/2051
f 2058/2058/2058 2056/2056/2056 2063/2063/2063 2064/2064/2064
f 2064/2064/2064 2063/2063/2063 2065/2065/2065 2078/2078/2078
f 2058/2058/2058 2064/2064/2064 2066/2066/2066 2068/2068/2068
f 2067/2067/2067 2066/2066/2066 2064/2064/2064 2078/2078/2078
f 2069/2069/2069 2068/2068/2068 2066/2066/2066 2081/2081/2081
f 2060/2060/2060 2057/2057/2057 2068/2068/2068 2069/2069/2069
f 2071/2071/2071 2072/2072/2072 2073/2073/2073
f 2071/2071/2071 2002/2002/2002 2074/2074/2074
f 2074/2074/2074 2002/2002/2002 2000/2000/2000 2075/2075/2075
f 2071/2071/2071 2074/2074/2074 2075/2075/2075 2072/2072/2072
f 2075/2075/2075 2077/2077/2077 2076/2076/2076 2072/2072/2072
f 2067/2067/2067 2078/2078/2078 2072/2072/2072 2076/2076/2076
f 2067/2067/2067 2076/2076/2076 2079/2079/2079
f 2067/2067/2067 2080/2080/2080 2081/2081/2081 2066/2066/2066
f 2075/2075/2075 2000/2000/2000 2003/2003/2003 2077/2077/2077
f 2078/2078/2078 2065/2065/2065 2073/2073/2073 2072/2072/2072
f 2079/2079/2079 2076/2076/2076 2082/2082/2082 2083/2083/2083
f 2084/2084/2084 2085/2085/2085 2086/2086/2086 2087/2087/2087
f 2088/2088/2088 2092/2092/2092 2087/2087/2087 2086/2086/2086
f 2089/2089/2089 2090/2090/2090 2091/2091/2091 2093/2093/2093
f 2090/2090/2090 2092/2092/2092 2091/2091/2091
f 2093/2093/2093 2091/2091/2091 2094/2094/2094 2129/2129/2129
f 2095/2095/2095 2093/2093/2093 2096/2096/2096
f 2095/2095/2095 2097/2097/2097 2098/2098/2098
f 2098/2098/2098 2099/2099/2099 2100/2100/2100
f 2098/2098/2098 2101/2101/2101 2099/2099/2099
f 1999/1999/1999 2002/2002/2002 2102/2102/2102 2116/2116/2116
f 1990/1990/1990 1992/1992/1992 2103/2103/2103 2104/2104/2104
f 2026/2026/2026 1990/1990/1990 2104/2104/2104 2105/2105/2105
f 2106/2106/2106 2027/2027/2027 2026/2026/2026 2105/2105/2105
f 2107/2107/2107 2108/2108/2108 2109/2109/2109 2117/2117/2117
f 2110/2110/2110 2112/2112/2112 2111/2111/2111 2106/2106/2106
f 2111/2111/2111 2113/2113/2113 2027/2027/2027 2106/2106/2106
f 2114/2114/2114 2113/2113/2113 2111/2111/2111 2128/2128/2128
f 1992/1992/1992 1997/1997/1997 2115/2115/2115 2103/2103/2103
f 1997/1997/1997 1999/1999/1999 2116/2116/2116 2115/2115/2115
f 2107/2107/2107 2117/2117/2117 2118/2118/2118
f 2118/2118/2118 2119/2119/2119 2120/2120/2120 2122/2122/2122
f 2119/2119/2119 2134/2134/2134 2121/2121/2121 2120/2120/2120
f 2123/2123/2123 2124/2124/2124 2122/2122/2122 2120/2120/2120
f 2107/2107/2107 2118/2118/2118 2122/2122/2122 2110/2110/2110
f 2112/2112/2112 2110/2110/2110 2122/2122/2122 2124/2124/2124
f 2107/2107/2107 2110/2110/2110 2108/2108/2108
f 2112/2112/2112 2124/2124/2124 2125/2125/2125 2127/2127/2127
f 2126/2126/2126 2125/2125/2125 2124/2124/2124 2123/2123/2123
f 2096/2096/2096 2127/2127/2127 2125/2125/2125 2097/2097/2097
f 2112/2112/2112 2127/2127/2127 2128/2128/2128 2111/2111/2111
f 2093/2093/2093 2129/2129/2129 2128/2128/2128 2127/2127/2127
f 2114/2114/2114 2128/2128/2128 2129/2129/2129 2130/2130/2130
f 2094/2094/2094 2131/2131/2131 2130/2130/2130 2129/2129/2129
f 2088/2088/2088 2094/2094/2094 2091/2091/2091 2092/2092/2092
f 2093/2093/2093 2127/2127/2127 2096/2096/2096
f 2132/2132/2132 2097/2097/2097 2125/2125/2125 2126/2126/2126
f 2095/2095/2095 2096/2096/2096 2097/2097/2097
f 2098/2098/2098 2097/2097/2097 2132/2132/2132 2101/2101/2101
f 2123/2123/2123 2120/2120/2120 2121/2121/2121 2133/2133/2133
f 2089/2089/2089 2093/2093/2093 2095/2095/2095 2135/2135/2135
f 2136/2136/2136 2137/2137/2137 2138/2138/2138
f 2137/2137/2137 2139/2139/2139 2138/2138/2138
f 2137/2137/2137 2135/2135/2135 2139/2139/2139
f 2135/2135/2135 2095/2095/2095 2140/2140/2140
f 2095/2095/2095 2098/2098/2098 2140/2140/2140
f 2135/2135/2135 2140/2140/2140 2139/2139/2139
f 2136/2136/2136 2138/2138/2138 2141/2141/2141
f 2138/2138/2138 2142/2142/2142 2141/2141/2141
f 2136/2136/2136 2141/2141/2141 2143/2143/2143
f 2144/2144/2144 2115/2115/2115 2116/2116/2116
f 2144/2144/2144 2145/2145/2145 2146/2146/2146 2147/2147/2147
f 2148/2148/2148 2147/2147/2147 2146/2146/2146 2151/2151/2151
f 2103/2103/2103 2115/2115/2115 2144/2144/2144 2147/2147/2147
f 2148/2148/2148 2104/2104/2104 2103/2103/2103 2147/2147/2147
f 2149/2149/2149 2105/2105/2105 2104/2104/2104 2148/2148/2148
f 2106/2106/2106 2105/2105/2105 2149/2149/2149 2109/2109/2109
f 2149/2149/2149 2152/2152/2152 2117/2117/2117 2109/2109/2109
f 2106/2106/2106 2109/2109/2109 2108/2108/2108 2150/2150/2150
f 2149/2149/2149 2148/2148/2148 2151/2151/2151 2152/2152/2152
f 2116/2116/2116 2153/2153/2153 2154/2154/2154
f 2144/2144/2144 2116/2116/2116 2154/2154/2154
f 2154/2154/2154 2155/2155/2155 2145/2145/2145 2144/2144/2144
f 2110/2110/2110 2156/2156/2156 2150/2150/2150 2108/2108/2108
f 2157/2157/2157 2158/2158/2158 2150/2150/2150 2156/2156/2156
f 2159/2159/2159 2158/2158/2158 2157/2157/2157
f 2044/2044/2044 2050/2050/2050 2160/2160/2160 2046/2046/2046
f 2160/2160/2160 2050/2050/2050 2161/2161/2161 2162/2162/2162
f 2162/2162/2162 2161/2161/2161 2163/2163/2163
f 2162/2162/2162 2163/2163/2163 2164/2164/2164
f 2048/2048/2048 2165/2165/2165 2161/2161/2161 2050/2050/2050
f 2059/2059/2059 2070/2070/2070 2166/2166/2166 2167/2167/2167
f 2167/2167/2167 2166/2166/2166 2168/2168/2168
f 2167/2167/2167 2168/2168/2168 2169/2169/2169
f 2168/2168/2168 2170/2170/2170 2169/2169/2169
f 2070/2070/2070 2171/2171/2171 2172/2172/2172 2166/2166/2166
f 2166/2166/2166 2172/2172/2172 2170/2170/2170 2168/2168/2168
f 2106/2106/2106 2150/2150/2150 2173/2173/2173
f 2173/2173/2173 2150/2150/2150 2158/2158/2158 2177/2177/2177
f 2173/2173/2173 2174/2174/2174 2106/2106/2106
f 2173/2173/2173 2177/2177/2177 2175/2175/2175 2174/2174/2174
f 2176/2176/2176 2175/2175/2175 2177/2177/2177 2178/2178/2178
f 2159/2159/2159 2178/2178/2178 2177/2177/2177 2158/2158/2158
f 2016/2016/2016 2020/2020/2020 2179/2179/2179 2180/2180/2180
f 2180/2180/2180 2179/2179/2179 2181/2181/2181 2183/2183/2183
f 2182/2182/2182 2181/2181/2181 2179/2179/2179 2020/2020/2020
f 2182/2182/2182 2194/2194/2194 2183/2183/2183 2181/2181/2181
f 2180/2180/2180 2183/2183/2183 2184/2184/2184 2186/2186/2186
f 2183/2183/2183 2194/2194/2194 2185/2185/2185 2184/2184/2184
f 2018/2018/2018 2043/2043/2043 2182/2182/2182 2020/2020/2020
f 2045/2045/2045 2046/2046/2046 2182/2182/2182 2043/2043/2043
f 2046/2046/2046 2160/2160/2160 2187/2187/2187 2189/2189/2189
f 2160/2160/2160 2162/2162/2162 2188/2188/2188 2187/2187/2187
f 2190/2190/2190 2201/2201/2201 2189/2189/2189 2187/2187/2187
f 2182/2182/2182 2046/2046/2046 2189/2189/2189 2191/2191/2191
f 2192/2192/2192 2191/2191/2191 2189/2189/2189 2201/2201/2201
f 2193/2193/2193 2182/2182/2182 2191/2191/2191
f 2193/2193/2193 2199/2199/2199 2194/2194/2194 2182/2182/2182
f 2193/2193/2193 2191/2191/2191 2192/2192/2192 2195/2195/2195
f 2192/2192/2192 2201/2201/2201 2196/2196/2196 2195/2195/2195
f 2193/2193/2193 2195/2195/2195 2197/2197/2197 2198/2198/2198
f 2199/2199/2199 2198/2198/2198 2185/2185/2185 2194/2194/2194
f 2200/2200/2200 2196/2196/2196 2201/2201/2201 2190/2190/2190
f 2202/2202/2202 2200/2200/2200 2190/2190/2190 2203/2203/2203
f 2203/2203/2203 2190/2190/2190 2187/2187/2187 2188/2188/2188
f 2204/2204/2204 2202/2202/2202 2203/2203/2203 2205/2205/2205
f 2205/2205/2205 2203/2203/2203 2188/2188/2188
f 2164/2164/2164 2163/2163/2163 2188/2188/2188 2162/2162/2162
f 2193/2193/2193 2198/2198/2198 2199/2199/2199
f 2206/2206/2206 2136/2136/2136 2143/2143/2143
f 2207/2207/2207 2210/2210/2210 2208/2208/2208 2209/2209/2209
f 2211/2211/2211 2212/2212/2212 2209/2209/2209 2208/2208/2208
f 2213/2213/2213 2216/2216/2216 2214/2214/2214 2215/2215/2215
f 2213/2213/2213 2215/2215/2215 2217/2217/2217 2218/2218/2218
f 2213/2213/2213 2218/2218/2218 2219/2219/2219 2221/2221/2221
f 2220/2220/2220 2219/2219/2219 2218/2218/2218 2242/2242/2242
f 2222/2222/2222 2213/2213/2213 2221/2221/2221 2223/2223/2223
f 2222/2222/2222 2216/2216/2216 2213/2213/2213
f 2224/2224/2224 2231/2231/2231 2223/2223/2223 2221/2221/2221
f 2222/2222/2222 2223/2223/2223 2225/2225/2225 2227/2227/2227
f 2226/2226/2226 2225/2225/2225 2223/2223/2223 2231/2231/2231
f 2228/2228/2228 2229/2229/2229 2226/2226/2226 2231/2231/2231
f 2230/2230/2230 2238/2238/2238 2229/2229/2229 2228/2228/2228
f 2232/2232/2232 2228/2228/2228 2231/2231/2231 2224/2224/2224
f 2233/2233/2233 2230/2230/2230 2228/2228/2228 2232/2232/2232
f 2233/2233/2233 2232/2232/2232 2234/2234/2234
f 2233/2233/2233 2235/2235/2235 2236/2236/2236 2230/2230/2230
f 2207/2207/2207 2236/2236/2236 2235/2235/2235 2240/2240/2240
f 2237/2237/2237 2238/2238/2238 2230/2230/2230 2236/2236/2236
f 2207/2207/2207 2239/2239/2239 2237/2237/2237 2236/2236/2236
f 2207/2207/2207 2240/2240/2240 2241/2241/2241 2210/2210/2210
f 2211/2211/2211 2244/2244/2244 2243/2243/2243 2212/2212/2212
f 2245/2245/2245 2246/2246/2246 2247/2247/2247 2237/2237/2237
f 2245/2245/2245 2237/2237/2237 2239/2239/2239
f 2245/2245/2245 2239/2239/2239 2248/2248/2248 2249/2249/2249
f 2250/2250/2250 2253/2253/2253 2251/2251/2251 2252/2252/2252
f 2254/2254/2254 2255/2255/2255 2250/2250/2250 2252/2252/2252
f 2253/2253/2253 2250/2250/2250 2256/2256/2256 2257/2257/2257
f 2226/2226/2226 2257/2257/2257 2256/2256/2256 2225/2225/2225
f 2258/2258/2258 2227/2227/2227 2225/2225/2225 2256/2256/2256
f 2258/2258/2258 2256/2256/2256 2250/2250/2250 2255/2255/2255
f 2259/2259/2259 2260/2260/2260 2261/2261/2261 2247/2247/2247
f 2260/2260/2260 2264/2264/2264 2262/2262/2262 2261/2261/2261
f 2237/2237/2237 2247/2247/2247 2261/2261/2261 2238/2238/2238
f 2263/2263/2263 2259/2259/2259 2247/2247/2247 2246/2246/2246
f 2264/2264/2264 2253/2253/2253 2257/2257/2257 2262/2262/2262
f 2229/2229/2229 2262/2262/2262 2257/2257/2257 2226/2226/2226
f 2238/2238/2238 2261/2261/2261 2262/2262/2262 2229/2229/2229
f 2242/2242/2242 2218/2218/2218 2217/2217/2217 2268/2268/2268
f 2265/2265/2265 2266/2266/2266 2267/2267/2267 2269/2269/2269
f 2265/2265/2265 2269/2269/2269 2242/2242/2242 2268/2268/2268
f 2270/2270/2270 2220/2220/2220 2242/2242/2242 2269/2269/2269
f 2270/2270/2270 2269/2269/2269 2267/2267/2267 2271/2271/2271
f 2272/2272/2272 2270/2270/2270 2271/2271/2271
f 2272/2272/2272 2274/2274/2274 2273/2273/2273 2270/2270/2270
f 2275/2275/2275 2270/2270/2270 2273/2273/2273
f 2275/2275/2275 2276/2276/2276 2220/2220/2220 2270/2270/2270
f 2277/2277/2277 2278/2278/2278 2279/2279/2279
f 2241/2241/2241 2240/2240/2240 2279/2279/2279 2278/2278/2278
f 2277/2277/2277 2279/2279/2279 2280/2280/2280 2281/2281/2281
f 2279/2279/2279 2240/2240/2240 2235/2235/2235 2280/2280/2280
f 2281/2281/2281 2280/2280/2280 2282/2282/2282 2288/2288/2288
f 2221/2221/2221 2219/2219/2219 2283/2283/2283 2285/2285/2285
f 2232/2232/2232 2224/2224/2224 2284/2284/2284 2286/2286/2286
f 2224/2224/2224 2221/2221/2221 2285/2285/2285 2284/2284/2284
f 2287/2287/2287 2286/2286/2286 2284/2284/2284 2291/2291/2291
f 2232/2232/2232 2286/2286/2286 2282/2282/2282 2234/2234/2234
f 2287/2287/2287 2288/2288/2288 2282/2282/2282 2286/2286/2286
f 2233/2233/2233 2234/2234/2234 2282/2282/2282 2280/2280/2280
f 2233/2233/2233 2280/2280/2280 2235/2235/2235
f 2289/2289/2289 2283/2283/2283 2276/2276/2276 2275/2275/2275
f 2276/2276/2276 2283/2283/2283 2219/2219/2219 2220/2220/2220
f 2285/2285/2285 2283/2283/2283 2289/2289/2289 2290/2290/2290
f 2284/2284/2284 2285/2285/2285 2290/2290/2290 2291/2291/2291
f 2292/2292/2292 2281/2281/2281 2293/2293/2293 2294/2294/2294
f 2294/2294/2294 2295/2295/2295 2281/2281/2281 2292/2292/2292
f 2294/2294/2294 2293/2293/2293 2296/2296/2296 2295/2295/2295
f 2277/2277/2277 2281/2281/2281 2295/2295/2295
f 2297/2297/2297 2298/2298/2298 2296/2296/2296 2293/2293/2293
f 2297/2297/2297 2293/2293/2293 2299/2299/2299 2300/2300/2300
f 2301/2301/2301 2302/2302/2302 2287/2287/2287 2291/2291/2291
f 2303/2303/2303 2302/2302/2302 2301/2301/2301 2304/2304/2304
f 2303/2303/2303 2299/2299/2299 2302/2302/2302
f 2287/2287/2287 2302/2302/2302 2299/2299/2299 2288/2288/2288
f 2301/2301/2301 2291/2291/2291 2290/2290/2290 2305/2305/2305
f 2304/2304/2304 2301/2301/2301 2305/2305/2305 2306/2306/2306
f 2281/2281/2281 2288/2288/2288 2299/2299/2299 2293/2293/2293
f 2306/2306/2306 2305/2305/2305 2290/2290/2290 2289/2289/2289
f 2303/2303/2303 2307/2307/2307 2300/2300/2300 2299/2299/2299
f 2297/2297/2297 2308/2308/2308 2309/2309/2309 2298/2298/2298
f 2308/2308/2308 2310/2310/2310 2309/2309/2309
f 2303/2303/2303 2304/2304/2304 2311/2311/2311 2312/2312/2312
f 2311/2311/2311 2304/2304/2304 2306/2306/2306
f 2211/2211/2211 2326/2326/2326 2313/2313/2313 2314/2314/2314
f 2315/2315/2315 2316/2316/2316 2314/2314/2314 2313/2313/2313
f 2317/2317/2317 2318/2318/2318 2319/2319/2319 2320/2320/2320
f 2319/2319/2319 2335/2335/2335 2321/2321/2321 2320/2320/2320
f 2317/2317/2317 2320/2320/2320 2322/2322/2322 2324/2324/2324
f 2320/2320/2320 2321/2321/2321 2323/2323/2323 2322/2322/2322
f 2325/2325/2325 2324/2324/2324 2322/2322/2322 2298/2298/2298
f 2211/2211/2211 2208/2208/2208 2326/2326/2326
f 2327/2327/2327 2326/2326/2326 2208/2208/2208 2210/2210/2210
f 2327/2327/2327 2328/2328/2328 2313/2313/2313 2326/2326/2326
f 2327/2327/2327 2278/2278/2278 2329/2329/2329 2328/2328/2328
f 2328/2328/2328 2330/2330/2330 2313/2313/2313
f 2328/2328/2328 2329/2329/2329 2331/2331/2331 2330/2330/2330
f 2315/2315/2315 2313/2313/2313 2330/2330/2330
f 2315/2315/2315 2330/2330/2330 2331/2331/2331 2332/2332/2332
f 2333/2333/2333 2334/2334/2334 2332/2332/2332 2331/2331/2331
f 2315/2315/2315 2332/2332/2332 2316/2316/2316
f 2333/2333/2333 2331/2331/2331 2329/2329/2329 2278/2278/2278
f 2327/2327/2327 2210/2210/2210 2241/2241/2241 2278/2278/2278
f 2333/2333/2333 2323/2323/2323 2321/2321/2321 2334/2334/2334
f 2335/2335/2335 2336/2336/2336 2334/2334/2334 2321/2321/2321
f 2336/2336/2336 2337/2337/2337 2332/2332/2332 2334/2334/2334
f 2338/2338/2338 2324/2324/2324 2325/2325/2325
f 2338/2338/2338 2363/2363/2363 2339/2339/2339 2324/2324/2324
f 2277/2277/2277 2295/2295/2295 2333/2333/2333 2278/2278/2278
f 2296/2296/2296 2298/2298/2298 2322/2322/2322 2323/2323/2323
f 2333/2333/2333 2295/2295/2295 2296/2296/2296 2323/2323/2323
f 2340/2340/2340 2341/2341/2341 2342/2342/2342 2343/2343/2343
f 2342/2342/2342 2345/2345/2345 2344/2344/2344 2343/2343/2343
f 2346/2346/2346 2344/2344/2344 2345/2345/2345 2318/2318/2318
f 2317/2317/2317 2347/2347/2347 2346/2346/2346 2318/2318/2318
f 2317/2317/2317 2324/2324/2324 2339/2339/2339 2348/2348/2348
f 2317/2317/2317 2348/2348/2348 2349/2349/2349 2347/2347/2347
f 2350/2350/2350 2347/2347/2347 2349/2349/2349
f 2351/2351/2351 2352/2352/2352 2353/2353/2353
f 2353/2353/2353 2352/2352/2352 2354/2354/2354 2355/2355/2355
f 2356/2356/2356 2355/2355/2355 2354/2354/2354 2357/2357/2357
f 2356/2356/2356 2357/2357/2357 2358/2358/2358
f 2356/2356/2356 2358/2358/2358 2359/2359/2359 2360/2360/2360
f 2356/2356/2356 2360/2360/2360 2361/2361/2361 2362/2362/2362
f 2363/2363/2363 2361/2361/2361 2360/2360/2360 2375/2375/2375
f 2356/2356/2356 2362/2362/2362 2364/2364/2364 2365/2365/2365
f 2366/2366/2366 2365/2365/2365 2364/2364/2364 2367/2367/2367
f 2364/2364/2364 2369/2369/2369 2368/2368/2368 2367/2367/2367
f 2366/2366/2366 2367/2367/2367 2370/2370/2370 2371/2371/2371
f 2370/2370/2370 2373/2373/2373 2372/2372/2372 2371/2371/2371
f 2374/2374/2374 2373/2373/2373 2370/2370/2370 2378/2378/2378
f 2375/2375/2375 2360/2360/2360 2359/2359/2359 2376/2376/2376
f 2377/2377/2377 2362/2362/2362 2361/2361/2361 2310/2310/2310
f 2377/2377/2377 2369/2369/2369 2364/2364/2364 2362/2362/2362
f 2378/2378/2378 2370/2370/2370 2367/2367/2367 2368/2368/2368
f 2379/2379/2379 2380/2380/2380 2372/2372/2372 2373/2373/2373
f 2374/2374/2374 2381/2381/2381 2379/2379/2379 2373/2373/2373
f 2379/2379/2379 2381/2381/2381 2382/2382/2382 2383/2383/2383
f 2384/2384/2384 2385/2385/2385 2383/2383/2383 2382/2382/2382
f 2384/2384/2384 2387/2387/2387 2386/2386/2386 2385/2385/2385
f 2388/2388/2388 2385/2385/2385 2386/2386/2386 2389/2389/2389
f 2379/2379/2379 2383/2383/2383 2390/2390/2390 2380/2380/2380
f 2390/2390/2390 2383/2383/2383 2385/2385/2385 2388/2388/2388
f 2308/2308/2308 2300/2300/2300 2377/2377/2377 2310/2310/2310
f 2297/2297/2297 2300/2300/2300 2308/2308/2308
f 2338/2338/2338 2310/2310/2310 2361/2361/2361 2363/2363/2363
f 2338/2338/2338 2309/2309/2309 2310/2310/2310
f 2338/2338/2338 2325/2325/2325 2298/2298/2298 2309/2309/2309
f 2391/2391/2391 2392/2392/2392 2375/2375/2375 2376/2376/2376
f 2391/2391/2391 2394/2394/2394 2393/2393/2393 2392/2392/2392
f 2395/2395/2395 2393/2393/2393 2394/2394/2394 2396/2396/2396
f 2349/2349/2349 2348/2348/2348 2393/2393/2393 2395/2395/2395
f 2348/2348/2348 2339/2339/2339 2392/2392/2392 2393/2393/2393
f 2397/2397/2397 2395/2395/2395 2396/2396/2396 2398/2398/2398
f 2397/2397/2397 2349/2349/2349 2395/2395/2395
f 2397/2397/2397 2399/2399/2399 2350/2350/2350 2349/2349/2349
f 2397/2397/2397 2398/2398/2398 2400/2400/2400 2399/2399/2399
f 2339/2339/2339 2363/2363/2363 2375/2375/2375 2392/2392/2392
f 2401/2401/2401 2378/2378/2378 2368/2368/2368 2311/2311/2311
f 2374/2374/2374 2378/2378/2378 2401/2401/2401 2289/2289/2289
f 2374/2374/2374 2289/2289/2289 2402/2402/2402
f 2306/2306/2306 2401/2401/2401 2311/2311/2311
f 2306/2306/2306 2289/2289/2289 2401/2401/2401
f 2366/2366/2366 2371/2371/2371 2351/2351/2351
f 2303/2303/2303 2312/2312/2312 2403/2403/2403
f 2366/2366/2366 2351/2351/2351 2353/2353/2353 2355/2355/2355
f 2303/2303/2303 2311/2311/2311 2368/2368/2368 2369/2369/2369
f 2303/2303/2303 2369/2369/2369 2377/2377/2377 2300/2300/2300
f 2356/2356/2356 2365/2365/2365 2404/2404/2404 2405/2405/2405
f 2366/2366/2366 2405/2405/2405 2404/2404/2404 2365/2365/2365
f 2366/2366/2366 2355/2355/2355 2406/2406/2406 2405/2405/2405
f 2356/2356/2356 2405/2405/2405 2406/2406/2406 2355/2355/2355
f 2407/2407/2407 2408/2408/2408 2409/2409/2409
f 2407/2407/2407 2411/2411/2411 2410/2410/2410 2408/2408/2408
f 2412/2412/2412 2394/2394/2394 2413/2413/2413
f 2407/2407/2407 2414/2414/2414 2411/2411/2411
f 2407/2407/2407 2409/2409/2409 2415/2415/2415 2414/2414/2414
f 2412/2412/2412 2415/2415/2415 2409/2409/2409
f 2412/2412/2412 2413/2413/2413 2416/2416/2416 2415/2415/2415
f 2412/2412/2412 2417/2417/2417 2396/2396/2396 2394/2394/2394
f 2412/2412/2412 2409/2409/2409 2408/2408/2408 2417/2417/2417
f 2414/2414/2414 2418/2418/2418 2419/2419/2419 2420/2420/2420
f 2415/2415/2415 2421/2421/2421 2418/2418/2418 2414/2414/2414
f 2422/2422/2422 2423/2423/2423 2420/2420/2420 2419/2419/2419
f 2415/2415/2415 2416/2416/2416 2424/2424/2424 2421/2421/2421
f 2425/2425/2425 2426/2426/2426 2424/2424/2424 2416/2416/2416
f 2425/2425/2425 2416/2416/2416 2413/2413/2413 2394/2394/2394
f 2391/2391/2391 2425/2425/2425 2394/2394/2394
f 2427/2427/2427 2423/2423/2423 2422/2422/2422 2428/2428/2428
f 2427/2427/2427 2430/2430/2430 2429/2429/2429 2423/2423/2423
f 2431/2431/2431 2432/2432/2432 2433/2433/2433 2434/2434/2434
f 2422/2422/2422 2432/2432/2432 2431/2431/2431 2428/2428/2428
f 2422/2422/2422 2419/2419/2419 2435/2435/2435 2432/2432/2432
f 2433/2433/2433 2432/2432/2432 2435/2435/2435 2436/2436/2436
f 2437/2437/2437 2435/2435/2435 2419/2419/2419 2418/2418/2418
f 2438/2438/2438 2437/2437/2437 2418/2418/2418 2421/2421/2421
f 2438/2438/2438 2421/2421/2421 2424/2424/2424 2439/2439/2439
f 2431/2431/2431 2440/2440/2440 2428/2428/2428
f 2433/2433/2433 2436/2436/2436 2441/2441/2441 2442/2442/2442
f 2433/2433/2433 2442/2442/2442 2443/2443/2443 2434/2434/2434
f 2431/2431/2431 2434/2434/2434 2444/2444/2444 2445/2445/2445
f 2439/2439/2439 2424/2424/2424 2446/2446/2446
f 2424/2424/2424 2426/2426/2426 2446/2446/2446
f 2427/2427/2427 2447/2447/2447 2448/2448/2448 2430/2430/2430
f 2391/2391/2391 2426/2426/2426 2425/2425/2425 2449/2449/2449
f 2450/2450/2450 2437/2437/2437 2438/2438/2438 2451/2451/2451
f 2450/2450/2450 2436/2436/2436 2435/2435/2435 2437/2437/2437
f 2391/2391/2391 2376/2376/2376 2452/2452/2452 2426/2426/2426
f 2359/2359/2359 2455/2455/2455 2452/2452/2452 2376/2376/2376
f 2446/2446/2446 2426/2426/2426 2452/2452/2452 2439/2439/2439
f 2359/2359/2359 2358/2358/2358 2453/2453/2453 2455/2455/2455
f 2454/2454/2454 2453/2453/2453 2358/2358/2358 2357/2357/2357
f 2454/2454/2454 2438/2438/2438 2455/2455/2455 2453/2453/2453
f 2438/2438/2438 2439/2439/2439 2452/2452/2452 2455/2455/2455
f 2357/2357/2357 2450/2450/2450 2454/2454/2454
f 2454/2454/2454 2456/2456/2456 2451/2451/2451 2438/2438/2438
f 2450/2450/2450 2451/2451/2451 2456/2456/2456 2454/2454/2454
f 2427/2427/2427 2458/2458/2458 2457/2457/2457 2447/2447/2447
f 2427/2427/2427 2457/2457/2457 2458/2458/2458
f 2427/2427/2427 2459/2459/2459 2457/2457/2457
f 2460/2460/2460 2461/2461/2461 2462/2462/2462 2463/2463/2463
f 2464/2464/2464 2467/2467/2467 2465/2465/2465 2466/2466/2466
f 2466/2466/2466 2465/2465/2465 2468/2468/2468 2469/2469/2469
f 2464/2464/2464 2472/2472/2472 2470/2470/2470 2467/2467/2467
f 2471/2471/2471 2470/2470/2470 2472/2472/2472
f 2473/2473/2473 2474/2474/2474 2475/2475/2475 2476/2476/2476
f 2475/2475/2475 2479/2479/2479 2477/2477/2477 2476/2476/2476
f 2478/2478/2478 2480/2480/2480 2477/2477/2477 2479/2479/2479
f 2478/2478/2478 2481/2481/2481 2480/2480/2480
f 2478/2478/2478 2479/2479/2479 2482/2482/2482
f 2483/2483/2483 2475/2475/2475 2474/2474/2474
f 2483/2483/2483 2484/2484/2484 2479/2479/2479 2475/2475/2475
f 2485/2485/2485 2488/2488/2488 2486/2486/2486 2487/2487/2487
f 2489/2489/2489 2490/2490/2490 2491/2491/2491 2492/2492/2492
f 2492/2492/2492 2491/2491/2491 2493/2493/2493
f 2494/2494/2494 2495/2495/2495 2496/2496/2496
f 2497/2497/2497 2498/2498/2498 2499/2499/2499 2500/2500/2500
f 2501/2501/2501 2502/2502/2502 2503/2503/2503
f 2504/2504/2504 2507/2507/2507 2505/2505/2505 2506/2506/2506
f 2508/2508/2508 2509/2509/2509 2510/2510/2510 2512/2512/2512
f 2510/2510/2510 2509/2509/2509 2511/2511/2511
f 2513/2513/2513 2516/2516/2516 2514/2514/2514 2515/2515/2515
f 2517/2517/2517 2518/2518/2518 2519/2519/2519 2521/2521/2521
f 2520/2520/2520 2533/2533/2533 2519/2519/2519 2518/2518/2518
f 2519/2519/2519 2536/2536/2536 2522/2522/2522 2521/2521/2521
f 2523/2523/2523 2524/2524/2524 2521/2521/2521 2522/2522/2522
f 2525/2525/2525 2526/2526/2526 2527/2527/2527 2530/2530/2530
f 2528/2528/2528 2525/2525/2525 2529/2529/2529 2531/2531/2531
f 2529/2529/2529 2525/2525/2525 2530/2530/2530 2534/2534/2534
f 2532/2532/2532 2531/2531/2531 2529/2529/2529
f 2532/2532/2532 2520/2520/2520 2531/2531/2531
f 2532/2532/2532 2533/2533/2533 2520/2520/2520
f 2532/2532/2532 2534/2534/2534 2533/2533/2533
f 2519/2519/2519 2533/2533/2533 2535/2535/2535 2536/2536/2536
f 2534/2534/2534 2530/2530/2530 2535/2535/2535 2533/2533/2533
f 2536/2536/2536 2535/2535/2535 2537/2537/2537 2539/2539/2539
f 2536/2536/2536 2539/2539/2539 2538/2538/2538 2522/2522/2522
f 2540/2540/2540 2522/2522/2522 2538/2538/2538 2541/2541/2541
f 2523/2523/2523 2522/2522/2522 2540/2540/2540
f 2532/2532/2532 2529/2529/2529 2534/2534/2534
f 2542/2542/2542 2517/2517/2517 2521/2521/2521 2524/2524/2524
f 2543/2543/2543 2544/2544/2544 2545/2545/2545
f 2546/2546/2546 2547/2547/2547 2548/2548/2548 2550/2550/2550
f 2548/2548/2548 2547/2547/2547 2549/2549/2549
f 2550/2550/2550 2548/2548/2548 2549/2549/2549
f 2551/2551/2551 2552/2552/2552 2553/2553/2553 2554/2554/2554
f 2555/2555/2555 2556/2556/2556 2557/2557/2557
f 2558/2558/2558 2559/2559/2559 2560/2560/2560 2561/2561/2561
f 2562/2562/2562 2563/2563/2563 2564/2564/2564 2565/2565/2565
f 2563/2563/2563 2565/2565/2565 2564/2564/2564
f 2566/2566/2566 2567/2567/2567 2568/2568/2568
f 2569/2569/2569 2570/2570/2570 2571/2571/2571
f 2572/2572/2572 2575/2575/2575 2573/2573/2573 2574/2574/2574
f 2576/2576/2576 2577/2577/2577 2578/2578/2578
f 2579/2579/2579 2580/2580/2580 2581/2581/2581 2582/2582/2582
f 2583/2583/2583 2584/2584/2584 2585/2585/2585
f 2586/2586/2586 2587/2587/2587 2588/2588/2588 2589/2589/2589
f 2590/2590/2590 2591/2591/2591 2592/2592/2592 2594/2594/2594
f 2591/2591/2591 2593/2593/2593 2592/2592/2592
f 2595/2595/2595 2596/2596/2596 2597/2597/2597 2598/2598/2598
f 2599/2599/2599 2600/2600/2600 2601/2601/2601
f 2602/2602/2602 2603/2603/2603 2604/2604/2604 2605/2605/2605
f 2606/2606/2606 2607/2607/2607 2608/2608/2608
f 2609/2609/2609 2610/2610/2610 2611/2611/2611
f 2612/2612/2612 2611/2611/2611 2613/2613/2613 2614/2614/2614
f 2610/2610/2610 2613/2613/2613 2611/2611/2611
f 2613/2613/2613 2610/2610/2610 2615/2615/2615 2614/2614/2614
f 2616/2616/2616 2614/2614/2614 2615/2615/2615 2617/2617/2617
f 2612/2612/2612 2609/2609/2609 2611/2611/2611 2618/2618/2618
f 2619/2619/2619 2620/2620/2620 2621/2621/2621
f 2622/2622/2622 2623/2623/2623 2624/2624/2624 2625/2625/2625
f 2625/2625/2625 2624/2624/2624 2626/2626/2626
f 2627/2627/2627 2628/2628/2628 2629/2629/2629
f 2630/2630/2630 2631/2631/2631 2632/2632/2632 2634/2634/2634
f 2633/2633/2633 2631/2631/2631 2630/2630/2630
f 2633/2633/2633 2630/2630/2630 2634/2634/2634 2635/2635/2635
f 2633/2633/2633 2636/2636/2636 2637/2637/2637 2631/2631/2631
f 2637/2637/2637 2636/2636/2636 2638/2638/2638 2639/2639/2639
f 2640/2640/2640 2639/2639/2639 2638/2638/2638 2641/2641/2641
f 2642/2642/2642 2643/2643/2643 2644/2644/2644
f 2645/2645/2645 2646/2646/2646 2647/2647/2647
f 2648/2648/2648 2651/2651/2651 2649/2649/2649 2650/2650/2650
f 2648/2648/2648 2653/2653/2653 2652/2652/2652 2651/2651/2651
f 2653/2653/2653 2655/2655/2655 2654/2654/2654 2652/2652/2652
f 2652/2652/2652 2654/2654/2654 2656/2656/2656 2657/2657/2657
f 2658/2658/2658 2651/2651/2651 2652/2652/2652 2657/2657/2657
f 2657/2657/2657 2656/2656/2656 2659/2659/2659 2660/2660/2660
f 2656/2656/2656 2675/2675/2675 2661/2661/2661 2659/2659/2659
f 2659/2659/2659 2661/2661/2661 2662/2662/2662 2663/2663/2663
f 2663/2663/2663 2662/2662/2662 2664/2664/2664 2665/2665/2665
f 2665/2665/2665 2664/2664/2664 2666/2666/2666 2667/2667/2667
f 2668/2668/2668 2667/2667/2667 2666/2666/2666 2669/2669/2669
f 2670/2670/2670 2664/2664/2664 2662/2662/2662 2671/2671/2671
f 2670/2670/2670 2672/2672/2672 2666/2666/2666 2664/2664/2664
f 2648/2648/2648 2674/2674/2674 2673/2673/2673 2653/2653/2653
f 2654/2654/2654 2676/2676/2676 2675/2675/2675 2656/2656/2656
f 2655/2655/2655 2677/2677/2677 2676/2676/2676 2654/2654/2654
f 2678/2678/2678 2679/2679/2679 2665/2665/2665 2667/2667/2667
f 2668/2668/2668 2678/2678/2678 2667/2667/2667
f 2680/2680/2680 2673/2673/2673 2674/2674/2674 2681/2681/2681
f 2682/2682/2682 2683/2683/2683 2680/2680/2680 2681/2681/2681
f 2684/2684/2684 2680/2680/2680 2683/2683/2683 2685/2685/2685
f 2686/2686/2686 2683/2683/2683 2682/2682/2682 2687/2687/2687
f 2686/2686/2686 2688/2688/2688 2685/2685/2685 2683/2683/2683
f 2666/2666/2666 2672/2672/2672 2689/2689/2689 2669/2669/2669
f 2670/2670/2670 2691/2691/2691 2690/2690/2690 2672/2672/2672
f 2670/2670/2670 2693/2693/2693 2692/2692/2692 2691/2691/2691
f 2670/2670/2670 2694/2694/2694 2693/2693/2693
f 2693/2693/2693 2696/2696/2696 2695/2695/2695 2692/2692/2692
f 2696/2696/2696 2698/2698/2698 2697/2697/2697 2695/2695/2695
f 2699/2699/2699 2697/2697/2697 2698/2698/2698 2700/2700/2700
f 2701/2701/2701 2702/2702/2702 2699/2699/2699 2700/2700/2700
f 2703/2703/2703 2698/2698/2698 2696/2696/2696 2704/2704/2704
f 2703/2703/2703 2700/2700/2700 2698/2698/2698
f 2705/2705/2705 2706/2706/2706 2702/2702/2702 2701/2701/2701
f 2707/2707/2707 2706/2706/2706 2705/2705/2705 2708/2708/2708
f 2695/2695/2695 2697/2697/2697 2709/2709/2709 2710/2710/2710
f 2711/2711/2711 2701/2701/2701 2700/2700/2700 2781/2781/2781
f 2712/2712/2712 2705/2705/2705 2701/2701/2701 2711/2711/2711
f 2708/2708/2708 2705/2705/2705 2712/2712/2712 2713/2713/2713
f 2714/2714/2714 2706/2706/2706 2707/2707/2707
f 2714/2714/2714 2707/2707/2707 2708/2708/2708 2715/2715/2715
f 2691/2691/2691 2692/2692/2692 2716/2716/2716 2722/2722/2722
f 2716/2716/2716 2692/2692/2692 2695/2695/2695 2710/2710/2710
f 2717/2717/2717 2823/2823/2823 2710/2710/2710 2709/2709/2709
f 2717/2717/2717 2709/2709/2709 2718/2718/2718 2719/2719/2719
f 2718/2718/2718 2720/2720/2720 2719/2719/2719
f 2717/2717/2717 2719/2719/2719 2720/2720/2720 2721/2721/2721
f 2690/2690/2690 2691/2691/2691 2722/2722/2722 2723/2723/2723
f 2670/2670/2670 2671/2671/2671 2724/2724/2724 2694/2694/2694
f 2725/2725/2725 2726/2726/2726 2677/2677/2677 2655/2655/2655
f 2727/2727/2727 2726/2726/2726 2725/2725/2725 2728/2728/2728
f 2729/2729/2729 2798/2798/2798 2676/2676/2676 2677/2677/2677
f 2730/2730/2730 2671/2671/2671 2662/2662/2662 2661/2661/2661
f 2730/2730/2730 2661/2661/2661 2675/2675/2675 2731/2731/2731
f 2714/2714/2714 2715/2715/2715 2732/2732/2732
f 2733/2733/2733 2734/2734/2734 2732/2732/2732 2715/2715/2715
f 2735/2735/2735 2733/2733/2733 2715/2715/2715 2788/2788/2788
f 2714/2714/2714 2732/2732/2732 2736/2736/2736 2737/2737/2737
f 2734/2734/2734 2738/2738/2738 2736/2736/2736 2732/2732/2732
f 2739/2739/2739 2740/2740/2740 2736/2736/2736 2738/2738/2738
f 2739/2739/2739 2742/2742/2742 2741/2741/2741 2740/2740/2740
f 2742/2742/2742 2744/2744/2744 2743/2743/2743 2741/2741/2741
f 2745/2745/2745 2741/2741/2741 2743/2743/2743 2746/2746/2746
f 2745/2745/2745 2746/2746/2746 2747/2747/2747 2748/2748/2748
f 2748/2748/2748 2747/2747/2747 2749/2749/2749 2750/2750/2750
f 2751/2751/2751 2748/2748/2748 2750/2750/2750 2752/2752/2752
f 2752/2752/2752 2750/2750/2750 2753/2753/2753 2754/2754/2754
f 2754/2754/2754 2753/2753/2753 2755/2755/2755 2822/2822/2822
f 2756/2756/2756 2751/2751/2751 2752/2752/2752 2757/2757/2757
f 2758/2758/2758 2751/2751/2751 2756/2756/2756 2759/2759/2759
f 2750/2750/2750 2749/2749/2749 2760/2760/2760 2753/2753/2753
f 2760/2760/2760 2761/2761/2761 2755/2755/2755 2753/2753/2753
f 2736/2736/2736 2740/2740/2740 2762/2762/2762 2737/2737/2737
f 2762/2762/2762 2740/2740/2740 2741/2741/2741 2745/2745/2745
f 2762/2762/2762 2745/2745/2745 2748/2748/2748 2751/2751/2751
f 2758/2758/2758 2737/2737/2737 2762/2762/2762 2751/2751/2751
f 2755/2755/2755 2761/2761/2761 2763/2763/2763 2764/2764/2764
f 2765/2765/2765 2766/2766/2766 2764/2764/2764 2763/2763/2763
f 2765/2765/2765 2768/2768/2768 2767/2767/2767 2766/2766/2766
f 2765/2765/2765 2769/2769/2769 2768/2768/2768
f 2765/2765/2765 2780/2780/2780 2770/2770/2770 2769/2769/2769
f 2771/2771/2771 2769/2769/2769 2770/2770/2770 2772/2772/2772
f 2773/2773/2773 2819/2819/2819 2769/2769/2769 2771/2771/2771
f 2772/2772/2772 2770/2770/2770 2774/2774/2774 2775/2775/2775
f 2776/2776/2776 2774/2774/2774 2770/2770/2770 2780/2780/2780
f 2777/2777/2777 2778/2778/2778 2764/2764/2764 2766/2766/2766
f 2777/2777/2777 2766/2766/2766 2767/2767/2767 2793/2793/2793
f 2779/2779/2779 2768/2768/2768 2769/2769/2769 2819/2819/2819
f 2765/2765/2765 2763/2763/2763 2780/2780/2780
f 2703/2703/2703 2782/2782/2782 2781/2781/2781 2700/2700/2700
f 2783/2783/2783 2711/2711/2711 2781/2781/2781 2784/2784/2784
f 2785/2785/2785 2712/2712/2712 2711/2711/2711 2783/2783/2783
f 2718/2718/2718 2787/2787/2787 2786/2786/2786 2720/2720/2720
f 2752/2752/2752 2754/2754/2754 2786/2786/2786 2757/2757/2757
f 2788/2788/2788 2715/2715/2715 2708/2708/2708 2713/2713/2713
f 2789/2789/2789 2713/2713/2713 2712/2712/2712 2785/2785/2785
f 2790/2790/2790 2784/2784/2784 2781/2781/2781 2782/2782/2782
f 2791/2791/2791 2792/2792/2792 2784/2784/2784 2790/2790/2790
f 2717/2717/2717 2721/2721/2721 2793/2793/2793
f 2668/2668/2668 2795/2795/2795 2794/2794/2794 2678/2678/2678
f 2690/2690/2690 2723/2723/2723 2796/2796/2796 2799/2799/2799
f 2797/2797/2797 2796/2796/2796 2723/2723/2723
f 2798/2798/2798 2731/2731/2731 2675/2675/2675 2676/2676/2676
f 2791/2791/2791 2790/2790/2790 2798/2798/2798 2729/2729/2729
f 2672/2672/2672 2690/2690/2690 2799/2799/2799 2689/2689/2689
f 2800/2800/2800 2660/2660/2660 2659/2659/2659 2663/2663/2663
f 2800/2800/2800 2663/2663/2663 2665/2665/2665 2679/2679/2679
f 2800/2800/2800 2679/2679/2679 2801/2801/2801 2802/2802/2802
f 2803/2803/2803 2802/2802/2802 2801/2801/2801 2804/2804/2804
f 2805/2805/2805 2813/2813/2813 2802/2802/2802 2803/2803/2803
f 2800/2800/2800 2802/2802/2802 2806/2806/2806
f 2807/2807/2807 2801/2801/2801 2679/2679/2679 2678/2678/2678
f 2807/2807/2807 2678/2678/2678 2794/2794/2794 2808/2808/2808
f 2807/2807/2807 2809/2809/2809 2804/2804/2804 2801/2801/2801
f 2789/2789/2789 2785/2785/2785 2810/2810/2810 2811/2811/2811
f 2658/2658/2658 2657/2657/2657 2812/2812/2812
f 2812/2812/2812 2657/2657/2657 2660/2660/2660 2813/2813/2813
f 2800/2800/2800 2813/2813/2813 2660/2660/2660
f 2814/2814/2814 2815/2815/2815 2788/2788/2788 2713/2713/2713
f 2814/2814/2814 2713/2713/2713 2789/2789/2789 2816/2816/2816
f 2814/2814/2814 2789/2789/2789 2811/2811/2811
f 2807/2807/2807 2808/2808/2808 2817/2817/2817 2809/2809/2809
f 2818/2818/2818 2649/2649/2649 2651/2651/2651 2658/2658/2658
f 2716/2716/2716 2779/2779/2779 2819/2819/2819 2722/2722/2722
f 2723/2723/2723 2722/2722/2722 2819/2819/2819
f 2820/2820/2820 2724/2724/2724 2671/2671/2671 2730/2730/2730
f 2821/2821/2821 2818/2818/2818 2658/2658/2658 2812/2812/2812
f 2821/2821/2821 2812/2812/2812 2813/2813/2813 2805/2805/2805
f 2821/2821/2821 2649/2649/2649 2818/2818/2818
f 2721/2721/2721 2720/2720/2720 2822/2822/2822 2778/2778/2778
f 2822/2822/2822 2755/2755/2755 2764/2764/2764 2778/2778/2778
f 2786/2786/2786 2754/2754/2754 2822/2822/2822 2720/2720/2720
f 2716/2716/2716 2710/2710/2710 2823/2823/2823 2779/2779/2779
f 2823/2823/2823 2767/2767/2767 2768/2768/2768 2779/2779/2779
f 2721/2721/2721 2778/2778/2778 2777/2777/2777 2793/2793/2793
f 2717/2717/2717 2793/2793/2793 2767/2767/2767 2823/2823/2823
f 2703/2703/2703 2731/2731/2731 2782/2782/2782
f 2824/2824/2824 2827/2827/2827 2825/2825/2825 2826/2826/2826
f 2828/2828/2828 2829/2829/2829 2830/2830/2830
f 2831/2831/2831 2834/2834/2834 2832/2832/2832 2833/2833/2833
f 2834/2834/2834 2836/2836/2836 2835/2835/2835 2832/2832/2832
f 2837/2837/2837 2832/2832/2832 2835/2835/2835 2838/2838/2838
f 2839/2839/2839 2834/2834/2834 2831/2831/2831 2840/2840/2840
f 2839/2839/2839 2841/2841/2841 2836/2836/2836 2834/2834/2834
f 2842/2842/2842 2833/2833/2833 2832/2832/2832 2837/2837/2837
f 2838/2838/2838 2835/2835/2835 2843/2843/2843 2844/2844/2844
f 2844/2844/2844 2843/2843/2843 2845/2845/2845 2846/2846/2846
f 2843/2843/2843 2853/2853/2853 2847/2847/2847 2845/2845/2845
f 2845/2845/2845 2847/2847/2847 2848/2848/2848 2851/2851/2851
f 2849/2849/2849 2850/2850/2850 2848/2848/2848 2847/2847/2847
f 2846/2846/2846 2845/2845/2845 2851/2851/2851 2852/2852/2852
f 2835/2835/2835 2836/2836/2836 2853/2853/2853 2843/2843/2843
f 2849/2849/2849 2847/2847/2847 2853/2853/2853 3033/3033/3033
f 2849/2849/2849 2855/2855/2855 2854/2854/2854 2850/2850/2850
f 2849/2849/2849 2857/2857/2857 2856/2856/2856 2855/2855/2855
f 2858/2858/2858 2856/2856/2856 2857/2857/2857 2859/2859/2859
f 2860/2860/2860 2859/2859/2859 2857/2857/2857 2861/2861/2861
f 2849/2849/2849 3033/3033/3033 2861/2861/2861 2857/2857/2857
f 2858/2858/2858 2859/2859/2859 2862/2862/2862 2863/2863/2863
f 2860/2860/2860 2864/2864/2864 2862/2862/2862 2859/2859/2859
f 2865/2865/2865 2850/2850/2850 2854/2854/2854 2855/2855/2855
f 2865/2865/2865 2855/2855/2855 2856/2856/2856 2866/2866/2866
f 2865/2865/2865 2866/2866/2866 2867/2867/2867
f 2865/2865/2865 2867/2867/2867 2868/2868/2868 2869/2869/2869
f 2868/2868/2868 2871/2871/2871 2870/2870/2870 2869/2869/2869
f 2872/2872/2872 2870/2870/2870 2871/2871/2871
f 2872/2872/2872 2874/2874/2874 2873/2873/2873 2870/2870/2870
f 2875/2875/2875 3034/3034/3034 2870/2870/2870 2873/2873/2873
f 2839/2839/2839 2840/2840/2840 2876/2876/2876 2877/2877/2877
f 2877/2877/2877 2876/2876/2876 2878/2878/2878 2879/2879/2879
f 2877/2877/2877 2879/2879/2879 2880/2880/2880 2883/2883/2883
f 2881/2881/2881 2882/2882/2882 2880/2880/2880 2879/2879/2879
f 2839/2839/2839 2877/2877/2877 2883/2883/2883 2841/2841/2841
f 2883/2883/2883 2880/2880/2880 2860/2860/2860 2861/2861/2861
f 2884/2884/2884 2864/2864/2864 2860/2860/2860 2880/2880/2880
f 2885/2885/2885 2886/2886/2886 2862/2862/2862 2864/2864/2864
f 2884/2884/2884 2887/2887/2887 2885/2885/2885 2864/2864/2864
f 2884/2884/2884 2889/2889/2889 2888/2888/2888 2887/2887/2887
f 2890/2890/2890 2891/2891/2891 2888/2888/2888 2889/2889/2889
f 2885/2885/2885 2887/2887/2887 2892/2892/2892 2893/2893/2893
f 2885/2885/2885 2893/2893/2893 2894/2894/2894 2895/2895/2895
f 2885/2885/2885 2895/2895/2895 2896/2896/2896 2897/2897/2897
f 2894/2894/2894 2898/2898/2898 2895/2895/2895
f 2893/2893/2893 2892/2892/2892 2899/2899/2899 3024/3024/3024
f 2900/2900/2900 2892/2892/2892 2887/2887/2887 2888/2888/2888
f 2900/2900/2900 2888/2888/2888 2891/2891/2891 2901/2901/2901
f 2900/2900/2900 2902/2902/2902 2899/2899/2899 2892/2892/2892
f 2902/2902/2902 2904/2904/2904 2903/2903/2903 2899/2899/2899
f 2902/2902/2902 3029/3029/3029 2905/2905/2905 2904/2904/2904
f 2899/2899/2899 2903/2903/2903 2906/2906/2906 3024/3024/3024
f 2904/2904/2904 2909/2909/2909 2907/2907/2907 2903/2903/2903
f 2906/2906/2906 2903/2903/2903 2907/2907/2907 2908/2908/2908
f 2905/2905/2905 2910/2910/2910 2909/2909/2909 2904/2904/2904
f 2911/2911/2911 2912/2912/2912 2907/2907/2907 2909/2909/2909
f 2911/2911/2911 2909/2909/2909 2910/2910/2910 2913/2913/2913
f 2906/2906/2906 2908/2908/2908 2914/2914/2914 2915/2915/2915
f 2915/2915/2915 2914/2914/2914 2916/2916/2916 2917/2917/2917
f 2917/2917/2917 2916/2916/2916 2918/2918/2918 2919/2919/2919
f 2920/2920/2920 2915/2915/2915 2917/2917/2917 3023/3023/3023
f 2916/2916/2916 2998/2998/2998 2921/2921/2921 2918/2918/2918
f 2919/2919/2919 2918/2918/2918 2922/2922/2922 2923/2923/2923
f 2924/2924/2924 2919/2919/2919 2923/2923/2923 2925/2925/2925
f 2926/2926/2926 2924/2924/2924 2925/2925/2925 2927/2927/2927
f 2926/2926/2926 2927/2927/2927 2928/2928/2928 2929/2929/2929
f 2930/2930/2930 2898/2898/2898 2926/2926/2926 2929/2929/2929
f 2928/2928/2928 2927/2927/2927 2931/2931/2931 2932/2932/2932
f 2927/2927/2927 2925/2925/2925 2933/2933/2933 2931/2931/2931
f 2929/2929/2929 2928/2928/2928 2934/2934/2934 2935/2935/2935
f 2934/2934/2934 2928/2928/2928 2932/2932/2932 2936/2936/2936
f 2932/2932/2932 2938/2938/2938 2937/2937/2937 2936/2936/2936
f 2939/2939/2939 2940/2940/2940 2936/2936/2936 2937/2937/2937
f 2941/2941/2941 2943/2943/2943 2936/2936/2936 2940/2940/2940
f 2941/2941/2941 2940/2940/2940 2942/2942/2942
f 2934/2934/2934 2936/2936/2936 2943/2943/2943
f 2939/2939/2939 2945/2945/2945 2944/2944/2944 2940/2940/2940
f 2942/2942/2942 2940/2940/2940 2944/2944/2944 2946/2946/2946
f 2947/2947/2947 2937/2937/2937 2938/2938/2938 2948/2948/2948
f 2939/2939/2939 2937/2937/2937 2947/2947/2947
f 2938/2938/2938 2996/2996/2996 2949/2949/2949 2948/2948/2948
f 2947/2947/2947 2948/2948/2948 2950/2950/2950 2951/2951/2951
f 2949/2949/2949 2952/2952/2952 2950/2950/2950 2948/2948/2948
f 2950/2950/2950 2952/2952/2952 2953/2953/2953 2954/2954/2954
f 2955/2955/2955 2954/2954/2954 2953/2953/2953 2956/2956/2956
f 2957/2957/2957 2969/2969/2969 2954/2954/2954 2955/2955/2955
f 2957/2957/2957 2955/2955/2955 2958/2958/2958 2959/2959/2959
f 2957/2957/2957 2959/2959/2959 2960/2960/2960 2961/2961/2961
f 2957/2957/2957 2961/2961/2961 2962/2962/2962 2969/2969/2969
f 2963/2963/2963 2956/2956/2956 2953/2953/2953 2964/2964/2964
f 2963/2963/2963 2964/2964/2964 2965/2965/2965
f 2955/2955/2955 2956/2956/2956 2966/2966/2966 2958/2958/2958
f 2963/2963/2963 2966/2966/2966 2956/2956/2956
f 2949/2949/2949 2968/2968/2968 2967/2967/2967 2952/2952/2952
f 2967/2967/2967 2964/2964/2964 2953/2953/2953 2952/2952/2952
f 2950/2950/2950 2954/2954/2954 2969/2969/2969 2951/2951/2951
f 2970/2970/2970 2929/2929/2929 2935/2935/2935
f 2942/2942/2942 2946/2946/2946 2971/2971/2971 2972/2972/2972
f 2942/2942/2942 2972/2972/2972 2973/2973/2973
f 2942/2942/2942 2975/2975/2975 2973/2973/2973 2974/2974/2974
f 2971/2971/2971 2976/2976/2976 2972/2972/2972
f 2971/2971/2971 2978/2978/2978 2977/2977/2977 2976/2976/2976
f 2946/2946/2946 2944/2944/2944 2979/2979/2979 2980/2980/2980
f 2981/2981/2981 2980/2980/2980 2979/2979/2979 2982/2982/2982
f 2983/2983/2983 2980/2980/2980 2981/2981/2981 2984/2984/2984
f 2985/2985/2985 2986/2986/2986 2983/2983/2983 2984/2984/2984
f 2987/2987/2987 2988/2988/2988 2986/2986/2986 2985/2985/2985
f 2989/2989/2989 2990/2990/2990 2986/2986/2986 2988/2988/2988
f 2991/2991/2991 2988/2988/2988 2987/2987/2987 2992/2992/2992
f 2991/2991/2991 2993/2993/2993 2989/2989/2989 2988/2988/2988
f 2977/2977/2977 2990/2990/2990 2994/2994/2994 2976/2976/2976
f 2994/2994/2994 2990/2990/2990 2989/2989/2989 2995/2995/2995
f 2932/2932/2932 2931/2931/2931 2996/2996/2996 2938/2938/2938
f 2933/2933/2933 3005/3005/3005 2996/2996/2996 2931/2931/2931
f 2925/2925/2925 2923/2923/2923 2997/2997/2997 2933/2933/2933
f 2914/2914/2914 2999/2999/2999 2998/2998/2998 2916/2916/2916
f 2918/2918/2918 2921/2921/2921 3000/3000/3000 2922/2922/2922
f 2921/2921/2921 3004/3004/3004 3001/3001/3001 3000/3000/3000
f 2999/2999/2999 3003/3003/3003 3002/3002/3002 2998/2998/2998
f 2998/2998/2998 3002/3002/3002 3004/3004/3004 2921/2921/2921
f 3005/3005/3005 2968/2968/2968 2949/2949/2949 2996/2996/2996
f 3006/3006/3006 3007/3007/3007 2967/2967/2967 2968/2968/2968
f 3006/3006/3006 3009/3009/3009 3008/3008/3008 3007/3007/3007
f 3010/3010/3010 2964/2964/2964 2967/2967/2967 3007/3007/3007
f 3010/3010/3010 3007/3007/3007 3008/3008/3008 3011/3011/3011
f 2910/2910/2910 3013/3013/3013 3012/3012/3012 2913/2913/2913
f 2911/2911/2911 2913/2913/2913 3014/3014/3014 3015/3015/3015
f 3016/3016/3016 3014/3014/3014 2913/2913/2913 3012/3012/3012
f 2944/2944/2944 2945/2945/2945 3017/3017/3017 2979/2979/2979
f 2982/2982/2982 2979/2979/2979 3017/3017/3017 2962/2962/2962
f 3018/3018/3018 2951/2951/2951 3017/3017/3017 2945/2945/2945
f 3019/3019/3019 2908/2908/2908 2907/2907/2907 2912/2912/2912
f 3019/3019/3019 2999/2999/2999 2914/2914/2914 2908/2908/2908
f 3019/3019/3019 3020/3020/3020 3003/3003/3003 2999/2999/2999
f 2911/2911/2911 3015/3015/3015 3021/3021/3021 2912/2912/2912
f 3019/3019/3019 2912/2912/2912 3021/3021/3021 3020/3020/3020
f 3022/3022/3022 2995/2995/2995 2989/2989/2989 2993/2993/2993
f 2894/2894/2894 2920/2920/2920 3023/3023/3023 2898/2898/2898
f 3023/3023/3023 2917/2917/2917 2919/2919/2919 2924/2924/2924
f 2894/2894/2894 2893/2893/2893 3024/3024/3024 2920/2920/2920
f 3024/3024/3024 2906/2906/2906 2915/2915/2915 2920/2920/2920
f 3025/3025/3025 2997/2997/2997 2923/2923/2923 2922/2922/2922
f 3025/3025/3025 2922/2922/2922 3000/3000/3000 3026/3026/3026
f 3025/3025/3025 3026/3026/3026 3027/3027/3027 3028/3028/3028
f 2900/2900/2900 2901/2901/2901 3029/3029/3029 2902/2902/2902
f 3030/3030/3030 3031/3031/3031 2901/2901/2901 2891/2891/2891
f 3032/3032/3032 3005/3005/3005 2933/2933/2933 2997/2997/2997
f 3032/3032/3032 3006/3006/3006 2968/2968/2968 3005/3005/3005
f 3032/3032/3032 3028/3028/3028 3009/3009/3009 3006/3006/3006
f 3025/3025/3025 3028/3028/3028 3032/3032/3032 2997/2997/2997
f 2836/2836/2836 2841/2841/2841 3033/3033/3033 2853/2853/2853
f 2852/2852/2852 2851/2851/2851 3034/3034/3034 2875/2875/2875
f 3035/3035/3035 2848/2848/2848 2850/2850/2850 2865/2865/2865
f 3035/3035/3035 3034/3034/3034 2851/2851/2851 2848/2848/2848
f 3035/3035/3035 2865/2865/2865 2869/2869/2869
f 3035/3035/3035 2869/2869/2869 2870/2870/2870 3034/3034/3034
f 2841/2841/2841 2883/2883/2883 2861/2861/2861 3033/3033/3033
f 2977/2977/2977 2983/2983/2983 2986/2986/2986 2990/2990/2990
f 2977/2977/2977 2946/2946/2946 2980/2980/2980 2983/2983/2983
f 2898/2898/2898 3023/3023/3023 2924/2924/2924 2926/2926/2926
f 2951/2951/2951 2969/2969/2969 2962/2962/2962 3017/3017/3017
f 3036/3036/3036 3037/3037/3037 3038/3038/3038
f 3036/3036/3036 3039/3039/3039 3037/3037/3037
f 3040/3040/3040 3041/3041/3041 3042/3042/3042
f 3040/3040/3040 3042/3042/3042 3043/3043/3043
f 3044/3044/3044 3043/3043/3043 3042/3042/3042
f 3045/3045/3045 3046/3046/3046 3047/3047/3047 3048/3048/3048
f 3049/3049/3049 3051/3051/3051 3048/3048/3048 3047/3047/3047
f 3045/3045/3045 3048/3048/3048 3050/3050/3050
f 3052/3052/3052 3053/3053/3053 3054/3054/3054
f 3055/3055/3055 3056/3056/3056 3057/3057/3057
f 3058/3058/3058 3059/3059/3059 3060/3060/3060
f 3061/3061/3061 3062/3062/3062 3063/3063/3063
f 3064/3064/3064 3065/3065/3065 3066/3066/3066 3067/3067/3067
f 3068/3068/3068 3071/3071/3071 3069/3069/3069 3070/3070/3070
f 3068/3068/3068 3073/3073/3073 3072/3072/3072 3071/3071/3071
f 3072/3072/3072 3073/3073/3073 3074/3074/3074 3075/3075/3075
f 3075/3075/3075 3074/3074/3074 3076/3076/3076 3077/3077/3077
f 3077/3077/3077 3076/3076/3076 3078/3078/3078 3079/3079/3079
f 3080/3080/3080 3081/3081/3081 3074/3074/3074 3073/3073/3073
f 3068/3068/3068 3082/3082/3082 3080/3080/3080 3073/3073/3073
f 3068/3068/3068 3070/3070/3070 3083/3083/3083 3065/3065/3065
f 3068/3068/3068 3065/3065/3065 3064/3064/3064 3082/3082/3082
f 3084/3084/3084 3066/3066/3066 3065/3065/3065 3083/3083/3083
f 3081/3081/3081 3085/3085/3085 3076/3076/3076 3074/3074/3074
f 3086/3086/3086 3087/3087/3087 3079/3079/3079 3078/3078/3078
f 3086/3086/3086 3089/3089/3089 3088/3088/3088 3087/3087/3087
f 3090/3090/3090 3087/3087/3087 3088/3088/3088 3091/3091/3091
f 3088/3088/3088 3093/3093/3093 3092/3092/3092 3091/3091/3091
f 3092/3092/3092 3093/3093/3093 3094/3094/3094 3095/3095/3095
f 3096/3096/3096 3097/3097/3097 3095/3095/3095 3094/3094/3094
f 3095/3095/3095 3097/3097/3097 3098/3098/3098 3099/3099/3099
f 3098/3098/3098 3097/3097/3097 3100/3100/3100 3101/3101/3101
f 3096/3096/3096 3102/3102/3102 3100/3100/3100 3097/3097/3097
f 3096/3096/3096 3104/3104/3104 3103/3103/3103 3102/3102/3102
f 3096/3096/3096 3094/3094/3094 3093/3093/3093 3105/3105/3105
f 3096/3096/3096 3105/3105/3105 3106/3106/3106 3104/3104/3104
f 3104/3104/3104 3108/3108/3108 3107/3107/3107 3103/3103/3103
f 3109/3109/3109 3108/3108/3108 3104/3104/3104 3106/3106/3106
f 3109/3109/3109 3111/3111/3111 3110/3110/3110 3108/3108/3108
f 3110/3110/3110 3111/3111/3111 3112/3112/3112 3113/3113/3113
f 3112/3112/3112 3115/3115/3115 3114/3114/3114 3113/3113/3113
f 3115/3115/3115 3117/3117/3117 3116/3116/3116 3114/3114/3114
f 3118/3118/3118 3117/3117/3117 3115/3115/3115 3119/3119/3119
f 3119/3119/3119 3115/3115/3115 3112/3112/3112 3120/3120/3120
f 3110/3110/3110 3121/3121/3121 3107/3107/3107 3108/3108/3108
f 3110/3110/3110 3113/3113/3113 3122/3122/3122 3121/3121/3121
f 3113/3113/3113 3114/3114/3114 3123/3123/3123 3122/3122/3122
f 3123/3123/3123 3114/3114/3114 3116/3116/3116 3124/3124/3124
f 3125/3125/3125 3132/3132/3132 3124/3124/3124 3116/3116/3116
f 3126/3126/3126 3127/3127/3127 3128/3128/3128 3129/3129/3129
f 3129/3129/3129 3128/3128/3128 3130/3130/3130 3131/3131/3131
f 3125/3125/3125 3131/3131/3131 3130/3130/3130 3132/3132/3132
f 3133/3133/3133 3129/3129/3129 3131/3131/3131 3134/3134/3134
f 3126/3126/3126 3129/3129/3129 3133/3133/3133 3135/3135/3135
f 3136/3136/3136 3079/3079/3079 3087/3087/3087 3090/3090/3090
f 3137/3137/3137 3077/3077/3077 3079/3079/3079 3136/3136/3136
f 3126/3126/3126 3139/3139/3139 3138/3138/3138 3127/3127/3127
f 3126/3126/3126 3141/3141/3141 3140/3140/3140 3139/3139/3139
f 3126/3126/3126 3135/3135/3135 3142/3142/3142 3141/3141/3141
f 3143/3143/3143 3146/3146/3146 3141/3141/3141 3142/3142/3142
f 3143/3143/3143 3144/3144/3144 3145/3145/3145 3146/3146/3146
f 3147/3147/3147 3140/3140/3140 3141/3141/3141 3146/3146/3146
f 3084/3084/3084 3149/3149/3149 3148/3148/3148 3066/3066/3066
f 3149/3149/3149 3150/3150/3150 3151/3151/3151 3148/3148/3148
f 3152/3152/3152 3153/3153/3153 3151/3151/3151 3150/3150/3150
f 3152/3152/3152 3155/3155/3155 3154/3154/3154 3153/3153/3153
f 3153/3153/3153 3154/3154/3154 3156/3156/3156 3157/3157/3157
f 3158/3158/3158 3159/3159/3159 3160/3160/3160 3161/3161/3161
f 3158/3158/3158 3156/3156/3156 3154/3154/3154 3159/3159/3159
f 3154/3154/3154 3155/3155/3155 3162/3162/3162 3159/3159/3159
f 3162/3162/3162 3163/3163/3163 3160/3160/3160 3159/3159/3159
f 3158/3158/3158 3161/3161/3161 3164/3164/3164 3165/3165/3165
f 3158/3158/3158 3165/3165/3165 3166/3166/3166 3177/3177/3177
f 3166/3166/3166 3165/3165/3165 3167/3167/3167 3168/3168/3168
f 3167/3167/3167 3172/3172/3172 3169/3169/3169 3168/3168/3168
f 3170/3170/3170 3168/3168/3168 3169/3169/3169 3171/3171/3171
f 3172/3172/3172 3175/3175/3175 3173/3173/3173 3169/3169/3169
f 3174/3174/3174 3171/3171/3171 3169/3169/3169 3173/3173/3173
f 3158/3158/3158 3177/3177/3177 3176/3176/3176 3156/3156/3156
f 3165/3165/3165 3164/3164/3164 3178/3178/3178 3167/3167/3167
f 3153/3153/3153 3157/3157/3157 3179/3179/3179 3151/3151/3151
f 3180/3180/3180 3148/3148/3148 3151/3151/3151 3179/3179/3179
f 3180/3180/3180 3067/3067/3067 3066/3066/3066 3148/3148/3148
f 3127/3127/3127 3138/3138/3138 3181/3181/3181 3182/3182/3182
f 3175/3175/3175 3145/3145/3145 3144/3144/3144 3173/3173/3173
f 3174/3174/3174 3173/3173/3173 3144/3144/3144 3183/3183/3183
f 3184/3184/3184 3120/3120/3120 3112/3112/3112 3111/3111/3111
f 3109/3109/3109 3184/3184/3184 3111/3111/3111
f 3185/3185/3185 3069/3069/3069 3071/3071/3071 3186/3186/3186
f 3186/3186/3186 3071/3071/3071 3072/3072/3072 3187/3187/3187
f 3188/3188/3188 3187/3187/3187 3072/3072/3072 3075/3075/3075
f 3188/3188/3188 3075/3075/3075 3077/3077/3077 3137/3137/3137
f 3145/3145/3145 3189/3189/3189 3147/3147/3147 3146/3146/3146
f 3190/3190/3190 3134/3134/3134 3131/3131/3131 3125/3125/3125
f 3160/3160/3160 3192/3192/3192 3191/3191/3191 3161/3161/3161
f 3193/3193/3193 3192/3192/3192 3160/3160/3160 3163/3163/3163
f 3109/3109/3109 3212/3212/3212 3194/3194/3194 3184/3184/3184
f 3189/3189/3189 3196/3196/3196 3195/3195/3195 3147/3147/3147
f 3197/3197/3197 3200/3200/3200 3196/3196/3196 3189/3189/3189
f 3198/3198/3198 3199/3199/3199 3200/3200/3200 3197/3197/3197
f 3201/3201/3201 3199/3199/3199 3198/3198/3198 3178/3178/3178
f 3201/3201/3201 3178/3178/3178 3164/3164/3164 3202/3202/3202
f 3161/3161/3161 3191/3191/3191 3202/3202/3202 3164/3164/3164
f 3198/3198/3198 3197/3197/3197 3175/3175/3175 3172/3172/3172
f 3175/3175/3175 3197/3197/3197 3189/3189/3189 3145/3145/3145
f 3167/3167/3167 3178/3178/3178 3198/3198/3198 3172/3172/3172
f 3203/3203/3203 3140/3140/3140 3147/3147/3147 3195/3195/3195
f 3203/3203/3203 3204/3204/3204 3139/3139/3139 3140/3140/3140
f 3203/3203/3203 3206/3206/3206 3205/3205/3205 3204/3204/3204
f 3204/3204/3204 3205/3205/3205 3207/3207/3207 3208/3208/3208
f 3204/3204/3204 3208/3208/3208 3138/3138/3138 3139/3139/3139
f 3208/3208/3208 3209/3209/3209 3181/3181/3181 3138/3138/3138
f 3210/3210/3210 3211/3211/3211 3206/3206/3206
f 3203/3203/3203 3210/3210/3210 3206/3206/3206
f 3109/3109/3109 3106/3106/3106 3194/3194/3194 3212/3212/3212
f 3213/3213/3213 3214/3214/3214 3091/3091/3091 3092/3092/3092
f 3213/3213/3213 3092/3092/3092 3095/3095/3095 3099/3099/3099
f 3076/3076/3076 3085/3085/3085 3215/3215/3215 3078/3078/3078
f 3089/3089/3089 3078/3078/3078 3215/3215/3215 3216/3216/3216
f 3086/3086/3086 3078/3078/3078 3089/3089/3089
f 3156/3156/3156 3176/3176/3176 3217/3217/3217 3157/3157/3157
f 3179/3179/3179 3157/3157/3157 3217/3217/3217 3218/3218/3218
f 3180/3180/3180 3179/3179/3179 3218/3218/3218 3219/3219/3219
f 3180/3180/3180 3219/3219/3219 3220/3220/3220 3067/3067/3067
f 3142/3142/3142 3135/3135/3135 3221/3221/3221 3222/3222/3222
f 3223/3223/3223 3143/3143/3143 3142/3142/3142 3222/3222/3222
f 3223/3223/3223 3183/3183/3183 3144/3144/3144 3143/3143/3143
f 3133/3133/3133 3224/3224/3224 3221/3221/3221 3135/3135/3135
f 3225/3225/3225 3226/3226/3226 3120/3120/3120 3184/3184/3184
f 3119/3119/3119 3120/3120/3120 3226/3226/3226 3227/3227/3227
f 3190/3190/3190 3125/3125/3125 3116/3116/3116 3117/3117/3117
f 3118/3118/3118 3228/3228/3228 3190/3190/3190 3117/3117/3117
f 3118/3118/3118 3119/3119/3119 3227/3227/3227 3228/3228/3228
f 3081/3081/3081 3230/3230/3230 3229/3229/3229 3085/3085/3085
f 3080/3080/3080 3082/3082/3082 3231/3231/3231 3232/3232/3232
f 3080/3080/3080 3232/3232/3232 3230/3230/3230 3081/3081/3081
f 3064/3064/3064 3233/3233/3233 3231/3231/3231 3082/3082/3082
f 3064/3064/3064 3067/3067/3067 3220/3220/3220 3233/3233/3233
f 3234/3234/3234 3099/3099/3099 3098/3098/3098 3238/3238/3238
f 3102/3102/3102 3103/3103/3103 3235/3235/3235 3236/3236/3236
f 3100/3100/3100 3102/3102/3102 3236/3236/3236 3237/3237/3237
f 3101/3101/3101 3100/3100/3100 3237/3237/3237 3240/3240/3240
f 3238/3238/3238 3098/3098/3098 3101/3101/3101 3239/3239/3239
f 3239/3239/3239 3101/3101/3101 3240/3240/3240 3241/3241/3241
f 3242/3242/3242 3243/3243/3243 3244/3244/3244
f 3245/3245/3245 3248/3248/3248 3246/3246/3246 3247/3247/3247
f 3245/3245/3245 3250/3250/3250 3249/3249/3249 3248/3248/3248
f 3251/3251/3251 3268/3268/3268 3248/3248/3248 3249/3249/3249
f 3245/3245/3245 3247/3247/3247 3252/3252/3252 3253/3253/3253
f 3245/3245/3245 3253/3253/3253 3254/3254/3254 3255/3255/3255
f 3253/3253/3253 3257/3257/3257 3256/3256/3256 3254/3254/3254
f 3258/3258/3258 3259/3259/3259 3256/3256/3256 3257/3257/3257
f 3260/3260/3260 3249/3249/3249 3250/3250/3250 3261/3261/3261
f 3251/3251/3251 3249/3249/3249 3260/3260/3260 3262/3262/3262
f 3245/3245/3245 3255/3255/3255 3263/3263/3263 3250/3250/3250
f 3264/3264/3264 3265/3265/3265 3259/3259/3259 3258/3258/3258
f 3266/3266/3266 3258/3258/3258 3257/3257/3257 3287/3287/3287
f 3266/3266/3266 3267/3267/3267 3264/3264/3264 3258/3258/3258
f 3246/3246/3246 3248/3248/3248 3268/3268/3268 3269/3269/3269
f 3256/3256/3256 3288/3288/3288 3270/3270/3270 3254/3254/3254
f 3271/3271/3271 3272/3272/3272 3259/3259/3259 3265/3265/3265
f 3271/3271/3271 3274/3274/3274 3273/3273/3273 3272/3272/3272
f 3272/3272/3272 3273/3273/3273 3275/3275/3275 3288/3288/3288
f 3273/3273/3273 3394/3394/3394 3276/3276/3276 3275/3275/3275
f 3275/3275/3275 3276/3276/3276 3277/3277/3277 3278/3278/3278
f 3277/3277/3277 3280/3280/3280 3279/3279/3279 3278/3278/3278
f 3281/3281/3281 3282/3282/3282 3280/3280/3280 3277/3277/3277
f 3279/3279/3279 3280/3280/3280 3283/3283/3283 3284/3284/3284
f 3283/3283/3283 3280/3280/3280 3282/3282/3282 3285/3285/3285
f 3286/3286/3286 3300/3300/3300 3277/3277/3277 3276/3276/3276
f 3287/3287/3287 3257/3257/3257 3253/3253/3253 3252/3252/3252
f 3259/3259/3259 3272/3272/3272 3288/3288/3288 3256/3256/3256
f 3286/3286/3286 3276/3276/3276 3289/3289/3289
f 3286/3286/3286 3289/3289/3289 3290/3290/3290 3291/3291/3291
f 3286/3286/3286 3291/3291/3291 3292/3292/3292 3282/3282/3282
f 3293/3293/3293 3294/3294/3294 3291/3291/3291 3290/3290/3290
f 3295/3295/3295 3292/3292/3292 3291/3291/3291 3294/3294/3294
f 3296/3296/3296 3293/3293/3293 3290/3290/3290 3298/3298/3298
f 3297/3297/3297 3294/3294/3294 3293/3293/3293 3296/3296/3296
f 3298/3298/3298 3290/3290/3290 3289/3289/3289 3299/3299/3299
f 3281/3281/3281 3277/3277/3277 3300/3300/3300
f 3301/3301/3301 3279/3279/3279 3284/3284/3284 3302/3302/3302
f 3283/3283/3283 3304/3304/3304 3303/3303/3303 3284/3284/3284
f 3302/3302/3302 3284/3284/3284 3303/3303/3303 3305/3305/3305
f 3305/3305/3305 3303/3303/3303 3306/3306/3306 3307/3307/3307
f 3305/3305/3305 3307/3307/3307 3308/3308/3308 3413/3413/3413
f 3309/3309/3309 3307/3307/3307 3306/3306/3306 3310/3310/3310
f 3309/3309/3309 3311/3311/3311 3308/3308/3308 3307/3307/3307
f 3312/3312/3312 3269/3269/3269 3268/3268/3268 3374/3374/3374
f 3303/3303/3303 3304/3304/3304 3313/3313/3313 3306/3306/3306
f 3304/3304/3304 3315/3315/3315 3314/3314/3314 3313/3313/3313
f 3283/3283/3283 3285/3285/3285 3315/3315/3315 3304/3304/3304
f 3315/3315/3315 3317/3317/3317 3316/3316/3316 3314/3314/3314
f 3314/3314/3314 3316/3316/3316 3318/3318/3318 3319/3319/3319
f 3320/3320/3320 3319/3319/3319 3318/3318/3318 3321/3321/3321
f 3322/3322/3322 3323/3323/3323 3321/3321/3321 3318/3318/3318
f 3320/3320/3320 3321/3321/3321 3324/3324/3324 3325/3325/3325
f 3324/3324/3324 3321/3321/3321 3323/3323/3323 3326/3326/3326
f 3327/3327/3327 3322/3322/3322 3318/3318/3318 3316/3316/3316
f 3327/3327/3327 3323/3323/3323 3322/3322/3322
f 3328/3328/3328 3316/3316/3316 3317/3317/3317 3444/3444/3444
f 3329/3329/3329 3326/3326/3326 3323/3323/3323 3409/3409/3409
f 3330/3330/3330 3347/3347/3347 3324/3324/3324 3326/3326/3326
f 3329/3329/3329 3331/3331/3331 3330/3330/3330 3326/3326/3326
f 3332/3332/3332 3333/3333/3333 3320/3320/3320 3325/3325/3325
f 3332/3332/3332 3325/3325/3325 3334/3334/3334 3335/3335/3335
f 3332/3332/3332 3335/3335/3335 3336/3336/3336 3337/3337/3337
f 3338/3338/3338 3339/3339/3339 3337/3337/3337 3336/3336/3336
f 3340/3340/3340 3336/3336/3336 3335/3335/3335 3342/3342/3342
f 3341/3341/3341 3338/3338/3338 3336/3336/3336 3340/3340/3340
f 3342/3342/3342 3335/3335/3335 3334/3334/3334 3343/3343/3343
f 3344/3344/3344 3340/3340/3340 3342/3342/3342 3345/3345/3345
f 3345/3345/3345 3342/3342/3342 3343/3343/3343 3346/3346/3346
f 3325/3325/3325 3324/3324/3324 3347/3347/3347 3334/3334/3334
f 3343/3343/3343 3334/3334/3334 3347/3347/3347 3445/3445/3445
f 3348/3348/3348 3346/3346/3346 3343/3343/3343 3445/3445/3445
f 3309/3309/3309 3349/3349/3349 3311/3311/3311
f 3350/3350/3350 3311/3311/3311 3349/3349/3349 3351/3351/3351
f 3352/3352/3352 3350/3350/3350 3351/3351/3351 3353/3353/3353
f 3354/3354/3354 3412/3412/3412 3350/3350/3350 3352/3352/3352
f 3355/3355/3355 3356/3356/3356 3352/3352/3352 3353/3353/3353
f 3357/3357/3357 3355/3355/3355 3353/3353/3353 3367/3367/3367
f 3358/3358/3358 3365/3365/3365 3355/3355/3355 3357/3357/3357
f 3359/3359/3359 3358/3358/3358 3357/3357/3357 3360/3360/3360
f 3357/3357/3357 3367/3367/3367 3361/3361/3361 3360/3360/3360
f 3362/3362/3362 3363/3363/3363 3359/3359/3359 3360/3360/3360
f 3362/3362/3362 3360/3360/3360 3361/3361/3361 3364/3364/3364
f 3365/3365/3365 3366/3366/3366 3356/3356/3356 3355/3355/3355
f 3367/3367/3367 3353/3353/3353 3351/3351/3351 3448/3448/3448
f 3309/3309/3309 3369/3369/3369 3368/3368/3368 3349/3349/3349
f 3370/3370/3370 3341/3341/3341 3340/3340/3340 3344/3344/3344
f 3371/3371/3371 3372/3372/3372 3339/3339/3339 3338/3338/3338
f 3371/3371/3371 3338/3338/3338 3341/3341/3341 3383/3383/3383
f 3309/3309/3309 3310/3310/3310 3373/3373/3373
f 3332/3332/3332 3337/3337/3337 3373/3373/3373 3333/3333/3333
f 3339/3339/3339 3373/3373/3373 3337/3337/3337
f 3374/3374/3374 3268/3268/3268 3251/3251/3251 3375/3375/3375
f 3376/3376/3376 3377/3377/3377 3295/3295/3295 3294/3294/3294
f 3297/3297/3297 3378/3378/3378 3376/3376/3376 3294/3294/3294
f 3379/3379/3379 3380/3380/3380 3378/3378/3378 3297/3297/3297
f 3381/3381/3381 3382/3382/3382 3378/3378/3378 3380/3380/3380
f 3382/3382/3382 3397/3397/3397 3376/3376/3376 3378/3378/3378
f 3383/3383/3383 3341/3341/3341 3370/3370/3370 3384/3384/3384
f 3371/3371/3371 3383/3383/3383 3385/3385/3385 3386/3386/3386
f 3385/3385/3385 3383/3383/3383 3384/3384/3384 3387/3387/3387
f 3388/3388/3388 3389/3389/3389 3385/3385/3385 3387/3387/3387
f 3282/3282/3282 3292/3292/3292 3390/3390/3390 3285/3285/3285
f 3390/3390/3390 3292/3292/3292 3295/3295/3295 3395/3395/3395
f 3315/3315/3315 3285/3285/3285 3390/3390/3390 3317/3317/3317
f 3391/3391/3391 3392/3392/3392 3298/3298/3298 3299/3299/3299
f 3393/3393/3393 3391/3391/3391 3299/3299/3299 3394/3394/3394
f 3274/3274/3274 3393/3393/3393 3394/3394/3394 3273/3273/3273
f 3394/3394/3394 3299/3299/3299 3289/3289/3289 3276/3276/3276
f 3377/3377/3377 3396/3396/3396 3395/3395/3395 3295/3295/3295
f 3397/3397/3397 3398/3398/3398 3377/3377/3377 3376/3376/3376
f 3399/3399/3399 3364/3364/3364 3361/3361/3361 3400/3400/3400
f 3371/3371/3371 3386/3386/3386 3399/3399/3399 3400/3400/3400
f 3401/3401/3401 3451/3451/3451 3356/3356/3356 3366/3366/3366
f 3402/3402/3402 3366/3366/3366 3365/3365/3365 3403/3403/3403
f 3402/3402/3402 3404/3404/3404 3401/3401/3401 3366/3366/3366
f 3405/3405/3405 3407/3407/3407 3401/3401/3401 3404/3404/3404
f 3406/3406/3406 3444/3444/3444 3395/3395/3395 3396/3396/3396
f 3407/3407/3407 3375/3375/3375 3251/3251/3251 3262/3262/3262
f 3408/3408/3408 3310/3310/3310 3306/3306/3306 3313/3313/3313
f 3408/3408/3408 3313/3313/3313 3314/3314/3314 3319/3319/3319
f 3408/3408/3408 3319/3319/3319 3320/3320/3320 3333/3333/3333
f 3408/3408/3408 3333/3333/3333 3373/3373/3373 3310/3310/3310
f 3327/3327/3327 3410/3410/3410 3409/3409/3409 3323/3323/3323
f 3411/3411/3411 3403/3403/3403 3365/3365/3365 3358/3358/3358
f 3260/3260/3260 3261/3261/3261 3412/3412/3412 3354/3354/3354
f 3412/3412/3412 3308/3308/3308 3311/3311/3311 3350/3350/3350
f 3250/3250/3250 3263/3263/3263 3413/3413/3413 3261/3261/3261
f 3414/3414/3414 3296/3296/3296 3298/3298/3298 3392/3392/3392
f 3415/3415/3415 3255/3255/3255 3254/3254/3254 3270/3270/3270
f 3415/3415/3415 3263/3263/3263 3255/3255/3255
f 3415/3415/3415 3270/3270/3270 3278/3278/3278 3279/3279/3279
f 3415/3415/3415 3279/3279/3279 3301/3301/3301
f 3416/3416/3416 3417/3417/3417 3331/3331/3331 3329/3329/3329
f 3416/3416/3416 3329/3329/3329 3418/3418/3418
f 3419/3419/3419 3424/3424/3424 3331/3331/3331 3417/3417/3417
f 3329/3329/3329 3421/3421/3421 3420/3420/3420 3418/3418/3418
f 3422/3422/3422 3420/3420/3420 3421/3421/3421 3423/3423/3423
f 3424/3424/3424 3425/3425/3425 3330/3330/3330 3331/3331/3331
f 3426/3426/3426 3422/3422/3422 3423/3423/3423 3427/3427/3427
f 3427/3427/3427 3423/3423/3423 3428/3428/3428 3429/3429/3429
f 3430/3430/3430 3431/3431/3431 3429/3429/3429 3428/3428/3428
f 3430/3430/3430 3433/3433/3433 3432/3432/3432 3431/3431/3431
f 3434/3434/3434 3432/3432/3432 3433/3433/3433 3435/3435/3435
f 3436/3436/3436 3434/3434/3434 3435/3435/3435 3446/3446/3446
f 3437/3437/3437 3425/3425/3425 3424/3424/3424 3438/3438/3438
f 3439/3439/3439 3438/3438/3438 3424/3424/3424 3419/3419/3419
f 3440/3440/3440 3297/3297/3297 3296/3296/3296 3414/3414/3414
f 3440/3440/3440 3441/3441/3441 3379/3379/3379 3297/3297/3297
f 3329/3329/3329 3409/3409/3409 3442/3442/3442 3421/3421/3421
f 3423/3423/3423 3421/3421/3421 3442/3442/3442 3428/3428/3428
f 3430/3430/3430 3428/3428/3428 3442/3442/3442 3443/3443/3443
f 3390/3390/3390 3395/3395/3395 3444/3444/3444 3317/3317/3317
f 3327/3327/3327 3328/3328/3328 3444/3444/3444 3410/3410/3410
f 3445/3445/3445 3347/3347/3347 3330/3330/3330 3425/3425/3425
f 3437/3437/3437 3348/3348/3348 3445/3445/3445 3425/3425/3425
f 3446/3446/3446 3435/3435/3435 3398/3398/3398 3397/3397/3397
f 3447/3447/3447 3396/3396/3396 3377/3377/3377 3398/3398/3398
f 3406/3406/3406 3396/3396/3396 3447/3447/3447
f 3447/3447/3447 3433/3433/3433 3430/3430/3430 3443/3443/3443
f 3435/3435/3435 3433/3433/3433 3447/3447/3447 3398/3398/3398
f 3448/3448/3448 3351/3351/3351 3349/3349/3349
f 3361/3361/3361 3367/3367/3367 3448/3448/3448 3400/3400/3400
f 3371/3371/3371 3400/3400/3400 3448/3448/3448 3372/3372/3372
f 3399/3399/3399 3386/3386/3386 3449/3449/3449 3450/3450/3450
f 3451/3451/3451 3262/3262/3262 3260/3260/3260 3354/3354/3354
f 3451/3451/3451 3354/3354/3354 3352/3352/3352 3356/3356/3356
f 3407/3407/3407 3262/3262/3262 3451/3451/3451 3401/3401/3401
f 3452/3452/3452 3446/3446/3446 3397/3397/3397 3382/3382/3382
f 3275/3275/3275 3278/3278/3278 3270/3270/3270 3288/3288/3288
f 3261/3261/3261 3413/3413/3413 3308/3308/3308 3412/3412/3412
f 3453/3453/3453 3454/3454/3454 3455/3455/3455
f 3453/3453/3453 3455/3455/3455 3456/3456/3456
f 3457/3457/3457 3460/3460/3460 3458/3458/3458 3459/3459/3459
f 3457/3457/3457 3459/3459/3459 3461/3461/3461
f 3461/3461/3461 3459/3459/3459 3462/3462/3462 3463/3463/3463
f 3464/3464/3464 3465/3465/3465 3466/3466/3466
f 3465/3465/3465 3468/3468/3468 3467/3467/3467 3466/3466/3466
f 3467/3467/3467 3468/3468/3468 3469/3469/3469
f 3470/3470/3470 3469/3469/3469 3468/3468/3468
f 3470/3470/3470 3468/3468/3468 3471/3471/3471
f 3472/3472/3472 3473/3473/3473 3474/3474/3474 3475/3475/3475
f 3472/3472/3472 3476/3476/3476 3473/3473/3473
f 3472/3472/3472 3475/3475/3475 3477/3477/3477
f 3472/3472/3472 3479/3479/3479 3477/3477/3477 3478/3478/3478
f 3480/3480/3480 3481/3481/3481 3482/3482/3482
f 3483/3483/3483 3484/3484/3484 3485/3485/3485
f 3486/3486/3486 3487/3487/3487 3488/3488/3488
f 3489/3489/3489 3490/3490/3490 3491/3491/3491 3492/3492/3492
f 3493/3493/3493 3494/3494/3494 3495/3495/3495
f 3496/3496/3496 3497/3497/3497 3498/3498/3498
f 3499/3499/3499 3500/3500/3500 3501/3501/3501
f 3502/3502/3502 3505/3505/3505 3503/3503/3503 3504/3504/3504
f 3506/3506/3506 3507/3507/3507 3508/3508/3508 3509/3509/3509
f 3506/3506/3506 3510/3510/3510 3507/3507/3507
f 3511/3511/3511 3507/3507/3507 3510/3510/3510 3512/3512/3512
f 3506/3506/3506 3514/3514/3514 3513/3513/3513 3510/3510/3510
f 3511/3511/3511 3512/3512/3512 3515/3515/3515 3516/3516/3516
f 3517/3517/3517 3518/3518/3518 3510/3510/3510 3513/3513/3513
f 3517/3517/3517 3520/3520/3520 3519/3519/3519 3518/3518/3518
f 3519/3519/3519 3520/3520/3520 3521/3521/3521 3522/3522/3522
f 3520/3520/3520 3540/3540/3540 3523/3523/3523 3521/3521/3521
f 3524/3524/3524 3519/3519/3519 3522/3522/3522 3525/3525/3525
f 3521/3521/3521 3523/3523/3523 3526/3526/3526 3538/3538/3538
f 3527/3527/3527 3524/3524/3524 3525/3525/3525 3528/3528/3528
f 3528/3528/3528 3525/3525/3525 3529/3529/3529 3530/3530/3530
f 3528/3528/3528 3530/3530/3530 3531/3531/3531 3535/3535/3535
f 3532/3532/3532 3530/3530/3530 3529/3529/3529 3533/3533/3533
f 3532/3532/3532 3534/3534/3534 3531/3531/3531 3530/3530/3530
f 3527/3527/3527 3528/3528/3528 3535/3535/3535 3536/3536/3536
f 3525/3525/3525 3522/3522/3522 3537/3537/3537 3529/3529/3529
f 3522/3522/3522 3521/3521/3521 3538/3538/3538 3537/3537/3537
f 3539/3539/3539 3512/3512/3512 3510/3510/3510 3518/3518/3518
f 3539/3539/3539 3518/3518/3518 3519/3519/3519 3524/3524/3524
f 3527/3527/3527 3549/3549/3549 3539/3539/3539 3524/3524/3524
f 3517/3517/3517 3513/3513/3513 3540/3540/3540 3520/3520/3520
f 3541/3541/3541 3538/3538/3538 3526/3526/3526 3542/3542/3542
f 3541/3541/3541 3558/3558/3558 3537/3537/3537 3538/3538/3538
f 3506/3506/3506 3509/3509/3509 3543/3543/3543
f 3514/3514/3514 3506/3506/3506 3543/3543/3543
f 3513/3513/3513 3514/3514/3514 3543/3543/3543
f 3540/3540/3540 3513/3513/3513 3543/3543/3543
f 3544/3544/3544 3536/3536/3536 3535/3535/3535 3545/3545/3545
f 3545/3545/3545 3535/3535/3535 3531/3531/3531 3559/3559/3559
f 3541/3541/3541 3542/3542/3542 3546/3546/3546 3547/3547/3547
f 3541/3541/3541 3547/3547/3547 3548/3548/3548
f 3549/3549/3549 3515/3515/3515 3512/3512/3512 3539/3539/3539
f 3544/3544/3544 3545/3545/3545 3550/3550/3550 3551/3551/3551
f 3532/3532/3532 3533/3533/3533 3552/3552/3552 3553/3553/3553
f 3533/3533/3533 3558/3558/3558 3554/3554/3554 3552/3552/3552
f 3555/3555/3555 3556/3556/3556 3553/3553/3553 3552/3552/3552
f 3557/3557/3557 3563/3563/3563 3553/3553/3553 3556/3556/3556
f 3529/3529/3529 3537/3537/3537 3558/3558/3558 3533/3533/3533
f 3559/3559/3559 3531/3531/3531 3534/3534/3534 3560/3560/3560
f 3550/3550/3550 3545/3545/3545 3559/3559/3559 3561/3561/3561
f 3561/3561/3561 3559/3559/3559 3560/3560/3560 3562/3562/3562
f 3532/3532/3532 3553/3553/3553 3563/3563/3563 3534/3534/3534
f 3564/3564/3564 3563/3563/3563 3557/3557/3557 3565/3565/3565
f 3557/3557/3557 3567/3567/3567 3566/3566/3566 3565/3565/3565
f 3567/3567/3567 3569/3569/3569 3568/3568/3568 3566/3566/3566
f 3569/3569/3569 3571/3571/3571 3570/3570/3570 3568/3568/3568
f 3572/3572/3572 3571/3571/3571 3569/3569/3569
f 3573/3573/3573 3554/3554/3554 3558/3558/3558 3541/3541/3541
f 3509/3509/3509 3574/3574/3574 3543/3543/3543
f 3575/3575/3575 3560/3560/3560 3534/3534/3534 3563/3563/3563
f 3575/3575/3575 3576/3576/3576 3562/3562/3562 3560/3560/3560
f 3564/3564/3564 3577/3577/3577 3575/3575/3575 3563/3563/3563
f 3575/3575/3575 3579/3579/3579 3578/3578/3578 3576/3576/3576
f 3580/3580/3580 3573/3573/3573 3541/3541/3541
f 3548/3548/3548 3573/3573/3573 3580/3580/3580
f 3564/3564/3564 3579/3579/3579 3575/3575/3575
f 3581/3581/3581 3582/3582/3582 3583/3583/3583
f 3584/3584/3584 3587/3587/3587 3585/3585/3585 3586/3586/3586
f 3588/3588/3588 3589/3589/3589 3590/3590/3590
f 3591/3591/3591 3592/3592/3592 3593/3593/3593
f 3594/3594/3594 3597/3597/3597 3595/3595/3595 3596/3596/3596
f 3598/3598/3598 3599/3599/3599 3600/3600/3600
f 3601/3601/3601 3602/3602/3602 3603/3603/3603 3604/3604/3604
f 3604/3604/3604 3603/3603/3603 3605/3605/3605
f 3603/3603/3603 3606/3606/3606 3605/3605/3605
f 3607/3607/3607 3604/3604/3604 3605/3605/3605
f 3608/3608/3608 3609/3609/3609 3610/3610/3610 3611/3611/3611
f 3612/3612/3612 3613/3613/3613 3614/3614/3614
f 3615/3615/3615 3616/3616/3616 3617/3617/3617
f 3618/3618/3618 3619/3619/3619 3620/3620/3620
f 3621/3621/3621 3622/3622/3622 3623/3623/3623
