# exported by v3d-codec
mtllib model.mtl
o surface_9
v -0.28328794 0.469723 -0.3903942
v -0.29817778 0.5044866 -0.40988863
v -0.29888314 0.48328644 -0.39776635
v -0.15955907 0.021681905 -0.27301627
v -0.13883135 0.022161126 -0.31054705
v -0.15929785 0.022707045 -0.2746362
v -0.16755877 0.07128081 0.106578045
v -0.20606484 0.082563475 0.11072548
v -0.1766773 0.07552934 0.10842894
v -0.20674308 0.4148402 0.107093334
v -0.18515128 0.42562294 0.11000738
v -0.19936927 0.41531348 0.0947785
v 0.08748116 0.63141245 -0.07603385
v 0.06619932 0.6493727 -0.08351688
v 0.08629508 0.6305598 -0.078706264
v 0.3003654 0.18435599 -0.38586074
v 0.28997093 0.19784838 -0.398342
v 0.28163856 0.2134853 -0.3976326
v 0.14852639 0.6222028 -0.23276378
v 0.14694881 0.62386584 -0.22605093
v 0.14746107 0.621513 -0.2318425
v -0.030337948 0.35758874 0.34347248
v -0.03016701 0.3541546 0.34774905
v -0.024710858 0.355848 0.35382307
v 0.10091705 0.24439248 0.44625825
v 0.048732515 0.1928524 0.48201215
v 0.07616147 0.21621966 0.47376937
v 0.06272133 0.2568674 0.3986184
v 0.061591715 0.25262702 0.40861446
v 0.06562098 0.25485504 0.4128796
v -0.21392465 0.025746703 -0.44820386
v -0.22503324 0.02315569 -0.43531764
v -0.22592938 0.021797955 -0.4363827
v -0.22740534 0.030915052 -0.4415064
v 0.25810242 0.10648848 -0.48268497
v 0.2760691 0.07872397 -0.4620254
v 0.25671923 0.07770848 -0.48494244
v 0.27420354 0.17418994 -0.46587288
v 0.29567266 0.14866415 -0.44471645
v 0.27834785 0.14817081 -0.46331817
v 0.2813189 0.12495726 -0.45450908
v 0.28745008 0.12502381 -0.434649
v 0.29751074 0.1244809 -0.41731608
v 0.29725283 0.1016428 -0.44087708
v 0.2999339 0.09956506 -0.41557378
v 0.2805149 0.10354623 -0.46130204
v 0.29439867 0.07490021 -0.4405175
v 0.2809254 0.054982483 -0.40886682
v 0.2767464 0.05647543 -0.43343955
v 0.2575913 0.041962832 -0.42567748
v 0.26487023 0.034105748 -0.40554482
v 0.29286402 0.4193376 -0.46392143
v 0.29892355 0.3864547 -0.44662052
v 0.29912472 0.39147785 -0.471573
v 0.28267133 0.36169183 -0.49085963
v 0.28252763 0.39345458 -0.4912877
v 0.2998891 0.32795757 -0.47167987
v 0.28350806 0.3288208 -0.4907077
v 0.2990793 0.29497635 -0.47018456
v 0.28360897 0.29498243 -0.48937094
v 0.275522 0.23053122 -0.4766286
v 0.2856717 0.26063204 -0.48818928
v 0.30171698 0.26264352 -0.46850038
v 0.26379955 0.22138909 -0.47942108
v 0.2622471 0.21690942 -0.45706946
v 0.28062737 0.21682131 -0.44432747
v 0.2441337 0.21602532 -0.4717769
v 0.2945332 0.2017237 -0.42816883
v 0.27850688 0.19732775 -0.4397487
v 0.291098 0.17581779 -0.44735688
v 0.29961634 0.1774632 -0.4272349
v 0.298639 0.20542923 -0.4116302
v 0.29982126 0.15055308 -0.42240775
v 0.29966933 0.18101773 -0.40560555
v 0.30013448 0.15109417 -0.39595276
v 0.29668856 0.12412511 -0.3912546
v 0.29550594 0.12307075 -0.36206836
v 0.29955965 0.0995232 -0.388278
v 0.2988584 0.099473804 -0.35979474
v 0.29643404 0.075306416 -0.3854785
v 0.29527342 0.075969994 -0.35746306
v 0.2955258 0.07553631 -0.41309834
v 0.2810064 0.05550152 -0.3822071
v 0.26564395 0.03510368 -0.3790195
v 0.2813334 0.05614707 -0.3542928
v 0.26637357 0.036510676 -0.35082436
v 0.28142148 0.057158887 -0.32586682
v 0.2894314 0.54895025 -0.45218813
v 0.2784189 0.57595396 -0.45173907
v 0.29229093 0.57488084 -0.4327408
v 0.28971022 0.523926 -0.44834852
v 0.2995326 0.5457592 -0.43085068
v 0.28531653 0.51909107 -0.4280241
v 0.299527 0.5430405 -0.40631843
v 0.29897183 0.5053824 -0.4304905
v 0.29982632 0.50539005 -0.40739214
v 0.2906382 0.50476825 -0.45032293
v 0.28852183 0.48170784 -0.4497177
v 0.30002117 0.47957355 -0.43158025
v 0.29460073 0.4556571 -0.4312896
v 0.2999382 0.4792163 -0.40822148
v 0.27872622 0.45768413 -0.44538713
v 0.29656643 0.43901443 -0.40415996
v 0.2899661 0.43608868 -0.4316913
v 0.29785848 0.40613812 -0.41868258
v 0.29824406 0.41364133 -0.44231033
v 0.29547364 0.4127401 -0.39665645
v 0.29843694 0.40051252 -0.3913977
v 0.28895247 0.4185244 -0.39653015
v 0.29789752 0.45485407 -0.40997618
v 0.29058808 0.43104988 -0.35385722
v 0.29034013 0.45621043 -0.35412008
v 0.3000722 0.40434128 -0.35834986
v 0.2840116 0.43597272 -0.32903957
v 0.29846746 0.3795856 -0.39030242
v 0.29971796 0.37997508 -0.36109567
v 0.29771423 0.3822835 -0.4194777
v 0.2984265 0.354463 -0.39053804
v 0.29765666 0.3555013 -0.42015713
v 0.2995547 0.3579108 -0.44766057
v 0.2976153 0.32713974 -0.42009026
v 0.2998804 0.36037737 -0.47289115
v 0.29930407 0.32739532 -0.44756114
v 0.29876935 0.2964958 -0.44641364
v 0.29759467 0.298084 -0.41932935
v 0.29887617 0.2671987 -0.44397748
v 0.2975911 0.27092573 -0.41826034
v 0.29777575 0.24114639 -0.43906206
v 0.29438996 0.2343591 -0.4597723
v 0.29400623 0.22093123 -0.43115932
v 0.29844952 0.22513013 -0.4135996
v 0.29773265 0.22772062 -0.3947631
v 0.28163856 0.2134853 -0.3976326
v 0.2975672 0.24598634 -0.41594607
v 0.29826576 0.24826553 -0.39205706
v 0.2996155 0.24724564 -0.3675415
v 0.2994218 0.27286142 -0.36378402
v 0.3001021 0.22416893 -0.3738488
v 0.29101467 0.22022358 -0.35280567
v 0.3003121 0.20185244 -0.38524574
v 0.3003654 0.18435599 -0.38586074
v 0.29577357 0.19719923 -0.35919505
v 0.30023533 0.17391533 -0.36614108
v 0.28381252 0.19253027 -0.3296407
v 0.30004132 0.14844294 -0.3645913
v 0.2996164 0.17075314 -0.33165944
v 0.29431605 0.12296641 -0.3313163
v 0.3000738 0.1466039 -0.33195668
v 0.30014282 0.09927943 -0.33000785
v 0.30018657 0.098758906 -0.30060095
v 0.29618382 0.0759455 -0.32855803
v 0.29589415 0.07501957 -0.30246204
v 0.2804827 0.05722162 -0.3021255
v 0.28161156 0.05795881 -0.28570127
v 0.26313972 0.039243013 -0.28608882
v 0.264475 0.040032268 -0.32189918
v 0.2944767 0.042279422 -0.24649394
v 0.28583038 0.052037477 -0.2856378
v 0.2767644 0.020006716 -0.2466379
v 0.2761703 0.022891968 -0.2784649
v 0.2541027 0.0040044487 -0.275087
v 0.2569651 0.0005697608 -0.24468204
v 0.27660882 0.019854903 -0.21142678
v 0.2943536 0.041838795 -0.21056888
v 0.25783873 0.0010398626 -0.21066812
v 0.25688213 0.000079900026 -0.17524044
v 0.27677053 0.020017654 -0.17493105
v 0.2584145 0.6117521 -0.41213357
v 0.26247758 0.6112244 -0.38905537
v 0.27958894 0.5898366 -0.38710994
v 0.26396853 0.60826296 -0.36408192
v 0.27763695 0.5927216 -0.41004533
v 0.29556 0.57093245 -0.40949565
v 0.26906294 0.59130895 -0.42778933
v 0.29717392 0.5682676 -0.38557768
v 0.29920256 0.5405366 -0.38403475
v 0.29877275 0.5420749 -0.35895908
v 0.2851048 0.518445 -0.38347536
v 0.2851246 0.52318543 -0.4064753
v 0.2845958 0.5238095 -0.35683382
v 0.28687292 0.52100813 -0.3298546
v 0.29993582 0.50580376 -0.35694772
v 0.29997754 0.50521797 -0.38247335
v 0.3000729 0.4787596 -0.38206238
v 0.2898755 0.4536327 -0.38623607
v 0.30006313 0.47905868 -0.3551106
v 0.28592336 0.45573893 -0.32960963
v 0.3000127 0.47881654 -0.3294325
v 0.2870435 0.4585591 -0.30334586
v 0.2927671 0.4383594 -0.30600834
v 0.29338062 0.439439 -0.27541465
v 0.29816407 0.4122876 -0.30995512
v 0.2851234 0.40852168 -0.33534646
v 0.30008245 0.41509634 -0.27882844
v 0.29057324 0.43966532 -0.2418593
v 0.3000484 0.38770798 -0.28282428
v 0.2998593 0.3903824 -0.25005338
v 0.29738724 0.3849251 -0.31310248
v 0.29999965 0.35842922 -0.28603995
v 0.28528422 0.38229084 -0.33759272
v 0.2854694 0.35515785 -0.33883327
v 0.29612505 0.3568277 -0.3156988
v 0.29582697 0.3270901 -0.31811893
v 0.2997774 0.32771957 -0.28895152
v 0.2857964 0.32716355 -0.34108377
v 0.28658175 0.29927975 -0.34277022
v 0.29939878 0.32691383 -0.36262327
v 0.29891682 0.35454446 -0.36167353
v 0.29770756 0.2993499 -0.36377102
v 0.29838568 0.2990466 -0.39096302
v 0.28440338 0.2717514 -0.34511048
v 0.29262525 0.27013654 -0.32379252
v 0.29835945 0.27271053 -0.39100438
v 0.29836613 0.32707828 -0.3907923
v 0.28783637 0.2448049 -0.34767276
v 0.2861824 0.217181 -0.32686645
v 0.2916209 0.24288976 -0.32552445
v 0.29986674 0.24033736 -0.29564768
v 0.29505992 0.21400143 -0.29641402
v 0.3000098 0.23896492 -0.26295584
v 0.28709567 0.19295307 -0.29774827
v 0.294488 0.2132332 -0.26372272
v 0.2989456 0.17080285 -0.2992581
v 0.28859168 0.19238082 -0.26455188
v 0.300206 0.14707616 -0.29964417
v 0.30015087 0.14598711 -0.266267
v 0.29678535 0.12334241 -0.2999248
v 0.2960353 0.12255192 -0.26827943
v 0.3001616 0.09720273 -0.27098835
v 0.30011684 0.095470876 -0.23909016
v 0.2953837 0.07213083 -0.27634454
v 0.2993278 0.06829274 -0.24313627
v 0.29814482 0.06753862 -0.20844848
v 0.30015928 0.094080165 -0.20568676
v 0.296682 0.06792724 -0.17335527
v 0.30025595 0.09548271 -0.17187488
v 0.29416674 0.0423961 -0.1744443
v 0.29727018 0.06979996 -0.14108035
v 0.29535484 0.042700738 -0.14061573
v 0.27738667 0.02077648 -0.14008103
v 0.295501 0.04462278 -0.109301046
v 0.257603 0.0020380318 -0.14107805
v 0.25712657 0.0023658872 -0.108133964
v 0.2780398 0.022091925 -0.10750269
v 0.26322997 0.038911194 -0.094267376
v 0.24438168 0.024462163 -0.09389084
v 0.2805522 0.05643508 -0.09397779
v 0.2978447 0.07209745 -0.111728944
v 0.28059542 0.05691898 -0.052072193
v 0.2956143 0.076565325 -0.048148993
v 0.26299447 0.03870642 -0.052511614
v 0.26409733 0.034710824 -0.02122091
v 0.2664615 0.6071515 -0.06137561
v 0.29036528 0.57986784 -0.08289672
v 0.27207053 0.6001407 -0.087897256
v 0.25663608 0.61931527 -0.09395651
v 0.28639448 0.6071601 -0.10442249
v 0.2704625 0.62719154 -0.09498271
v 0.28958708 0.60625255 -0.13940494
v 0.2704777 0.6295191 -0.1378431
v 0.27025265 0.6026288 -0.28661817
v 0.27527457 0.6235316 -0.25824642
v 0.2934625 0.6011952 -0.25476247
v 0.27215046 0.6275201 -0.21907541
v 0.2814902 0.5887028 -0.28702897
v 0.29247248 0.5769647 -0.24904382
v 0.2820605 0.58839774 -0.30813456
v 0.29632437 0.56888455 -0.30619138
v 0.2669866 0.60641855 -0.31049877
v 0.264713 0.6060212 -0.33668953
v 0.28226656 0.58755106 -0.33451504
v 0.2802496 0.58745134 -0.36186135
v 0.29837114 0.56695104 -0.3328216
v 0.2955541 0.56621647 -0.36017406
v 0.29982084 0.54349715 -0.33115745
v 0.3000363 0.5452626 -0.30363214
v 0.28779995 0.52358973 -0.30226803
v 0.30031115 0.54930097 -0.2758317
v 0.30000073 0.50330997 -0.30187756
v 0.2990594 0.505221 -0.2732216
v 0.3001485 0.5023638 -0.3302431
v 0.29959756 0.48041415 -0.30179846
v 0.2873804 0.46021873 -0.2735952
v 0.29820573 0.48243624 -0.27261055
v 0.28939033 0.4611537 -0.24014908
v 0.29858762 0.4843784 -0.24038099
v 0.2910114 0.44404864 -0.19886716
v 0.29995406 0.41688836 -0.24600531
v 0.28943306 0.46393108 -0.20525362
v 0.29129618 0.4676041 -0.17258255
v 0.30028218 0.4847984 -0.20680039
v 0.28431273 0.45272273 -0.17172512
v 0.2910862 0.46596628 -0.14077033
v 0.30008483 0.42025918 -0.17122017
v 0.3001545 0.4217866 -0.12378756
v 0.29992735 0.41766402 -0.20882612
v 0.29994547 0.39362484 -0.17447579
v 0.29985023 0.39171326 -0.21417831
v 0.29999983 0.36026156 -0.25397873
v 0.29975784 0.3616785 -0.21893266
v 0.299743 0.32935172 -0.22308885
v 0.2998039 0.32966942 -0.18165283
v 0.29981244 0.32880843 -0.25762767
v 0.29964024 0.2951924 -0.22573078
v 0.29963326 0.2971609 -0.2922181
v 0.29465604 0.298524 -0.32092065
v 0.29960668 0.2959523 -0.26015824
v 0.2995937 0.26823798 -0.29440904
v 0.29962128 0.26615003 -0.2618559
v 0.29956496 0.26534444 -0.22744119
v 0.30021334 0.23851267 -0.22903714
v 0.299617 0.26529175 -0.1886033
v 0.29439402 0.2134664 -0.23002566
v 0.30016053 0.23908669 -0.19121616
v 0.28640223 0.19287749 -0.23122314
v 0.29467624 0.21392655 -0.19406466
v 0.29996312 0.17030151 -0.26511198
v 0.30016458 0.16996774 -0.23278952
v 0.29996973 0.17034012 -0.19946826
v 0.30014843 0.14529093 -0.23431934
v 0.29624707 0.12108298 -0.23639743
v 0.296113 0.120559156 -0.20335399
v 0.29553068 0.12108719 -0.16918102
v 0.30008894 0.14554787 -0.20179673
v 0.28696108 0.12032965 -0.13844068
v 0.3003031 0.09843248 -0.1403306
v 0.30021703 0.14477278 -0.16707069
v 0.30024654 0.14488272 -0.13513573
v 0.29677016 0.1692278 -0.16499414
v 0.30008453 0.14513609 -0.102943294
v 0.2962563 0.16889518 -0.13141663
v 0.29179126 0.12241371 -0.10541379
v 0.29346037 0.123456314 -0.07413437
v 0.30032885 0.09944591 -0.10938198
v 0.3002448 0.09930071 -0.07764698
v 0.29608536 0.07546121 -0.0828534
v 0.30017394 0.09928815 -0.0444354
v 0.29667228 0.100105464 -0.009195393
v 0.29819453 0.123421356 -0.041472483
v 0.29454952 0.077159435 -0.01170602
v 0.29949015 0.09995781 0.024394462
v 0.2805726 0.055437714 -0.015752343
v 0.27906144 0.05313 0.016137477
v 0.26281172 0.031048656 0.008594365
v 0.2746414 0.051264703 0.045617443
v 0.25891125 0.61441624 0.023371376
v 0.275949 0.5940603 0.032850765
v 0.27785695 0.59093195 0.004719282
v 0.29071027 0.57540256 0.041816894
v 0.25936633 0.6153438 -0.0041906517
v 0.28069377 0.5861449 -0.02584737
v 0.29419392 0.5698339 0.010903561
v 0.2607364 0.6102946 -0.033420447
v 0.2861296 0.58307815 -0.055323426
v 0.2983371 0.56455946 -0.02024034
v 0.29992718 0.556255 -0.051696174
v 0.30022174 0.55132794 -0.08199698
v 0.2853766 0.5187437 -0.07977522
v 0.2950552 0.58080864 -0.11048959
v 0.30037272 0.5503808 -0.11204569
v 0.3004127 0.5516669 -0.14329936
v 0.29562986 0.5801516 -0.14182046
v 0.2886306 0.5214839 -0.1440481
v 0.29461628 0.52811784 -0.17544551
v 0.2910471 0.522473 -0.11152498
v 0.29971266 0.50499964 -0.11018388
v 0.29986483 0.5046433 -0.14257206
v 0.30024743 0.48438883 -0.11030464
v 0.2992831 0.5067092 -0.17404285
v 0.3001728 0.48526594 -0.17364886
v 0.3001728 0.48397464 -0.14193
v 0.29023963 0.46553814 -0.111449495
v 0.28849822 0.4453543 -0.138766
v 0.29081148 0.44316316 -0.11517294
v 0.29073894 0.44542652 -0.08085037
v 0.29843414 0.42000848 -0.11157748
v 0.2990498 0.42073622 -0.08053423
v 0.28747886 0.45071167 -0.045175165
v 0.30005753 0.3925228 -0.07929391
v 0.30008012 0.39372873 -0.10421322
v 0.29997844 0.36485142 -0.1062438
v 0.30002266 0.39560226 -0.13338116
v 0.29993302 0.36489955 -0.13775596
v 0.29983228 0.36315918 -0.17825219
v 0.29991627 0.33065423 -0.14186054
v 0.29994792 0.3309328 -0.10891565
v 0.29983878 0.29579306 -0.14584674
v 0.2997191 0.2952314 -0.18531363
v 0.2996052 0.26482433 -0.1497282
v 0.29989505 0.29668453 -0.1120651
v 0.3000859 0.23751685 -0.15385242
v 0.29982513 0.2653771 -0.11591779
v 0.2936675 0.2126426 -0.15852198
v 0.29997486 0.23670612 -0.120213136
v 0.29325265 0.2113525 -0.124636844
v 0.29988438 0.23658428 -0.08898107
v 0.28616714 0.19132198 -0.16218208
v 0.28697658 0.19216634 -0.19700216
v 0.28730732 0.1904646 -0.12845963
v 0.29269522 0.21016656 -0.09396701
v 0.28630733 0.189114 -0.09722277
v 0.2988053 0.1695018 -0.10012674
v 0.2869736 0.188655 -0.06570885
v 0.29786122 0.16874129 -0.06841431
v 0.30022174 0.14619406 -0.07101889
v 0.30014813 0.16999239 -0.037769604
v 0.29986978 0.1468577 -0.039125074
v 0.28741187 0.12862521 -0.0079026595
v 0.3000545 0.1446688 -0.0067786872
v 0.2914456 0.120933294 0.024345042
v 0.2996511 0.14349267 0.025002657
v 0.3004551 0.16713624 -0.005986067
v 0.29861122 0.14177904 0.05612049
v 0.29887402 0.16841497 0.05494383
v 0.2848583 0.12517317 0.050743487
v 0.27018547 0.11983463 0.072096504
v 0.29798436 0.10038565 0.05697884
v 0.29564565 0.07474986 0.02177347
v 0.29286903 0.071763664 0.054306142
v 0.2804402 0.10035309 0.08208503
v 0.27585 0.07253313 0.08102616
v 0.25561053 0.030045658 0.036909513
v 0.279391 0.58009505 0.0681426
v 0.28577608 0.5601642 0.07631986
v 0.29936194 0.5544734 0.04693894
v 0.27940762 0.537804 0.08319189
v 0.299644 0.5462204 0.014646515
v 0.29735464 0.53154707 0.04793255
v 0.2995144 0.5357513 -0.01610274
v 0.28807122 0.5271495 0.016503725
v 0.28448707 0.5264817 -0.047154568
v 0.2848482 0.51879954 -0.014629733
v 0.2970214 0.5147822 -0.04443957
v 0.30014306 0.49770832 -0.04281883
v 0.29971063 0.5089348 -0.07789193
v 0.30027843 0.48925382 -0.07765842
v 0.291142 0.46822876 -0.0784924
v 0.30011833 0.47932798 -0.0448721
v 0.2997493 0.4753959 0.0065259356
v 0.28532982 0.4484117 -0.038568854
v 0.30020332 0.49022928 -0.008996336
v 0.30010617 0.49125826 0.017931275
v 0.2986133 0.50776964 -0.010347177
v 0.2838425 0.46545756 0.010559631
v 0.29352874 0.45042205 0.020776168
v 0.3005756 0.416216 -0.0032905017
v 0.2819838 0.3945533 -0.033010595
v 0.29745036 0.43278444 0.0038991245
v 0.2821921 0.43139097 0.0071038
v 0.29781812 0.40659475 0.021191003
v 0.2975865 0.4059328 0.056572266
v 0.2994268 0.40259257 -0.007933689
v 0.2994482 0.36887717 -0.011294898
v 0.28144157 0.36496428 -0.037880607
v 0.2933746 0.3919816 -0.055039298
v 0.29922372 0.3352044 -0.008733113
v 0.29774112 0.33789736 0.025078824
v 0.28784126 0.33305475 -0.03541234
v 0.28580147 0.3005066 -0.032660175
v 0.29386926 0.33222768 -0.05578101
v 0.2932011 0.29894757 -0.054942824
v 0.29415584 0.36367735 -0.05626169
v 0.30009013 0.3313536 -0.08106835
v 0.3000133 0.36349183 -0.07979511
v 0.29996192 0.29778036 -0.08229012
v 0.29991746 0.26647526 -0.08493501
v 0.29385245 0.26703835 -0.055860944
v 0.29467076 0.23618239 -0.059590984
v 0.28234762 0.23665327 -0.03515539
v 0.28738892 0.20580126 -0.06562324
v 0.28711557 0.20581062 -0.043221243
v 0.28696138 0.19631886 -0.03901737
v 0.300622 0.18755788 -0.005466721
v 0.3002327 0.16694787 0.024463337
v 0.2960474 0.1842391 0.020840235
v 0.28462738 0.19682805 0.014361694
v 0.29326826 0.19215956 0.052512415
v 0.29114956 0.19639236 0.050586674
v 0.2780196 0.19484718 0.0657145
v 0.29731888 0.21564752 0.04881748
v 0.292643 0.22420344 0.07534761
v 0.2974847 0.24226457 0.054386374
v 0.29775518 0.2355255 0.024665613
v 0.29953706 0.24172783 0.0860979
v 0.29765916 0.27122003 0.057931937
v 0.3003016 0.27079523 0.08883168
v 0.30085617 0.30446637 0.089661874
v 0.29733044 0.33992237 0.059346814
v 0.30194294 0.3411256 0.08980886
v 0.30139053 0.37706956 0.089742854
v 0.29893696 0.41142273 0.08814371
v 0.27571225 0.4342831 0.07440656
v 0.24870032 0.45972875 0.097305916
v 0.25658184 0.43392685 0.093994014
v 0.26868212 0.45980674 0.07730771
v 0.293442 0.4329069 0.05192697
v 0.24837734 0.48591757 0.11154737
v 0.2702937 0.4879422 0.092204
v 0.2896633 0.46060175 0.057600863
v 0.29094297 0.49093068 0.071608834
v 0.28141165 0.5183109 0.07873582
v 0.30000496 0.49223495 0.044635914
v 0.2842692 0.5218564 0.046010487
v 0.2976334 0.5141305 0.017469315
v 0.29812646 0.45686972 0.026944287
v 0.2976479 0.37423626 0.058753554
v 0.29778475 0.37242287 0.023600841
v 0.2977329 0.3028919 0.025617177
v 0.29905397 0.30151623 -0.0069157863
v 0.2970481 0.30416486 0.059100814
v 0.29779834 0.26873857 0.02468092
v 0.29893237 0.2672349 -0.007591574
v 0.29804158 0.22667208 0.0064212233
v 0.29860598 0.23197502 -0.0021229566
v 0.30051804 0.20755732 0.0004793557
v 0.28306615 0.26758444 -0.03189694
v 0.26233768 0.16919814 0.100280926
v 0.25282276 0.19244216 0.08480713
v 0.28317642 0.1690126 0.07844933
v 0.28232026 0.14147198 0.08011889
v 0.25107288 0.120249555 0.09185053
v 0.26033163 0.14155877 0.101918906
v 0.25331718 0.074374646 0.104734704
v 0.25778913 0.10203464 0.10488984
v 0.29125953 0.41883254 -0.055077042
v 0.2840593 0.44728184 -0.034962293
v 0.2843541 0.43950215 -0.03506649
v 0.28261787 0.43522593 -0.039092697
v 0.30014336 0.5083966 -0.2074271
v 0.29922265 0.50718755 -0.24091575
v 0.29602468 0.5291952 -0.20956638
v 0.29650515 0.5276227 -0.24262765
v 0.29988426 0.5546422 -0.21221414
v 0.29406208 0.52629304 -0.27392077
v 0.30031228 0.55280614 -0.24534075
v 0.29538637 0.5726117 -0.28070265
v 0.2945763 0.58001065 -0.21481957
v 0.2906155 0.60493326 -0.21737377
v 0.30038375 0.5546199 -0.17667575
v 0.29340112 0.579959 -0.17736028
v 0.2901495 0.6055158 -0.17780317
v 0.2715007 0.62830603 -0.1778151
v 0.29664427 0.41987693 -0.11247314
v 0.24469736 0.029325277 -0.28623277
v 0.23004921 0.016783059 -0.29228806
v 0.22283505 0.005821824 -0.2652449
v 0.17456439 0.14133106 -0.48891634
v 0.20258889 0.12429865 -0.47422987
v 0.17201921 0.12181218 -0.47376877
v 0.20255102 0.1408543 -0.48972094
v 0.22923742 0.12949872 -0.47407275
v 0.2305274 0.14246681 -0.48984218
v 0.25709403 0.14519428 -0.48335975
v 0.25395197 0.12711331 -0.47142237
v 0.20301464 0.108410954 -0.48958433
v 0.1751381 0.10664995 -0.48962706
v 0.23063724 0.10779019 -0.4887874
v 0.23987743 0.58121717 -0.47729874
v 0.2706185 0.5504805 -0.47115612
v 0.24946135 0.55528295 -0.4897043
v 0.24922203 0.52756524 -0.47159064
v 0.22155918 0.559402 -0.48982072
v 0.22495262 0.5344021 -0.4895934
v 0.26664954 0.5242568 -0.45340854
v 0.2595092 0.57661647 -0.46678472
v 0.24302518 0.43845025 -0.4745623
v 0.27420247 0.4208723 -0.4815427
v 0.25184023 0.41995364 -0.48714
v 0.27347684 0.4357026 -0.4442938
v 0.2604506 0.43862778 -0.46302408
v 0.2637397 0.46120003 -0.46041894
v 0.23780926 0.5293856 0.10122114
v 0.26400346 0.5566237 0.0981807
v 0.24096768 0.55095834 0.1122035
v 0.26245433 0.5130348 0.09238262
v 0.2408137 0.5131717 0.10969579
v 0.26149517 0.5319415 0.09508296
v 0.27749276 0.23877825 0.10956459
v 0.26099372 0.21901438 0.08899477
v 0.28156358 0.2702264 0.11186493
v 0.2449683 0.24270132 0.10963111
v 0.28224796 0.30431354 0.111728504
v 0.28332788 0.3409563 0.111819774
v 0.2840361 0.3772668 0.112654544
v 0.2777803 0.4112748 0.10917943
v 0.23804946 0.21605483 0.10860294
v 0.23464549 0.19132437 0.10833809
v 0.22289678 0.0019919574 -0.24098425
v 0.23102978 0.000019341707 -0.209367
v 0.22790861 0.00586769 -0.17634124
v 0.23031728 0.0024074018 -0.14326553
v 0.22694065 0.00015887618 -0.115531504
v 0.24298163 0.029406786 -0.05122858
v 0.24370568 0.0226807 -0.027142024
v 0.22406135 0.01641506 -0.08763657
v 0.2263769 0.016474426 -0.05883527
v 0.2225082 0.00925532 -0.03250879
v 0.12657958 0.025211811 0.043733876
v 0.101362474 0.03010431 0.06035776
v 0.10069598 0.020377785 0.04465343
v 0.1269492 0.036070257 0.059107937
v 0.10492487 0.041410506 0.07610029
v 0.12712987 0.045285046 0.07490632
v 0.15513572 0.045594573 0.07948527
v 0.15291023 0.031058282 0.06449352
v 0.12787583 0.058523685 0.0883265
v 0.15482761 0.060211986 0.090730555
v 0.13056852 0.0718551 0.10200752
v 0.15609002 0.07270226 0.103162386
v 0.17461558 0.03996405 0.062538795
v 0.17503925 0.030309469 0.05866741
v 0.10057286 0.05693856 0.08720746
v 0.102992594 0.070283204 0.10083968
v 0.17478254 0.072662175 0.10735035
v 0.15943424 0.087437555 0.11066269
v 0.17641851 0.058571577 0.0944981
v 0.1754428 0.048772365 0.08567428
v 0.13384329 0.08692627 0.110920414
v 0.10781991 0.08524503 0.111541346
v 0.08433002 0.065463275 0.10582306
v 0.0957867 0.045137465 0.10230052
v 0.20098653 0.04784313 0.08708316
v 0.17603534 0.07335606 0.102457814
v 0.17726225 0.07421419 0.107216515
v 0.21278195 0.06453931 0.10020418
v 0.2213315 0.083001375 0.109624855
v 0.23845176 0.060031295 0.0886437
v 0.25544792 0.06115979 0.0661955
v 0.23962323 0.03555283 0.05935822
v 0.22283223 0.037657976 0.07845305
v 0.17459822 0.022945493 0.0584481
v 0.19243687 0.022212297 0.062226765
v -0.13101345 0.017777145 -0.007526561
v -0.09983384 0.012757957 0.029659871
v -0.13129003 0.021301687 0.019931901
v -0.10194182 0.021542668 0.0027506985
v -0.07303084 0.0014582276 0.041657068
v -0.099268116 0.010035574 0.05376524
v -0.07239676 0.00086453557 0.060232285
v -0.123498775 0.022170663 0.042811587
v -0.097703636 0.022200614 0.07561816
v -0.018685734 0.00014850497 0.034607686
v -0.040658955 0.021387845 0.016820684
v -0.011073425 0.02141571 0.02212085
v -0.04821524 0.0060281754 0.041014653
v 0.0096235685 0.020880848 0.03905914
v 0.007127117 0.004021138 0.038054515
v 0.0053501683 0.0023108423 0.06310441
v 0.029767817 0.0018898547 0.06402744
v -0.02102145 0.0020760298 0.06369611
v 0.0048113544 0.019318223 0.08272148
v -0.049837556 0.00049740076 0.06431901
v -0.023167629 0.01873076 0.08223652
v -0.051226743 0.018210918 0.08182322
v -0.07832059 0.017469496 0.08121855
v 0.053093817 0.02467984 0.03782251
v 0.088469245 0.006334603 0.071969196
v 0.051759794 0.0026853979 0.063232936
v 0.09621332 0.027096719 0.08679951
v 0.048163053 0.02800423 0.030022752
v 0.042460687 0.026308715 0.025050223
v 0.061317243 0.022173434 0.08506688
v 0.027173243 0.007101208 0.037839293
v 0.032370985 0.020149618 0.08340847
v -0.08021935 0.012862533 0.041123845
v 0.10523069 0.021470904 0.029126294
v 0.009748917 0.020985603 0.038793653
v 0.027947228 0.021826476 0.0051347096
v 0.043730017 0.020331621 -0.032903407
v 0.059756473 0.0048399866 -0.06239085
v 0.081318736 0.020547688 -0.043257654
v 0.09678989 0.013953835 -0.06817394
v 0.070837334 0.021762908 -0.014245336
v -0.05243978 0.03817308 0.09828096
v -0.02452673 0.03883475 0.098905616
v -0.07928592 0.037715256 0.09808899
v 0.062148284 0.041432142 0.100689106
v 0.033017382 0.040026158 0.09999403
v 0.0042928946 0.039536834 0.099578746
v 0.101539336 0.046634436 -0.45700997
v 0.13814598 0.025756389 -0.4306274
v 0.102254204 0.0346269 -0.4460731
v 0.24537207 0.058647126 -0.4686827
v 0.24520984 0.05164182 -0.44243002
v 0.23746382 0.041924745 -0.45062387
v 0.2181014 0.036328822 -0.4568758
v 0.23894931 0.026752055 -0.43016493
v 0.19353648 0.03689927 -0.4572423
v 0.21697375 0.022335768 -0.4341808
v 0.19155276 0.022501677 -0.43534625
v 0.19123301 0.022738487 -0.40645093
v 0.16622226 0.03771645 -0.4577093
v 0.16452718 0.022933245 -0.43498498
v 0.13633811 0.043410957 -0.4538797
v 0.1642099 0.018268108 -0.4081049
v 0.14059663 0.015325248 -0.4097162
v 0.16651767 0.0061776936 -0.3810116
v 0.1029712 0.020427525 -0.42266643
v 0.26109427 0.064619064 -0.45179075
v 0.2437647 0.021861732 -0.4050821
v 0.21781014 0.022293419 -0.405546
v 0.24612747 0.02314791 -0.3770278
v 0.22087741 0.020466119 -0.3761946
v 0.1950178 0.012196183 -0.37825966
v 0.22691898 0.013524741 -0.34806514
v 0.171311 0.0052415133 -0.350461
v 0.20188604 0.0052362382 -0.34948486
v 0.13649172 0.008151889 -0.3823924
v 0.13406344 0.012973517 -0.35378563
v 0.24843805 0.022356838 -0.34831762
v 0.24494313 0.031111151 -0.32009274
v 0.23221442 0.01674813 -0.32087773
v 0.20963904 0.0144589245 -0.32301074
v 0.22460712 0.020183027 -0.29245532
v 0.17741692 0.0791197 -0.48900205
v 0.2032644 0.07511264 -0.4864837
v 0.19710122 0.058972627 -0.47427696
v 0.22293815 0.05809474 -0.47361344
v 0.17042245 0.05897692 -0.47537035
v 0.13991229 0.06294903 -0.4719233
v 0.14366993 0.08123112 -0.48854297
v 0.11486548 0.08321786 -0.48684388
v 0.101032816 0.062303036 -0.4727906
v 0.22846416 0.08045246 -0.4880367
v 0.1775457 0.07760313 -0.48982638
v -0.051951632 0.035821855 -0.47884387
v -0.02118105 0.03475693 -0.47803968
v -0.018736245 0.015470415 -0.46241665
v 0.009102386 0.03408426 -0.47759622
v -0.049712636 0.017734855 -0.4641899
v -0.046341643 0.0021017492 -0.44483072
v -0.08103923 0.017997712 -0.46421224
v -0.08210686 0.036974758 -0.47938114
v -0.087498926 0.0033603907 -0.44466168
v 0.03891219 0.0339067 -0.47754115
v 0.0388203 0.014844775 -0.46203047
v 0.06814317 0.015060276 -0.46227574
v 0.009788883 0.014251828 -0.4614982
v 0.037381526 0.0015579462 -0.4445995
v 0.009153714 0.001244396 -0.4406159
v -0.014947556 0.0012613237 -0.43556035
v 0.007656619 0.0022604764 -0.41693312
v -0.03738701 0.020737141 -0.43586963
v 0.06835339 0.034049243 -0.47772884
v 0.096166104 0.036436677 -0.47435403
v 0.09671992 0.016792327 -0.45936793
v 0.09413065 0.005223483 -0.43887848
v 0.065954976 0.0022926629 -0.4446656
v 0.06060506 0.0015552938 -0.41921687
v 0.036206868 0.0013305545 -0.4193918
v 0.079643466 0.01002425 -0.4169767
v 0.08907326 0.022213459 -0.3945673
v 0.09672245 0.056526333 -0.48996753
v -0.081529155 0.057504654 -0.4901281
v -0.052142195 0.056104213 -0.48955756
v -0.022512862 0.05513552 -0.48988998
v 0.06681733 0.054808944 -0.4898482
v 0.037785772 0.054067463 -0.4905914
v 0.007963985 0.05438426 -0.48982674
v 0.029419009 0.3669058 0.0997152
v 0.03690519 0.3503073 0.13233088
v 0.007547183 0.33536068 0.1426717
v 0.035427466 0.3497971 0.14698257
v 0.00019242993 0.36516273 0.09881876
v -0.015251097 0.33326074 0.1760745
v -0.02190608 0.33415663 0.15553443
v 0.08008208 0.35740224 0.15257032
v 0.059863217 0.3374818 0.1412091
v 0.08102145 0.3593064 0.13566573
v 0.06070263 0.35522658 0.16636269
v 0.08248363 0.39056745 0.1614717
v 0.06473995 0.3888187 0.17953135
v 0.035138007 0.36623278 0.18160328
v 0.03658541 0.36152598 0.17070743
v 0.02838576 0.3572849 0.16725707
v 0.020102674 0.33724752 0.1854902
v 0.034107536 0.35283446 0.16022651
v 0.030836578 0.3589281 0.17482793
v 0.011300073 0.3407964 0.1916544
v -0.010277438 0.3434611 0.17863181
v 0.03763774 0.34220678 0.1107153
v 0.039184406 0.33242464 0.09599672
v 0.07722392 0.33641416 0.09570557
v 0.06586463 0.33715555 0.115267724
v 0.036313303 0.35445926 0.109918624
v 0.08441783 0.36418867 0.096076526
v 0.08100222 0.36164576 0.114518784
v 0.08337613 0.39356542 0.114732504
v 0.08491215 0.39253157 0.13773179
v 0.08108658 0.4282035 0.1516002
v 0.06311277 0.44667593 0.15829642
v 0.082482785 0.42771837 0.11828127
v 0.065968044 0.45460275 0.13325228
v 0.06829697 0.4567058 0.10654474
v 0.08857322 0.4272228 0.09737859
v 0.09237823 0.39469674 0.0989463
v 0.08406366 0.42802823 0.13894026
v 0.06426369 0.42278513 0.180101
v 0.030711731 0.42013878 0.18246481
v 0.03733619 0.3899646 0.18000612
v -0.069428734 0.32846165 0.10028137
v -0.07043327 0.33939314 0.13468061
v -0.0852354 0.3676002 0.13588566
v -0.07465932 0.35809514 0.16159429
v -0.08132459 0.36498952 0.10660177
v -0.084714904 0.39458847 0.13789296
v -0.08422353 0.39198396 0.112268776
v -0.08681041 0.39182365 0.096849576
v -0.0842896 0.4184066 0.10689971
v -0.1018104 0.41758728 0.09559989
v -0.07947878 0.37179342 0.16460273
v -0.08047723 0.39397332 0.16559613
v -0.08584078 0.4211416 0.13628624
v -0.079661645 0.41813022 0.16647892
v -0.06953523 0.44030756 0.16375163
v -0.077542394 0.4436297 0.13493495
v -0.06974577 0.45468765 0.09916517
v -0.04088506 0.44984823 0.14617576
v -0.08271109 0.43835557 0.10114844
v -0.040591117 0.33718833 0.09657633
v -0.024356972 0.35215536 0.1267574
v -0.023719242 0.347265 0.14303516
v -0.028474672 0.35985073 0.16714558
v -0.030413 0.3440033 0.14296076
v -0.04518703 0.35038683 0.15975524
v -0.030032383 0.3576504 0.1724089
v -0.057284262 0.36857057 0.1767427
v -0.03506393 0.36790118 0.17379935
v 0.029290177 0.39048928 0.21480644
v 0.021038728 0.42160898 0.20723541
v 0.029566117 0.36398503 0.20962572
v 0.028211119 0.36295754 0.23794298
v 0.017792843 0.33421615 0.21291444
v 0.01594908 0.33232346 0.21773992
v 0.025663694 0.41790938 0.23150189
v 0.030758716 0.38458377 0.24344751
v 0.030593358 0.4036151 0.25001568
v 0.030303672 0.35697263 0.26978624
v 0.030388132 0.378331 0.27214015
v 0.024404315 0.34976408 0.26360863
v 0.021102147 0.3422345 0.23310263
v 0.031009287 0.34863412 0.2881506
v 0.022399629 0.34410864 0.28876638
v 0.023462813 0.3349262 0.2683475
v 0.015110585 0.33169127 0.23150235
v 0.016259411 0.33162662 0.22658779
v 0.022276485 0.42574513 0.2364684
v 0.029596256 0.4163529 0.25496823
v 0.030698195 0.39889467 0.27701366
v 0.026962327 0.4142895 0.28164458
v 0.030230457 0.403418 0.30914986
v 0.03833001 0.3747032 0.29330665
v 0.019541914 0.41032228 0.31402582
v 0.031258434 0.40621197 0.31492501
v 0.043976437 0.39480075 0.33640897
v 0.047005586 0.39149824 0.32266366
v 0.033152394 0.34963456 0.33142906
v 0.03515648 0.35370877 0.3008908
v 0.033899765 0.35101408 0.30584562
v 0.021731539 0.36950636 0.3462618
v 0.032001812 0.3508724 0.3476749
v 0.029572608 0.3960871 0.3418631
v 0.022191018 0.40492052 0.31542915
v -0.022927815 0.3325794 0.19601592
v -0.023145804 0.33649752 0.20516093
v 0.02063167 0.34460747 0.3093164
v 0.0033331502 0.32972065 0.29002035
v 0.0035029796 0.33379167 0.26354647
v -0.016265206 0.33193675 0.26546347
v -0.015569914 0.33143473 0.2380525
v 0.012606691 0.34457624 0.2144753
v 0.018797485 0.33618927 0.3240298
v -0.0094084 0.3360804 0.32407188
v -0.003712379 0.34783262 0.31303006
v -0.022304956 0.33970958 0.30553907
v -0.02300417 0.33296245 0.289365
v -0.024247238 0.3469021 0.3116759
v -0.025260875 0.3454643 0.32142037
v -0.045013808 0.36348552 0.31459373
v 0.10091705 0.24439248 0.44625825
v 0.09608666 0.2350513 0.43025655
v 0.10618107 0.26913312 0.44390845
v 0.048732515 0.1928524 0.48201215
v 0.054800015 0.21278077 0.49219155
v 0.038565706 0.19597185 0.47897166
v 0.055847343 0.20552874 0.4870878
v 0.08030876 0.25561523 0.48390812
v 0.097433016 0.24847262 0.47423935
v 0.07931188 0.2233825 0.4563905
v 0.07616147 0.21621966 0.47376937
v 0.0651426 0.22048624 0.4629255
v -0.19549969 0.1995716 0.09979829
v -0.18867153 0.21145831 0.11123503
v -0.17043988 0.23754379 0.10632506
v -0.22350067 0.22861747 0.10964065
v -0.07733398 0.21813017 0.45416605
v -0.06139814 0.20695059 0.46587646
v -0.086144276 0.2235919 0.46584535
v -0.060227837 0.21740773 0.48210675
v -0.093277745 0.22361527 0.44924116
v -0.07737067 0.2382322 0.49303836
v -0.09888172 0.23774955 0.43688846
v -0.10049083 0.24749199 0.41477454
v -0.063323125 0.22545016 0.41814816
v -0.092373244 0.25526443 0.4780295
v -0.06441457 0.21812573 0.49278522
v -0.1034178 0.2703832 0.4540096
v -0.10498245 0.280342 0.42933297
v -0.084410414 0.28682333 0.4636976
v -0.085306175 0.2954134 0.43915838
v -0.077058 0.25850374 0.47076523
v -0.024907494 0.35082695 0.18151781
v -0.015251097 0.33326074 0.1760745
v -0.022927815 0.3325794 0.19601592
v -0.030032383 0.3576504 0.1724089
v -0.030445686 0.36318752 0.1904466
v -0.030172003 0.35720667 0.21328405
v -0.038757097 0.37844557 0.17372027
v -0.03994284 0.38200405 0.17742853
v -0.03506393 0.36790118 0.17379935
v -0.030911943 0.40676296 0.20025793
v -0.036324564 0.40509522 0.1765303
v -0.032423425 0.4331723 0.16451623
v -0.030250603 0.43243518 0.20790942
v -0.02983303 0.42239308 0.2532102
v -0.03021842 0.4425735 0.1780542
v -0.015569914 0.33143473 0.2380525
v -0.016265206 0.33193675 0.26546347
v -0.03127217 0.35526943 0.26989126
v -0.023145804 0.33649752 0.20516093
v -0.029258318 0.354386 0.24256627
v -0.03313503 0.37879694 0.24970795
v -0.033859883 0.38059318 0.22094329
v -0.031458836 0.4030451 0.23328674
v -0.032898746 0.38556668 0.19491273
v -0.026565453 0.410853 0.24990223
v -0.030553885 0.40358374 0.26048833
v -0.02434959 0.4198886 0.2628926
v -0.025260875 0.3454643 0.32142037
v -0.043752972 0.3767379 0.3431747
v -0.045013808 0.36348552 0.31459373
v -0.022304956 0.33970958 0.30553907
v -0.034283463 0.36006126 0.2920242
v -0.046619635 0.3917966 0.31245196
v -0.02300417 0.33296245 0.289365
v -0.031055946 0.3816632 0.27598584
v -0.039311443 0.3902555 0.29885435
v -0.02506721 0.4077065 0.30389285
v -0.029758368 0.4164786 0.28070825
v -0.03561431 0.33521187 0.34189272
v -0.024460288 0.33617878 0.3266682
v -0.024538675 0.3262704 0.33273768
v -0.033846863 0.3426102 0.3388124
v -0.031176277 0.35121444 0.33574176
v -0.030337948 0.35758874 0.34347248
v -0.024547432 0.38482803 0.335742
v -0.05387458 0.34912524 0.3568622
v -0.036274273 0.35488394 0.36229497
v -0.02190608 0.33415663 0.15553443
v -0.028474672 0.35985073 0.16714558
v 0.0017612377 0.41170216 0.25927752
v -0.060935654 0.3121937 0.34157223
v -0.0639576 0.33239004 0.36636978
v -0.02860295 0.40309137 0.304097
v -0.025709338 0.40421677 0.30359054
v -0.026899507 0.39927414 0.32239956
v -0.03358852 0.4053726 0.32729965
v -0.07947878 0.37179342 0.16460273
v -0.057284262 0.36857057 0.1767427
v -0.05992243 0.38982084 0.17997378
v -0.08047723 0.39397332 0.16559613
v -0.0574152 0.4137995 0.17995813
v -0.079661645 0.41813022 0.16647892
v -0.06953523 0.44030756 0.16375163
v -0.04841733 0.4383917 0.1664897
v -0.036564235 0.42672667 0.16863255
v 0.033152394 0.34963456 0.33142906
v 0.00916912 0.31248602 0.3306653
v 0.018797485 0.33618927 0.3240298
v -0.0094084 0.3360804 0.32407188
v -0.007964983 0.31498402 0.32626468
v -0.003712379 0.34783262 0.31303006
v -0.024247238 0.3469021 0.3116759
v -0.011790555 0.29561046 0.3418098
v 0.013475108 0.29365325 0.34396863
v -0.037930608 0.3006678 0.33852112
v -0.040963735 0.28094834 0.35814244
v -0.06578545 0.29004037 0.36315358
v -0.06387196 0.2735779 0.38046652
v -0.06545822 0.28225553 0.3777697
v -0.036088493 0.2693769 0.38035566
v 0.03847659 0.2940718 0.3434661
v 0.030878648 0.31396285 0.3288014
v 0.04631275 0.3239912 0.3324265
v 0.061124768 0.30318645 0.34152412
v 0.06878229 0.27807313 0.36940002
v 0.04376323 0.27427483 0.3652931
v 0.014318015 0.2748591 0.36161494
v -0.012554942 0.27727678 0.35996675
v -0.01114506 0.2692354 0.38101542
v 0.067611076 0.2729833 0.37758172
v 0.0387928 0.27094105 0.38646758
v 0.055674594 0.26544017 0.3920874
v 0.060880166 0.2681613 0.38326693
v 0.014541286 0.269417 0.38340336
v -0.06800919 0.256026 0.42085063
v -0.063323125 0.22545016 0.41814816
v -0.10049083 0.24749199 0.41477454
v -0.06637179 0.2478672 0.44317496
v -0.06800919 0.256026 0.42085063
v -0.08652316 0.25719437 0.3990472
v -0.06387196 0.2735779 0.38046652
v -0.10049083 0.24749199 0.41477454
v 0.056933157 0.30575705 0.41420943
v 0.014431058 0.3071719 0.40921283
v 0.014985218 0.28743744 0.39896393
v -0.010020335 0.28684828 0.39829904
v 0.04050091 0.28773537 0.40068042
v 0.014541286 0.269417 0.38340336
v 0.06212735 0.27770385 0.41021383
v 0.055674594 0.26544017 0.3920874
v 0.07185125 0.29427874 0.43113667
v 0.0387928 0.27094105 0.38646758
v -0.01114506 0.2692354 0.38101542
v -0.03357279 0.2867887 0.39934194
v -0.036088493 0.2693769 0.38035566
v -0.034959167 0.30797285 0.41121328
v -0.052304 0.31686956 0.4064383
v -0.057524025 0.304081 0.4162718
v -0.07464228 0.29724163 0.4206717
v -0.0640089 0.2817436 0.41933393
v -0.06387196 0.2735779 0.38046652
v -0.009512072 0.3073362 0.4091847
v -0.18602408 0.18214189 0.11163778
v -0.16938041 0.20921409 0.098641865
v -0.17043988 0.23754379 0.10632506
v -0.18867153 0.21145831 0.11123503
v -0.2789243 0.5428282 0.08196691
v -0.25476915 0.56526583 0.104903065
v -0.27743107 0.5652933 0.08224367
v -0.2696954 0.5806663 0.075964145
v -0.25365967 0.58790624 0.05997404
v -0.27540475 0.5875876 0.057558425
v -0.26413804 0.60031486 0.048336565
v -0.25656497 0.54117095 0.10469883
v -0.2250216 0.5417469 0.11160949
v -0.22354348 0.5647263 0.11134513
v -0.21996616 0.5836203 0.09699114
v -0.18946262 0.5824801 0.09764686
v -0.24751854 0.5825102 0.09249721
v -0.23903097 0.5960585 0.073352665
v -0.240603 0.61034703 0.05443122
v -0.21675 0.60256714 0.0811086
v -0.21603163 0.6195766 0.06357864
v -0.18699093 0.6005579 0.08230463
v -0.18409112 0.6168916 0.06788167
v -0.15345429 0.59848404 0.081961334
v -0.15129471 0.613906 0.06868646
v -0.12099978 0.602806 0.0807496
v -0.12154514 0.6185241 0.06632726
v -0.19415171 0.5403593 0.11205561
v -0.16056491 0.5420626 0.11157619
v -0.15798952 0.5649816 0.111354046
v -0.12410344 0.5661137 0.11002123
v -0.19193754 0.5638084 0.11141731
v -0.15540613 0.5822048 0.09665004
v -0.12218304 0.5850229 0.095817916
v -0.093914606 0.5924572 0.10057999
v -0.09814287 0.6157092 0.08850628
v -0.06427316 0.59887695 0.10426824
v -0.098824434 0.6304505 0.06658108
v -0.06669427 0.6208527 0.08700874
v -0.06878345 0.63821673 0.06557781
v -0.12589017 0.5422983 0.11192963
v -0.092922755 0.5446698 0.11204338
v -0.09232873 0.5685615 0.10765145
v -0.06193486 0.5722798 0.106739454
v -0.030197054 0.57442075 0.1056206
v -0.030342879 0.548391 0.112352654
v -0.031213753 0.6010687 0.10388854
v 0.003232298 0.57745624 0.106324136
v -0.032602236 0.622602 0.08561967
v 0.0042814384 0.62358296 0.08478042
v 0.004183231 0.6015973 0.10299809
v 0.039961584 0.6016482 0.102823846
v 0.041019443 0.6238724 0.08454879
v 0.074850835 0.60097116 0.10380541
v 0.07650182 0.62244695 0.08552681
v -0.060503114 0.5471109 0.112086594
v 0.00241808 0.5513421 0.11245009
v 0.03780829 0.576859 0.103653364
v 0.035948854 0.5521778 0.11220344
v 0.07094177 0.5755688 0.106171876
v 0.10103349 0.590226 0.09152793
v 0.1005762 0.6089307 0.07667997
v 0.10095717 0.5716951 0.10714504
v 0.06892526 0.54996896 0.11207452
v 0.13569374 0.5698088 0.10842409
v 0.10188879 0.54738545 0.11206139
v 0.1334237 0.58833313 0.093111075
v 0.17413174 0.5689548 0.10730541
v 0.13217199 0.6069242 0.077476405
v 0.16550729 0.6043429 0.07718496
v 0.10035679 0.62052387 0.05890991
v 0.13203618 0.6194561 0.06004811
v 0.16313091 0.6163652 0.06025801
v 0.1952143 0.6067416 0.077611856
v 0.13680583 0.546898 0.11206396
v 0.17392683 0.54588985 0.11224299
v 0.20745063 0.5374031 0.10740133
v 0.20878293 0.5705686 0.10744426
v 0.2126932 0.5484768 0.11170413
v 0.24096768 0.55095834 0.1122035
v 0.23772952 0.5747191 0.104511224
v 0.20087366 0.58858657 0.092628695
v 0.22937626 0.59205353 0.0895882
v 0.2591318 0.5806099 0.08755484
v 0.22119033 0.60820526 0.07582833
v 0.24693419 0.58554566 0.07413813
v 0.2148126 0.61982644 0.058164
v 0.23481543 0.6168139 0.05586563
v 0.19164835 0.6200064 0.05923229
v 0.25162274 0.6072433 0.044777464
v 0.275949 0.5940603 0.032850765
v 0.25891125 0.61441624 0.023371376
v 0.26445943 0.5888916 0.055199414
v 0.26400346 0.5566237 0.0981807
v 0.28577608 0.5601642 0.07631986
v 0.279391 0.58009505 0.0681426
v 0.29071027 0.57540256 0.041816894
v 0.23676053 0.60103613 0.06141326
v 0.16935699 0.58672994 0.0931375
v 0.076577015 0.63834095 0.061311156
v 0.100149035 0.621703 0.029488146
v 0.07353358 0.63597995 0.031517282
v -0.035542548 0.63536406 0.036178462
v -0.034147445 0.63714206 0.063142784
v 0.003673111 0.6382531 0.061298177
v 0.0024486273 0.63664854 0.033431143
v 0.040740862 0.63810086 0.06020718
v 0.039679054 0.6321756 0.034623265
v -0.07104581 0.6375668 0.036449943
v -0.098084494 0.62772715 0.039686214
v -0.1250731 0.6203146 0.04709069
v -0.03239056 0.4287209 0.09829815
v -0.00047277362 0.4557345 0.09733036
v -0.0394437 0.45490712 0.09975488
v 0.005512843 0.4355566 0.099923104
v 0.026878119 0.42743927 0.10416634
v 0.026070135 0.45077378 0.09643741
v -0.00065780914 0.4769808 0.10956879
v -0.028800605 0.4782732 0.10869481
v 0.027202688 0.47336334 0.10691866
v 0.038700465 0.4564781 0.109253414
v 0.061061446 0.47279024 0.10799144
v 0.0319732 0.50300014 0.11175091
v -0.00024259347 0.5047436 0.111274175
v 0.0014479941 0.5271273 0.10473339
v 0.034130473 0.52691305 0.10832497
v -0.031015333 0.52745646 0.09865903
v 0.06751453 0.52473253 0.10595035
v 0.10233191 0.52385837 0.104388684
v 0.13665384 0.5229667 0.1086518
v 0.17146514 0.52273715 0.10770418
v 0.20630813 0.5266293 0.09998227
v 0.16546528 0.49542218 0.11174454
v 0.23780926 0.5293856 0.10122114
v 0.2074731 0.5044967 0.11172115
v 0.2408137 0.5131717 0.10969579
v 0.24837734 0.48591757 0.11154737
v 0.21440335 0.48257744 0.11165543
v 0.223008 0.4616143 0.11057308
v 0.24870032 0.45972875 0.097305916
v 0.18937337 0.47411883 0.10727366
v 0.2017085 0.4659395 0.09088464
v 0.1820643 0.46595123 0.10745212
v 0.17529148 0.44469473 0.101417504
v 0.20750222 0.45393455 0.096030764
v 0.18039796 0.4245405 0.1001283
v 0.20315805 0.43163794 0.099892244
v 0.20789658 0.45257577 0.105573386
v 0.196517 0.41488472 0.10175008
v 0.20702678 0.41714796 0.09378177
v 0.17398666 0.4696334 0.10316229
v 0.17748225 0.47368872 0.105517775
v 0.1372945 0.45425963 0.09744377
v 0.13534093 0.47559798 0.11140141
v 0.1598943 0.4335663 0.09731593
v 0.25658184 0.43392685 0.093994014
v 0.23801199 0.43320465 0.10937737
v 0.2777803 0.4112748 0.10917943
v 0.2506866 0.4047277 0.109973
v 0.25577354 0.37363106 0.110357545
v 0.2840361 0.3772668 0.112654544
v 0.2554956 0.339862 0.10974146
v 0.28332788 0.3409563 0.111819774
v 0.22347763 0.33813047 0.110945016
v 0.25269592 0.30466688 0.10995468
v 0.28224796 0.30431354 0.111728504
v 0.24957196 0.2720977 0.10977921
v 0.28156358 0.2702264 0.11186493
v 0.2449683 0.24270132 0.10963111
v 0.27749276 0.23877825 0.10956459
v 0.21207708 0.27373672 0.11043601
v 0.20825948 0.24436408 0.11004798
v 0.22582687 0.36996692 0.11106291
v 0.22363076 0.39917693 0.11140645
v 0.19140537 0.33685657 0.11158717
v 0.18483078 0.30555263 0.11140769
v 0.1652248 0.305616 0.09567181
v 0.16532917 0.33523336 0.102453366
v 0.16898552 0.2752762 0.11082489
v 0.15502028 0.27587518 0.09601169
v 0.19483548 0.36716193 0.11170655
v 0.19905116 0.39445442 0.1117375
v 0.16583909 0.36563608 0.109007195
v 0.2179996 0.30494195 0.110740036
v 0.1791535 0.4827543 0.111779615
v 0.13577989 0.49855173 0.111708455
v 0.23804946 0.21605483 0.10860294
v 0.20680803 0.21700001 0.10296661
v 0.16699307 0.24813828 0.110865325
v 0.17719872 0.21491332 0.11130567
v -0.030008845 0.5046412 0.1113698
v -0.03957471 0.4561207 0.1079937
v -0.053717326 0.4786529 0.106804445
v -0.090484545 0.4696391 0.10315769
v -0.09110786 0.45558816 0.095989436
v -0.091803424 0.4976391 0.11167137
v -0.06974577 0.45468765 0.09916517
v -0.058765132 0.50254583 0.11175292
v 0.21073379 0.42160785 0.10957266
v 0.20171967 0.4144049 0.11137456
v 0.1428237 0.36465377 0.09558562
v 0.13969871 0.33493364 0.09557195
v 0.11002043 0.334588 0.09555338
v 0.11286389 0.36446086 0.09557986
v 0.1440124 0.39587745 0.0956089
v 0.114386275 0.39590257 0.09557006
v 0.112108886 0.42748666 0.09563548
v 0.08857322 0.4272228 0.09737859
v 0.09237823 0.39469674 0.0989463
v 0.06829697 0.4567058 0.10654474
v 0.105210274 0.45454583 0.098112404
v 0.08441783 0.36418867 0.096076526
v 0.07722392 0.33641416 0.09570557
v 0.1445895 0.42882594 0.09569516
v 0.06571946 0.50261986 0.111726746
v 0.100972325 0.50132066 0.11164676
v 0.16945535 0.21484187 0.09852487
v 0.17206252 0.21472532 0.10250896
v 0.17467386 0.39422128 0.10795901
v 0.20509838 0.4314508 0.0986787
v 0.2082667 0.4293262 0.107305445
v 0.2061958 0.4385949 0.109789655
v 0.04382219 0.45475018 0.11962663
v 0.040042285 0.45674944 0.14402331
v 0.065968044 0.45460275 0.13325228
v 0.030582653 0.42603695 0.1767238
v 0.06311277 0.44667593 0.15829642
v 0.030996365 0.43641198 0.16844907
v 0.06426369 0.42278513 0.180101
v 0.030711731 0.42013878 0.18246481
v 0.025449641 0.43551153 0.2013451
v 0.030524055 0.43256816 0.18802476
v 0.021038728 0.42160898 0.20723541
v 0.030378977 0.41825157 0.1965134
v 0.10121271 0.47644842 0.11035406
v -0.00094947196 0.44453377 0.14808346
v 0.015106667 0.4378889 0.14149809
v 0.027138185 0.44570363 0.14996974
v 0.035709832 0.44283104 0.12558992
v 0.03316994 0.44585907 0.14611086
v 0.024415124 0.44183946 0.13593642
v 0.01976025 0.44800895 0.14711164
v 0.17737633 0.18585446 0.11154949
v -0.15189801 0.60601354 -0.25587505
v -0.1158988 0.62752986 -0.28383332
v -0.13051908 0.6072924 -0.29629534
v -0.08884349 0.6269886 -0.31205457
v -0.09659593 0.60634327 -0.32588983
v -0.14057551 0.6315148 -0.17013326
v -0.13848081 0.62977254 -0.12766063
v -0.117507845 0.6496383 -0.1403075
v -0.13377962 0.6351261 -0.21265727
v -0.118338324 0.64927197 -0.17777969
v -0.109246515 0.64929175 -0.2367701
v -0.13322048 0.63841796 -0.24584495
v -0.0993223 0.6438061 -0.27109927
v -0.0798605 0.6498296 -0.25810105
v -0.07721404 0.64483356 -0.29625106
v -0.06317636 0.6510407 -0.2794068
v -0.04984796 0.64659667 -0.3126384
v -0.05921099 0.63082325 -0.33004934
v -0.01833124 0.6465231 -0.31764632
v -0.064865276 0.6110213 -0.34244478
v -0.026281048 0.6286386 -0.3338756
v -0.031762816 0.608539 -0.34521818
v -0.06865389 0.64831734 -0.08405971
v -0.03409681 0.6500062 -0.07150471
v -0.025042392 0.6499958 -0.0965989
v 0.0070078676 0.65078855 -0.09758668
v -0.05402675 0.6502386 -0.10863959
v -0.03930577 0.6500417 -0.1347638
v -0.096601 0.64636475 -0.11021058
v -0.07761813 0.65019846 -0.13162622
v -0.05437677 0.65023327 -0.16125055
v -0.09121769 0.6501945 -0.15744555
v -0.08985177 0.65019137 -0.18498905
v -0.060093276 0.65039456 -0.1894389
v -0.11100493 0.6497257 -0.21006118
v -0.08667689 0.6502768 -0.2094679
v -0.09146399 0.65018475 -0.23414391
v -0.060241014 0.6504135 -0.20875499
v -0.059185274 0.6503966 -0.22886154
v -0.056429654 0.6503695 -0.24654602
v -0.028414708 0.6504054 -0.25012702
v -0.05013185 0.6503356 -0.26044512
v -0.03146197 0.6503515 -0.27106488
v 0.0011541625 0.65038 -0.25265837
v -0.03943763 0.6504394 -0.29224676
v -0.010427015 0.6514875 -0.29689288
v 0.020374717 0.6513551 -0.2983808
v 0.029202951 0.6503285 -0.27476943
v 0.01264919 0.6427741 -0.3165086
v 0.050079297 0.6513669 -0.29640985
v 0.00555364 0.6266314 -0.33489764
v 0.041453242 0.6447402 -0.3190223
v 0.00027105975 0.6069679 -0.34718645
v 0.034863062 0.62583184 -0.33640635
v 0.030512067 0.60668623 -0.3467586
v 0.0587195 0.6053911 -0.34572858
v 0.08748116 0.63141245 -0.07603385
v 0.09931339 0.62728184 -0.086126134
v 0.088407695 0.64478886 -0.10014774
v 0.06619932 0.6493727 -0.08351688
v 0.050185632 0.65004754 -0.12197563
v 0.0031398183 0.6513942 -0.07355201
v 0.03611021 0.6500952 -0.07383624
v 0.033164322 0.64998937 -0.10197965
v 0.013275083 0.65010464 -0.12560791
v -0.013849678 0.6500371 -0.12493043
v 0.039773952 0.65013254 -0.13259771
v 0.0220602 0.650308 -0.15097876
v -0.0057832734 0.65028036 -0.15342803
v 0.054488342 0.65013456 -0.1489496
v 0.09503903 0.6507337 -0.12521088
v 0.06388952 0.65015614 -0.16718256
v 0.029890673 0.6503813 -0.17348155
v 0.03513789 0.6503751 -0.19692345
v -0.00094580324 0.650406 -0.17817877
v 0.0019802235 0.65041375 -0.20211037
v -0.030022878 0.65039754 -0.18471509
v -0.030992411 0.65028274 -0.16247246
v -0.029871773 0.65042627 -0.20620279
v 0.0027647587 0.65040547 -0.22733942
v -0.029213622 0.65042126 -0.22868423
v 0.037227634 0.65035033 -0.22250167
v 0.0692847 0.65020573 -0.1895498
v 0.036101796 0.65033364 -0.24932656
v 0.07304778 0.6501883 -0.21398841
v -0.0036295373 0.65033424 -0.27535325
v 0.08032487 0.6501074 -0.2533471
v 0.07516721 0.65013397 -0.2369278
v 0.11179441 0.64970195 -0.22761115
v 0.10908453 0.650761 -0.24642833
v 0.1318695 0.6401825 -0.24069223
v 0.111285836 0.64715874 -0.26280057
v 0.09538503 0.65067124 -0.2722485
v 0.0727808 0.6469259 -0.29547668
v 0.06539489 0.6419172 -0.3151403
v 0.080338955 0.6392136 -0.29394048
v 0.06201726 0.6258766 -0.33599448
v 0.08239277 0.6377337 -0.30344433
v 0.08336745 0.6194979 -0.3269993
v 0.106001936 0.64357173 -0.11569258
v 0.069075175 0.6503767 -0.12112724
v 0.12142511 0.6475847 -0.13793898
v 0.09764479 0.65000576 -0.15266393
v 0.100183174 0.6502155 -0.17936721
v 0.10432035 0.65063804 -0.20489298
v 0.12582915 0.64624786 -0.1681918
v 0.124888964 0.64132977 -0.19858646
v 0.12991896 0.64196104 -0.22609164
v 0.12127184 0.6353496 -0.26940864
v -0.058367714 0.6503186 -0.17282748
v 0.09405016 0.6496862 -0.124460585
v -0.15254278 0.605652 -0.16626588
v -0.14891241 0.61959046 -0.21206513
v -0.15395352 0.6083437 -0.12049248
v 0.106515996 0.632762 -0.27985948
v 0.09282484 0.6353643 -0.2913801
v 0.11875578 0.60665286 -0.2945739
v 0.10198266 0.6123496 -0.31410456
v -0.14864412 0.6053148 -0.05452025
v -0.08160399 0.607303 -0.041686893
v -0.07743645 0.6265212 -0.061282106
v -0.0417713 0.6057422 -0.040630654
v -0.11302648 0.62115836 -0.08911887
v -0.0006972881 0.60791206 -0.038725898
v 0.00076629204 0.62950826 -0.05429842
v 0.03790818 0.6302469 -0.05457482
v -0.039711636 0.6303159 -0.052209675
v 0.0724511 0.6055237 -0.04252431
v 0.037755303 0.6101272 -0.038259577
v 0.08629508 0.6305598 -0.078706264
v 0.07650582 0.63051236 -0.06515157
v 0.100546286 0.60625875 -0.063289925
v 0.11874997 0.62694573 -0.10171182
v 0.13719296 0.6287925 -0.12629032
v 0.12496 0.60533553 -0.08658426
v 0.14671406 0.60900784 -0.114117585
v 0.14694881 0.62386584 -0.22605093
v 0.14852639 0.6222028 -0.23276378
v 0.14622778 0.6244509 -0.25256646
v 0.14746107 0.621513 -0.2318425
v 0.15338159 0.60541475 -0.25258213
v 0.13524507 0.619461 -0.2753814
v 0.15978022 0.610453 -0.22349842
v 0.15308376 0.60555685 -0.18719047
v 0.14519809 0.6265168 -0.1925135
v 0.14283393 0.62675416 -0.15495056
v 0.15307981 0.6056027 -0.1473358
v 0.033152394 0.34963456 0.33142906
v 0.057700053 0.35297644 0.3572821
v 0.044839434 0.33304238 0.34007102
v 0.030085895 0.32724613 0.33472848
v 0.04631275 0.3239912 0.3324265
v 0.030878648 0.31396285 0.3288014
v 0.00916912 0.31248602 0.3306653
v 0.056521226 0.33802518 0.3452809
v 0.058501765 0.33736077 0.34531653
v -0.296027 0.41272986 0.018968835
v -0.28118718 0.4747402 0.011336136
v -0.28239173 0.42839622 0.0060324036
v -0.28418213 0.4203673 -0.0055781403
v -0.2940998 0.4147358 -0.0017098911
v -0.28344882 0.21156576 -0.041563295
v -0.28234822 0.2127536 -0.048235126
v -0.29006398 0.23431566 -0.053645216
v -0.29828405 0.23059627 -0.08011656
v -0.09993815 0.056344837 -0.46676606
v -0.081529155 0.057504654 -0.4901281
v -0.08210686 0.036974758 -0.47938114
v -0.099630155 0.049148887 -0.46928614
v -0.08103923 0.017997712 -0.46421224
v -0.099939935 0.022488713 -0.45248348
v -0.100193255 0.036310136 -0.44725823
v -0.10004766 0.015424281 -0.44109762
v -0.087498926 0.0033603907 -0.44466168
v -0.09891378 0.013474762 -0.42480153
v -0.1027081 0.021994442 -0.4262244
v -0.09285873 0.008667141 -0.42250478
v -0.1019658 0.027352512 -0.4295237
v -0.10122384 0.032710582 -0.4328227
v -0.11765755 0.047850877 -0.45773757
v -0.10405798 0.053285897 -0.46287757
v -0.117209055 0.021916926 -0.41865247
v -0.11613187 0.021267653 -0.41694224
v -0.074139826 0.2293606 0.456811
v -0.046016708 0.21455377 0.4838361
v -0.046478294 0.21071884 0.47888118
v -0.07733398 0.21813017 0.45416605
v -0.03877397 0.20288706 0.48561752
v -0.06441457 0.21812573 0.49278522
v -0.06139814 0.20695059 0.46587646
v -0.28118718 0.4747402 0.011336136
v -0.29790068 0.46739143 0.0039978996
v -0.2848693 0.43461 0.0069178035
v -0.29354107 0.42843607 0.007006325
v -0.28239173 0.42839622 0.0060324036
v -0.2937367 0.42246953 -0.0016589282
v -0.28418213 0.4203673 -0.0055781403
v -0.16755877 0.07128081 0.106578045
v -0.17696197 0.10506807 0.11019287
v -0.17700952 0.11510931 0.10912902
v -0.18138736 0.1214236 0.0970003
v -0.28467298 0.44656903 -0.34493744
v -0.28093362 0.44276267 -0.32743573
v -0.28967136 0.46288857 -0.3251531
v -0.2873919 0.45937473 -0.29628915
v -0.29021853 0.46413833 -0.34931332
v -0.2984323 0.48236763 -0.35097003
v -0.2995271 0.45022732 -0.385064
v -0.29987514 0.429829 -0.36597508
v -0.28328794 0.469723 -0.3903942
v -0.28932065 0.4601036 -0.3967455
v -0.29444075 0.43698674 -0.29626828
v -0.29535896 0.43619218 -0.26503307
v -0.28469473 0.45752782 -0.26383287
v -0.29677743 0.47598988 -0.29928094
v -0.29911548 0.4760366 -0.26288557
v -0.284832 0.45521832 -0.23085183
v -0.29953617 0.50100875 -0.26215148
v -0.29922795 0.50166154 -0.23129374
v -0.29959178 0.5012565 -0.29422528
v -0.29056972 0.5229497 -0.29282326
v -0.29955906 0.50518847 -0.3246656
v -0.2994939 0.4811203 -0.32448095
v -0.29877108 0.5066282 -0.35274118
v -0.2848186 0.526446 -0.35383713
v -0.29958582 0.47786543 -0.3741812
v -0.2989902 0.5011448 -0.37772453
v -0.29817778 0.5044866 -0.40988863
v -0.28428966 0.5240418 -0.41197038
v -0.28359967 0.45435274 -0.19910435
v -0.29719335 0.43270373 -0.23251566
v -0.30073452 0.43150872 -0.20090473
v -0.29872668 0.47583115 -0.23055877
v -0.29664528 0.47731048 -0.20061572
v -0.29961097 0.50304765 -0.20091888
v -0.28500807 0.52379215 -0.23070668
v -0.29115242 0.5255747 -0.2013238
v -0.29910898 0.50309664 -0.17095096
v -0.29923755 0.5504559 -0.20109761
v -0.2993747 0.5509419 -0.16825917
v -0.29901427 0.54724985 -0.23301794
v -0.29663944 0.576216 -0.20159875
v -0.28648072 0.52181506 -0.26141554
v -0.2984522 0.5440377 -0.26228547
v -0.29543716 0.57433 -0.23439537
v -0.29853064 0.5450569 -0.29234445
v -0.2969963 0.571633 -0.26380056
v -0.29669166 0.5698975 -0.29220188
v -0.28173798 0.5886694 -0.28685808
v -0.2960651 0.56879807 -0.32607114
v -0.29929352 0.54440516 -0.32553148
v -0.29797614 0.54451036 -0.35648042
v -0.28839135 0.5232522 -0.3245291
v -0.29871583 0.5445354 -0.38688147
v -0.2935776 0.5692308 -0.36041784
v -0.2902648 0.5187082 -0.3824563
v -0.29890603 0.54608244 -0.4185511
v -0.29211926 0.5737375 -0.42015022
v -0.29236716 0.5486134 -0.44834656
v -0.28049845 0.5809258 -0.4443019
v -0.2803918 0.5262476 -0.4390204
v -0.2706498 0.5496355 -0.4698416
v -0.29533648 0.5070868 -0.44543457
v -0.2624219 0.5226779 -0.46074826
v -0.29947215 0.4795959 -0.13942347
v -0.29937828 0.47752494 -0.10881514
v -0.29965013 0.5013716 -0.107767366
v -0.29941243 0.47853044 -0.17079116
v -0.2996806 0.5031598 -0.13882187
v -0.29548633 0.5267123 -0.16987981
v -0.29332644 0.52590144 -0.13733143
v -0.299352 0.5495199 -0.13492246
v -0.29917246 0.547253 -0.10355424
v -0.2944104 0.574857 -0.13223656
v -0.29559612 0.57171893 -0.100918785
v -0.29629314 0.57663625 -0.16664465
v -0.29379582 0.5997919 -0.12874885
v -0.29279763 0.6009848 -0.16517733
v -0.29248852 0.60062003 -0.20242076
v -0.27637827 0.6215403 -0.16376896
v -0.2945422 0.59948504 -0.23711942
v -0.27755225 0.6200297 -0.24115157
v -0.2950036 0.5978815 -0.26839244
v -0.2789386 0.61827147 -0.27423698
v -0.26733524 0.6057285 -0.28675663
v -0.25928974 0.6326724 -0.28346342
v -0.2648992 0.6068791 -0.33638376
v -0.24570563 0.615939 -0.34647357
v -0.2809713 0.5884755 -0.32909852
v -0.27737308 0.59014183 -0.3653022
v -0.27566165 0.59293467 -0.3948108
v -0.25342232 0.6177075 -0.40417898
v -0.29395455 0.5712087 -0.3910216
v -0.27245915 0.59711075 -0.41365325
v -0.25623965 0.60452867 -0.42101854
v -0.29908043 0.47514376 -0.07959802
v -0.29966813 0.4789521 -0.05374664
v -0.29952198 0.50517446 -0.04876089
v -0.29733783 0.5080761 -0.018775815
v -0.29965025 0.5010555 -0.077563085
v -0.285137 0.52038884 -0.045374796
v -0.29411316 0.52361965 -0.10594509
v -0.2941119 0.52284193 -0.07478339
v -0.29910302 0.5445198 -0.072355844
v -0.2962228 0.56735075 -0.06955494
v -0.2972653 0.56527257 -0.03665947
v -0.29340905 0.59571064 -0.0948117
v -0.28344768 0.5856718 -0.06705875
v -0.27511263 0.6122792 -0.09210236
v -0.2693184 0.60286236 -0.06344515
v -0.27739763 0.62030387 -0.12509967
v -0.2530285 0.6222043 -0.09402826
v -0.25740445 0.6369059 -0.12237726
v -0.2569635 0.63753515 -0.16306324
v -0.27647924 0.6214036 -0.20389955
v -0.2560625 0.6366255 -0.20550996
v -0.25855935 0.6371906 -0.24556169
v -0.26069295 0.61166525 -0.37296832
v -0.23632438 0.6195668 -0.38318634
v -0.23399682 0.61960745 -0.41110772
v -0.2907008 0.47894847 0.016822552
v -0.296251 0.45405897 0.030190874
v -0.29002792 0.45161963 0.05250551
v -0.29790068 0.46739143 0.0039978996
v -0.2997098 0.4882824 -0.02554124
v -0.2982844 0.50416565 0.018131692
v -0.29868513 0.50109756 0.054320645
v -0.28406793 0.5267056 -0.012562692
v -0.29149163 0.52289325 0.023506258
v -0.28901392 0.5222809 0.053315006
v -0.29835492 0.5440247 0.025888955
v -0.2984687 0.54364973 0.057346705
v -0.2982645 0.5418075 -0.00733984
v -0.2964511 0.5650318 -0.0031499907
v -0.29892212 0.5417596 -0.039962173
v -0.2829517 0.5838189 -0.00016478449
v -0.28211606 0.5850347 0.029093964
v -0.28322715 0.5830846 -0.033640638
v -0.26816452 0.6030532 0.002332598
v -0.2682451 0.60007775 -0.030240873
v -0.25233704 0.6128117 -0.025755923
v -0.25530034 0.6190684 -0.05889146
v -0.2718413 0.45335597 0.06818964
v -0.278606 0.4755302 0.075954504
v -0.29834992 0.47641593 0.054301713
v -0.2817204 0.5005341 0.07964164
v -0.27523816 0.5215572 0.07444075
v -0.2789243 0.5428282 0.08196691
v -0.29473823 0.56758326 0.058093287
v -0.27743107 0.5652933 0.08224367
v -0.2696954 0.5806663 0.075964145
v -0.27540475 0.5875876 0.057558425
v -0.26413804 0.60031486 0.048336565
v -0.29703873 0.56674886 0.02827899
v -0.26694304 0.604137 0.02946537
v -0.25120753 0.61910677 -0.3092575
v -0.28862464 0.4540484 -0.19844648
v -0.28118718 0.4747402 0.011336136
v -0.28904772 0.39893895 -0.05057285
v -0.29774326 0.39453065 -0.022163644
v -0.29770732 0.41205063 -0.022183979
v -0.2937367 0.42246953 -0.0016589282
v -0.2949568 0.41926152 -0.010672869
v -0.29354107 0.42843607 0.007006325
v -0.26917052 0.42866585 -0.47573483
v -0.23957545 0.4465554 -0.478885
v -0.24496189 0.42277128 -0.4862612
v -0.25841182 0.44794464 -0.458488
v -0.26871526 0.47451508 -0.46427166
v -0.24517754 0.47298175 -0.4820798
v -0.24863859 0.49941534 -0.4863814
v -0.27219772 0.50295484 -0.46789306
v -0.24520881 0.5230548 -0.4866746
v -0.28899395 0.45830375 -0.17043224
v -0.28804433 0.46211523 -0.13952158
v -0.28742683 0.45917463 -0.10900734
v -0.28660172 0.4556151 -0.08011692
v -0.28213006 0.4535022 -0.055210892
v -0.2823878 0.4515467 -0.033610635
v -0.28164315 0.43097696 0.07821959
v -0.29684836 0.4075577 0.09375374
v -0.27663928 0.40766346 0.111095645
v -0.25185537 0.45233756 0.08645676
v -0.25761765 0.4772482 0.09548932
v -0.24988212 0.5246048 0.090414055
v -0.2416918 0.4282342 0.10662223
v -0.26311088 0.43077955 0.095859386
v -0.23587157 0.45366073 0.10721949
v -0.23413922 0.4779197 0.110955134
v -0.23130584 0.5038138 0.11155323
v -0.25995177 0.50356543 0.10128381
v -0.22636749 0.52299106 0.105232805
v -0.29630297 0.4305096 0.060556196
v -0.2981106 0.40277153 0.06984815
v -0.2998402 0.25135458 0.0892898
v -0.28341156 0.24951294 0.10957484
v -0.28302842 0.2799099 0.111829825
v -0.30019176 0.28134364 0.0930935
v -0.2817948 0.31138545 0.11056247
v -0.29824764 0.34490657 0.095771626
v -0.28125137 0.34427825 0.112145364
v -0.28064662 0.37642524 0.11394462
v -0.2979312 0.3765413 0.09614322
v -0.29949892 0.31255051 0.09497537
v -0.29600108 0.21184365 0.04706609
v -0.2982219 0.18857476 0.045010313
v -0.28392804 0.18573897 0.061054222
v -0.27847314 0.21068427 0.06134049
v -0.29079175 0.2276933 0.0775898
v -0.27327532 0.22612602 0.09515021
v -0.2965492 0.2323696 0.05492674
v -0.29717648 0.25678465 0.06349408
v -0.26143366 0.20961392 0.078987494
v -0.2516666 0.22600752 0.10776958
v -0.2435682 0.2078554 0.09605937
v -0.2232743 0.20543513 0.10987279
v -0.22350067 0.22861747 0.10964065
v -0.2568733 0.251795 0.11071906
v 0.053093817 0.02467984 0.03782251
v 0.083391435 0.025559783 0.037888713
v 0.10523069 0.021470904 0.029126294
v 0.048163053 0.02800423 0.030022752
v 0.07447308 0.30330342 0.41060287
v 0.09098673 0.29670244 0.43202454
v 0.10354869 0.2701498 0.4166196
v 0.07032537 0.30222142 0.37949735
v 0.06443415 0.32158387 0.3945055
v 0.058501765 0.33736077 0.34531653
v 0.06049499 0.34092075 0.3758309
v 0.057700053 0.35297644 0.3572821
v 0.06878229 0.27807313 0.36940002
v 0.067611076 0.2729833 0.37758172
v 0.061124768 0.30318645 0.34152412
v 0.04631275 0.3239912 0.3324265
v 0.06272133 0.2568674 0.3986184
v 0.055674594 0.26544017 0.3920874
v 0.073212184 0.25798088 0.40006787
v 0.08030876 0.25561523 0.48390812
v 0.10618107 0.26913312 0.44390845
v 0.0936957 0.28899112 0.46131003
v 0.067132816 0.22866178 0.4101023
v 0.086949326 0.27157837 0.40834218
v 0.09608666 0.2350513 0.43025655
v 0.097433016 0.24847262 0.47423935
v 0.044839434 0.33304238 0.34007102
v 0.056521226 0.33802518 0.3452809
v 0.07931188 0.2233825 0.4563905
v 0.06562098 0.25485504 0.4128796
v -0.18602408 0.18214189 0.11163778
v -0.19549969 0.1995716 0.09979829
v -0.1898515 0.19517079 0.100095265
v -0.18867153 0.21145831 0.11123503
v 0.021038728 0.42160898 0.20723541
v 0.030524055 0.43256816 0.18802476
v 0.025449641 0.43551153 0.2013451
v 0.030582653 0.42603695 0.1767238
v -0.282557 0.19760957 0.008776206
v -0.28988576 0.19856054 0.018109014
v -0.29419923 0.19537129 0.022620834
v -0.29361182 0.2167904 0.020962996
v 0.1668706 0.40366256 -0.4699481
v 0.19337508 0.3924918 -0.4849844
v 0.16809015 0.39841247 -0.48471022
v -0.03957471 0.4561207 0.1079937
v -0.020731425 0.44467232 0.13269536
v -0.018571457 0.43702608 0.1358425
v -0.039594013 0.4541015 0.11605342
v -0.03877397 0.20288706 0.48561752
v -0.046478294 0.21071884 0.47888118
v -0.060227837 0.21740773 0.48210675
v -0.06441457 0.21812573 0.49278522
v 0.1633982 0.38150856 -0.47724867
v 0.16746017 0.39588654 -0.47535127
v 0.16809015 0.39841247 -0.48471022
v 0.1668706 0.40366256 -0.4699481
v 0.16694196 0.39450547 -0.4700603
v -0.29361182 0.2167904 0.020962996
v -0.29959643 0.21494924 0.00592045
v -0.28026325 0.21740383 0.01696336
v -0.0761302 0.0124484 -0.42794788
v -0.087498926 0.0033603907 -0.44466168
v -0.046341643 0.0021017492 -0.44483072
v -0.09285873 0.008667141 -0.42250478
v -0.1027081 0.021994442 -0.4262244
v -0.09891378 0.013474762 -0.42480153
v -0.08699302 0.016682059 -0.41702038
v -0.014947556 0.0012613237 -0.43556035
v -0.03738701 0.020737141 -0.43586963
v -0.042248406 0.031523436 -0.43400365
v -0.019517228 0.02553901 -0.43354708
v -0.06617761 0.02287069 -0.4296105
v 0.036206868 0.0013305545 -0.4193918
v 0.06060506 0.0015552938 -0.41921687
v 0.055624187 0.019546181 -0.4093321
v 0.08907326 0.022213459 -0.3945673
v 0.032060828 0.018933088 -0.4172992
v 0.008042568 0.01926431 -0.424007
v 0.007656619 0.0022604764 -0.41693312
v 0.079643466 0.01002425 -0.4169767
v -0.21392465 0.025746703 -0.44820386
v -0.22592938 0.021797955 -0.4363827
v -0.22740534 0.030915052 -0.4415064
v -0.22592938 0.021797955 -0.4363827
v -0.21392465 0.025746703 -0.44820386
v -0.22740534 0.030915052 -0.4415064
v -0.22592938 0.021797955 -0.4363827
v -0.22740534 0.030915052 -0.4415064
v -0.21840622 0.022679001 -0.4221052
v -0.14620721 0.017743796 -0.4220283
v -0.1291444 0.020447612 -0.42275798
v -0.12045959 0.01966384 -0.41815478
v -0.117209055 0.021916926 -0.41865247
v -0.06139814 0.20695059 0.46587646
v -0.06441457 0.21812573 0.49278522
v -0.060227837 0.21740773 0.48210675
v 0.100149035 0.621703 0.029488146
v 0.10035679 0.62052387 0.05890991
v 0.100469716 0.61751956 0.033028405
v -0.046016708 0.21455377 0.4838361
v -0.057039827 0.2234847 0.480294
v -0.060227837 0.21740773 0.48210675
v -0.046478294 0.21071884 0.47888118
v -0.046016708 0.21455377 0.4838361
v -0.060227837 0.21740773 0.48210675
v -0.17603014 0.032295555 0.069479644
v -0.17573367 0.046598792 0.07311408
v -0.17645398 0.04268229 0.0773453
v -0.17656732 0.057346582 0.08967393
v -0.20077623 0.056509912 0.093546875
v -0.1732562 0.55773807 -0.49021
v -0.17640851 0.559448 -0.48717666
v -0.1765368 0.5582665 -0.48722863
v -0.19614908 0.5660022 -0.48714256
v -0.03994284 0.38200405 0.17742853
v -0.03506393 0.36790118 0.17379935
v -0.038757097 0.37844557 0.17372027
v -0.22592938 0.021797955 -0.4363827
v -0.22503324 0.02315569 -0.43531764
v -0.22740534 0.030915052 -0.4415064
v -0.17645398 0.04268229 0.0773453
v -0.15613927 0.059393764 0.09399972
v -0.17656732 0.057346582 0.08967393
v -0.17675662 0.06878176 0.09789354
v -0.20077623 0.056509912 0.093546875
v -0.20606484 0.082563475 0.11072548
v -0.1766773 0.07552934 0.10842894
v -0.16755877 0.07128081 0.106578045
v -0.1420075 0.08071761 0.10913036
v -0.17573367 0.046598792 0.07311408
v -0.12960048 0.048404068 0.078051075
v -0.17603014 0.032295555 0.069479644
v -0.17584684 0.04924804 0.07212372
v -0.20535395 0.45337743 0.10543541
v -0.20674308 0.4148402 0.107093334
v -0.19936927 0.41531348 0.0947785
v -0.21741547 0.42744574 0.10948695
v 0.032001812 0.3508724 0.3476749
v 0.021731539 0.36950636 0.3462618
v 0.015982497 0.35277942 0.36254615
v 0.033152394 0.34963456 0.33142906
v 0.03454781 0.35056347 0.36259806
v 0.057700053 0.35297644 0.3572821
v 0.03535369 0.3347313 0.38871688
v -0.00411848 0.35368696 0.3577876
v -0.024710858 0.355848 0.35382307
v -0.02620631 0.34171668 0.38125873
v -0.036274273 0.35488394 0.36229497
v -0.0066059846 0.34152234 0.3819027
v -0.009163098 0.32537994 0.3989545
v 0.015532445 0.3404387 0.38247687
v 0.026786232 0.32476124 0.39998877
v 0.06049499 0.34092075 0.3758309
v 0.012754129 0.3248417 0.399669
v 0.056933157 0.30575705 0.41420943
v 0.027750852 0.32545862 0.40213865
v 0.014431058 0.3071719 0.40921283
v -0.009512072 0.3073362 0.4091847
v 0.07447308 0.30330342 0.41060287
v 0.06443415 0.32158387 0.3945055
v -0.04620917 0.33905923 0.3815986
v -0.0639576 0.33239004 0.36636978
v -0.06830141 0.3148135 0.37976706
v -0.05387458 0.34912524 0.3568622
v -0.03017398 0.3283075 0.4017058
v -0.047285877 0.33110264 0.39745462
v -0.034959167 0.30797285 0.41121328
v -0.052304 0.31686956 0.4064383
v -0.053300273 0.319128 0.40577173
v -0.057524025 0.304081 0.4162718
v -0.06453716 0.29860085 0.39588404
v -0.07464228 0.29724163 0.4206717
v -0.030337948 0.35758874 0.34347248
v 0.07829088 0.2808105 0.44675708
v 0.07185125 0.29427874 0.43113667
v 0.06212735 0.27770385 0.41021383
v 0.09098673 0.29670244 0.43202454
v 0.06272133 0.2568674 0.3986184
v 0.055674594 0.26544017 0.3920874
v 0.06574541 0.25830284 0.44844145
v 0.07931188 0.2233825 0.4563905
v 0.08030876 0.25561523 0.48390812
v 0.0936957 0.28899112 0.46131003
v 0.054800015 0.21278077 0.49219155
v 0.048493892 0.22016087 0.4885633
v 0.0651426 0.22048624 0.4629255
v -0.060935654 0.3121937 0.34157223
v -0.06578545 0.29004037 0.36315358
v -0.06514088 0.28260028 0.37912172
v -0.084816046 0.28241938 0.4110607
v -0.06387196 0.2735779 0.38046652
v -0.10498245 0.280342 0.42933297
v -0.08652316 0.25719437 0.3990472
v -0.10049083 0.24749199 0.41477454
v -0.085306175 0.2954134 0.43915838
v -0.06545822 0.28225553 0.3777697
v -0.02434959 0.4198886 0.2628926
v 0.008476185 0.40918154 0.28111452
v 0.0017612377 0.41170216 0.25927752
v -0.013037547 0.40900022 0.27770573
v -0.029758368 0.4164786 0.28070825
v -0.030553885 0.40358374 0.26048833
v 0.0061322604 0.41037393 0.30734944
v -0.0062886523 0.41010088 0.29843855
v -0.02506721 0.4077065 0.30389285
v -0.012798831 0.40999055 0.2937042
v 0.029596256 0.4163529 0.25496823
v 0.022276485 0.42574513 0.2364684
v -0.02235871 0.41408548 0.24551563
v 0.025663694 0.41790938 0.23150189
v 0.026962327 0.4142895 0.28164458
v 0.019541914 0.41032228 0.31402582
v 0.02907811 0.39583278 0.33431917
v 0.003993814 0.40473083 0.32762408
v -0.026899507 0.39927414 0.32239956
v -0.001248125 0.37950242 0.344235
v -0.024547432 0.38482803 0.335742
v 0.031258434 0.40621197 0.31492501
v 0.029572608 0.3960871 0.3418631
v -0.039311443 0.3902555 0.29885435
v -0.046619635 0.3917966 0.31245196
v -0.027102355 0.369183 0.3380198
v -0.031628728 0.3628771 0.34518176
v 0.043976437 0.39480075 0.33640897
v 0.038565706 0.19597185 0.47897166
v 0.21945442 0.605587 -0.17838071
v 0.24721631 0.63815045 -0.17787258
v 0.22213465 0.6373925 -0.17825232
v -0.29506445 0.16090925 0.06583992
v -0.26619732 0.18583557 0.079551555
v -0.28392804 0.18573897 0.061054222
v -0.27667445 0.16130243 0.08454495
v -0.26143366 0.20961392 0.078987494
v -0.27847314 0.21068427 0.06134049
v -0.2435682 0.2078554 0.09605937
v -0.24945928 0.18526077 0.09941494
v -0.25740248 0.16124894 0.10396829
v -0.22831015 0.18316746 0.11069103
v -0.23230371 0.15960342 0.11165387
v -0.20427418 0.18106942 0.110471256
v -0.20573671 0.15746552 0.11176994
v -0.18602408 0.18214189 0.11163778
v -0.17789933 0.15229632 0.11182231
v -0.14710285 0.14998408 0.111836195
v -0.14961879 0.18363349 0.09919962
v -0.16235581 0.120847076 0.10244631
v -0.14556193 0.12028608 0.099342935
v -0.11522006 0.12763554 0.09887177
v -0.11694296 0.14761263 0.11177141
v -0.08607318 0.14858146 0.1117782
v -0.083707206 0.12867281 0.09923873
v -0.054540496 0.12936361 0.09756824
v -0.055605292 0.14760332 0.11182806
v -0.027082792 0.1459957 0.111796476
v -0.025998885 0.12639078 0.09863841
v 0.0021259722 0.12688072 0.0978024
v 0.0026689416 0.1449988 0.111616455
v 0.003221124 0.16780716 0.10715262
v -0.02804084 0.16870034 0.105701536
v 0.032382634 0.17023066 0.11129922
v 0.0319125 0.14529231 0.11170658
v 0.060294937 0.14456317 0.11141151
v 0.061887965 0.16970669 0.11146753
v -0.025967162 0.10874353 0.11103206
v -0.053822327 0.108652055 0.11106548
v 0.0025577755 0.10830772 0.11067775
v 0.003123406 0.1911894 0.098648325
v -0.028387936 0.193635 0.09839194
v 0.033343468 0.19037983 0.09890519
v 0.09161003 0.1697013 0.111847736
v 0.08730572 0.13566197 0.10925035
v 0.116039865 0.13726974 0.111238904
v 0.12051247 0.16412438 0.11189028
v 0.14907497 0.15914275 0.10993695
v 0.1454745 0.14029449 0.110800035
v 0.17390913 0.14286777 0.11140778
v 0.17620611 0.1632008 0.11173459
v 0.14113112 0.12427756 0.10637465
v 0.17052513 0.12827127 0.10001798
v 0.16552213 0.108745545 0.109646164
v 0.1375341 0.105780795 0.111594506
v 0.15943424 0.087437555 0.11066269
v 0.13384329 0.08692627 0.110920414
v 0.10969115 0.10243784 0.11171865
v 0.10781991 0.08524503 0.111541346
v 0.19465213 0.10715665 0.11061947
v 0.18757996 0.08693278 0.11146861
v 0.19902562 0.12672763 0.109181955
v 0.20245606 0.14558311 0.111219235
v 0.11181843 0.11651574 0.107836224
v 0.08588162 0.11962968 0.10522252
v 0.17737633 0.18585446 0.11154949
v 0.15172274 0.17150612 0.10137475
v 0.19046521 0.18374379 0.11154917
v 0.17719872 0.21491332 0.11130567
v 0.20680803 0.21700001 0.10296661
v 0.19942325 0.18393813 0.11114829
v 0.23804946 0.21605483 0.10860294
v 0.23464549 0.19132437 0.10833809
v 0.23460226 0.1672193 0.11166176
v 0.26233768 0.16919814 0.100280926
v 0.25282276 0.19244216 0.08480713
v 0.23221725 0.1424772 0.1113178
v 0.26033163 0.14155877 0.101918906
v 0.16945535 0.21484187 0.09852487
v 0.15285699 0.21419364 0.0983174
v 0.1490892 0.24932697 0.0967981
v 0.16699307 0.24813828 0.110865325
v 0.12680207 0.23019919 0.098224275
v 0.14743872 0.2506292 0.09708755
v 0.13048002 0.27709004 0.09813736
v 0.098236516 0.2306953 0.09833513
v 0.10174531 0.2773658 0.09814471
v 0.0941677 0.1884807 0.099011816
v 0.06680079 0.2320678 0.09827843
v 0.069643654 0.2772754 0.09823046
v 0.10531222 0.3065592 0.10196611
v 0.13615015 0.30578157 0.10189826
v 0.07269386 0.30753 0.10186225
v 0.123991854 0.18355632 0.099445455
v 0.16898552 0.2752762 0.11082489
v -0.17648157 0.13225928 0.10508331
v -0.18138736 0.1214236 0.0970003
v -0.17700952 0.11510931 0.10912902
v -0.17696197 0.10506807 0.11019287
v -0.20716438 0.11999804 0.09771953
v -0.16755877 0.07128081 0.106578045
v -0.20606484 0.082563475 0.11072548
v -0.2345019 0.11973533 0.09858668
v -0.23661673 0.08303337 0.11088301
v -0.22879313 0.05629155 0.092575915
v -0.20077623 0.056509912 0.093546875
v -0.26231647 0.08055188 0.09663489
v -0.2623301 0.11139463 0.09854174
v -0.248277 0.06273949 0.07767091
v -0.14439914 0.103063256 0.11162806
v -0.11288323 0.10744704 0.11141069
v -0.20646086 0.13527422 0.10926214
v -0.14807907 0.20392746 0.09827472
v -0.16938041 0.20921409 0.098641865
v -0.15032165 0.23838726 0.09688082
v -0.17043988 0.23754379 0.10632506
v -0.17664531 0.27597618 0.11059645
v -0.15607372 0.27347928 0.09774043
v -0.16793601 0.2945137 0.106164575
v -0.11909566 0.17001733 0.11155282
v -0.088332616 0.1725418 0.10728717
v -0.12146788 0.19902936 0.09817607
v -0.20174347 0.2787452 0.110407084
v -0.19558592 0.2515234 0.110642016
v -0.20448999 0.30710316 0.110078536
v -0.23190963 0.3093378 0.109678924
v -0.2306553 0.28008172 0.10974472
v -0.25860238 0.31049085 0.11057331
v -0.25901288 0.28000373 0.11051588
v -0.23149033 0.34046197 0.10961142
v -0.25797498 0.34268802 0.110441074
v -0.28125137 0.34427825 0.112145364
v -0.2817948 0.31138545 0.11056247
v -0.25617743 0.37365153 0.110741235
v -0.28064662 0.37642524 0.11394462
v -0.2516507 0.4025746 0.10956677
v -0.27663928 0.40766346 0.111095645
v -0.2416918 0.4282342 0.10662223
v -0.26311088 0.43077955 0.095859386
v -0.22630599 0.39879835 0.10968451
v -0.21741547 0.42744574 0.10948695
v -0.20535395 0.45337743 0.10543541
v -0.23587157 0.45366073 0.10721949
v -0.20674308 0.4148402 0.107093334
v -0.20263214 0.3962498 0.11025219
v -0.17779814 0.3952044 0.11112034
v -0.18515128 0.42562294 0.11000738
v -0.20301718 0.3679446 0.110224485
v -0.17752288 0.3656274 0.1113089
v -0.15870038 0.39325643 0.09619883
v -0.16468231 0.42257017 0.0964574
v -0.15721035 0.3629316 0.09682825
v -0.23413922 0.4779197 0.110955134
v -0.20359282 0.4779576 0.10677417
v -0.17391476 0.4489966 0.10024925
v -0.17224303 0.4755002 0.10567866
v -0.16747048 0.49999738 0.11161596
v -0.12948857 0.49552304 0.111760914
v -0.13137259 0.472661 0.10456242
v -0.16356127 0.5209724 0.102182895
v -0.12765966 0.5203582 0.10355896
v -0.09110786 0.45558816 0.095989436
v -0.091803424 0.4976391 0.11167137
v -0.090484545 0.4696391 0.10315769
v -0.09332936 0.5226413 0.10104152
v -0.13308224 0.44674423 0.09572144
v -0.10157963 0.44117522 0.09563597
v -0.19520478 0.5268285 0.09830849
v -0.16056491 0.5420626 0.11157619
v -0.19415171 0.5403593 0.11205561
v -0.22636749 0.52299106 0.105232805
v -0.2250216 0.5417469 0.11160949
v -0.23130584 0.5038138 0.11155323
v -0.24988212 0.5246048 0.090414055
v -0.25656497 0.54117095 0.10469883
v -0.2789243 0.5428282 0.08196691
v -0.27523816 0.5215572 0.07444075
v -0.20022026 0.50358915 0.11156111
v -0.08271109 0.43835557 0.10114844
v -0.06974577 0.45468765 0.09916517
v -0.0842896 0.4184066 0.10689971
v -0.1018104 0.41758728 0.09559989
v -0.13243371 0.42021275 0.09561118
v -0.22986548 0.37061787 0.10959538
v -0.20368928 0.33785298 0.110335864
v -0.28302842 0.2799099 0.111829825
v -0.28341156 0.24951294 0.10957484
v -0.1271197 0.2741176 0.09820056
v -0.12957652 0.30206317 0.10069021
v -0.096891135 0.27504855 0.09814339
v -0.09983552 0.30510318 0.10148326
v -0.06617576 0.27711228 0.098161146
v -0.067786746 0.30790707 0.10016538
v -0.031211816 0.27980196 0.09810598
v -0.032715347 0.31013703 0.10133679
v 0.0016654757 0.31029147 0.09829937
v 0.00221714 0.28054133 0.09810122
v -0.030590948 0.23406795 0.098138094
v 0.036150668 0.30769613 0.1008667
v 0.039184406 0.33242464 0.09599672
v 0.010430787 0.33796543 0.09554369
v -0.040591117 0.33718833 0.09657633
v -0.06363776 0.23396638 0.09813601
v -0.09452283 0.23427215 0.09765872
v -0.13038693 0.331389 0.0955175
v -0.15998767 0.33213484 0.09598566
v -0.1026153 0.33271784 0.09552958
v -0.12364989 0.2362494 0.09754624
v -0.22758867 0.25281945 0.10968052
v -0.22350067 0.22861747 0.10964065
v -0.1898515 0.19517079 0.100095265
v -0.2780549 0.13439728 0.08064176
v 0.15502028 0.27587518 0.09601169
v 0.035510983 0.27921748 0.09803045
v 0.07722392 0.33641416 0.09570557
v 0.11002043 0.334588 0.09555338
v -0.12589017 0.5422983 0.11192963
v -0.092922755 0.5446698 0.11204338
v 0.00019242993 0.36516273 0.09881876
v -0.024356972 0.35215536 0.1267574
v -0.2516666 0.22600752 0.10776958
v -0.059936333 0.19502777 0.09811898
v 0.06381319 0.18918753 0.09831683
v 0.0029711984 0.23342603 0.09813731
v -0.058765132 0.50254583 0.11175292
v -0.060171153 0.52659345 0.100131825
v -0.031015333 0.52745646 0.09865903
v -0.030008845 0.5046412 0.1113698
v -0.030342879 0.548391 0.112352654
v 0.17478254 0.072662175 0.10735035
v 0.17726225 0.07421419 0.107216515
v 0.2213315 0.083001375 0.109624855
v 0.22726233 0.10596697 0.11137711
v 0.25331718 0.074374646 0.104734704
v 0.25778913 0.10203464 0.10488984
v -0.16792849 0.30124915 0.1055084
v -0.12999429 0.36139596 0.095548734
v -0.18166335 0.30368668 0.11093265
v -0.2232743 0.20543513 0.10987279
v -0.19549969 0.1995716 0.09979829
v -0.2568733 0.251795 0.11071906
v -0.10207179 0.36231402 0.09555741
v -0.069428734 0.32846165 0.10028137
v 0.029419009 0.3669058 0.0997152
v -0.18931893 0.4450143 0.10554979
v -0.053446453 0.083156854 0.11158942
v -0.025644403 0.08355166 0.1117077
v -0.025284661 0.0619736 0.10502549
v -0.05310542 0.061004728 0.10439745
v 0.0037977388 0.06263873 0.10658556
v -0.02452673 0.03883475 0.098905616
v -0.05243978 0.03817308 0.09828096
v 0.0042928946 0.039536834 0.099578746
v 0.033017382 0.040026158 0.09999403
v 0.032512814 0.06286633 0.10708204
v 0.062148284 0.041432142 0.100689106
v 0.05974885 0.06311509 0.107154846
v 0.08433002 0.065463275 0.10582306
v 0.0957867 0.045137465 0.10230052
v 0.058567714 0.08593857 0.11029748
v 0.031944092 0.08592792 0.11085616
v 0.083572894 0.08474827 0.11121547
v 0.0314857 0.11004588 0.110792
v 0.058225498 0.10877651 0.110694595
v -0.07985478 0.061172783 0.10490579
v -0.080703884 0.08377612 0.109965876
v -0.07928592 0.037715256 0.09808899
v -0.09961409 0.043705523 0.08813956
v -0.10535131 0.065016866 0.09802472
v -0.15613927 0.059393764 0.09399972
v -0.12960048 0.048404068 0.078051075
v -0.07832059 0.017469496 0.08121855
v -0.097703636 0.022200614 0.07561816
v -0.11007559 0.083220094 0.11147092
v -0.13026576 0.39151588 0.09557001
v 0.0033800993 0.085319355 0.11100832
v 0.03131703 0.12947342 0.09755323
v -0.17862836 0.33490622 0.11079138
v -0.07850208 0.3367898 0.09550327
v -0.08681041 0.39182365 0.096849576
v 0.059136305 0.12935309 0.09789155
v -0.057670858 0.17133527 0.10672794
v -0.09173549 0.1954945 0.09816998
v -0.060503114 0.5471109 0.112086594
v 0.1652248 0.305616 0.09567181
v -0.23361719 0.13562079 0.11006595
v -0.08132459 0.36498952 0.10660177
v -0.08422353 0.39198396 0.112268776
v -0.1420075 0.08071761 0.10913036
v -0.08246615 0.10826543 0.11156723
v -0.28163254 0.10791774 0.07805655
v -0.2832653 0.07860227 0.07470252
v 0.035026442 0.23307209 0.09813933
v 0.13969871 0.33493364 0.09557195
v 0.16532917 0.33523336 0.102453366
v 0.2036724 0.16075045 0.111721225
v -0.26051515 0.13635431 0.09779765
v 0.08395201 0.104523644 0.111688234
v 0.22785902 0.12916829 0.098195985
v 0.25107288 0.120249555 0.09185053
v 0.102992594 0.070283204 0.10083968
v -0.08681041 0.39182365 0.096849576
v -0.13026576 0.39151588 0.09557001
v -0.12999429 0.36139596 0.095548734
v -0.13243371 0.42021275 0.09561118
v -0.15721035 0.3629316 0.09682825
v -0.16468231 0.42257017 0.0964574
v -0.15998767 0.33213484 0.09598566
v -0.13308224 0.44674423 0.09572144
v -0.17391476 0.4489966 0.10024925
v -0.17862836 0.33490622 0.11079138
v -0.18931893 0.4450143 0.10554979
v -0.20535395 0.45337743 0.10543541
v -0.18515128 0.42562294 0.11000738
v -0.18931893 0.4450143 0.10554979
v -0.19936927 0.41531348 0.0947785
v -0.2682451 0.60007775 -0.030240873
v -0.2510934 0.6186849 0.0055053774
v -0.25233704 0.6128117 -0.025755923
v -0.26816452 0.6030532 0.002332598
v -0.24657965 0.61932683 0.032732647
v -0.26694304 0.604137 0.02946537
v -0.26413804 0.60031486 0.048336565
v -0.240603 0.61034703 0.05443122
v -0.21603163 0.6195766 0.06357864
v -0.21798047 0.62028337 0.03815757
v -0.22500446 0.6201253 0.010608352
v -0.2323911 0.61664057 -0.020531625
v -0.25530034 0.6190684 -0.05889146
v -0.2331864 0.61938167 -0.0542917
v -0.2530285 0.6222043 -0.09402826
v -0.2324441 0.62320125 -0.09086281
v -0.18297571 0.6202487 0.050404318
v -0.18934534 0.61955255 0.029157694
v -0.16997686 0.6189972 0.029317938
v -0.14946143 0.6153338 0.043474395
v -0.18409112 0.6168916 0.06788167
v -0.14696701 0.61766756 0.05231114
v -0.15129471 0.613906 0.06868646
v -0.12154514 0.6185241 0.06632726
v -0.1250731 0.6203146 0.04709069
v -0.21306416 0.606084 -0.011266123
v -0.23034294 0.6378219 -0.12223865
v -0.25740445 0.6369059 -0.12237726
v -0.2569635 0.63753515 -0.16306324
v -0.23055226 0.6376711 -0.16301198
v -0.2560625 0.6366255 -0.20550996
v -0.22901563 0.6377646 -0.20725755
v -0.25855935 0.6371906 -0.24556169
v -0.23158745 0.6381765 -0.24894531
v -0.21655908 0.60887706 -0.04679121
v -0.25623965 0.60452867 -0.42101854
v -0.25342232 0.6177075 -0.40417898
v -0.23399682 0.61960745 -0.41110772
v -0.23671237 0.6126788 -0.43677127
v -0.21354519 0.61952996 -0.4215666
v -0.21619304 0.61491406 -0.44742298
v -0.190004 0.61956 -0.42831397
v -0.19166909 0.6107782 -0.45239437
v -0.23632438 0.6195668 -0.38318634
v -0.24570563 0.615939 -0.34647357
v -0.22235231 0.61379385 -0.3574944
v -0.21400593 0.6160743 -0.3924796
v -0.19206133 0.6070818 -0.40536642
v -0.25120753 0.61910677 -0.3092575
v -0.2285876 0.6203183 -0.3196985
v -0.2359393 0.62046766 -0.2872985
v -0.25928974 0.6326724 -0.28346342
v -0.22613613 0.62027156 -0.2877695
v -0.20876691 0.60533243 -0.33151615
v -0.19792591 0.60540545 -0.37080407
v -0.21811461 0.61334026 -0.25191057
v 0.17350736 0.60544765 -0.13918003
v 0.16090445 0.6055231 -0.09886056
v 0.18400533 0.6054983 -0.0873475
v 0.196334 0.6054255 -0.13299017
v 0.17627761 0.6053779 -0.1829729
v 0.19991004 0.60537034 -0.18037376
v 0.1793257 0.60537386 -0.22089745
v 0.2075011 0.6053521 -0.21985689
v 0.17947847 0.6053866 -0.25550562
v 0.20578703 0.6053527 -0.25588304
v 0.17642044 0.60541356 -0.28952605
v 0.20630692 0.60536575 -0.28914112
v 0.17138433 0.60545707 -0.32691807
v 0.20231849 0.6053989 -0.3215043
v 0.1693232 0.60549057 -0.3576092
v 0.19820419 0.60544944 -0.3509128
v 0.16683333 0.60547674 -0.38307518
v 0.19517937 0.6054678 -0.37824744
v 0.13893357 0.6054559 -0.38450694
v 0.13935229 0.60548097 -0.3621406
v 0.13700151 0.6055099 -0.3407178
v 0.11265378 0.60543305 -0.36355913
v 0.108428806 0.6054376 -0.3381399
v 0.08561605 0.60542 -0.3662781
v 0.08539151 0.6054348 -0.3886975
v 0.11197952 0.60543525 -0.3867969
v 0.084110625 0.6055571 -0.40829158
v 0.10914516 0.60594785 -0.40864277
v 0.13660714 0.60898644 -0.4053095
v 0.05678496 0.6058918 -0.40887052
v 0.056944445 0.6054281 -0.389843
v 0.02621032 0.60576284 -0.40895808
v 0.026227133 0.60539484 -0.39042103
v -0.0058333687 0.6053716 -0.38968349
v -0.007136183 0.6109033 -0.4091859
v 0.057818007 0.6054181 -0.36789936
v 0.0587195 0.6053911 -0.34572858
v 0.028077235 0.60539234 -0.3685819
v 0.030512067 0.60668623 -0.3467586
v -0.0032729812 0.6053442 -0.3681168
v -0.039922398 0.60534334 -0.38826603
v -0.036513586 0.60529935 -0.3656019
v -0.070435986 0.60527533 -0.35888118
v -0.07381706 0.60529315 -0.38253212
v -0.107169054 0.60533726 -0.3735631
v -0.10482674 0.6053486 -0.34720147
v -0.14749952 0.60537165 -0.33043456
v -0.14205568 0.6053878 -0.3604272
v -0.17690009 0.6053859 -0.3473884
v -0.13751735 0.6054073 -0.3918491
v -0.16932844 0.6054027 -0.38178843
v 0.08314021 0.6054344 -0.34277654
v 0.14711915 0.60536826 -0.2810489
v 0.15338159 0.60541475 -0.25258213
v 0.13702977 0.60548323 -0.3221665
v 0.15978022 0.610453 -0.22349842
v 0.21945442 0.605587 -0.17838071
v 0.22012429 0.62230194 -0.21984261
v 0.15308376 0.60555685 -0.18719047
v 0.21907306 0.61146575 -0.13062789
v 0.15307981 0.6056027 -0.1473358
v 0.14671406 0.60900784 -0.114117585
v 0.16862129 0.6055422 -0.047332138
v 0.19242229 0.6055414 -0.04587118
v 0.21193133 0.60557425 -0.07751143
v 0.20803499 0.6056899 -0.044670273
v 0.22107539 0.61449385 -0.07264651
v 0.20547214 0.6055463 -0.012781097
v 0.1874749 0.6055721 -0.012320718
v 0.18920414 0.60560596 0.01616043
v 0.21013801 0.607656 0.015250813
v 0.16303618 0.60555995 0.01751647
v 0.16414894 0.60555303 -0.010971737
v 0.13641015 0.6055057 -0.007114684
v 0.13336009 0.60633135 0.022998895
v 0.10246311 0.6058887 0.028284613
v 0.105927594 0.60551786 -0.00016239367
v 0.07129057 0.60608923 0.028378267
v 0.07307042 0.60551274 0.004305503
v 0.038959637 0.60572517 0.028127441
v 0.037502468 0.60551786 0.005941551
v -0.12548946 0.60530305 -0.023406941
v -0.11334605 0.60531 0.0065941243
v -0.078395076 0.6052754 0.0071430523
v -0.16149929 0.6053575 -0.026036164
v -0.14421193 0.6053198 0.009382483
v -0.19130015 0.6054193 -0.035803694
v -0.19644856 0.60541534 -0.07517163
v -0.1644741 0.6053564 0.020876521
v -0.17069557 0.6053816 -0.06717138
v -0.14864412 0.6053148 -0.05452025
v -0.15395352 0.6083437 -0.12049248
v -0.17678192 0.60540175 -0.116015784
v -0.20156977 0.605386 -0.11838674
v -0.15254278 0.605652 -0.16626588
v -0.14891241 0.61959046 -0.21206513
v -0.16916133 0.60539985 -0.21081609
v -0.1997906 0.6053871 -0.21013336
v -0.20285636 0.6053798 -0.1639646
v -0.17764361 0.60537887 -0.16500601
v -0.18894354 0.60538614 -0.30229402
v -0.19671421 0.6053897 -0.2567731
v -0.17083654 0.6054024 -0.2579494
v -0.08261278 0.6052636 -0.01747286
v -0.08160399 0.607303 -0.041686893
v -0.039154835 0.6053078 0.0069500217
v -0.04117589 0.60529494 -0.01681149
v -0.00074844446 0.60538626 -0.017231345
v -0.00031008042 0.60542107 0.006781793
v 0.037237827 0.6054653 -0.01751064
v 0.07383982 0.60547245 -0.021264466
v 0.0724511 0.6055237 -0.04252431
v 0.10725369 0.60546935 -0.03356406
v 0.100546286 0.60625875 -0.063289925
v 0.13791494 0.605494 -0.04380288
v 0.12496 0.60533553 -0.08658426
v 0.037755303 0.6101272 -0.038259577
v -0.0417713 0.6057422 -0.040630654
v -0.0006972881 0.60791206 -0.038725898
v -0.15189801 0.60601354 -0.25587505
v -0.13051908 0.6072924 -0.29629534
v -0.09659593 0.60634327 -0.32588983
v -0.064865276 0.6110213 -0.34244478
v -0.10439934 0.6058626 -0.40211987
v -0.07547603 0.61196214 -0.4033292
v 0.00027105975 0.6069679 -0.34718645
v -0.031762816 0.608539 -0.34521818
v 0.00014666338 0.6064839 0.028161237
v -0.036665685 0.61356616 0.026499156
v 0.16454643 0.60595226 -0.40901667
v 0.1922798 0.60561824 -0.4032697
v -0.042195253 0.60587096 -0.4094935
v 0.11875578 0.60665286 -0.2945739
v 0.106515996 0.632762 -0.27985948
v 0.12127184 0.6353496 -0.26940864
v 0.13524507 0.619461 -0.2753814
v 0.10198266 0.6123496 -0.31410456
v 0.08336745 0.6194979 -0.3269993
v -0.16465046 0.61214256 -0.40981883
v -0.162726 0.61782104 -0.4342187
v -0.13428648 0.6141854 -0.41710818
v -0.13399829 0.6204369 -0.43903077
v -0.10119726 0.6199859 -0.4203369
v -0.1033417 0.62402725 -0.44229782
v -0.16827233 0.6055983 0.01631616
v -0.1715701 0.605371 0.011059763
v -0.10411814 0.60894644 0.027567778
v -0.073360234 0.61270666 0.026542777
v -0.13239679 0.6127882 0.029589482
v -0.15170664 0.61125696 0.03794328
v -0.21700446 0.61154735 -0.083537534
v -0.21835613 0.6171175 -0.12136162
v 0.22004735 0.6104483 -0.01253824
v 0.2303429 0.6201824 0.013981201
v 0.22052082 0.6100383 -0.04350476
v 0.25936633 0.6153438 -0.0041906517
v 0.2607364 0.6102946 -0.033420447
v 0.25891125 0.61441624 0.023371376
v 0.2664615 0.6071515 -0.06137561
v 0.24162658 0.62038183 -0.067556374
v 0.25663608 0.61931527 -0.09395651
v 0.23223616 0.62114614 -0.09351424
v 0.27207053 0.6001407 -0.087897256
v 0.25162274 0.6072433 0.044777464
v 0.23404974 0.6198288 0.037890784
v 0.21111804 0.62028116 0.03465205
v 0.23481543 0.6168139 0.05586563
v 0.2148126 0.61982644 0.058164
v 0.19248563 0.61693764 0.0370179
v 0.19164835 0.6200064 0.05923229
v 0.16313091 0.6163652 0.06025801
v 0.16237296 0.61595124 0.03830892
v 0.13203618 0.6194561 0.06004811
v 0.13228057 0.620492 0.037770756
v 0.100469716 0.61751956 0.033028405
v 0.10035679 0.62052387 0.05890991
v 0.2219493 0.61402595 -0.34457207
v 0.21953404 0.6148932 -0.3713789
v 0.22392319 0.6161188 -0.31650257
v 0.22262594 0.6204591 -0.28884107
v 0.24571133 0.6169203 -0.33997077
v 0.24357852 0.61890936 -0.3670181
v 0.24698856 0.6195749 -0.31332976
v 0.24791637 0.6204099 -0.28673697
v 0.21611947 0.6156777 -0.39637375
v 0.23903126 0.61959285 -0.3922072
v 0.2353371 0.618996 -0.41506416
v 0.21287961 0.61955583 -0.41678607
v 0.18951772 0.61960775 -0.41839176
v 0.18917958 0.6186491 -0.44173455
v 0.21254665 0.6184312 -0.44062006
v 0.16285944 0.6151768 -0.44143134
v 0.16362914 0.6162342 -0.42125827
v 0.1343765 0.6188022 -0.4417011
v 0.13440284 0.6187502 -0.42177618
v 0.10529057 0.6231359 -0.44016927
v 0.101347044 0.62005514 -0.41907197
v 0.22022003 0.6269241 -0.25737298
v 0.248004 0.6381452 -0.2597139
v -0.21866873 0.61742175 -0.20899753
v -0.21948534 0.618559 -0.16311875
v 0.24582542 0.6381357 -0.21991211
v 0.27215046 0.6275201 -0.21907541
v 0.27527457 0.6235316 -0.25824642
v 0.2715007 0.62830603 -0.1778151
v 0.24721631 0.63815045 -0.17787258
v 0.24123532 0.6381924 -0.13667774
v 0.2704777 0.6295191 -0.1378431
v 0.22047304 0.6323054 -0.100151986
v 0.2704625 0.62719154 -0.09498271
v 0.14622778 0.6244509 -0.25256646
v 0.100149035 0.621703 0.029488146
v 0.22213465 0.6373925 -0.17825232
v 0.06201726 0.6258766 -0.33599448
v 0.23676053 0.60103613 0.06141326
v -0.16615848 0.6155921 0.03260893
v -0.16820872 0.61711884 0.029487632
v 0.27025265 0.6026288 -0.28661817
v 0.2669866 0.60641855 -0.31049877
v 0.264713 0.6060212 -0.33668953
v 0.26396853 0.60826296 -0.36408192
v 0.26247758 0.6112244 -0.38905537
v 0.2584145 0.6117521 -0.41213357
v -0.098084494 0.62772715 0.039686214
v -0.035542548 0.63536406 0.036178462
v -0.07104581 0.6375668 0.036449943
v 0.0024486273 0.63664854 0.033431143
v 0.039679054 0.6321756 0.034623265
v 0.07353358 0.63597995 0.031517282
v -0.077134356 0.6380969 -0.41284132
v -0.008218862 0.63615894 -0.41373938
v -0.04335035 0.6340816 -0.41428995
v 0.026078908 0.63577104 -0.41203868
v 0.057070922 0.6351128 -0.4106096
v 0.08583276 0.6340551 -0.4118958
v 0.25158793 0.5884607 -0.44045317
v 0.24182469 0.5908139 -0.44776118
v 0.24653201 0.60293084 -0.42793477
v 0.26906294 0.59130895 -0.42778933
v 0.29229093 0.57488084 -0.4327408
v 0.2784189 0.57595396 -0.45173907
v 0.2312129 0.5991914 -0.45661217
v 0.23256835 0.61386645 -0.43675125
v 0.27763695 0.5927216 -0.41004533
v 0.23987743 0.58121717 -0.47729874
v 0.2595092 0.57661647 -0.46678472
v -0.07704117 0.6384045 -0.44545746
v -0.008898843 0.6382537 -0.44365555
v 0.025898758 0.63845 -0.44271195
v 0.058797177 0.6378823 -0.44254243
v -0.043724123 0.63791484 -0.4442798
v 0.08841599 0.63752913 -0.44430768
v 0.097931705 0.61690813 -0.468059
v 0.103942566 0.6058126 -0.45729733
v 0.1361026 0.60361755 -0.45891255
v 0.16393724 0.6013348 -0.45858848
v 0.19031703 0.6017453 -0.4593224
v 0.21304424 0.6018336 -0.45946056
v 0.10124309 0.5874411 -0.472427
v 0.088139385 0.57031685 -0.48722732
v 0.056046166 0.56946146 -0.4874475
v 0.060885035 0.59592015 -0.487543
v 0.116458185 0.5862316 -0.47371042
v 0.13908577 0.58494294 -0.47470105
v 0.11500259 0.5680059 -0.48858815
v 0.14077221 0.56639916 -0.48999226
v 0.16579172 0.58299917 -0.4743895
v 0.16785061 0.56412214 -0.486327
v 0.19240282 0.5822953 -0.47572207
v 0.19500487 0.56210995 -0.48880225
v 0.21698326 0.58151186 -0.47664684
v 0.22155918 0.559402 -0.48982072
v 0.24946135 0.55528295 -0.4897043
v -0.26377714 0.58024186 -0.46191454
v -0.24836354 0.5488828 -0.48856878
v -0.2706498 0.5496355 -0.4698416
v -0.2220416 0.57176185 -0.48466158
v -0.22187223 0.54441285 -0.48979485
v -0.25855118 0.5890195 -0.4311077
v -0.29211926 0.5737375 -0.42015022
v -0.27245915 0.59711075 -0.41365325
v -0.28049845 0.5809258 -0.4443019
v -0.24930307 0.588354 -0.44226992
v -0.23907432 0.59566176 -0.4573055
v -0.29236716 0.5486134 -0.44834656
v -0.24650367 0.57765865 -0.47860307
v -0.2193961 0.5937095 -0.4662369
v -0.19437385 0.58865154 -0.47045732
v -0.19614908 0.5660022 -0.48714256
v -0.17640851 0.559448 -0.48717666
v -0.1962447 0.53911114 -0.4888155
v -0.1732562 0.55773807 -0.49021
v -0.16941169 0.53604853 -0.48565918
v -0.16406386 0.6060569 -0.45506364
v -0.13423999 0.6050893 -0.45776033
v -0.13681567 0.5841685 -0.47506082
v -0.101676375 0.6064969 -0.46096402
v -0.10453092 0.585153 -0.47596616
v -0.07716016 0.59120905 -0.48997158
v -0.14009443 0.5608629 -0.48921573
v -0.106494956 0.5620989 -0.48862797
v -0.07515795 0.5635625 -0.48928082
v -0.07715609 0.61692685 -0.4703387
v -0.044209737 0.59263027 -0.49037838
v -0.0442465 0.61818534 -0.46928412
v -0.010172777 0.5939365 -0.4874531
v -0.009499009 0.6191925 -0.4684255
v 0.026231026 0.620059 -0.46771044
v 0.025486972 0.5956624 -0.48634672
v 0.060961146 0.6199633 -0.46783304
v -0.16750605 0.5846324 -0.47235924
v -0.29258132 0.0729762 -0.4339698
v -0.27554977 0.05528167 -0.42509902
v -0.28216028 0.05794856 -0.40091437
v -0.26875335 0.039712995 -0.39989185
v -0.29523003 0.07756473 -0.40313154
v -0.28364342 0.060147196 -0.3707106
v -0.29539335 0.079582825 -0.37135243
v -0.2849748 0.061356425 -0.33804578
v -0.29630858 0.08064973 -0.3389761
v -0.28442168 0.062999874 -0.30822134
v -0.29780126 0.08133985 -0.30837393
v -0.25609642 0.026531428 -0.4127512
v -0.26366574 0.03710246 -0.4198259
v -0.25577408 0.025156617 -0.4044822
v -0.25693107 0.023431122 -0.4038381
v -0.2692514 0.04136303 -0.36934942
v -0.26895857 0.043328404 -0.3364302
v -0.26917583 0.04564458 -0.30685073
v -0.29438698 0.056985736 -0.2842492
v -0.2780035 0.038707167 -0.285882
v -0.2848205 0.030991644 -0.26209188
v -0.29736966 0.05285865 -0.2568739
v -0.28335893 0.029246002 -0.23171577
v -0.29801935 0.050025642 -0.22717726
v -0.26867592 0.011523247 -0.26828974
v -0.26774472 0.010175973 -0.23540653
v -0.26561952 0.007670045 -0.20234843
v -0.28161794 0.027142167 -0.19903462
v -0.26199806 0.0052442253 -0.17039476
v -0.29757708 0.047208607 -0.19545701
v -0.27968705 0.02475822 -0.16566949
v -0.29677123 0.04591787 -0.16199782
v -0.27796835 0.022557676 -0.13278544
v -0.25745046 0.0028814971 -0.14000084
v -0.27744204 0.023159564 -0.09818509
v -0.29326683 0.049595207 -0.096345395
v -0.29564995 0.045854032 -0.12929098
v -0.25326478 0.03374806 -0.42039418
v -0.246991 0.02336678 -0.41243148
v -0.2538678 0.00074240565 -0.1074344
v -0.24255891 0.027408332 -0.093497396
v -0.22538522 0.0029735267 -0.11731802
v -0.22229913 0.010750502 -0.09176157
v -0.21897155 0.021098107 -0.06765017
v -0.2417536 0.030038208 -0.06524144
v -0.26428163 0.038979173 -0.060252875
v -0.26406354 0.03941381 -0.08681021
v -0.2954464 0.07687119 -0.10010792
v -0.28039593 0.058723837 -0.08073099
v -0.28154868 0.058602422 -0.052708507
v -0.28152692 0.057693273 -0.021429038
v -0.29768556 0.077778324 -0.073404096
v -0.29756516 0.078991905 -0.04317489
v -0.2647583 0.036000818 -0.031236045
v -0.26363343 0.0347929 -0.0038344422
v -0.28079134 0.0568614 0.008147905
v -0.27960056 0.054935068 0.03627399
v -0.2973299 0.07924901 0.01960047
v -0.29620177 0.07827182 0.04888925
v -0.2970454 0.0795016 -0.010851881
v -0.26262528 0.032695472 0.021714712
v -0.2393139 0.022366136 0.009805907
v -0.23556904 0.022340775 0.028536567
v -0.25502795 0.0351426 0.043247007
v -0.23108068 0.022311121 0.04135116
v -0.267605 0.0607588 0.056027386
v -0.2832653 0.07860227 0.07470252
v -0.26231647 0.08055188 0.09663489
v -0.248277 0.06273949 0.07767091
v -0.17603014 0.032295555 0.069479644
v -0.20077623 0.056509912 0.093546875
v -0.19504175 0.035398006 0.077201314
v -0.21984026 0.03404787 0.07529341
v -0.21070643 0.022363663 0.053805303
v -0.23809178 0.039831758 0.060684875
v -0.22879313 0.05629155 0.092575915
v -0.29112875 0.13191232 0.060095016
v -0.2984596 0.108177334 0.0558578
v -0.28163254 0.10791774 0.07805655
v -0.2780549 0.13439728 0.08064176
v -0.27667445 0.16130243 0.08454495
v -0.29506445 0.16090925 0.06583992
v -0.28711188 0.12570183 -0.30629534
v -0.29937726 0.14291215 -0.33550102
v -0.29086417 0.1233172 -0.33713168
v -0.2992711 0.14551033 -0.3053403
v -0.29726893 0.16622059 -0.33244896
v -0.2973178 0.16860777 -0.30413467
v -0.28561383 0.18962486 -0.32924634
v -0.28556275 0.1915799 -0.30206895
v -0.2869801 0.19123654 -0.2727679
v -0.29527593 0.16909365 -0.27416593
v -0.29922992 0.10332878 -0.33855826
v -0.29942548 0.1049027 -0.30738568
v -0.2992506 0.10515128 -0.2775494
v -0.2883709 0.12535241 -0.27586567
v -0.29711032 0.0801173 -0.27990955
v -0.29957938 0.16362068 -0.36255544
v -0.29584348 0.07779233 -0.25227457
v -0.2995674 0.104262605 -0.24953441
v -0.28441244 0.12015504 -0.24833257
v -0.29489118 0.07565415 -0.22346245
v -0.29959595 0.10142557 -0.22074741
v -0.29960454 0.100190654 -0.18924303
v -0.29832357 0.07338467 -0.19209099
v -0.29706347 0.07232943 -0.15948479
v -0.2995901 0.0995322 -0.1573646
v -0.29446024 0.12603404 -0.15481359
v -0.29927307 0.171382 -0.24257088
v -0.28658438 0.19201826 -0.24167937
v -0.29825145 0.26684168 -0.47476774
v -0.29828048 0.30095568 -0.47567266
v -0.27515435 0.30145055 -0.4900406
v -0.27643842 0.33533838 -0.49303836
v -0.27522886 0.26865327 -0.49143738
v -0.27025604 0.2384181 -0.489586
v -0.29313034 0.23584844 -0.4689951
v -0.25530428 0.21748164 -0.47142822
v -0.27266264 0.21631253 -0.44946533
v -0.29830968 0.3362213 -0.47531062
v -0.29848307 0.37062547 -0.47436953
v -0.27708638 0.3685784 -0.48982912
v -0.2790203 0.40131927 -0.49156857
v -0.23992682 0.24557647 -0.4854418
v -0.23296313 0.22062919 -0.48584127
v -0.29898173 0.4037123 -0.4705357
v -0.2863654 0.4283744 -0.45376998
v -0.26917052 0.42866585 -0.47573483
v -0.29450244 0.1857589 -0.42691857
v -0.29552293 0.20517153 -0.42447633
v -0.25193965 0.19231696 -0.46925288
v -0.27369612 0.18964918 -0.44934016
v -0.28298038 0.16090985 -0.45767808
v -0.29874134 0.16180919 -0.4315564
v -0.27774763 0.13089034 -0.45476878
v -0.28440785 0.12231758 -0.4297834
v -0.27664202 0.11743507 -0.45655555
v -0.29763603 0.13742177 -0.43233073
v -0.2796932 0.09513061 -0.46114224
v -0.29908633 0.09957723 -0.43645465
v -0.27419567 0.07088143 -0.4575004
v -0.22966968 0.19641796 -0.48640293
v -0.2603274 0.16255902 -0.47985017
v -0.25104344 0.12541702 -0.467192
v -0.23036167 0.16955271 -0.4899252
v -0.2292558 0.13872263 -0.48804718
v -0.25502306 0.116673425 -0.47965693
v -0.25489902 0.095602766 -0.4844365
v -0.25106508 0.0707781 -0.47860086
v -0.23854248 0.053119272 -0.4591139
v -0.25704634 0.05960253 -0.44074035
v -0.22592938 0.021797955 -0.4363827
v -0.24662717 0.0354802 -0.43024665
v -0.21392465 0.025746703 -0.44820386
v -0.21446386 0.052753508 -0.4694425
v -0.176348 0.060457945 -0.4720826
v -0.17030935 0.032467455 -0.4540341
v -0.1419842 0.04207158 -0.45244694
v -0.15187521 0.061861873 -0.47284293
v -0.17596883 0.064288676 -0.47199434
v -0.12434953 0.065660626 -0.47363508
v -0.11765755 0.047850877 -0.45773757
v -0.15903074 0.08080764 -0.4885941
v -0.13027026 0.08295886 -0.48814285
v -0.10405798 0.053285897 -0.46287757
v -0.10321427 0.06505674 -0.47912675
v -0.09993815 0.056344837 -0.46676606
v -0.081529155 0.057504654 -0.4901281
v -0.22123481 0.07564974 -0.4855321
v -0.18868695 0.07920186 -0.4871081
v -0.100193255 0.036310136 -0.44725823
v -0.21840622 0.022679001 -0.4221052
v -0.2935109 0.21601108 -0.30051833
v -0.28447402 0.21585716 -0.32600647
v -0.29500943 0.21561363 -0.27154022
v -0.2953022 0.2164869 -0.24133028
v -0.28322852 0.19551352 -0.21058558
v -0.29632914 0.21871156 -0.20956415
v -0.2858001 0.19759549 -0.1782959
v -0.2968381 0.22123225 -0.17580904
v -0.2860043 0.20043081 -0.1451422
v -0.29734433 0.22423764 -0.14200412
v -0.29921347 0.22641212 -0.11038349
v -0.2871669 0.20217542 -0.112301074
v -0.28933352 0.20584336 -0.08023334
v -0.29828405 0.23059627 -0.08011656
v -0.28344882 0.21156576 -0.041563295
v -0.29290116 0.1987477 -0.39771312
v -0.29552293 0.20517153 -0.42447633
v -0.29450244 0.1857589 -0.42691857
v -0.29899943 0.17834051 -0.38399518
v -0.29954726 0.15926267 -0.39131194
v -0.29874134 0.16180919 -0.4315564
v -0.2971604 0.23853502 -0.43966305
v -0.2969733 0.23910102 -0.40744287
v -0.29802126 0.23950274 -0.38363194
v -0.29829186 0.24077645 -0.3585359
v -0.29798466 0.27211207 -0.38479406
v -0.2986986 0.27373266 -0.3590802
v -0.2956574 0.30696172 -0.36194408
v -0.29794443 0.3052884 -0.38771313
v -0.2979197 0.33880687 -0.38973707
v -0.2969452 0.34038615 -0.36157042
v -0.29814488 0.2687367 -0.44642454
v -0.2988025 0.14186774 -0.39964718
v -0.29763603 0.13742177 -0.43233073
v -0.2969482 0.27057266 -0.41469592
v -0.29932022 0.21247917 -0.37785643
v -0.29977846 0.20967524 -0.38085353
v -0.28563988 0.21335864 -0.3485704
v -0.28089935 0.24341744 -0.34396797
v -0.28440785 0.12231758 -0.4297834
v -0.2929814 0.12363736 -0.4014777
v -0.29911566 0.10116665 -0.40338308
v -0.29908633 0.09957723 -0.43645465
v -0.29523003 0.07756473 -0.40313154
v -0.29258132 0.0729762 -0.4339698
v -0.29883254 0.10196531 -0.3709504
v -0.29539335 0.079582825 -0.37135243
v -0.28447402 0.21585716 -0.32600647
v -0.29096335 0.24468517 -0.3255118
v -0.28561383 0.18962486 -0.32924634
v -0.2911818 0.18829283 -0.3610654
v -0.279572 0.30794325 -0.34433192
v -0.2790408 0.34201112 -0.34234667
v -0.29136878 0.27533647 -0.3246627
v -0.29889315 0.24513218 -0.29948872
v -0.29890323 0.2758666 -0.29921305
v -0.2987572 0.308785 -0.2983647
v -0.29172772 0.3087997 -0.32419956
v -0.3003168 0.30890042 -0.26962674
v -0.30035573 0.27602965 -0.2702319
v -0.29926068 0.2454758 -0.27062863
v -0.30067247 0.30894962 -0.23883912
v -0.3007123 0.27577224 -0.2393979
v -0.3006981 0.34421787 -0.2372772
v -0.3007893 0.34468353 -0.20351982
v -0.30083257 0.3091301 -0.20477906
v -0.30102903 0.34508505 -0.16803087
v -0.30129087 0.31044143 -0.16942571
v -0.3000996 0.34583378 -0.13538292
v -0.3015126 0.31217426 -0.1361907
v -0.30096298 0.3785564 -0.16793428
v -0.3010893 0.3786538 -0.13544904
v -0.3019241 0.41025937 -0.13643408
v -0.30141348 0.40946394 -0.16833664
v -0.30011582 0.4066274 -0.10674863
v -0.3014472 0.37719637 -0.106011346
v -0.28868306 0.4358265 -0.16891104
v -0.2874769 0.44465083 -0.13861747
v -0.2940966 0.4355864 -0.10801042
v -0.29886138 0.40268558 -0.07753224
v -0.29935896 0.3749812 -0.07707681
v -0.2988096 0.34521237 -0.07738786
v -0.28966188 0.34416723 -0.05168028
v -0.28950262 0.3725813 -0.051068183
v -0.30186075 0.3148195 -0.076588735
v -0.29038686 0.31609443 -0.05297972
v -0.29726768 0.3696978 -0.022479748
v -0.28548944 0.34357038 -0.030789502
v -0.29736137 0.36882472 -0.007952819
v -0.29762888 0.34169978 -0.022120431
v -0.29631126 0.3435333 0.016836494
v -0.29617512 0.370106 0.018902037
v -0.29592234 0.34406322 0.046499338
v -0.29579282 0.37170553 0.04661608
v -0.2960965 0.39382222 0.021255055
v -0.29878098 0.34462383 0.0725657
v -0.2988122 0.37434316 0.07274208
v -0.29849315 0.31390095 0.071023226
v -0.29600823 0.31501484 0.04462883
v -0.2960574 0.28679708 0.041371606
v -0.29790193 0.28409922 0.068308495
v -0.29612052 0.2603143 0.036389064
v -0.29717648 0.25678465 0.06349408
v -0.29576617 0.39763117 0.045658436
v -0.29744387 0.3167945 -0.022153394
v -0.29645103 0.3158534 0.014797416
v -0.29658878 0.2883619 0.01227483
v -0.29824764 0.34490657 0.095771626
v -0.29949892 0.31255051 0.09497537
v -0.2965492 0.2323696 0.05492674
v -0.2962606 0.23678838 0.029353995
v -0.29701722 0.2381587 0.005796198
v -0.30019176 0.28134364 0.0930935
v -0.2998402 0.25135458 0.0892898
v -0.29361182 0.2167904 0.020962996
v -0.29600108 0.21184365 0.04706609
v -0.29959643 0.21494924 0.00592045
v -0.30073452 0.43150872 -0.20090473
v -0.3005454 0.40682292 -0.20162201
v -0.28359967 0.45435274 -0.19910435
v -0.28899395 0.45830375 -0.17043224
v -0.29917347 0.40740585 -0.23460881
v -0.29719335 0.43270373 -0.23251566
v -0.2990613 0.40797243 -0.26622254
v -0.29535896 0.43619218 -0.26503307
v -0.30040842 0.37759084 -0.23594844
v -0.29719537 0.39315915 -0.0044941446
v -0.29774326 0.39453065 -0.022163644
v -0.30194294 0.28576064 -0.07786322
v -0.29117435 0.28751844 -0.053966813
v -0.30180782 0.28366888 -0.10640492
v -0.30157638 0.31369862 -0.10533325
v -0.29884058 0.25855532 -0.07963116
v -0.2997405 0.2553637 -0.10825368
v -0.29828405 0.23059627 -0.08011656
v -0.29921347 0.22641212 -0.11038349
v -0.29006398 0.23431566 -0.053645216
v -0.29924494 0.2524714 -0.13954547
v -0.29734433 0.22423764 -0.14200412
v -0.30143702 0.2783682 -0.17153382
v -0.2979312 0.3765413 0.09614322
v -0.30162752 0.28101704 -0.13773492
v -0.2994678 0.34575707 -0.105472706
v -0.29882842 0.4078067 -0.29625815
v -0.29444075 0.43698674 -0.29626828
v -0.28093362 0.44276267 -0.32743573
v -0.29159796 0.40749303 -0.32323086
v -0.29925495 0.377101 -0.267416
v -0.28570986 0.31684604 -0.032415893
v -0.3007931 0.37805995 -0.20252746
v -0.29191792 0.26140755 -0.05448932
v -0.28467298 0.44656903 -0.34493744
v -0.28141707 0.4058396 -0.3451875
v -0.29313034 0.23584844 -0.4689951
v -0.27266264 0.21631253 -0.44946533
v -0.2833534 0.27450508 -0.3440743
v -0.30099505 0.27636164 -0.20642748
v -0.2926603 0.3754656 -0.32281405
v -0.2981246 0.40102372 -0.3689531
v -0.29987514 0.429829 -0.36597508
v -0.29925632 0.3431544 -0.2972871
v -0.29957938 0.16362068 -0.36255544
v -0.29853797 0.14125149 -0.36686176
v -0.29726893 0.16622059 -0.33244896
v -0.28491443 0.37365353 -0.34250623
v -0.29825145 0.26684168 -0.47476774
v -0.28797215 0.41675907 -0.38546276
v -0.2978205 0.40127105 -0.39336175
v -0.2995271 0.45022732 -0.385064
v -0.29726303 0.4012661 -0.41492027
v -0.29779476 0.40134585 -0.44171417
v -0.2969802 0.42822218 -0.42459702
v -0.2972129 0.37029538 -0.41889602
v -0.29807502 0.37048894 -0.44744462
v -0.29898173 0.4037123 -0.4705357
v -0.2863654 0.4283744 -0.45376998
v -0.2979173 0.37066123 -0.39120686
v -0.28932065 0.4601036 -0.3967455
v -0.27995062 0.45002857 -0.43719107
v -0.2981106 0.40277153 0.06984815
v -0.30021453 0.24717104 -0.20823865
v -0.29637903 0.42345235 0.039159905
v -0.29630297 0.4305096 0.060556196
v -0.29002792 0.45161963 0.05250551
v -0.296251 0.45405897 0.030190874
v -0.28118718 0.4747402 0.011336136
v -0.2967292 0.26242563 0.009290169
v -0.29684836 0.4075577 0.09375374
v -0.29961264 0.24616477 -0.24023752
v -0.29632914 0.21871156 -0.20956415
v -0.2953022 0.2164869 -0.24133028
v -0.2935109 0.21601108 -0.30051833
v -0.30067986 0.24954447 -0.1737206
v -0.2968381 0.22123225 -0.17580904
v -0.2982219 0.18857476 0.045010313
v -0.29419923 0.19537129 0.022620834
v -0.29889363 0.15988454 0.041838314
v -0.29918897 0.15874378 0.016268559
v -0.28392804 0.18573897 0.061054222
v -0.29506445 0.16090925 0.06583992
v -0.29331434 0.1313981 0.0045458684
v -0.2913016 0.13186401 0.035258107
v -0.29112875 0.13191232 0.060095016
v -0.28988576 0.19856054 0.018109014
v -0.29947585 0.15618183 -0.013211631
v -0.2848466 0.18705724 0.007834974
v -0.2996903 0.15686584 -0.04921012
v -0.2867629 0.18484004 -0.034954026
v -0.29966992 0.15531476 -0.08520706
v -0.2894202 0.17997232 -0.080518804
v -0.29963475 0.15372895 -0.11879411
v -0.29169 0.1788933 -0.11500158
v -0.29963267 0.1518701 -0.15158705
v -0.29013956 0.17526737 -0.14856188
v -0.2926684 0.17312409 -0.1812305
v -0.29954618 0.1483012 -0.18380791
v -0.282557 0.19760957 0.008776206
v -0.2871669 0.20217542 -0.112301074
v -0.28933352 0.20584336 -0.08023334
v -0.29422885 0.16827141 -0.212555
v -0.299509 0.14558522 -0.21520156
v -0.28853983 0.1290258 -0.09113503
v -0.29613143 0.12728262 -0.12279108
v -0.2987666 0.2140734 -0.016207494
v -0.290415 0.12372561 -0.21754314
v -0.29116476 0.124318525 -0.18568164
v -0.28441244 0.12015504 -0.24833257
v -0.29956365 0.14538935 -0.2450874
v -0.29921657 0.14668438 -0.27513576
v -0.2883709 0.12535241 -0.27586567
v -0.28711188 0.12570183 -0.30629534
v -0.2992711 0.14551033 -0.3053403
v -0.29527593 0.16909365 -0.27416593
v -0.29959595 0.10142557 -0.22074741
v -0.29960454 0.100190654 -0.18924303
v -0.2995674 0.104262605 -0.24953441
v -0.28344882 0.21156576 -0.041563295
v -0.28472656 0.21915773 -0.03650726
v -0.2945463 0.13010581 -0.057530332
v -0.29927307 0.171382 -0.24257088
v -0.28970128 0.13106722 -0.024503693
v -0.2860043 0.20043081 -0.1451422
v -0.2858001 0.19759549 -0.1782959
v -0.29940253 0.10118039 -0.12638432
v -0.299524 0.1038475 -0.0959373
v -0.2954464 0.07687119 -0.10010792
v -0.29618192 0.072999686 -0.12828888
v -0.29326683 0.049595207 -0.096345395
v -0.29564995 0.045854032 -0.12929098
v -0.2995901 0.0995322 -0.1573646
v -0.29768556 0.077778324 -0.073404096
v -0.29706347 0.07232943 -0.15948479
v -0.29677123 0.04591787 -0.16199782
v -0.29500943 0.21561363 -0.27154022
v -0.29832357 0.07338467 -0.19209099
v -0.29757708 0.047208607 -0.19545701
v -0.29705846 0.3034487 -0.4180482
v -0.29708552 0.23858102 -0.017586531
v -0.3002345 0.34372 -0.26848817
v -0.29890704 0.37644762 -0.2964008
v -0.29850972 0.30188054 -0.44839102
v -0.29828048 0.30095568 -0.47567266
v -0.29830968 0.3362213 -0.47531062
v -0.2989536 0.104361355 -0.06619586
v -0.29848307 0.37062547 -0.47436953
v -0.29714197 0.33751854 -0.41960484
v -0.29729295 0.26321453 -0.01590325
v -0.295627 0.43203437 -0.0789763
v -0.28660172 0.4556151 -0.08011692
v -0.28213006 0.4535022 -0.055210892
v -0.28614432 0.4269679 -0.05176089
v -0.2823878 0.4515467 -0.033610635
v -0.29770732 0.41205063 -0.022183979
v -0.2997098 0.4882824 -0.02554124
v -0.28742683 0.45917463 -0.10900734
v -0.29630858 0.08064973 -0.3389761
v -0.29922992 0.10332878 -0.33855826
v -0.29942548 0.1049027 -0.30738568
v -0.29780126 0.08133985 -0.30837393
v -0.29711032 0.0801173 -0.27990955
v -0.29438698 0.056985736 -0.2842492
v -0.28442168 0.062999874 -0.30822134
v -0.29584348 0.07779233 -0.25227457
v -0.29736966 0.05285865 -0.2568739
v -0.29801935 0.050025642 -0.22717726
v -0.28938198 0.12202886 -0.36990762
v -0.2856521 0.2630268 -0.033393294
v -0.28322852 0.19551352 -0.21058558
v -0.28658438 0.19201826 -0.24167937
v -0.2984596 0.108177334 0.0558578
v -0.28804433 0.46211523 -0.13952158
v -0.29255635 0.3424247 -0.32248992
v -0.2982694 0.37190825 -0.36391443
v -0.29446024 0.12603404 -0.15481359
v -0.2988248 0.107730225 0.028464498
v -0.28904772 0.39893895 -0.05057285
v -0.2937367 0.42246953 -0.0016589282
v -0.2940998 0.4147358 -0.0017098911
v -0.2973299 0.07924901 0.01960047
v -0.29620177 0.07827182 0.04888925
v -0.28328794 0.469723 -0.3903942
v -0.29250813 0.47664917 -0.44397336
v -0.29888314 0.48328644 -0.39776635
v -0.29533648 0.5070868 -0.44543457
v -0.29817778 0.5044866 -0.40988863
v -0.27219772 0.50295484 -0.46789306
v -0.26871526 0.47451508 -0.46427166
v -0.25841182 0.44794464 -0.458488
v -0.26917052 0.42866585 -0.47573483
v -0.29743403 0.29181933 -0.022142675
v -0.29839182 0.10662942 0.0012098416
v -0.2970454 0.0795016 -0.010851881
v -0.29756516 0.078991905 -0.04317489
v -0.296027 0.41272986 0.018968835
v -0.28234822 0.2127536 -0.048235126
v -0.28572863 0.23868203 -0.03478079
v -0.29889625 0.10608497 -0.032879654
v -0.2849958 0.28868148 -0.032604195
v -0.2987665 0.33683443 -0.448973
v -0.29086417 0.1233172 -0.33713168
v -0.29937726 0.14291215 -0.33550102
v -0.2996875 0.20528945 -0.3852046
v -0.282557 0.19760957 0.008776206
v -0.29361182 0.2167904 0.020962996
v -0.28026325 0.21740383 0.01696336
v -0.29959643 0.21494924 0.00592045
v -0.2987666 0.2140734 -0.016207494
v -0.29708552 0.23858102 -0.017586531
v -0.28572863 0.23868203 -0.03478079
v 0.06272133 0.2568674 0.3986184
v 0.06562098 0.25485504 0.4128796
v 0.07931188 0.2233825 0.4563905
v 0.021038728 0.42160898 0.20723541
v 0.030711731 0.42013878 0.18246481
v 0.030378977 0.41825157 0.1965134
v -0.07464228 0.29724163 0.4206717
v -0.07291264 0.28075853 0.4339941
v -0.0640089 0.2817436 0.41933393
v -0.085306175 0.2954134 0.43915838
v -0.064422645 0.25578052 0.40830237
v -0.06800919 0.256026 0.42085063
v -0.06387196 0.2735779 0.38046652
v -0.07353942 0.279086 0.44093925
v -0.084410414 0.28682333 0.4636976
v -0.06637179 0.2478672 0.44317496
v -0.070760876 0.26670328 0.43780768
v -0.077058 0.25850374 0.47076523
v -0.07737067 0.2382322 0.49303836
v -0.077058 0.25850374 0.47076523
v -0.092373244 0.25526443 0.4780295
v -0.06962471 0.23992792 0.4772756
v -0.074139826 0.2293606 0.456811
v -0.06637179 0.2478672 0.44317496
v -0.07733398 0.21813017 0.45416605
v -0.063323125 0.22545016 0.41814816
v -0.057039827 0.2234847 0.480294
v -0.046016708 0.21455377 0.4838361
v -0.07353942 0.279086 0.44093925
v -0.06441457 0.21812573 0.49278522
v -0.060227837 0.21740773 0.48210675
v -0.07353942 0.279086 0.44093925
v -0.06637179 0.2478672 0.44317496
v -0.070760876 0.26670328 0.43780768
v 0.067611076 0.2729833 0.37758172
v 0.055674594 0.26544017 0.3920874
v 0.060880166 0.2681613 0.38326693
v 0.17459822 0.022945493 0.0584481
v 0.20098653 0.04784313 0.08708316
v 0.17503925 0.030309469 0.05866741
v -0.23296921 0.007882804 -0.1540687
v -0.22744404 0.013286233 -0.13498625
v -0.22538522 0.0029735267 -0.11731802
v -0.22079897 0.02130726 -0.11218059
v -0.2538678 0.00074240565 -0.1074344
v -0.22229913 0.010750502 -0.09176157
v -0.21897155 0.021098107 -0.06765017
v -0.1027081 0.021994442 -0.4262244
v -0.08699302 0.016682059 -0.41702038
v -0.11624349 0.02167517 -0.38658184
v -0.117209055 0.021916926 -0.41865247
v -0.07283417 0.022147655 -0.39563274
v -0.06617761 0.02287069 -0.4296105
v -0.12823741 0.021824628 -0.41960156
v -0.14973712 0.005211979 -0.3783
v -0.14688577 0.0055743456 -0.35259205
v -0.13088676 0.022887766 -0.35883158
v -0.14556997 0.0076963305 -0.326939
v -0.13109592 0.023222655 -0.33558095
v -0.17766902 0.0050081313 -0.3734091
v -0.13063374 0.023179948 -0.32006794
v -0.13883135 0.022161126 -0.31054705
v -0.15929785 0.022707045 -0.2746362
v -0.12010321 0.024594635 -0.31282485
v -0.0939819 0.022075564 -0.33245766
v -0.171017 0.013356298 -0.32439303
v -0.1702604 0.021335572 -0.30036032
v -0.04081391 0.022414297 -0.40460968
v -0.042248406 0.031523436 -0.43400365
v -0.0495334 0.022162616 -0.3686564
v -0.0074925264 0.022197813 -0.39947277
v -0.013462602 0.022070408 -0.37063128
v 0.026369063 0.022212088 -0.39414662
v 0.02213903 0.022110015 -0.36775506
v 0.017638482 0.021524519 -0.3442955
v -0.021589432 0.019769073 -0.34360176
v -0.06328244 0.021431863 -0.3420081
v -0.1736452 0.0052036047 -0.34725422
v 0.008042568 0.01926431 -0.424007
v 0.032060828 0.018933088 -0.4172992
v -0.08535471 0.022022694 -0.36219043
v 0.055726618 0.020212084 -0.34275925
v 0.056238085 0.022085905 -0.36474591
v 0.09303742 0.022741616 -0.33782548
v 0.09002967 0.02231273 -0.36076128
v 0.09522661 0.017230868 -0.31714433
v 0.1234281 0.02177623 -0.30147922
v 0.12988286 0.017400295 -0.27380532
v 0.0903624 0.0048774183 -0.2963873
v 0.14732814 0.020859182 -0.27392143
v 0.07498792 0.008094788 -0.266083
v 0.10468561 0.008110523 -0.24900597
v 0.12775092 0.0048659444 -0.25932437
v 0.07161191 0.00813666 -0.22754513
v 0.10309239 0.008131504 -0.2208685
v 0.17117995 0.02180034 -0.2734434
v 0.1630295 0.021664828 -0.30179346
v 0.04031306 0.008151621 -0.267146
v 0.033375632 0.008149892 -0.22954209
v 0.06835186 0.00813961 -0.18871142
v 0.02793497 0.008154124 -0.19049883
v 0.06144219 0.008136392 -0.1516413
v 0.020671023 0.0081576705 -0.15162523
v 0.009478518 0.008171856 -0.112326056
v 0.051756326 0.008132964 -0.117847204
v -0.017768446 0.008237213 -0.15019298
v -0.02812291 0.00821346 -0.1100468
v 0.09085975 0.00755018 -0.12103564
v -0.053066883 0.008135796 -0.1491258
v -0.059933096 0.008140147 -0.10946345
v -0.08353446 0.008143872 -0.14939256
v -0.08623361 0.008130968 -0.11235598
v -0.08375322 0.008164406 -0.18773419
v -0.11304128 0.008083135 -0.15101467
v -0.11320359 0.00820297 -0.18627562
v -0.049537394 0.008153737 -0.18845859
v 0.09710302 0.008131981 -0.15103994
v -0.11060738 0.012333065 -0.08732205
v -0.0753078 0.005016893 -0.07637852
v -0.0041147354 0.008325845 -0.07886202
v -0.10294336 0.007086575 -0.11556941
v -0.1402049 0.009841919 -0.11909722
v -0.010837888 0.008206457 -0.18988334
v -0.04131991 0.0060042143 -0.07483843
v -0.112825334 0.0078808665 -0.22152665
v 0.036744196 0.007957041 -0.085976355
v 0.078174494 0.0072911084 -0.09280054
v -0.12614799 0.023697704 -0.064962216
v -0.088435985 0.020006567 -0.052234117
v -0.14157805 0.0069488585 -0.18492286
v -0.0052670552 0.00811258 -0.22828016
v -0.14212108 0.0057781935 -0.21808916
v 0.10075815 0.008140385 -0.18553653
v -0.09817453 0.021591038 -0.027159654
v -0.1301248 0.018504232 -0.038081393
v -0.13101345 0.017777145 -0.007526561
v -0.10194182 0.021542668 0.0027506985
v -0.15732457 0.005457133 -0.045870245
v -0.15636362 0.005114615 -0.014345919
v -0.18806754 0.0054567456 -0.046160378
v -0.18663384 0.0051448643 -0.017144747
v -0.15527219 0.0050261617 0.015110565
v -0.18513796 0.005392164 0.010682994
v -0.1901395 0.021861136 -0.069420055
v -0.21645424 0.008996755 -0.016485766
v -0.21074408 0.019076526 0.0059181564
v -0.18200205 0.018140584 0.03295775
v -0.20851895 0.022069156 0.0289952
v -0.0731862 0.021446258 0.012150783
v -0.06602067 0.022119671 -0.019810993
v -0.040658955 0.021387845 0.016820684
v -0.032366008 0.021897614 -0.01840959
v -0.011073425 0.02141571 0.02212085
v 0.0035389964 0.021855354 -0.022659868
v 0.020148063 0.0059616864 -0.05194576
v 0.0096235685 0.020880848 0.03905914
v -0.15518248 0.017076313 0.0377399
v -0.18188857 0.022565126 0.054525405
v -0.21070643 0.022363663 0.053805303
v -0.23108068 0.022311121 0.04135116
v -0.23556904 0.022340775 0.028536567
v -0.19504175 0.035398006 0.077201314
v -0.21984026 0.03404787 0.07529341
v -0.17603014 0.032295555 0.069479644
v -0.08021935 0.012862533 0.041123845
v -0.04821524 0.0060281754 0.041014653
v 0.043730017 0.020331621 -0.032903407
v -0.13129003 0.021301687 0.019931901
v 0.13074915 0.0058564246 -0.21766028
v -0.21894379 0.008072704 -0.043340586
v -0.21897155 0.021098107 -0.06765017
v -0.24141552 0.022013247 -0.013039785
v 0.047023717 0.0073438585 -0.29745495
v -0.16070674 0.020878911 -0.06822093
v -0.10710465 0.019420236 -0.30981314
v -0.112829104 0.007894516 -0.28365928
v 0.12578687 0.022434652 -0.32963932
v 0.116698705 0.022166103 -0.35762155
v -0.19256437 0.017693788 -0.32080138
v -0.19060679 0.021291524 -0.29634303
v -0.19096728 0.021391422 -0.27034223
v -0.17208119 0.021235526 -0.27265453
v -0.15955907 0.021681905 -0.27301627
v -0.08080316 0.008076936 -0.22475089
v 0.19867574 0.02174133 -0.2706098
v 0.19084354 0.021680415 -0.2994672
v 0.22460712 0.020183027 -0.29245532
v 0.22584288 0.019992858 -0.2661755
v 0.18054286 0.014099181 -0.32486778
v 0.20963904 0.0144589245 -0.32301074
v 0.20188604 0.0052362382 -0.34948486
v 0.171311 0.0052415133 -0.350461
v 0.13406344 0.012973517 -0.35378563
v 0.22948682 0.021529406 -0.23952663
v 0.2015722 0.021735162 -0.24191993
v 0.20113671 0.021743625 -0.21053949
v 0.22425433 0.018214524 -0.209439
v 0.23031259 0.020783186 -0.17757271
v 0.20267315 0.021757603 -0.17838316
v 0.23154391 0.018730879 -0.14460953
v 0.20359401 0.021778822 -0.14467745
v 0.1769612 0.022174388 -0.21227957
v 0.23004921 0.016783059 -0.29228806
v 0.19584966 0.021707833 -0.11536046
v 0.22370698 0.021656632 -0.113631524
v 0.20871486 0.021579117 -0.087018296
v 0.18593223 0.021619797 -0.08732296
v 0.2035176 0.016595334 -0.06086191
v 0.17860422 0.019893795 -0.061818197
v 0.19694632 0.0051503778 -0.03770268
v 0.17053697 0.005793065 -0.04206716
v 0.2225082 0.00925532 -0.03250879
v 0.18930668 0.0051396787 -0.012333494
v 0.1626673 0.005152911 -0.017329456
v 0.18099138 0.0070580244 0.012498367
v 0.15532629 0.00540784 0.00787933
v 0.20495963 0.018852144 0.01733093
v 0.13784331 0.010014534 -0.021992166
v 0.13096535 0.016392827 0.003736158
v 0.17509176 0.018991083 0.035651375
v 0.12564214 0.021862417 -0.028269246
v 0.099672616 0.021722257 0.0062963692
v 0.15186873 0.011063516 0.030302417
v 0.12786607 0.020305306 0.02604226
v 0.14320281 0.0075160563 -0.04555403
v 0.2263769 0.016474426 -0.05883527
v 0.22406135 0.01641506 -0.08763657
v 0.18936874 0.021612734 0.04445021
v 0.21477818 0.012430012 -0.0065008947
v 0.1757138 0.02497369 -0.14643149
v 0.16983339 0.025286168 -0.11702669
v 0.16265883 0.021578431 -0.089608386
v 0.17611516 0.022596508 -0.24399261
v 0.1768777 0.022552818 -0.17922506
v -0.2393139 0.022366136 0.009805907
v -0.16857836 0.022474378 -0.2445229
v -0.19028999 0.021275133 -0.24216354
v 0.00041334034 0.007906735 -0.26573926
v 0.056536093 0.022211611 -0.38918084
v 0.10097116 0.022206277 -0.3749717
v 0.124992624 0.022876441 -0.030038726
v 0.042460687 0.026308715 0.025050223
v 0.070837334 0.021762908 -0.014245336
v 0.081318736 0.020547688 -0.043257654
v -0.20892368 0.021319449 -0.294128
v -0.2102796 0.022542685 -0.31918705
v -0.21002205 0.021342129 -0.26857668
v -0.0453839 0.007979006 -0.22622226
v -0.040891584 0.0075854063 -0.26175612
v 0.059756473 0.0048399866 -0.06239085
v 0.12322618 0.016997635 -0.0953446
v 0.121516205 0.015506655 -0.09484907
v -0.03588959 0.007462144 -0.29262382
v -0.074710496 0.005822003 -0.28857332
v -0.078432985 0.0075645745 -0.25783598
v 0.12735474 0.0057540536 -0.14925283
v 0.12307094 0.0051490664 -0.1177718
v -0.22393417 0.022074074 -0.31705272
v -0.2236324 0.019329876 -0.29166472
v -0.22518039 0.021636993 -0.3131317
v -0.23622938 0.02228859 -0.31039697
v -0.24085751 0.017036438 -0.288706
v -0.22929679 0.01552707 -0.3226071
v -0.22338931 0.013191193 -0.27358085
v -0.23527087 0.000664711 -0.27076906
v -0.14631328 0.0069885254 -0.24937876
v -0.16593793 0.020054638 -0.21452463
v -0.16355851 0.021573514 -0.18308756
v -0.029678622 0.0049936473 -0.320844
v 0.011826357 0.005451858 -0.3223521
v 0.1548782 0.013608366 -0.21498246
v 0.14033741 0.020708412 -0.09316089
v 0.15497227 0.014058739 -0.18073773
v 0.15338838 0.012578994 -0.14780967
v 0.15085882 0.011627257 -0.3230893
v 0.12586823 0.022351265 -0.38312995
v -0.16296445 0.021493345 -0.094876885
v -0.16385217 0.024996608 -0.12353607
v 0.1029712 0.020427525 -0.42266643
v 0.11560656 0.022816718 -0.41262996
v 0.08907326 0.022213459 -0.3945673
v 0.14059663 0.015325248 -0.4097162
v 0.13649172 0.008151889 -0.3823924
v -0.113436185 0.005732298 -0.253626
v -0.072385654 0.0059218705 -0.31775856
v 0.15339734 0.018924743 -0.06534867
v -0.26363343 0.0347929 -0.0038344422
v -0.26262528 0.032695472 0.021714712
v -0.2647583 0.036000818 -0.031236045
v -0.019694107 0.010014623 -0.04606442
v 0.11960456 0.021500587 -0.046294168
v 0.12657958 0.025211811 0.043733876
v 0.15149647 0.024800867 0.04798592
v 0.15291023 0.031058282 0.06449352
v 0.1269492 0.036070257 0.059107937
v 0.10523069 0.021470904 0.029126294
v 0.10069598 0.020377785 0.04465343
v 0.052928194 0.0059551 -0.32358748
v -0.22079897 0.02130726 -0.11218059
v -0.2424133 0.02421993 -0.038225643
v -0.2417536 0.030038208 -0.06524144
v -0.26428163 0.038979173 -0.060252875
v 0.048163053 0.02800423 0.030022752
v 0.083391435 0.025559783 0.037888713
v 0.005580831 0.00782761 -0.2951671
v -0.019517228 0.02553901 -0.43354708
v 0.23140524 0.02154538 0.026645713
v 0.21739207 0.021576822 0.050112564
v 0.23971653 0.021580696 0.00042179064
v 0.26281172 0.031048656 0.008594365
v 0.25561053 0.030045658 0.036909513
v 0.19243687 0.022212297 0.062226765
v 0.23962323 0.03555283 0.05935822
v 0.22283223 0.037657976 0.07845305
v 0.055624187 0.019546181 -0.4093321
v 0.24370568 0.0226807 -0.027142024
v 0.26409733 0.034710824 -0.02122091
v -0.25891054 0.0265975 -0.28554124
v -0.26867592 0.011523247 -0.26828974
v -0.23888324 0 -0.23776846
v -0.26774472 0.010175973 -0.23540653
v 0.15376732 0.014202654 -0.24715497
v 0.17459822 0.022945493 0.0584481
v 0.17503925 0.030309469 0.05866741
v -0.1550227 0.024641722 0.056716707
v -0.10108908 0.035397112 0.062587306
v -0.12960048 0.048404068 0.078051075
v -0.09961409 0.043705523 0.08813956
v -0.097703636 0.022200614 0.07561816
v -0.099268116 0.010035574 0.05376524
v -0.056026213 0.01228267 -0.043882534
v 0.1280385 0.021712452 -0.0692319
v 0.14869368 0.014218599 -0.118102886
v -0.123498775 0.022170663 0.042811587
v 0.12928458 0.0053284764 -0.18288706
v -0.1413663 0.0063892007 -0.15164989
v -0.16320555 0.02428478 -0.15280539
v -0.18908304 0.02156508 -0.21164525
v -0.26561952 0.007670045 -0.20234843
v -0.23549344 0.002875924 -0.20446345
v -0.26199806 0.0052442253 -0.17039476
v -0.23144889 0.0010692477 -0.17413737
v -0.23296921 0.007882804 -0.1540687
v -0.25745046 0.0028814971 -0.14000084
v -0.2538678 0.00074240565 -0.1074344
v -0.20484011 0.01070568 -0.36872685
v 0.09678989 0.013953835 -0.06817394
v -0.20048189 0.0052218437 -0.3405164
v -0.18813814 0.02147293 -0.18153277
v -0.21230642 0.021577507 -0.20875435
v -0.21363817 0.021427006 -0.24002118
v -0.23888324 0 -0.23776846
v -0.21363817 0.021427006 -0.24002118
v -0.21230642 0.021577507 -0.20875435
v -0.23549344 0.002875924 -0.20446345
v -0.2129099 0.021533668 -0.17782767
v -0.23144889 0.0010692477 -0.17413737
v -0.18813814 0.02147293 -0.18153277
v -0.21273452 0.021436691 -0.15454216
v -0.18858021 0.02145502 -0.15386644
v -0.20900711 0.021386266 -0.12287296
v -0.18997408 0.021413803 -0.12450164
v -0.16385217 0.024996608 -0.12353607
v -0.19265527 0.0213947 -0.09729319
v -0.16296445 0.021493345 -0.094876885
v -0.16070674 0.020878911 -0.06822093
v -0.1901395 0.021861136 -0.069420055
v -0.23296921 0.007882804 -0.1540687
v -0.22744404 0.013286233 -0.13498625
v -0.16320555 0.02428478 -0.15280539
v -0.22079897 0.02130726 -0.11218059
v -0.08670156 0.026197344 -0.3375671
v -0.08535471 0.022022694 -0.36219043
v -0.0495334 0.022162616 -0.3686564
v -0.0939819 0.022075564 -0.33245766
v -0.06328244 0.021431863 -0.3420081
v -0.072385654 0.0059218705 -0.31775856
v -0.10710465 0.019420236 -0.30981314
v -0.15955907 0.021681905 -0.27301627
v -0.15929785 0.022707045 -0.2746362
v -0.14631328 0.0069885254 -0.24937876
v -0.113436185 0.005732298 -0.253626
v -0.22929679 0.01552707 -0.3226071
v -0.20048189 0.0052218437 -0.3405164
v -0.19256437 0.017693788 -0.32080138
v -0.2102796 0.022542685 -0.31918705
v 0.23004921 0.016783059 -0.29228806
v 0.22283505 0.005821824 -0.2652449
v 0.22584288 0.019992858 -0.2661755
v 0.22091678 0.011184275 -0.28354478
v 0.22948682 0.021529406 -0.23952663
v 0.22289678 0.0019919574 -0.24098425
v 0.23102978 0.000019341707 -0.209367
v 0.22425433 0.018214524 -0.209439
v 0.23031259 0.020783186 -0.17757271
v 0.22790861 0.00586769 -0.17634124
v 0.23154391 0.018730879 -0.14460953
v 0.23031728 0.0024074018 -0.14326553
v 0.22694065 0.00015887618 -0.115531504
v 0.22370698 0.021656632 -0.113631524
v 0.20871486 0.021579117 -0.087018296
v 0.22406135 0.01641506 -0.08763657
v 0.23004921 0.016783059 -0.29228806
v 0.22283505 0.005821824 -0.2652449
v 0.22091678 0.011184275 -0.28354478
v 0.1611001 0.4489594 -0.47019577
v 0.19712146 0.44488502 -0.4860351
v 0.19291061 0.42598352 -0.48944658
v 0.17539445 0.44871184 -0.47117847
v 0.1611001 0.4489594 -0.47019577
v 0.19712146 0.44488502 -0.4860351
v 0.17539445 0.44871184 -0.47117847
v -0.14804704 0.39330006 -0.4789086
v -0.13763116 0.3647859 -0.48509383
v -0.15890363 0.36270922 -0.47023463
v -0.14341491 0.39374217 -0.4823839
v -0.14804704 0.39330006 -0.4789086
v -0.13763116 0.3647859 -0.48509383
v -0.14341491 0.39374217 -0.4823839
v -0.02506721 0.4077065 0.30389285
v -0.03358852 0.4053726 0.32729965
v -0.026899507 0.39927414 0.32239956
v -0.0062886523 0.41010088 0.29843855
v -0.012798831 0.40999055 0.2937042
v 0.0061322604 0.41037393 0.30734944
v -0.030337948 0.35758874 0.34347248
v -0.027102355 0.369183 0.3380198
v -0.024547432 0.38482803 0.335742
v -0.030337948 0.35758874 0.34347248
v -0.031628728 0.3628771 0.34518176
v -0.027102355 0.369183 0.3380198
v -0.17603014 0.032295555 0.069479644
v -0.17584684 0.04924804 0.07212372
v -0.17573367 0.046598792 0.07311408
v -0.28797215 0.41675907 -0.38546276
v -0.29920053 0.42465246 -0.38516748
v -0.29987514 0.429829 -0.36597508
v -0.28797215 0.41675907 -0.38546276
v -0.29987514 0.429829 -0.36597508
v -0.29920053 0.42465246 -0.38516748
v -0.29290116 0.1987477 -0.39771312
v -0.29899943 0.17834051 -0.38399518
v -0.2996875 0.20528945 -0.3852046
v -0.28986096 0.19641958 -0.39883184
v -0.29290116 0.1987477 -0.39771312
v -0.28986096 0.19641958 -0.39883184
v -0.2996875 0.20528945 -0.3852046
v -0.030337948 0.35758874 0.34347248
v -0.024710858 0.355848 0.35382307
v -0.03016701 0.3541546 0.34774905
v 0.29843414 0.42000848 -0.11157748
v 0.3001545 0.4217866 -0.12378756
v 0.29664427 0.41987693 -0.11247314
v -0.21392465 0.025746703 -0.44820386
v -0.21840622 0.022679001 -0.4221052
v -0.22740534 0.030915052 -0.4415064
v -0.17875038 0.022454202 -0.41495955
v -0.18099366 0.014072269 -0.39614183
v -0.20761134 0.021975845 -0.39486754
v -0.24966437 0.034917414 -0.41866684
v -0.25326478 0.03374806 -0.42039418
v -0.24662717 0.0354802 -0.43024665
v -0.24373823 0.022845864 -0.40059966
v -0.26366574 0.03710246 -0.4198259
v -0.25577408 0.025156617 -0.4044822
v -0.22978835 0.020315975 -0.36562473
v -0.25609642 0.026531428 -0.4127512
v -0.17766902 0.0050081313 -0.3734091
v -0.14973712 0.005211979 -0.3783
v -0.15402389 0.009675145 -0.3976295
v -0.12823741 0.021824628 -0.41960156
v -0.14620721 0.017743796 -0.4220283
v -0.20484011 0.01070568 -0.36872685
v -0.15502475 0.020575792 -0.41685122
v -0.2539528 0.023691207 -0.36730534
v -0.2692514 0.04136303 -0.36934942
v -0.26875335 0.039712995 -0.39989185
v -0.26895857 0.043328404 -0.3364302
v -0.25218284 0.027451038 -0.3341955
v -0.23053189 0.016749024 -0.3237837
v -0.22929679 0.01552707 -0.3226071
v -0.20048189 0.0052218437 -0.3405164
v -0.17030935 0.032467455 -0.4540341
v -0.1419842 0.04207158 -0.45244694
v -0.1291444 0.020447612 -0.42275798
v -0.100193255 0.036310136 -0.44725823
v -0.10122384 0.032710582 -0.4328227
v -0.12045959 0.01966384 -0.41815478
v -0.117209055 0.021916926 -0.41865247
v -0.26917583 0.04564458 -0.30685073
v -0.2520002 0.033058703 -0.30547398
v -0.25891054 0.0265975 -0.28554124
v -0.2780035 0.038707167 -0.285882
v -0.2848205 0.030991644 -0.26209188
v -0.26867592 0.011523247 -0.26828974
v -0.24085751 0.017036438 -0.288706
v -0.23622938 0.02228859 -0.31039697
v -0.282557 0.19760957 0.008776206
v -0.2848466 0.18705724 0.007834974
v -0.28988576 0.19856054 0.018109014
v -0.28484803 0.19913107 0.015909199
v -0.282557 0.19760957 0.008776206
v -0.28484803 0.19913107 0.015909199
v -0.28988576 0.19856054 0.018109014
v -0.14620721 0.017743796 -0.4220283
v -0.117209055 0.021916926 -0.41865247
v -0.12823741 0.021824628 -0.41960156
v -0.14486825 0.021943152 -0.4227863
v -0.14620721 0.017743796 -0.4220283
v -0.14486825 0.021943152 -0.4227863
v -0.12823741 0.021824628 -0.41960156
v -0.06953523 0.44030756 0.16375163
v -0.04841733 0.4383917 0.1664897
v -0.04088506 0.44984823 0.14617576
v -0.077542394 0.4436297 0.13493495
v -0.031802148 0.44851655 0.1491001
v -0.03021842 0.4425735 0.1780542
v -0.018571457 0.43702608 0.1358425
v -0.00094947196 0.44453377 0.14808346
v -0.039594013 0.4541015 0.11605342
v -0.020731425 0.44467232 0.13269536
v -0.06974577 0.45468765 0.09916517
v -0.03957471 0.4561207 0.1079937
v -0.03239056 0.4287209 0.09829815
v 0.0014199879 0.4407503 0.17241436
v 0.027138185 0.44570363 0.14996974
v 0.030996365 0.43641198 0.16844907
v 0.025449641 0.43551153 0.2013451
v 0.0043316893 0.424313 0.20048021
v 0.021038728 0.42160898 0.20723541
v 0.025663694 0.41790938 0.23150189
v -0.02153754 0.42392564 0.20273003
v -0.022011813 0.426911 0.2075426
v -0.02235871 0.41408548 0.24551563
v -0.02983303 0.42239308 0.2532102
v 0.0017612377 0.41170216 0.25927752
v -0.022861427 0.43252298 0.20792766
v -0.030250603 0.43243518 0.20790942
v -0.021537332 0.43445572 0.19105811
v -0.021930443 0.44314998 0.17295928
v -0.22929679 0.01552707 -0.3226071
v -0.2102796 0.022542685 -0.31918705
v -0.22393417 0.022074074 -0.31705272
v -0.22504976 0.01766935 -0.32169968
v -0.22929679 0.01552707 -0.3226071
v -0.2102796 0.022542685 -0.31918705
v -0.22504976 0.01766935 -0.32169968
v -0.2937367 0.42246953 -0.0016589282
v -0.28375405 0.4229398 -0.0051893974
v -0.28418213 0.4203673 -0.0055781403
v -0.2937367 0.42246953 -0.0016589282
v -0.2940998 0.4147358 -0.0017098911
v -0.28418213 0.4203673 -0.0055781403
v -0.28375405 0.4229398 -0.0051893974
v -0.2843297 0.42528588 -0.0038337137
v -0.2937367 0.42246953 -0.0016589282
v -0.2843297 0.42528588 -0.0038337137
v -0.28375405 0.4229398 -0.0051893974
v -0.25577408 0.025156617 -0.4044822
v -0.25326478 0.03374806 -0.42039418
v -0.24966437 0.034917414 -0.41866684
v -0.25332826 0.029643208 -0.41467476
v -0.246991 0.02336678 -0.41243148
v -0.25693107 0.023431122 -0.4038381
v -0.24093424 0.023275256 -0.41958833
v -0.25326478 0.03374806 -0.42039418
v -0.24093424 0.023275256 -0.41958833
v -0.246991 0.02336678 -0.41243148
v -0.282557 0.19760957 0.008776206
v -0.27969557 0.20015067 0.01393868
v -0.28484803 0.19913107 0.015909199
v -0.282557 0.19760957 0.008776206
v -0.28484803 0.19913107 0.015909199
v -0.27969557 0.20015067 0.01393868
v -0.27522886 0.26865327 -0.49143738
v -0.27515435 0.30145055 -0.4900406
v -0.24670723 0.30271482 -0.48635572
v -0.24457741 0.2727626 -0.48631203
v -0.21187393 0.2752013 -0.48508972
v -0.21443562 0.30401644 -0.485016
v -0.18183638 0.30428568 -0.4850465
v -0.1792974 0.27653393 -0.4850281
v -0.20759453 0.24803518 -0.48503357
v -0.23992682 0.24557647 -0.4854418
v -0.27025604 0.2384181 -0.489586
v -0.15648353 0.30434087 -0.47876436
v -0.15447271 0.2758715 -0.47579402
v -0.15827952 0.33380803 -0.4767052
v -0.18395379 0.33356842 -0.48502123
v -0.18335 0.36274177 -0.485003
v -0.15890363 0.36270922 -0.47023463
v -0.13763116 0.3647859 -0.48509383
v -0.16064216 0.39138004 -0.46914977
v -0.18301168 0.39147502 -0.48492956
v -0.15119472 0.2497397 -0.4786476
v -0.13392226 0.3352137 -0.4856202
v -0.14804704 0.39330006 -0.4789086
v -0.1621961 0.41728964 -0.46840954
v -0.14097327 0.41883516 -0.4806887
v -0.21581027 0.33379936 -0.4849496
v -0.1320781 0.30407494 -0.48533386
v -0.12909955 0.27561206 -0.48496366
v -0.111203074 0.42266285 -0.48646283
v -0.11130647 0.39732513 -0.4852019
v -0.08728681 0.42561364 -0.49216253
v -0.080275245 0.4022745 -0.4851669
v -0.11132165 0.4451497 -0.47887737
v -0.080333106 0.44618177 -0.4762221
v -0.07842712 0.46671802 -0.4808302
v -0.110672094 0.46830052 -0.48220068
v -0.046531867 0.4673641 -0.4801618
v -0.0771617 0.48800218 -0.48954332
v -0.10886246 0.49255675 -0.48997873
v -0.10818107 0.5181681 -0.47756594
v -0.076356545 0.5088212 -0.48972583
v -0.047631104 0.4482558 -0.4756425
v -0.04745615 0.42758733 -0.48660165
v -0.07562269 0.5230248 -0.47819865
v -0.107620955 0.537078 -0.48779744
v -0.106494956 0.5620989 -0.48862797
v -0.07515795 0.5635625 -0.48928082
v -0.044075657 0.5668629 -0.48932427
v -0.04503164 0.5326367 -0.48824304
v -0.010632741 0.5675421 -0.48776507
v -0.011728061 0.53697646 -0.4884947
v 0.023037324 0.5671704 -0.4875334
v 0.019466737 0.5237844 -0.47921747
v 0.051447764 0.5395043 -0.48950893
v 0.056046166 0.56946146 -0.4874475
v 0.088139385 0.57031685 -0.48722732
v 0.083683446 0.5442927 -0.48945808
v 0.025486972 0.5956624 -0.48634672
v 0.08149527 0.5220905 -0.4800076
v 0.050057255 0.5185549 -0.4843393
v 0.08038172 0.50108194 -0.48987228
v 0.048641954 0.496303 -0.489919
v -0.010172777 0.5939365 -0.4874531
v 0.112921864 0.5444525 -0.4897669
v 0.11130794 0.52482027 -0.48031121
v 0.11120409 0.5026353 -0.4899721
v -0.14042334 0.5379739 -0.48797947
v -0.14009443 0.5608629 -0.48921573
v -0.1732562 0.55773807 -0.49021
v -0.17274617 0.55899024 -0.48908424
v -0.16941169 0.53604853 -0.48565918
v 0.017005105 0.49311718 -0.4899596
v 0.01625598 0.47371483 -0.48425484
v -0.01501527 0.46953577 -0.48310667
v -0.014395047 0.49046308 -0.489964
v -0.013201225 0.5123824 -0.48704773
v 0.11500259 0.5680059 -0.48858815
v 0.060885035 0.59592015 -0.487543
v -0.044209737 0.59263027 -0.49037838
v -0.07716016 0.59120905 -0.48997158
v -0.04592241 0.48789632 -0.49001575
v 0.047759615 0.47570676 -0.48803103
v -0.14039166 0.4687736 -0.48170358
v -0.13974047 0.49666873 -0.4899121
v -0.17735602 0.2494846 -0.48490667
v 0.018282145 0.51189816 -0.48754025
v -0.24766481 0.3343858 -0.4866836
v -0.27643842 0.33533838 -0.49303836
v -0.13957924 0.51902974 -0.476694
v -0.169248 0.5176928 -0.47682697
v -0.16816436 0.4704611 -0.4821086
v -0.14079326 0.43918806 -0.47439814
v -0.16740699 0.4431604 -0.47354138
v -0.17640851 0.559448 -0.48717666
v -0.17559908 0.55908245 -0.48752457
v -0.24802357 0.3654703 -0.48690045
v -0.27708638 0.3685784 -0.48982912
v -0.24788086 0.39499682 -0.4864338
v -0.2790203 0.40131927 -0.49156857
v -0.24496189 0.42277128 -0.4862612
v -0.26917052 0.42866585 -0.47573483
v -0.21396403 0.41895145 -0.48504812
v -0.23957545 0.4465554 -0.478885
v -0.21535854 0.44502285 -0.48681653
v -0.21907394 0.4719793 -0.4886706
v -0.24517754 0.47298175 -0.4820798
v -0.22092369 0.49868459 -0.48996377
v -0.24863859 0.49941534 -0.4863814
v -0.24520881 0.5230548 -0.4866746
v -0.22128418 0.5216252 -0.47863305
v -0.22187223 0.54441285 -0.48979485
v -0.24836354 0.5488828 -0.48856878
v -0.2706498 0.5496355 -0.4698416
v -0.2624219 0.5226779 -0.46074826
v -0.19213305 0.47165146 -0.48987776
v -0.19491898 0.49856377 -0.48995423
v -0.2145333 0.39220804 -0.48495877
v -0.20328453 0.22520447 -0.48953503
v -0.23296313 0.22062919 -0.48584127
v -0.20026533 0.20071416 -0.489886
v -0.22966968 0.19641796 -0.48640293
v -0.19345124 0.1738848 -0.4899434
v -0.23036167 0.16955271 -0.4899252
v -0.17536782 0.20180583 -0.4729293
v -0.1728419 0.1791193 -0.47904825
v -0.17082304 0.15495689 -0.49002278
v -0.19815913 0.1499886 -0.48994052
v -0.19775118 0.12344819 -0.47519892
v -0.16770327 0.12054478 -0.47515053
v -0.16472642 0.105488166 -0.4897551
v -0.19420466 0.10486476 -0.4899214
v -0.13571434 0.10595356 -0.48988718
v -0.14079681 0.12618724 -0.48154366
v -0.11115491 0.1263902 -0.47989857
v -0.10712652 0.1061721 -0.4898883
v -0.13027026 0.08295886 -0.48814285
v -0.15903074 0.08080764 -0.4885941
v -0.07987802 0.10456979 -0.48980898
v -0.08184779 0.1265842 -0.48218012
v -0.08536903 0.15041701 -0.48997366
v -0.11520813 0.15031482 -0.48996294
v -0.054033995 0.12699026 -0.48440093
v -0.055928793 0.15084629 -0.48994172
v -0.08846276 0.1728913 -0.48074913
v -0.05815476 0.17463958 -0.48331124
v -0.09061496 0.19583929 -0.4744553
v -0.061129894 0.19659674 -0.47290856
v -0.02857226 0.17405517 -0.48304278
v -0.03069933 0.19435236 -0.47041112
v 0.0013892414 0.1942548 -0.4734012
v 0.002010662 0.17129967 -0.48166925
v 0.00010177883 0.2168935 -0.48295802
v -0.032541223 0.21813208 -0.4825245
v -0.035010383 0.24517985 -0.48614264
v -0.00051652396 0.24387245 -0.48586732
v -0.002537355 0.2731601 -0.48575026
v -0.037025314 0.27310264 -0.48535693
v 0.0031057154 0.14895779 -0.4899413
v 0.03316512 0.14680234 -0.4897781
v 0.032963466 0.17021735 -0.48311955
v -0.03927206 0.30436 -0.4856627
v -0.004783956 0.30487555 -0.48599398
v 0.028724067 0.30637142 -0.4860683
v 0.03080096 0.27292645 -0.48601907
v 0.0627642 0.27259147 -0.4860469
v 0.06096185 0.30695084 -0.48603964
v 0.025898473 0.34263912 -0.48600733
v 0.05774064 0.3448942 -0.48623747
v 0.05416462 0.38447753 -0.48635578
v 0.022526352 0.37920967 -0.48599833
v 0.09466136 0.27328083 -0.48604637
v 0.09251799 0.30700946 -0.48599386
v 0.08806911 0.34408623 -0.48630482
v -0.040980052 0.33837354 -0.48521835
v -0.0752078 0.3378184 -0.4853571
v -0.07213328 0.30460158 -0.48536295
v -0.105217665 0.33639657 -0.48591173
v -0.07755921 0.37061813 -0.48511696
v 0.043806154 0.42632663 -0.48447978
v 0.018687908 0.41089717 -0.48578942
v 0.015430244 0.43544686 -0.48058087
v 0.044879977 0.4406855 -0.4809085
v 0.04674453 0.45910925 -0.47597653
v 0.07934191 0.45912403 -0.47589952
v 0.08047717 0.44105545 -0.47919905
v 0.081740424 0.42267773 -0.4866845
v 0.11062966 0.45865464 -0.47775847
v 0.1107062 0.47759885 -0.48909014
v 0.13929038 0.45466965 -0.47540838
v 0.14075397 0.47665268 -0.48925126
v 0.14156812 0.50328267 -0.48980957
v 0.1611001 0.4489594 -0.47019577
v 0.1701928 0.47581583 -0.48564255
v 0.13947093 0.43182027 -0.47767866
v 0.16098675 0.4270383 -0.4685995
v 0.19291061 0.42598352 -0.48944658
v 0.1668706 0.40366256 -0.4699481
v 0.19337508 0.3924918 -0.4849844
v 0.17321646 0.50230795 -0.4896766
v 0.110820785 0.43770832 -0.48321527
v 0.0637397 0.24239896 -0.48607403
v 0.09439859 0.24257544 -0.48610473
v 0.12365441 0.24404478 -0.48616368
v 0.06341657 0.14389354 -0.4893009
v 0.06347107 0.16853131 -0.4846453
v 0.09200956 0.14177157 -0.48993814
v 0.091888554 0.16835693 -0.4851495
v 0.1197119 0.16807415 -0.48516357
v 0.11842116 0.14185925 -0.4896837
v 0.14774336 0.16800904 -0.48603392
v 0.1462683 0.14444016 -0.48927736
v 0.14892203 0.19144161 -0.47299248
v 0.12048177 0.19041632 -0.47217953
v 0.17496924 0.1675977 -0.487181
v 0.17602462 0.19118898 -0.47333932
v 0.19840534 0.19297567 -0.4899872
v 0.20146975 0.16708317 -0.48998988
v 0.22585647 0.19288887 -0.48640823
v 0.22909027 0.16850387 -0.48995668
v 0.19654816 0.2193244 -0.49009365
v 0.226307 0.21655828 -0.4865818
v 0.22910176 0.24118625 -0.48572397
v 0.19892663 0.24470858 -0.48480886
v 0.26379955 0.22138909 -0.47942108
v 0.2441337 0.21602532 -0.4717769
v 0.2305274 0.14246681 -0.48984218
v 0.20255102 0.1408543 -0.48972094
v 0.24369553 0.19266579 -0.472475
v 0.23122495 0.26930383 -0.48525333
v 0.20093259 0.272825 -0.4850734
v 0.16919097 0.24586603 -0.48156208
v 0.17307381 0.27465487 -0.48397088
v 0.15508193 0.27479002 -0.4723842
v 0.15066652 0.24575457 -0.47618747
v 0.17237042 0.30542406 -0.48052204
v 0.1492349 0.30702263 -0.4778449
v 0.16917838 0.33667144 -0.47662055
v 0.14403257 0.33887023 -0.4809689
v 0.15939829 0.36664146 -0.46965265
v 0.14103968 0.3711465 -0.48271263
v 0.19835573 0.3332248 -0.48503226
v 0.19484152 0.3633204 -0.4850003
v 0.1216206 0.30722722 -0.48603976
v 0.17571458 0.2173844 -0.47008234
v 0.14849779 0.21764484 -0.4716003
v 0.25440723 0.17191513 -0.48348373
v 0.25709403 0.14519428 -0.48335975
v 0.27420354 0.17418994 -0.46587288
v 0.27834785 0.14817081 -0.46331817
v 0.20057079 0.302953 -0.48506302
v 0.17456439 0.14133106 -0.48891634
v 0.092107184 0.19114693 -0.47118723
v 0.26002377 0.22847295 -0.48259377
v 0.03227547 0.24301955 -0.48625928
v -0.043244645 0.3725547 -0.4850794
v 0.063577496 0.19301759 -0.47362936
v -0.0072835702 0.3389978 -0.48504108
v -0.06953745 0.27343956 -0.4851768
v -0.0669084 0.24516836 -0.4855246
v -0.012705702 0.40559396 -0.48503613
v -0.014741882 0.43060693 -0.48382747
v 0.033459827 0.19352172 -0.4713629
v 0.03343002 0.12297496 -0.485887
v 0.003298869 0.12771319 -0.47890538
v 0.03454145 0.10122128 -0.49000514
v 0.00501094 0.10373257 -0.48988295
v 0.0065785698 0.07772614 -0.48764914
v 0.036310732 0.07751964 -0.48855972
v 0.06430725 0.07919134 -0.4884051
v 0.06352672 0.10333617 -0.4900565
v 0.06681733 0.054808944 -0.4898482
v 0.037785772 0.054067463 -0.4905914
v 0.09672245 0.056526333 -0.48996753
v 0.08981166 0.081728026 -0.48924065
v 0.11486548 0.08321786 -0.48684388
v 0.101032816 0.062303036 -0.4727906
v 0.007963985 0.05438426 -0.48982674
v 0.08986435 0.106725484 -0.4900272
v 0.11637631 0.107378125 -0.48987502
v -0.023577744 0.10362896 -0.48982114
v -0.024488714 0.12775378 -0.48468858
v -0.06388632 0.21859346 -0.48236388
v -0.093519054 0.21851984 -0.48332053
v -0.11823268 0.17549102 -0.48347652
v -0.12019307 0.19685674 -0.4706614
v -0.14879353 0.19938573 -0.46915275
v -0.078214124 0.08022283 -0.488307
v -0.051885083 0.07924341 -0.48823345
v -0.052142195 0.056104213 -0.48955756
v -0.081529155 0.057504654 -0.4901281
v -0.10321427 0.06505674 -0.47912675
v -0.022512862 0.05513552 -0.48988998
v -0.10360064 0.082346514 -0.48864365
v 0.084886946 0.38369218 -0.48677653
v 0.11683426 0.34186447 -0.48627746
v -0.18868695 0.07920186 -0.4871081
v -0.22572616 0.12208423 -0.47497344
v -0.14644797 0.17630276 -0.47994834
v -0.2292558 0.13872263 -0.48804718
v 0.124281965 0.27462706 -0.4859876
v -0.21534327 0.3633886 -0.4849652
v -0.009892519 0.3749981 -0.4850257
v 0.14366993 0.08123112 -0.48854297
v 0.14443892 0.10465567 -0.48962694
v 0.17741692 0.0791197 -0.48900205
v 0.1751381 0.10664995 -0.48962706
v 0.20301464 0.108410954 -0.48958433
v 0.2032644 0.07511264 -0.4864837
v -0.17430945 0.22426945 -0.47985137
v 0.06376302 0.21457252 -0.4818077
v 0.015368499 0.45480847 -0.47404093
v -0.023070095 0.078385204 -0.4883365
v 0.26091784 0.2639314 -0.48965377
v 0.2856717 0.26063204 -0.48818928
v 0.28360897 0.29498243 -0.48937094
v 0.25954813 0.29687092 -0.48926187
v 0.25816095 0.32996207 -0.48894614
v 0.28350806 0.3288208 -0.4907077
v 0.25684798 0.3619014 -0.4885906
v 0.28267133 0.36169183 -0.49085963
v 0.28252763 0.39345458 -0.4912877
v 0.25543225 0.39185485 -0.48855072
v 0.27420247 0.4208723 -0.4815427
v 0.25184023 0.41995364 -0.48714
v 0.22731815 0.36203712 -0.48580635
v 0.2249005 0.39090556 -0.48554385
v -0.22511925 0.10225773 -0.48999298
v -0.22123481 0.07564974 -0.4855321
v -0.026453929 0.15097958 -0.489968
v -0.25106508 0.0707781 -0.47860086
v -0.25489902 0.095602766 -0.4844365
v -0.25502306 0.116673425 -0.47965693
v -0.1765368 0.5582665 -0.48722863
v -0.04553434 0.403564 -0.4850725
v 0.14077221 0.56639916 -0.48999226
v 0.14154525 0.54366326 -0.48967278
v 0.17015076 0.542175 -0.4890018
v 0.16785061 0.56412214 -0.486327
v 0.19500487 0.56210995 -0.48880225
v 0.19743042 0.5385872 -0.48850244
v 0.2006487 0.5227492 -0.4745155
v 0.1707276 0.52502126 -0.47592366
v 0.22495262 0.5344021 -0.4895934
v 0.22858766 0.5193462 -0.476982
v 0.22155918 0.559402 -0.48982072
v 0.23474315 0.49550563 -0.4899763
v 0.20551795 0.4992327 -0.48950016
v 0.26488006 0.5087983 -0.4665537
v 0.24922203 0.52756524 -0.47159064
v 0.26138473 0.48860446 -0.480049
v 0.22979897 0.3313306 -0.4858902
v 0.14191501 0.402876 -0.48303175
v 0.16694196 0.39450547 -0.4700603
v 0.1633982 0.38150856 -0.47724867
v 0.079298064 0.4771307 -0.4895453
v 0.12209184 0.2146871 -0.48143113
v 0.17554164 0.221712 -0.47528553
v 0.22336967 0.41744983 -0.48519832
v -0.16853593 0.49794012 -0.48993987
v -0.15049243 0.22440213 -0.47178084
v -0.12555805 0.24720068 -0.48538512
v -0.10042616 0.2743781 -0.485111
v 0.275522 0.23053122 -0.4766286
v -0.04529042 0.5092348 -0.487661
v 0.23124556 0.2999317 -0.48604524
v -0.108804956 0.3675876 -0.48522395
v 0.14167544 0.526606 -0.48015738
v 0.26664954 0.5242568 -0.45340854
v -0.25104344 0.12541702 -0.467192
v 0.09347716 0.21462157 -0.4812792
v 0.11270312 0.41088867 -0.486256
v 0.14416714 0.12451655 -0.4868198
v 0.17201921 0.12181218 -0.47376877
v -0.12261861 0.2198751 -0.48173922
v 0.033001356 0.21563049 -0.48191524
v -0.052388564 0.104205936 -0.48999232
v -0.14510216 0.15091658 -0.4899962
v 0.24835275 0.46473217 -0.4758137
v 0.23062305 0.4678039 -0.48749375
v 0.27693844 0.5080624 -0.46326846
v 0.27575904 0.4841022 -0.46498322
v 0.2637397 0.46120003 -0.46041894
v 0.28852183 0.48170784 -0.4497177
v 0.2906382 0.50476825 -0.45032293
v 0.27872622 0.45768413 -0.44538713
v 0.21025018 0.47036183 -0.48909152
v 0.2262184 0.44252694 -0.48631132
v -0.18581142 0.41866547 -0.48754215
v 0.28971022 0.523926 -0.44834852
v 0.26102716 0.1941208 -0.45540816
v 0.2622471 0.21690942 -0.45706946
v 0.28062737 0.21682131 -0.44432747
v 0.27850688 0.19732775 -0.4397487
v -0.18855594 0.44483334 -0.48905843
v 0.24302518 0.43845025 -0.4745623
v 0.2604506 0.43862778 -0.46302408
v -0.1958949 0.51882094 -0.47730535
v -0.1962447 0.53911114 -0.4888155
v -0.09686068 0.24571514 -0.48514938
v -0.10309099 0.30452618 -0.48522002
v -0.015187647 0.4508831 -0.4724431
v -0.12434953 0.065660626 -0.47363508
v 0.043806154 0.42632663 -0.48447978
v 0.081740424 0.42267773 -0.4866845
v 0.084886946 0.38369218 -0.48677653
v 0.044542465 0.42584476 -0.49230468
v 0.113831505 0.37779602 -0.48657542
v 0.11270312 0.41088867 -0.486256
v 0.14191501 0.402876 -0.48303175
v 0.14103968 0.3711465 -0.48271263
v 0.1633982 0.38150856 -0.47724867
v 0.15939829 0.36664146 -0.46965265
v 0.08806911 0.34408623 -0.48630482
v 0.11683426 0.34186447 -0.48627746
v 0.19484152 0.3633204 -0.4850003
v 0.19337508 0.3924918 -0.4849844
v 0.16809015 0.39841247 -0.48471022
v 0.2249005 0.39090556 -0.48554385
v 0.22731815 0.36203712 -0.48580635
v 0.22336967 0.41744983 -0.48519832
v 0.22979897 0.3313306 -0.4858902
v 0.21025018 0.47036183 -0.48909152
v 0.1701928 0.47581583 -0.48564255
v 0.17321646 0.50230795 -0.4896766
v 0.20551795 0.4992327 -0.48950016
v 0.2006487 0.5227492 -0.4745155
v 0.1611001 0.4489594 -0.47019577
v 0.19712146 0.44488502 -0.4860351
v 0.2262184 0.44252694 -0.48631132
v 0.22336967 0.41744983 -0.48519832
v 0.19291061 0.42598352 -0.48944658
v 0.24302518 0.43845025 -0.4745623
v 0.043806154 0.42632663 -0.48447978
v 0.081740424 0.42267773 -0.4866845
v 0.044542465 0.42584476 -0.49230468
v 0.06133124 0.12117961 -0.47514057
v 0.03343002 0.12297496 -0.485887
v 0.03316512 0.14680234 -0.4897781
v 0.06341657 0.14389354 -0.4893009
v 0.09084366 0.120610595 -0.47472966
v 0.09200956 0.14177157 -0.48993814
v 0.11842116 0.14185925 -0.4896837
v 0.118519515 0.12110974 -0.47462887
v 0.1462683 0.14444016 -0.48927736
v 0.14416714 0.12451655 -0.4868198
v 0.09084366 0.120610595 -0.47472966
v 0.06352672 0.10333617 -0.4900565
v 0.06133124 0.12117961 -0.47514057
v 0.118519515 0.12110974 -0.47462887
v 0.11637631 0.107378125 -0.48987502
v 0.14443892 0.10465567 -0.48962694
v 0.08986435 0.106725484 -0.4900272
v 0.14416714 0.12451655 -0.4868198
v 0.03454145 0.10122128 -0.49000514
v 0.03343002 0.12297496 -0.485887
v 0.22585647 0.19288887 -0.48640823
v 0.24369553 0.19266579 -0.472475
v 0.25440723 0.17191513 -0.48348373
v 0.26102716 0.1941208 -0.45540816
v 0.22909027 0.16850387 -0.48995668
v 0.27420354 0.17418994 -0.46587288
v 0.291098 0.17581779 -0.44735688
v 0.27850688 0.19732775 -0.4397487
v 0.09503903 0.6507337 -0.12521088
v 0.09405016 0.6496862 -0.124460585
v 0.069075175 0.6503767 -0.12112724
vt 0.5403155 0.5858896
vt 0.5403155 0.56310254
vt 0.53505695 0.5752222
vt 0.15468886 0.42375112
vt 0.1774759 0.42375112
vt 0.15551564 0.4228747
vt 0.39570552 0.6577563
vt 0.4167397 0.6577563
vt 0.4009631 0.65600353
vt 0.66476774 0.07318139
vt 0.6770377 0.06826973
vt 0.66476774 0.06529361
vt 0.84969324 0.28878176
vt 0.84969324 0.30455744
vt 0.8514461 0.28934956
vt 0.1334229 0.44478524
vt 0.13014899 0.45541477
vt 0.13365468 0.46406662
vt 0.80411917 0.4298861
vt 0.80411917 0.43426818
vt 0.8049956 0.43047112
vt 0.049517967 0.54119194
vt 0.046986636 0.53856266
vt 0.04250657 0.54119194
vt 0.97940403 0.5157756
vt 0.97940403 0.4728309
vt 0.9741455 0.4917326
vt 0.90952986 0.34925503
vt 0.9075372 0.34368122
vt 0.9101665 0.34136724
vt 0.25109553 0.6226994
vt 0.2426195 0.61673677
vt 0.24270166 0.6165644
vt 0.24145487 0.6226994
vt 0.31578037 0.35748595
vt 0.32151225 0.34634286
vt 0.32391742 0.35491204
vt 0.2859046 0.3559519
vt 0.29404795 0.34217232
vt 0.29618227 0.35226452
vt 0.3049576 0.34694952
vt 0.303704 0.33851326
vt 0.30291265 0.33049107
vt 0.3126511 0.33830154
vt 0.31253725 0.3293988
vt 0.31336737 0.34719026
vt 0.32073337 0.33767897
vt 0.33010513 0.32915092
vt 0.32859805 0.337422
vt 0.33664337 0.3378029
vt 0.33911163 0.33044004
vt 0.16143362 0.37566358
vt 0.17642032 0.36208498
vt 0.17664234 0.37608075
vt 0.19422056 0.3879285
vt 0.17669079 0.390396
vt 0.2100013 0.3705628
vt 0.2119982 0.384297
vt 0.22705099 0.36684608
vt 0.2296498 0.37980568
vt 0.26170123 0.36747026
vt 0.24658786 0.3745134
vt 0.24244352 0.36265838
vt 0.26853898 0.3699208
vt 0.27203396 0.3592438
vt 0.2655785 0.35044575
vt 0.27884933 0.36836934
vt 0.2706308 0.33941567
vt 0.27340555 0.34821928
vt 0.28353968 0.34562075
vt 0.2812644 0.33645165
vt 0.2677202 0.33098036
vt 0.292258 0.33308244
vt 0.27828917 0.3269381
vt 0.2912656 0.32165182
vt 0.30294612 0.31945372
vt 0.3040585 0.30660868
vt 0.31310493 0.31868201
vt 0.31447712 0.30665553
vt 0.32267413 0.31869215
vt 0.32464987 0.30727267
vt 0.32125458 0.32891023
vt 0.33229628 0.31943822
vt 0.34194428 0.3211547
vt 0.3348897 0.30829132
vt 0.345166 0.31009114
vt 0.33791643 0.29585862
vt 0.074254796 0.3764025
vt 0.057560213 0.38324606
vt 0.05593982 0.36793864
vt 0.08891471 0.37092578
vt 0.0732892 0.36211026
vt 0.09005102 0.35791028
vt 0.07238067 0.3472892
vt 0.101112366 0.35887456
vt 0.10044062 0.34478605
vt 0.10125005 0.37240756
vt 0.11577354 0.37207937
vt 0.116438605 0.35875762
vt 0.13145854 0.35889244
vt 0.11620138 0.3443483
vt 0.13168009 0.37223536
vt 0.14128089 0.3414184
vt 0.14461087 0.35970962
vt 0.16238189 0.34783757
vt 0.16066912 0.36285233
vt 0.15663192 0.33468467
vt 0.16388582 0.3308549
vt 0.15219413 0.33386248
vt 0.13139494 0.34468615
vt 0.14426485 0.3089313
vt 0.12911053 0.30952185
vt 0.16073906 0.31156182
vt 0.14106256 0.29314774
vt 0.17585291 0.32903016
vt 0.1743954 0.31214482
vt 0.17624098 0.34618533
vt 0.18989334 0.32773972
vt 0.19116622 0.34450603
vt 0.19203648 0.3600431
vt 0.20647566 0.34248412
vt 0.19296895 0.37404293
vt 0.20831493 0.35747808
vt 0.22435063 0.35445076
vt 0.22173187 0.34017146
vt 0.23888296 0.3509599
vt 0.23563462 0.33797824
vt 0.25162107 0.34718215
vt 0.25519124 0.35717344
vt 0.26163203 0.34219837
vt 0.2586226 0.33316576
vt 0.25708014 0.323578
vt 0.26394612 0.32414758
vt 0.24821182 0.33547646
vt 0.24605522 0.3231864
vt 0.2451878 0.31053793
vt 0.23216987 0.30976105
vt 0.25685978 0.31283677
vt 0.25802353 0.30117613
vt 0.26721054 0.31694627
vt 0.27548736 0.3179729
vt 0.2691658 0.30433345
vt 0.28052723 0.30775994
vt 0.27080843 0.28899854
vt 0.29243398 0.30718887
vt 0.28308466 0.29093432
vt 0.30544725 0.29256326
vt 0.2943135 0.2918396
vt 0.31646848 0.29330826
vt 0.3187523 0.27943993
vt 0.3270964 0.29449528
vt 0.33002013 0.28232682
vt 0.34112218 0.28482878
vt 0.34268472 0.27636874
vt 0.35515454 0.2814135
vt 0.34904805 0.29755366
vt 0.35008076 0.25581867
vt 0.34534523 0.27441478
vt 0.36280861 0.2585739
vt 0.35868856 0.2722419
vt 0.37042826 0.27456653
vt 0.37558356 0.26144624
vt 0.36694145 0.24152857
vt 0.3531334 0.23840493
vt 0.380636 0.24433047
vt 0.38456756 0.22503722
vt 0.3700213 0.22260362
vt 0.020497827 0.36114776
vt 0.01973244 0.3450724
vt 0.03752061 0.3407048
vt 0.019148668 0.3276381
vt 0.038034916 0.35644507
vt 0.055742253 0.35239238
vt 0.037198957 0.36968195
vt 0.055053346 0.33682585
vt 0.071942486 0.3333547
vt 0.06931807 0.31748283
vt 0.08760952 0.3311988
vt 0.08684037 0.3454553
vt 0.0834999 0.3149835
vt 0.08376628 0.29764307
vt 0.097756155 0.31370848
vt 0.09942775 0.3294968
vt 0.11539358 0.32801688
vt 0.13174665 0.3291067
vt 0.113954 0.31117177
vt 0.12919617 0.293921
vt 0.112766035 0.29498553
vt 0.12658112 0.27745366
vt 0.13943794 0.27799082
vt 0.13792339 0.25916415
vt 0.15499836 0.27909553
vt 0.15738775 0.29579788
vt 0.15292509 0.26075375
vt 0.13714437 0.23811114
vt 0.16866253 0.26300222
vt 0.1672841 0.24372834
vt 0.17045005 0.2806232
vt 0.18510403 0.2648949
vt 0.17233092 0.29633492
vt 0.1874442 0.29638082
vt 0.18613824 0.28194278
vt 0.20242162 0.2830009
vt 0.20196445 0.266618
vt 0.20275307 0.29688686
vt 0.21778949 0.2971815
vt 0.20360003 0.31091356
vt 0.18854395 0.31139302
vt 0.21840915 0.3102461
vt 0.2197038 0.3250109
vt 0.23201317 0.29758114
vt 0.23253839 0.2858293
vt 0.23340951 0.32384282
vt 0.20479693 0.3264054
vt 0.24564064 0.29849285
vt 0.2592863 0.28787744
vt 0.24635845 0.2867688
vt 0.24756156 0.2707845
vt 0.2607984 0.2718748
vt 0.24894392 0.25381327
vt 0.27180406 0.27342796
vt 0.26230758 0.25505513
vt 0.28403676 0.274953
vt 0.27329493 0.25629663
vt 0.29551226 0.27613747
vt 0.29769206 0.25946712
vt 0.3069893 0.27752256
vt 0.3092373 0.26182795
vt 0.32163164 0.26486647
vt 0.3245132 0.2488268
vt 0.33382878 0.26951838
vt 0.3376139 0.25278425
vt 0.3405088 0.23526263
vt 0.32746118 0.23181164
vt 0.34314933 0.21721125
vt 0.32922298 0.21407038
vt 0.3558635 0.21996868
vt 0.34496638 0.20042974
vt 0.35818845 0.20285112
vt 0.37188077 0.20467818
vt 0.36002177 0.18782699
vt 0.38543007 0.20644093
vt 0.3850917 0.19070476
vt 0.37281823 0.1890037
vt 0.37327453 0.17600918
vt 0.38618702 0.17658252
vt 0.35982856 0.17544508
vt 0.34670046 0.18467909
vt 0.36060637 0.15211934
vt 0.34771636 0.14931655
vt 0.37410596 0.1527695
vt 0.37506947 0.13548326
vt 0.03651669 0.090382576
vt 0.053399127 0.116135
vt 0.033575937 0.11038363
vt 0.014353787 0.10499191
vt 0.028947975 0.12811702
vt 0.009889654 0.116974235
vt 0.025677942 0.15618628
vt 0.0019159067 0.15150338
vt 0.017391112 0.27162623
vt 0.004688159 0.24806917
vt 0.024924798 0.24424797
vt 0.0004382121 0.21785164
vt 0.030600395 0.27013963
vt 0.042109225 0.24152732
vt 0.032342095 0.28579384
vt 0.0490485 0.28315914
vt 0.016056916 0.28954232
vt 0.017710876 0.30836582
vt 0.034818813 0.30443722
vt 0.03654511 0.32339227
vt 0.052035984 0.30140102
vt 0.053668484 0.3199439
vt 0.06718187 0.29923505
vt 0.06518171 0.28075814
vt 0.08136491 0.27966833
vt 0.06257709 0.2612238
vt 0.09635659 0.2782266
vt 0.09384419 0.25903976
vt 0.09820941 0.2966135
vt 0.110814914 0.27737802
vt 0.124634616 0.2584731
vt 0.10890682 0.25821972
vt 0.12376841 0.23677683
vt 0.10765396 0.23653638
vt 0.13590236 0.21063775
vt 0.15189008 0.2409563
vt 0.123129345 0.21402895
vt 0.12214582 0.19281429
vt 0.10808156 0.21398991
vt 0.13187578 0.19305038
vt 0.12604055 0.17286658
vt 0.15283653 0.19527876
vt 0.1551976 0.16698462
vt 0.15231556 0.21817064
vt 0.1680208 0.19880307
vt 0.1673279 0.22239548
vt 0.1843083 0.24648446
vt 0.18429206 0.22620249
vt 0.20211127 0.22960788
vt 0.20350291 0.20620793
vt 0.20163873 0.24906552
vt 0.2205254 0.23216325
vt 0.21833743 0.2685572
vt 0.21772732 0.28441715
vt 0.2193063 0.25105458
vt 0.23342949 0.26988947
vt 0.23495395 0.2525726
vt 0.23627381 0.23408389
vt 0.2501705 0.23588997
vt 0.23778923 0.21304774
vt 0.2632884 0.23741281
vt 0.2514105 0.21567887
vt 0.2743438 0.23893481
vt 0.26461685 0.21843886
vt 0.28574207 0.25765204
vt 0.2875715 0.24111384
vt 0.2890622 0.22392583
vt 0.29977936 0.24322832
vt 0.3118522 0.24575055
vt 0.31414664 0.22874546
vt 0.31605402 0.21077073
vt 0.30144927 0.22640538
vt 0.31852236 0.19472408
vt 0.3307074 0.19754308
vt 0.30371228 0.20816529
vt 0.30513313 0.19139695
vt 0.2910516 0.20576447
vt 0.30745292 0.17453355
vt 0.2929384 0.18786561
vt 0.31980735 0.17766863
vt 0.32127512 0.1607973
vt 0.33233383 0.18128848
vt 0.33425003 0.16414869
vt 0.3468623 0.1684084
vt 0.33585253 0.14621317
vt 0.3375699 0.12769759
vt 0.3234501 0.14292848
vt 0.34888476 0.13012803
vt 0.33972687 0.11130762
vt 0.36164296 0.13279128
vt 0.36311287 0.11706972
vt 0.37611333 0.12016618
vt 0.36474317 0.10360265
vt 0.055704676 0.036318123
vt 0.07336173 0.03882563
vt 0.0674667 0.056059897
vt 0.08887393 0.04080236
vt 0.047374103 0.052239656
vt 0.062198054 0.07583815
vt 0.08422951 0.05984682
vt 0.041443307 0.07114446
vt 0.05766298 0.096013784
vt 0.0800916 0.079865694
vt 0.0773368 0.10114533
vt 0.07414601 0.12183118
vt 0.096923225 0.12577564
vt 0.048907652 0.13720632
vt 0.07053276 0.14281356
vt 0.066000365 0.16494423
vt 0.045548383 0.16088277
vt 0.087540895 0.16833061
vt 0.08055811 0.18960154
vt 0.09060105 0.14628232
vt 0.10375492 0.148193
vt 0.10041004 0.16966808
vt 0.11672457 0.1512602
vt 0.09558681 0.19047624
vt 0.10965281 0.19200116
vt 0.1134604 0.17150795
vt 0.12958382 0.15461063
vt 0.13869487 0.17368054
vt 0.14248475 0.15946615
vt 0.14507946 0.13858473
vt 0.1570637 0.15977812
vt 0.15979283 0.14157343
vt 0.1468575 0.11723876
vt 0.17550196 0.14360541
vt 0.17267378 0.15775824
vt 0.18859231 0.1612258
vt 0.16943303 0.174573
vt 0.18641056 0.17921937
vt 0.18509784 0.20262474
vt 0.20505293 0.18372154
vt 0.20700102 0.16519976
vt 0.22369327 0.18802989
vt 0.22201282 0.20985985
vt 0.23994912 0.19194412
vt 0.22526485 0.16935694
vt 0.25406247 0.19569689
vt 0.2416174 0.17356974
vt 0.26716658 0.19961095
vt 0.25636524 0.17769384
vt 0.26978904 0.18158674
vt 0.25827053 0.1610859
vt 0.27860644 0.20282495
vt 0.2763369 0.221156
vt 0.2809301 0.1848948
vt 0.272132 0.1652624
vt 0.283321 0.16823882
vt 0.29509938 0.1712352
vt 0.28559595 0.15144104
vt 0.29736295 0.15428376
vt 0.30911687 0.1573
vt 0.29898262 0.13756472
vt 0.31119096 0.13986576
vt 0.32327932 0.12461978
vt 0.3136883 0.12263274
vt 0.3291185 0.10893023
vt 0.31716856 0.10673869
vt 0.30225518 0.120431304
vt 0.32046604 0.09218669
vt 0.30840018 0.08955079
vt 0.33050326 0.094824195
vt 0.3358325 0.08304542
vt 0.3426892 0.09759742
vt 0.3509198 0.114049494
vt 0.35360715 0.10054302
vt 0.34605408 0.08557373
vt 0.35693333 0.088516474
vt 0.37739772 0.10629755
vt 0.092931524 0.024771929
vt 0.10517381 0.02705717
vt 0.10118022 0.044475853
vt 0.11816657 0.027450085
vt 0.09861035 0.063612044
vt 0.11261646 0.048454642
vt 0.09725473 0.082960665
vt 0.11167515 0.06748736
vt 0.09857131 0.104614556
vt 0.10930911 0.08719587
vt 0.10898888 0.10653007
vt 0.11935637 0.10803372
vt 0.10727331 0.1273523
vt 0.118802965 0.13038826
vt 0.13217685 0.13409817
vt 0.12964405 0.112070024
vt 0.1405179 0.08381736
vt 0.14918494 0.11374891
vt 0.12969492 0.08973235
vt 0.13428901 0.07368368
vt 0.119780585 0.087284625
vt 0.14807111 0.07967734
vt 0.15674312 0.075409055
vt 0.17099857 0.093055725
vt 0.17907828 0.115255415
vt 0.16264315 0.08727825
vt 0.16549987 0.08280587
vt 0.17992169 0.081361175
vt 0.18454008 0.062509656
vt 0.17811853 0.09752244
vt 0.19566981 0.10329908
vt 0.19418871 0.120756984
vt 0.17795911 0.12939781
vt 0.21361041 0.10614765
vt 0.21578568 0.08768475
vt 0.21180531 0.12257755
vt 0.22983141 0.12438369
vt 0.21034385 0.13481617
vt 0.22843252 0.13738096
vt 0.19315939 0.13287818
vt 0.20877811 0.1495632
vt 0.19135544 0.14639217
vt 0.2267596 0.1529231
vt 0.24307275 0.15678847
vt 0.24508257 0.14087117
vt 0.26070163 0.14538866
vt 0.2624538 0.13110244
vt 0.27664903 0.15023601
vt 0.27793568 0.13793111
vt 0.28335738 0.13651353
vt 0.2915429 0.117714584
vt 0.30563807 0.104599416
vt 0.2965796 0.10403973
vt 0.28821403 0.10469651
vt 0.29616305 0.08627081
vt 0.29290813 0.08601749
vt 0.2971 0.07473034
vt 0.28169817 0.08510727
vt 0.27884933 0.06987077
vt 0.26787087 0.08077198
vt 0.2688035 0.097289085
vt 0.26928985 0.064331114
vt 0.25300846 0.07672137
vt 0.2554367 0.06082219
vt 0.23885162 0.057444632
vt 0.21830751 0.069636166
vt 0.22080794 0.05399549
vt 0.20366679 0.05041474
vt 0.18849659 0.047084093
vt 0.17200685 0.045125484
vt 0.16267091 0.024696767
vt 0.17373076 0.031202316
vt 0.15955842 0.03874904
vt 0.16981266 0.060806394
vt 0.15106352 0.015717447
vt 0.14579526 0.029640377
vt 0.15552649 0.053965747
vt 0.14058138 0.044130087
vt 0.12736519 0.034345686
vt 0.13715704 0.05887997
vt 0.1203929 0.051934183
vt 0.121018805 0.07035899
vt 0.15375496 0.071217835
vt 0.20104288 0.06598812
vt 0.19785674 0.08441484
vt 0.23394404 0.0909248
vt 0.23168226 0.10848731
vt 0.23632526 0.07326877
vt 0.2515652 0.09442717
vt 0.24955532 0.111713886
vt 0.2720197 0.108029425
vt 0.268332 0.11217046
vt 0.28138438 0.11339438
vt 0.24709293 0.12699401
vt 0.3170392 0.062517524
vt 0.30345362 0.059313416
vt 0.31200066 0.0762772
vt 0.32438582 0.079604626
vt 0.33996353 0.070836365
vt 0.329391 0.06610668
vt 0.36154976 0.07602358
vt 0.35012153 0.072398245
vt 0.16343865 0.12662101
vt 0.15039736 0.11185813
vt 0.15452838 0.112755954
vt 0.15706144 0.114168525
vt 0.09251778 0.21337914
vt 0.092421934 0.23661768
vt 0.077972166 0.2139104
vt 0.0782413 0.23759884
vt 0.059793063 0.21485507
vt 0.079114765 0.2599734
vt 0.060321752 0.23911697
vt 0.045825638 0.26488894
vt 0.041025274 0.21583366
vt 0.02240256 0.216946
vt 0.06151866 0.188847
vt 0.04254329 0.18766612
vt 0.023314396 0.18639857
vt 0.00048313953 0.18479699
vt 0.15804447 0.16042686
vt 0.3640451 0.28531986
vt 0.37276527 0.2900352
vt 0.3854038 0.27979594
vt 0.3127656 0.3923254
vt 0.3161117 0.37896788
vt 0.32149264 0.38934982
vt 0.30844036 0.38263714
vt 0.31057623 0.36999023
vt 0.30346927 0.37325656
vt 0.29950827 0.36346078
vt 0.30760565 0.3601678
vt 0.323524 0.37531292
vt 0.32833382 0.38471806
vt 0.31925076 0.3662734
vt 0.056419473 0.41357172
vt 0.07596017 0.39326894
vt 0.07550373 0.4118638
vt 0.094016045 0.40175128
vt 0.08195545 0.42900962
vt 0.09631136 0.421812
vt 0.09458438 0.3851905
vt 0.05866184 0.39893556
vt 0.14084539 0.39780664
vt 0.15975086 0.38972437
vt 0.15383087 0.40159106
vt 0.14445281 0.37282383
vt 0.14379373 0.3861072
vt 0.13086887 0.38475734
vt 0.13049999 0.0057953596
vt 0.112957284 0.012762129
vt 0.119567014 0.00043821335
vt 0.13411647 0.022530973
vt 0.13886121 0.008942306
vt 0.12516071 0.017552197
vt 0.27409416 0.048990905
vt 0.2899295 0.05475682
vt 0.25858772 0.045977533
vt 0.28542113 0.036875963
vt 0.24169303 0.04281771
vt 0.22352663 0.039587975
vt 0.20589219 0.036382556
vt 0.18961246 0.03338355
vt 0.29827443 0.041440487
vt 0.3097792 0.045725584
vt 0.39254984 0.26738787
vt 0.39576706 0.24772799
vt 0.401042 0.22741765
vt 0.4000685 0.20729399
vt 0.3999977 0.19122732
vt 0.3859988 0.15260267
vt 0.38777047 0.13892639
vt 0.39804602 0.17325777
vt 0.39734837 0.1569283
vt 0.40138495 0.14205521
vt 0.40112275 0.06944096
vt 0.4025053 0.06594592
vt 0.40334937 0.06768346
vt 0.39968258 0.06791282
vt 0.40072855 0.063916385
vt 0.397666 0.0657323
vt 0.39316723 0.06861442
vt 0.39625052 0.07156563
vt 0.39564794 0.063085556
vt 0.3908458 0.065402746
vt 0.39358246 0.060179412
vt 0.38884282 0.062038362
vt 0.39205837 0.0742529
vt 0.393466 0.07606596
vt 0.3996264 0.061157525
vt 0.39805016 0.058627307
vt 0.38467863 0.06306076
vt 0.3869888 0.058933556
vt 0.38634688 0.06784034
vt 0.3882888 0.070020616
vt 0.39178756 0.05728078
vt 0.39613536 0.055812955
vt 0.40056714 0.057551026
vt 0.4020178 0.060420513
vt 0.3834457 0.07466477
vt 0.3841198 0.063851
vt 0.38369018 0.06279421
vt 0.376355 0.07171571
vt 0.3702292 0.06702089
vt 0.37074926 0.08067793
vt 0.36718777 0.09140617
vt 0.37920424 0.09394342
vt 0.38135207 0.08369321
vt 0.39947408 0.077507734
vt 0.39449567 0.08168727
vt 0.42285863 0.06479645
vt 0.4194446 0.06361002
vt 0.42189926 0.06303471
vt 0.420719 0.06532234
vt 0.41708326 0.06343579
vt 0.41867578 0.061899126
vt 0.4165979 0.06216556
vt 0.4207462 0.061720908
vt 0.41824824 0.060025632
vt 0.41317692 0.0651297
vt 0.4155107 0.06654495
vt 0.41323468 0.067168176
vt 0.41534096 0.06416899
vt 0.41113424 0.06697708
vt 0.41114947 0.06553638
vt 0.4107675 0.06343931
vt 0.40882114 0.06387466
vt 0.41279402 0.06285578
vt 0.41031158 0.061313033
vt 0.41494578 0.062341273
vt 0.4125039 0.060853004
vt 0.41464952 0.060418665
vt 0.41669476 0.060089767
vt 0.40712664 0.06708974
vt 0.40422913 0.06417209
vt 0.40710184 0.06425691
vt 0.40272 0.06280267
vt 0.40767482 0.06769955
vt 0.4083162 0.06784016
vt 0.40570912 0.06215757
vt 0.40956274 0.06593448
vt 0.40809602 0.061752796
vt 0.41779888 0.0640831
vt 0.4033708 0.06900525
vt 0.41111755 0.06699622
vt 0.4093592 0.06964421
vt 0.40780488 0.072705746
vt 0.40636578 0.0754267
vt 0.4046836 0.07328898
vt 0.4032292 0.07531512
vt 0.40574265 0.07094228
vt 0.41434285 0.058371842
vt 0.41217646 0.058742702
vt 0.4163899 0.05801201
vt 0.40509066 0.06000924
vt 0.4075571 0.05958903
vt 0.409892 0.05914557
vt 0.370927 0.38348556
vt 0.37008217 0.36559856
vt 0.37465766 0.37938815
vt 0.33134347 0.35231692
vt 0.33533195 0.3450489
vt 0.33844784 0.3484379
vt 0.34306154 0.35342783
vt 0.34351885 0.34184885
vt 0.34878242 0.35927695
vt 0.34895355 0.3469895
vt 0.35528532 0.35288858
vt 0.36192483 0.3447981
vt 0.3554743 0.36604327
vt 0.36241388 0.3593489
vt 0.36319086 0.37381256
vt 0.3694261 0.352026
vt 0.37580228 0.35879767
vt 0.376658 0.34279454
vt 0.38116702 0.37259865
vt 0.32855156 0.34545207
vt 0.34671414 0.33364797
vt 0.35437524 0.338601
vt 0.35037297 0.32383418
vt 0.35934812 0.32831395
vt 0.36827016 0.33471853
vt 0.36377007 0.31642097
vt 0.3831613 0.3318212
vt 0.3736891 0.32292098
vt 0.38490242 0.351622
vt 0.39380035 0.34353054
vt 0.35447407 0.31264532
vt 0.35865292 0.29998726
vt 0.36678147 0.30358976
vt 0.3762936 0.309031
vt 0.37589398 0.29097974
vt 0.3400061 0.37723833
vt 0.3341765 0.36892807
vt 0.3411416 0.36545885
vt 0.33549112 0.35854483
vt 0.3478383 0.37236762
vt 0.3558854 0.38019073
vt 0.34893268 0.38608634
vt 0.3566676 0.3931948
vt 0.366259 0.3895225
vt 0.3275831 0.36266315
vt 0.34023124 0.37709832
vt 0.41146362 0.41713822
vt 0.40371162 0.41124225
vt 0.4074067 0.40416503
vt 0.39603463 0.40558493
vt 0.41495094 0.4105047
vt 0.41843277 0.40324104
vt 0.42305174 0.41620874
vt 0.419079 0.4229061
vt 0.42900965 0.4108442
vt 0.38850757 0.400133
vt 0.39283654 0.39387643
vt 0.38577065 0.38890153
vt 0.40028945 0.39873135
vt 0.39681175 0.38847977
vt 0.40459567 0.39232373
vt 0.41165376 0.39532042
vt 0.4090134 0.38626862
vt 0.4205094 0.3982488
vt 0.38128 0.39467424
vt 0.37479302 0.3889234
vt 0.37971717 0.38381207
vt 0.3837406 0.37906623
vt 0.38976336 0.3840108
vt 0.3945811 0.3778913
vt 0.40111935 0.38193476
vt 0.38922042 0.37386358
vt 0.3878554 0.36525404
vt 0.36929625 0.3950771
vt 0.41487724 0.42900968
vt 0.4074996 0.4233125
vt 0.39991683 0.41778088
vt 0.3769905 0.401008
vt 0.3844075 0.40658784
vt 0.392125 0.4120729
vt 0.8912251 0.03989446
vt 0.89940274 0.050495863
vt 0.89267665 0.06349182
vt 0.9030487 0.055486083
vt 0.88148326 0.043773353
vt 0.8943485 0.0817765
vt 0.8859109 0.07637
vt 0.9119247 0.04648143
vt 0.9059208 0.047397137
vt 0.9109195 0.043121934
vt 0.9116196 0.052248657
vt 0.9181029 0.04512924
vt 0.9200187 0.050400555
vt 0.91606236 0.06148821
vt 0.91132504 0.059849024
vt 0.9089259 0.06194377
vt 0.90706706 0.07438403
vt 0.90702856 0.058672905
vt 0.9114513 0.06290257
vt 0.90562 0.07975125
vt 0.8971399 0.08127493
vt 0.89859456 0.04226917
vt 0.8989516 0.038006425
vt 0.90495867 0.036335826
vt 0.90470034 0.04098153
vt 0.8956206 0.041310847
vt 0.9092874 0.035166204
vt 0.9098004 0.038809776
vt 0.9150351 0.03620553
vt 0.916544 0.04054755
vt 0.92314875 0.039796352
vt 0.9277318 0.039677203
vt 0.9208062 0.03391975
vt 0.92694116 0.0344342
vt 0.9253619 0.029360235
vt 0.9190168 0.030058265
vt 0.91400784 0.032829583
vt 0.9221311 0.03769523
vt 0.92567414 0.04588145
vt 0.9297279 0.052052915
vt 0.9228813 0.056862295
vt 0.84703076 0.029360235
vt 0.84609777 0.05810237
vt 0.82614934 0.06834656
vt 0.84299994 0.08366734
vt 0.82080626 0.043058336
vt 0.80740356 0.08032942
vt 0.80062675 0.056078315
vt 0.7943612 0.039706588
vt 0.7758162 0.06336355
vt 0.76466817 0.042858005
vt 0.8348538 0.092464626
vt 0.8190002 0.103899896
vt 0.786314 0.09096819
vt 0.8010889 0.11656499
vt 0.78192854 0.12779039
vt 0.76773554 0.10210079
vt 0.7410166 0.07785344
vt 0.74726427 0.1341765
vt 0.75779665 0.068541825
vt 0.8682747 0.030599177
vt 0.87830544 0.058523595
vt 0.87769175 0.0738678
vt 0.87622285 0.09179735
vt 0.8772085 0.07075757
vt 0.8633847 0.0842278
vt 0.87267005 0.09529972
vt 0.85191846 0.10119176
vt 0.86729753 0.10234034
vt 0.9306047 0.066531956
vt 0.9357451 0.056458652
vt 0.92227435 0.07260203
vt 0.92998725 0.08208287
vt 0.914217 0.08398473
vt 0.91530824 0.08637315
vt 0.94060963 0.062674224
vt 0.93713295 0.076033115
vt 0.9432054 0.07102013
vt 0.93928033 0.09416205
vt 0.9454183 0.08614904
vt 0.9345547 0.09542936
vt 0.92235386 0.088357925
vt 0.9439439 0.10371035
vt 0.94076854 0.10772759
vt 0.9316492 0.102198064
vt 0.91784114 0.09221727
vt 0.91704047 0.08982915
vt 0.9432447 0.06065023
vt 0.9469868 0.06746662
vt 0.9514179 0.07872373
vt 0.9558849 0.073173106
vt 0.9645315 0.08301902
vt 0.953011 0.09367716
vt 0.9681072 0.07900792
vt 0.96722054 0.08351791
vt 0.97445 0.0954718
vt 0.96818876 0.09441024
vt 0.96210575 0.11750108
vt 0.95046675 0.1059801
vt 0.9515106 0.109176874
vt 0.9756988 0.114824235
vt 0.96913004 0.124163866
vt 0.97940403 0.089582264
vt 0.967252 0.080620706
vt 0.896511 0.09095484
vt 0.89914095 0.094649434
vt 0.94807583 0.11759853
vt 0.9330079 0.11700606
vt 0.9241951 0.107720196
vt 0.91852444 0.11576706
vt 0.91026556 0.104751766
vt 0.9114771 0.08678532
vt 0.9541352 0.12525916
vt 0.94630843 0.13816977
vt 0.94155765 0.13036281
vt 0.9313968 0.13412857
vt 0.9246992 0.12759769
vt 0.93425685 0.13852185
vt 0.9325422 0.14379966
vt 0.9193464 0.14767748
vt 0.9649853 0.4609505
vt 0.9668232 0.45005143
vt 0.97677475 0.4696738
vt 0.92365706 0.45289302
vt 0.9250857 0.46322137
vt 0.9206836 0.45005143
vt 0.9264925 0.45915908
vt 0.94690937 0.48071867
vt 0.9557302 0.4736266
vt 0.9480345 0.45389116
vt 0.9395321 0.45905244
vt 0.9408968 0.4500438
vt 0.5033869 0.78045577
vt 0.51229185 0.78317446
vt 0.5192813 0.79886067
vt 0.49123576 0.79886067
vt 0.93004143 0.42814142
vt 0.9206836 0.41875994
vt 0.93639344 0.42253315
vt 0.9260963 0.4092605
vt 0.93832153 0.43080133
vt 0.9417393 0.40623337
vt 0.94526637 0.4373718
vt 0.9503225 0.44916737
vt 0.92710084 0.44916737
vt 0.95322096 0.41500878
vt 0.92891216 0.4035933
vt 0.9617847 0.42821747
vt 0.9681084 0.44072556
vt 0.9721059 0.41870964
vt 0.97940403 0.4312017
vt 0.95962876 0.40816778
vt 0.078181036 0.55494255
vt 0.07219337 0.5559499
vt 0.0735669 0.5499007
vt 0.08029114 0.5578352
vt 0.08258357 0.553203
vt 0.08200201 0.5460848
vt 0.086446084 0.55920154
vt 0.08775306 0.55896115
vt 0.08353089 0.55783796
vt 0.09644377 0.5526195
vt 0.094971456 0.55973846
vt 0.10219137 0.5627915
vt 0.104110934 0.5517873
vt 0.10394989 0.5379666
vt 0.105533436 0.56110376
vt 0.074130714 0.5370928
vt 0.07560035 0.52875876
vt 0.08440212 0.52858585
vt 0.07505613 0.5474517
vt 0.08252993 0.53699607
vt 0.090493694 0.5361671
vt 0.08954298 0.5450241
vt 0.09701371 0.5424946
vt 0.08969548 0.55323094
vt 0.100350484 0.5379058
vt 0.098506324 0.53442425
vt 0.10367455 0.53465605
vt 0.08732138 0.5065662
vt 0.0977414 0.51107585
vt 0.09086444 0.51476586
vt 0.08040186 0.5165987
vt 0.087229535 0.52184147
vt 0.09767012 0.5182113
vt 0.07788829 0.5213791
vt 0.09291543 0.5282697
vt 0.096303605 0.52163017
vt 0.10263104 0.5223692
vt 0.10337128 0.5294672
vt 0.0959017 0.49362636
vt 0.08525643 0.5000563
vt 0.08404976 0.49174458
vt 0.0956981 0.4992519
vt 0.09437221 0.50513244
vt 0.09759675 0.50739974
vt 0.101655364 0.5118608
vt 0.1129956 0.49798334
vt 0.10865957 0.508373
vt 0.07275492 0.5621365
vt 0.080693334 0.5594874
vt 0.110759854 0.53077716
vt 0.10568782 0.47251123
vt 0.12138475 0.4865144
vt 0.10132981 0.5216185
vt 0.10192687 0.52196294
vt 0.10221618 0.5164421
vt 0.105001315 0.5160954
vt 0.08274881 0.57016665
vt 0.08344742 0.56345123
vt 0.08893587 0.5649487
vt 0.08848954 0.57163334
vt 0.09502724 0.5659731
vt 0.09487207 0.57274324
vt 0.10140039 0.57178485
vt 0.10269054 0.5662019
vt 0.100586794 0.5626056
vt 0.042759534 0.52051616
vt 0.05594503 0.48972845
vt 0.054458797 0.5096713
vt 0.07495474 0.5033022
vt 0.06907186 0.48943526
vt 0.07373178 0.51492316
vt 0.08780175 0.51331455
vt 0.068535924 0.47136855
vt 0.049004905 0.47283715
vt 0.08793223 0.47113603
vt 0.086345375 0.4515096
vt 0.10545636 0.4502657
vt 0.101306245 0.43339175
vt 0.105907306 0.43826938
vt 0.08077662 0.43394947
vt 0.029610055 0.47677708
vt 0.03922636 0.49495196
vt 0.026192468 0.5027373
vt 0.012184832 0.48597682
vt 0.0010288516 0.4570905
vt 0.021611534 0.45448005
vt 0.04490094 0.45335555
vt 0.06547231 0.45215565
vt 0.062192645 0.43544596
vt 0.0004382121 0.44893003
vt 0.022262359 0.43678075
vt 0.0069428426 0.43339175
vt 0.0020429527 0.44073385
vt 0.042103425 0.4361037
vt 0.8949464 0.37341422
vt 0.90529656 0.3860649
vt 0.88212097 0.3860649
vt 0.9066608 0.36853635
vt 0.9040316 0.44695437
vt 0.9157686 0.43717486
vt 0.9040316 0.42375112
vt 0.9224365 0.44741452
vt 0.9711914 0.3398401
vt 0.9714988 0.36260116
vt 0.9598449 0.36291438
vt 0.9601958 0.376109
vt 0.95944387 0.3492247
vt 0.94763935 0.36410707
vt 0.9563256 0.33578098
vt 0.94609994 0.34207517
vt 0.9684211 0.326468
vt 0.94797343 0.35155404
vt 0.9476911 0.3769802
vt 0.9611347 0.38916254
vt 0.9474232 0.3890289
vt 0.97393364 0.38715053
vt 0.97940403 0.39482594
vt 0.9744967 0.4012395
vt 0.97428006 0.41060472
vt 0.96541387 0.40808314
vt 0.94609994 0.4024619
vt 0.97203606 0.3748287
vt 0.5210342 0.80225384
vt 0.5022762 0.7997371
vt 0.49035934 0.8111306
vt 0.50772434 0.8111306
vt 0.9136722 0.116040885
vt 0.8911115 0.14023095
vt 0.8923135 0.11525816
vt 0.87457234 0.11641872
vt 0.85366243 0.119179726
vt 0.8616083 0.103856266
vt 0.8434567 0.10668486
vt 0.9124211 0.14227843
vt 0.9040363 0.16777539
vt 0.88385355 0.16321719
vt 0.8633102 0.15851045
vt 0.8538644 0.18106222
vt 0.87213737 0.13822699
vt 0.8500316 0.13525629
vt 0.8311777 0.12527812
vt 0.8416029 0.15334213
vt 0.8206497 0.146137
vt 0.83323395 0.17586267
vt 0.81375545 0.17171103
vt 0.82344747 0.20064199
vt 0.8059803 0.19691837
vt 0.8105669 0.22224379
vt 0.79402065 0.2169959
vt 0.8946865 0.19173247
vt 0.8806892 0.21587521
vt 0.8611008 0.21036065
vt 0.8477249 0.23333246
vt 0.87402695 0.18628025
vt 0.8418826 0.20541334
vt 0.82883286 0.22758096
vt 0.8174225 0.24560475
vt 0.80028254 0.23769641
vt 0.8056794 0.2619908
vt 0.783465 0.23082459
vt 0.7889543 0.25399745
vt 0.7725165 0.24666613
vt 0.8668917 0.2398659
vt 0.8523604 0.26056206
vt 0.8347793 0.2532519
vt 0.8220912 0.27018917
vt 0.81022495 0.2864262
vt 0.8253568 0.29470992
vt 0.7949688 0.27892405
vt 0.79862094 0.3015573
vt 0.7784954 0.27160007
vt 0.76877534 0.2902627
vt 0.7850194 0.29626453
vt 0.77633506 0.31298053
vt 0.7606706 0.30809164
vt 0.76937133 0.3283276
vt 0.7550934 0.32454073
vt 0.83815587 0.27911103
vt 0.8128673 0.30799115
vt 0.7896627 0.31726944
vt 0.80329853 0.32213557
vt 0.782595 0.33237672
vt 0.764994 0.34265435
vt 0.75129473 0.33844006
vt 0.7782969 0.34675515
vt 0.7964078 0.3365842
vt 0.7735574 0.36326522
vt 0.79096854 0.35120595
vt 0.7606053 0.3589189
vt 0.768612 0.3816951
vt 0.7468188 0.35481155
vt 0.74258876 0.37218904
vt 0.73865074 0.33503842
vt 0.7340915 0.35169393
vt 0.7303473 0.36825025
vt 0.73781514 0.3877545
vt 0.78569025 0.36677247
vt 0.7815782 0.38371128
vt 0.78321755 0.39979374
vt 0.7647645 0.39862317
vt 0.77705175 0.40210426
vt 0.77514905 0.41594994
vt 0.7602241 0.41309023
vt 0.7516149 0.39298338
vt 0.7462751 0.40802574
vt 0.7502939 0.425677
vt 0.73333657 0.40173483
vt 0.73959297 0.420532
vt 0.72051823 0.395904
vt 0.71762294 0.40746415
vt 0.7242236 0.38317353
vt 0.71408504 0.42331392
vt 0.7124947 0.44263732
vt 0.69807184 0.4295504
vt 0.7282915 0.4331109
vt 0.76709753 0.42995965
vt 0.75610805 0.4457866
vt 0.74163216 0.4407193
vt 0.72608787 0.45442593
vt 0.72663707 0.41347373
vt 0.7561571 0.3769666
vt 0.7404093 0.32050765
vt 0.7207961 0.33289087
vt 0.72379714 0.31704247
vt 0.74560267 0.25841296
vt 0.7624324 0.26488805
vt 0.7525889 0.28462297
vt 0.73568046 0.2790097
vt 0.74483716 0.3034041
vt 0.7293343 0.2993306
vt 0.754952 0.23808849
vt 0.76647115 0.22249329
vt 0.78194 0.20909792
vt 0.8638137 0.32995486
vt 0.8511356 0.3314486
vt 0.8598892 0.32363176
vt 0.85493785 0.33584303
vt 0.852193 0.33960932
vt 0.84779894 0.33783114
vt 0.8445352 0.32663083
vt 0.85194075 0.31922704
vt 0.8399773 0.33567584
vt 0.8444818 0.34230185
vt 0.83354884 0.3475312
vt 0.827035 0.3315248
vt 0.8349158 0.32016826
vt 0.82516795 0.3142119
vt 0.81593996 0.32708704
vt 0.83665276 0.3023455
vt 0.8091298 0.34091687
vt 0.8028991 0.3551246
vt 0.79795253 0.36969435
vt 0.7940729 0.38493037
vt 0.789877 0.4000032
vt 0.8081421 0.3844999
vt 0.78852385 0.41373396
vt 0.80175114 0.4013765
vt 0.7975397 0.4143821
vt 0.80935276 0.41650534
vt 0.81136 0.4044587
vt 0.8197932 0.40803075
vt 0.82023376 0.41762775
vt 0.81644773 0.39580196
vt 0.82208866 0.3996371
vt 0.8203079 0.3929938
vt 0.8294195 0.3923276
vt 0.82506204 0.401461
vt 0.83659595 0.39574713
vt 0.8325848 0.4020437
vt 0.82496566 0.40403354
vt 0.83713365 0.40125394
vt 0.835799 0.40247214
vt 0.819627 0.38948733
vt 0.8175839 0.39050305
vt 0.8301791 0.37787622
vt 0.82003313 0.37433434
vt 0.8356148 0.38793826
vt 0.82797354 0.4207344
vt 0.8302583 0.41385114
vt 0.8366001 0.42582756
vt 0.8396004 0.41856116
vt 0.84931624 0.42152905
vt 0.8465791 0.42897558
vt 0.85993564 0.4235046
vt 0.8576023 0.43087184
vt 0.8629262 0.41487712
vt 0.8710432 0.42517006
vt 0.8687877 0.43304694
vt 0.88127667 0.42671347
vt 0.8791697 0.43531704
vt 0.8906051 0.42768586
vt 0.8890677 0.43654078
vt 0.8840036 0.4166187
vt 0.8933395 0.41785073
vt 0.8524506 0.41337377
vt 0.842817 0.41092384
vt 0.8660804 0.40607655
vt 0.8766064 0.40675175
vt 0.8784157 0.39990366
vt 0.8689432 0.39857453
vt 0.88739616 0.40505928
vt 0.8883244 0.39953357
vt 0.8558097 0.4047488
vt 0.8461955 0.40399885
vt 0.8588446 0.3965884
vt 0.87384206 0.4158094
vt 0.8126807 0.39095485
vt 0.8098478 0.37220174
vt 0.89929026 0.42792666
vt 0.90209204 0.41957045
vt 0.8958121 0.406619
vt 0.90522 0.41154808
vt 0.84475535 0.3116343
vt 0.8610621 0.3218304
vt 0.85909843 0.31293815
vt 0.87239194 0.30667436
vt 0.8770375 0.31025064
vt 0.86489356 0.29895198
vt 0.87106526 0.31550467
vt 0.85395646 0.30543786
vt 0.83559865 0.40558434
vt 0.8388827 0.4035803
vt 0.8621058 0.3890918
vt 0.87217647 0.39131057
vt 0.87617964 0.3829751
vt 0.86598355 0.38038325
vt 0.85122216 0.38633466
vt 0.8551037 0.37719953
vt 0.84402776 0.37257904
vt 0.84806114 0.36488557
vt 0.85879964 0.37062645
vt 0.8402515 0.35255063
vt 0.83437955 0.36651808
vt 0.8699812 0.3721838
vt 0.8800376 0.37340546
vt 0.8391763 0.38315636
vt 0.8198763 0.34420633
vt 0.8139732 0.35802537
vt 0.9070111 0.4077611
vt 0.90644985 0.40896976
vt 0.84841347 0.39669132
vt 0.8328009 0.4020725
vt 0.83294255 0.40473628
vt 0.82992715 0.40437365
vt 0.84757954 0.34597647
vt 0.854193 0.3493545
vt 0.8483264 0.3546363
vt 0.8670742 0.35187382
vt 0.85590714 0.3565672
vt 0.8635013 0.35061216
vt 0.8643666 0.36013103
vt 0.8692459 0.35274327
vt 0.8720553 0.34664887
vt 0.87012655 0.34991908
vt 0.87606597 0.34956998
vt 0.87334526 0.35240114
vt 0.824798 0.3615694
vt 0.8638535 0.3438446
vt 0.85928243 0.34408045
vt 0.8584531 0.34740025
vt 0.8521222 0.34445572
vt 0.8564988 0.3473478
vt 0.8564186 0.34457737
vt 0.8598812 0.34645998
vt 0.9136722 0.41461682
vt 0.9348846 0.492464
vt 0.91205996 0.47957355
vt 0.9237575 0.4708264
vt 0.8990826 0.4641012
vt 0.90726495 0.45306134
vt 0.9223489 0.5395345
vt 0.9202481 0.5618428
vt 0.9064991 0.5534248
vt 0.9192254 0.5170154
vt 0.90801674 0.5348635
vt 0.90447116 0.5049602
vt 0.91710323 0.50047064
vt 0.9009136 0.4872464
vt 0.8905203 0.49352574
vt 0.89034563 0.47426456
vt 0.88267976 0.4825284
vt 0.8772596 0.4656117
vt 0.8838629 0.45488966
vt 0.8620079 0.46160924
vt 0.88990915 0.4437952
vt 0.86758083 0.44982177
vt 0.8725286 0.4380601
vt 0.88116646 0.5807412
vt 0.8639602 0.58606976
vt 0.8599171 0.57359546
vt 0.84405714 0.57276845
vt 0.8744687 0.5681295
vt 0.8676077 0.55479324
vt 0.8959468 0.5683616
vt 0.8867043 0.5570946
vt 0.8756364 0.5417582
vt 0.8939513 0.54437536
vt 0.893904 0.53052807
vt 0.8790792 0.52765834
vt 0.9051551 0.518319
vt 0.8928548 0.5181369
vt 0.89568233 0.50585306
vt 0.8795607 0.5179146
vt 0.8794624 0.5077496
vt 0.87850857 0.4987793
vt 0.8645186 0.49623847
vt 0.8757065 0.4916396
vt 0.86666113 0.4857521
vt 0.8496016 0.49409556
vt 0.87133914 0.47541523
vt 0.8570257 0.47193444
vt 0.84137386 0.46974957
vt 0.835901 0.48175192
vt 0.84611213 0.45951223
vt 0.82587373 0.46979606
vt 0.85090506 0.4467845
vt 0.83116555 0.45798242
vt 0.8551339 0.43443716
vt 0.83518285 0.44463587
vt 0.8383922 0.43283772
vt 0.8226971 0.43163896
vt 0.8020821 0.5861378
vt 0.79480374 0.58201265
vt 0.80317265 0.5717733
vt 0.81500024 0.5794312
vt 0.82261646 0.56024826
vt 0.84571636 0.5847896
vt 0.82957286 0.58428884
vt 0.83109355 0.5703495
vt 0.84119904 0.5586502
vt 0.8547462 0.5593197
vt 0.8279432 0.5549006
vt 0.83704424 0.5457326
vt 0.85110843 0.5448561
vt 0.8205907 0.54647887
vt 0.80002666 0.5584693
vt 0.8158865 0.53707665
vt 0.8333168 0.5341615
vt 0.8309399 0.522034
vt 0.8490456 0.5322236
vt 0.8479841 0.51996577
vt 0.86385137 0.5294374
vt 0.86392736 0.54070395
vt 0.8642086 0.5185447
vt 0.8481164 0.5070335
vt 0.86437774 0.5071265
vt 0.8303027 0.5087417
vt 0.81320137 0.52544045
vt 0.8315228 0.49479955
vt 0.8114529 0.51254267
vt 0.8527643 0.482638
vt 0.80840605 0.49141133
vt 0.8107521 0.50031704
vt 0.79100597 0.50465053
vt 0.79293895 0.49456358
vt 0.77918863 0.4970404
vt 0.7918509 0.48541868
vt 0.8009229 0.48094606
vt 0.81363654 0.46891642
vt 0.81862146 0.45843863
vt 0.8079078 0.4672228
vt 0.82028455 0.44425118
vt 0.8086613 0.4621938
vt 0.8072154 0.44638413
vt 0.7938355 0.5639355
vt 0.81311315 0.56067425
vt 0.7869305 0.5520821
vt 0.79868406 0.54452777
vt 0.79709375 0.5307217
vt 0.79468733 0.51710594
vt 0.7838801 0.53697544
vt 0.78231466 0.5205156
vt 0.7802532 0.50512683
vt 0.78400046 0.4799503
vt 0.87786573 0.53599936
vt 0.80047894 0.55915695
vt 0.93733567 0.5425623
vt 0.93074363 0.51691794
vt 0.93388146 0.56766623
vt 0.79191214 0.47248948
vt 0.8007766 0.46769178
vt 0.7819907 0.45732504
vt 0.7947514 0.45009172
vt 0.92715245 0.6031644
vt 0.8910497 0.6111623
vt 0.8874916 0.5965036
vt 0.86944675 0.6139352
vt 0.90767473 0.58326733
vt 0.8469528 0.6139352
vt 0.84649944 0.59966177
vt 0.82719445 0.59805846
vt 0.86735827 0.59970695
vt 0.8068722 0.6097686
vt 0.8259672 0.61186206
vt 0.80288696 0.5852739
vt 0.807626 0.59184355
vt 0.7910011 0.5986875
vt 0.78464407 0.5733861
vt 0.7755697 0.55983406
vt 0.7766329 0.58596975
vt 0.76553893 0.5692014
vt 0.76610875 0.50498587
vt 0.76490355 0.5008206
vt 0.7676587 0.4891284
vt 0.7657944 0.50116307
vt 0.7555229 0.48804325
vt 0.77226436 0.4746819
vt 0.75503945 0.5062623
vt 0.75583243 0.5282922
vt 0.7683918 0.52430665
vt 0.7707798 0.5450122
vt 0.75842047 0.55111474
vt 0.8803681 0.2246719
vt 0.892481 0.20902717
vt 0.8925824 0.22514677
vt 0.8888669 0.2328093
vt 0.89702016 0.230214
vt 0.89221936 0.2393372
vt 0.8840232 0.24758983
vt 0.8958971 0.21819341
vt 0.89702016 0.217798
vt 0.6270815 0.051270843
vt 0.6270815 0.017966688
vt 0.63485926 0.040993392
vt 0.6411043 0.04532218
vt 0.6383847 0.05099988
vt 0.7787749 0.78045577
vt 0.7787029 0.77686125
vt 0.79014385 0.7725679
vt 0.8023663 0.78045577
vt 0.16602087 0.4443553
vt 0.17961349 0.4351446
vt 0.1816872 0.44775832
vt 0.16913952 0.44694674
vt 0.18273444 0.46080017
vt 0.171059 0.46323085
vt 0.16417451 0.45961988
vt 0.16967204 0.46982324
vt 0.1782356 0.4736359
vt 0.1651153 0.47718465
vt 0.16168416 0.47322738
vt 0.16769364 0.48071867
vt 0.16085993 0.46995115
vt 0.160022 0.4668002
vt 0.15556529 0.45004177
vt 0.16256666 0.4451493
vt 0.15556529 0.47816187
vt 0.15563852 0.47810054
vt 0.9523405 0.55696756
vt 0.9741371 0.55696756
vt 0.97300875 0.56010205
vt 0.95223486 0.56332713
vt 0.97940403 0.56224275
vt 0.96990865 0.57537246
vt 0.954606 0.5751533
vt 0.61591554 0.019719541
vt 0.6262051 0.023696959
vt 0.61766243 0.03928548
vt 0.62268335 0.042263746
vt 0.61568797 0.042075396
vt 0.62141687 0.04702562
vt 0.61591554 0.048641562
vt 0.41936898 0.64636284
vt 0.42550394 0.6641088
vt 0.42540422 0.6694623
vt 0.41936898 0.67440844
vt 0.09749548 0.58680975
vt 0.106638364 0.58702356
vt 0.104587674 0.5998473
vt 0.12004478 0.6023628
vt 0.09240669 0.59626156
vt 0.087816246 0.60734904
vt 0.076165535 0.58253336
vt 0.08756301 0.573005
vt 0.0660432 0.5916873
vt 0.067175396 0.58436686
vt 0.124224894 0.5889337
vt 0.13978209 0.5936435
vt 0.13670513 0.60728616
vt 0.11540769 0.61326486
vt 0.13347816 0.6205647
vt 0.15321043 0.6122456
vt 0.12991366 0.6346851
vt 0.14475799 0.6403968
vt 0.1138077 0.6292043
vt 0.1109161 0.6434775
vt 0.09764903 0.6258175
vt 0.10159342 0.6118656
vt 0.08309918 0.6214813
vt 0.07923476 0.6351551
vt 0.076273724 0.6004721
vt 0.07026211 0.614317
vt 0.052913845 0.61202365
vt 0.047868572 0.6252429
vt 0.16900305 0.6178415
vt 0.15643378 0.59732
vt 0.17257835 0.6012669
vt 0.14922571 0.6262635
vt 0.16381738 0.6326288
vt 0.15906176 0.64707124
vt 0.14090455 0.65442145
vt 0.15470995 0.6603148
vt 0.1734428 0.6532396
vt 0.15114576 0.6749404
vt 0.16683364 0.68060243
vt 0.13623199 0.66861176
vt 0.14740229 0.6890728
vt 0.12686922 0.64851934
vt 0.12262816 0.66226
vt 0.1320751 0.6832819
vt 0.10759936 0.6575097
vt 0.11806218 0.67766654
vt 0.10418 0.67200017
vt 0.10326878 0.6865341
vt 0.08736102 0.6661927
vt 0.090800524 0.6520555
vt 0.07505307 0.64756775
vt 0.09436474 0.63824356
vt 0.059369314 0.6427697
vt 0.0698189 0.6617293
vt 0.06487454 0.6263357
vt 0.043058164 0.640462
vt 0.039291635 0.6563019
vt 0.027838504 0.6385918
vt 0.025454843 0.65845746
vt 0.032394048 0.62244195
vt 0.012906742 0.63398886
vt 0.03538033 0.60680664
vt 0.01719271 0.6174246
vt 0.19265887 0.6466046
vt 0.20751612 0.6519214
vt 0.20369454 0.66496855
vt 0.17783733 0.63973457
vt 0.1888064 0.6595586
vt 0.16993354 0.66675663
vt 0.18554018 0.6725447
vt 0.18263356 0.68590933
vt 0.19733341 0.6907267
vt 0.17982076 0.699886
vt 0.19431056 0.70389056
vt 0.16377473 0.6948725
vt 0.17767385 0.71324205
vt 0.16100657 0.7081931
vt 0.14372025 0.70233256
vt 0.1581312 0.7222882
vt 0.12784322 0.6963753
vt 0.122695215 0.7097981
vt 0.114074014 0.69157946
vt 0.10826313 0.70360726
vt 0.09960517 0.6985769
vt 0.10025139 0.7143171
vt 0.075606085 0.69249165
vt 0.068214945 0.70303065
vt 0.08244571 0.6798357
vt 0.06396463 0.67637855
vt 0.04881109 0.6741778
vt 0.04045703 0.69189155
vt 0.054087043 0.6582832
vt 0.038910903 0.6742857
vt 0.033022612 0.68292886
vt 0.22154862 0.65692604
vt 0.23267543 0.66424596
vt 0.23032373 0.67828184
vt 0.24241045 0.68599683
vt 0.21783414 0.67117304
vt 0.22853322 0.68881917
vt 0.2004594 0.677568
vt 0.21497472 0.6837099
vt 0.21188088 0.6958152
vt 0.20892064 0.7082374
vt 0.22354256 0.7132594
vt 0.19292285 0.7168459
vt 0.20680332 0.72027767
vt 0.19140773 0.72956836
vt 0.20537041 0.7322929
vt 0.17586476 0.7272593
vt 0.18895224 0.74207515
vt 0.17390841 0.74115
vt 0.15522727 0.73567307
vt 0.13964057 0.71616226
vt 0.13558096 0.7294849
vt 0.117177926 0.7226144
vt 0.05686933 0.6908474
vt 0.04914226 0.7041102
vt 0.035214424 0.70216817
vt 0.26319706 0.68110025
vt 0.27450404 0.6761477
vt 0.28301796 0.682123
vt 0.259302 0.6735772
vt 0.24362606 0.6751437
vt 0.25755465 0.6934373
vt 0.27111235 0.7010272
vt 0.24047118 0.69751084
vt 0.255324 0.7038491
vt 0.26683468 0.7108414
vt 0.2518299 0.71425265
vt 0.26272652 0.72039527
vt 0.23905951 0.7076353
vt 0.23722585 0.71898013
vt 0.22602576 0.70152533
vt 0.23524325 0.73014265
vt 0.24657385 0.7350979
vt 0.22157975 0.72468585
vt 0.23324968 0.74178714
vt 0.22014818 0.7361621
vt 0.22002298 0.74694294
vt 0.20507415 0.7439129
vt 0.2917734 0.6892608
vt 0.2863289 0.6989177
vt 0.27649835 0.6919202
vt 0.28085497 0.708416
vt 0.27590504 0.71668166
vt 0.27332613 0.7264127
vt 0.2594789 0.7296965
vt 0.26937014 0.7356228
vt 0.2651448 0.7425997
vt 0.25695908 0.74146354
vt 0.25160265 0.74802804
vt 0.24920584 0.7245902
vt 0.24385749 0.7461564
vt 0.0866466 0.7072736
vt 0.16942255 0.62013936
vt 0.26402467 0.67662877
vt 0.25306195 0.62992936
vt 0.265224 0.6353652
vt 0.2614468 0.6429702
vt 0.26709026 0.6526763
vt 0.2643438 0.64903903
vt 0.26904362 0.65743285
vt 0.016036198 0.5508326
vt 0.0034933132 0.5666951
vt 0.0015240334 0.5511218
vt 0.01837193 0.56792766
vt 0.019663725 0.5858282
vt 0.003934842 0.58349
vt 0.0028992502 0.60012764
vt 0.018791098 0.6036391
vt 0.0004382121 0.61460924
vt 0.18186748 0.62732583
vt 0.19631965 0.6351019
vt 0.21143813 0.63998413
vt 0.22568041 0.64444625
vt 0.23803593 0.6478671
vt 0.24814738 0.6522097
vt 0.2985115 0.6781922
vt 0.30777147 0.6642829
vt 0.31733337 0.674205
vt 0.30120227 0.69675505
vt 0.2952156 0.7072976
vt 0.28440735 0.72644657
vt 0.3148781 0.6947503
vt 0.3076674 0.6864763
vt 0.30898747 0.7053909
vt 0.3039891 0.7154717
vt 0.29829466 0.72553873
vt 0.2895045 0.716986
vt 0.2936695 0.73342186
vt 0.28940603 0.6716112
vt 0.29729614 0.65813977
vt 0.35732558 0.5956097
vt 0.36754423 0.6046969
vt 0.3582903 0.6183641
vt 0.34841472 0.6093975
vt 0.34793067 0.63177854
vt 0.3287062 0.63770974
vt 0.33766752 0.64638674
vt 0.32770222 0.66077834
vt 0.3184475 0.6514017
vt 0.3388115 0.6233549
vt 0.3628514 0.5625773
vt 0.3682786 0.5508326
vt 0.3777152 0.5565762
vt 0.3721915 0.56958246
vt 0.36500248 0.5823169
vt 0.375015 0.5905413
vt 0.3565823 0.57272285
vt 0.3487186 0.5842787
vt 0.38177368 0.5780993
vt 0.38589546 0.5971192
vt 0.39188722 0.58598727
vt 0.4027169 0.5923645
vt 0.39831328 0.60450983
vt 0.37973288 0.6103642
vt 0.124065794 0.7506573
vt 0.13965583 0.7462752
vt 0.1520596 0.7490984
vt 0.12050833 0.7462752
vt 0.91460556 0.3415501
vt 0.91207933 0.32733405
vt 0.92700386 0.32482785
vt 0.9273773 0.35627806
vt 0.9106145 0.357831
vt 0.92417413 0.39209723
vt 0.90841365 0.37694895
vt 0.9101711 0.39264476
vt 0.94399506 0.35113668
vt 0.9418988 0.34533668
vt 0.94451225 0.37827396
vt 0.9395343 0.3978138
vt 0.942754 0.32975018
vt 0.9478528 0.33521736
vt 0.93815595 0.33079505
vt 0.9138929 0.28615248
vt 0.9252012 0.31566256
vt 0.90841365 0.31283975
vt 0.9394927 0.32606995
vt 0.92932737 0.3307128
vt 0.93741953 0.31851888
vt 0.9261265 0.29161787
vt 0.9288727 0.40184045
vt 0.9255301 0.39270478
vt 0.94334203 0.31296587
vt 0.9442006 0.32646573
vt 0.50788784 0.812007
vt 0.51773286 0.81989485
vt 0.5138933 0.8198099
vt 0.52366346 0.812007
vt 0.7401402 0.047765136
vt 0.72793686 0.05249405
vt 0.73537165 0.05477649
vt 0.7226117 0.047765136
vt 0.80324274 0.76643294
vt 0.8009484 0.77217376
vt 0.79800403 0.7743208
vt 0.7900964 0.76643294
vt 0.58501315 0.7900964
vt 0.6025416 0.7900964
vt 0.59022063 0.783085
vt 0.7436459 0.06879932
vt 0.74072087 0.05147648
vt 0.7436459 0.047765136
vt 0.7401402 0.06567699
vt 0.97940403 0.58150744
vt 0.97465795 0.57632226
vt 0.96619403 0.5762489
vt 0.962752 0.58150744
vt 0.6086067 0.79535496
vt 0.6050501 0.80288804
vt 0.60955304 0.805872
vt 0.6007888 0.805872
vt 0.6024947 0.8012056
vt 0.7857235 0.7646801
vt 0.7927257 0.7594216
vt 0.78045577 0.7594216
vt 0.1763126 0.4921177
vt 0.17143181 0.4815951
vt 0.19236252 0.48287195
vt 0.1670981 0.4927894
vt 0.16082384 0.49838543
vt 0.16354391 0.49456173
vt 0.170094 0.497571
vt 0.20907667 0.48297948
vt 0.19773167 0.4932667
vt 0.19539212 0.49912357
vt 0.20720764 0.49572372
vt 0.18246013 0.49641573
vt 0.23787786 0.4824978
vt 0.2508155 0.48196256
vt 0.24873485 0.49322706
vt 0.26774758 0.49760455
vt 0.23557447 0.49206895
vt 0.22238852 0.4915219
vt 0.2227413 0.4815951
vt 0.26174104 0.4841709
vt 0.2502191 0.6358457
vt 0.24258637 0.6297108
vt 0.24145487 0.6358457
vt 0.24145487 0.62883437
vt 0.25109553 0.62883437
vt 0.24399345 0.6235758
vt 0.24933808 0.6174408
vt 0.2537248 0.6139352
vt 0.24145487 0.6139352
vt 0.20201577 0.4465381
vt 0.21089439 0.4439088
vt 0.21594155 0.4454627
vt 0.21779141 0.4465381
vt 0.9636284 0.58501315
vt 0.97940403 0.58501315
vt 0.9737414 0.5823839
vt 0.84618753 0.28878176
vt 0.84618753 0.30455744
vt 0.8488168 0.29076785
vt 0.97940403 0.5881122
vt 0.9715162 0.5858896
vt 0.9715162 0.5902717
vt 0.962752 0.5858896
vt 0.962752 0.5893953
vt 0.97063977 0.58902365
vt 0.43426818 0.7042068
vt 0.4380518 0.6969647
vt 0.43965185 0.6997439
vt 0.447897 0.69368976
vt 0.45617878 0.7042068
vt 0.4894829 0.55696756
vt 0.49157137 0.55834067
vt 0.49106604 0.5587204
vt 0.5026293 0.55696756
vt 0.87861526 0.09158635
vt 0.87861526 0.10035056
vt 0.8803681 0.0941661
vt 0.23882559 0.6332165
vt 0.24057844 0.6329086
vt 0.23882559 0.6270815
vt 0.43180656 0.6648804
vt 0.44535148 0.6739074
vt 0.43438032 0.67451227
vt 0.43602198 0.6817692
vt 0.42199823 0.6779616
vt 0.42270303 0.6945662
vt 0.43728885 0.6882482
vt 0.44174173 0.6855192
vt 0.45617878 0.68518656
vt 0.43186823 0.6618585
vt 0.45617878 0.6606088
vt 0.4308215 0.6542507
vt 0.43119118 0.6631688
vt 0.64022785 0.06792289
vt 0.6607715 0.075684965
vt 0.6630149 0.06792289
vt 0.65265614 0.077563524
vt 0.90820056 0.24186766
vt 0.9173747 0.23477387
vt 0.9186799 0.24868119
vt 0.9074459 0.23342198
vt 0.90780556 0.24988395
vt 0.8954296 0.24752498
vt 0.9073797 0.2662804
vt 0.93112165 0.24758953
vt 0.9431915 0.24780035
vt 0.94068974 0.26422882
vt 0.9482986 0.25357354
vt 0.93029284 0.26288557
vt 0.93010473 0.2754023
vt 0.918169 0.26214695
vt 0.91137195 0.27428794
vt 0.8943119 0.25908685
vt 0.91862905 0.2746637
vt 0.8952779 0.2851013
vt 0.9105222 0.27466357
vt 0.9169121 0.28480542
vt 0.9289976 0.28595054
vt 0.887157 0.28416556
vt 0.892017 0.2727856
vt 0.95071185 0.26704985
vt 0.9626311 0.2648005
vt 0.9643186 0.2754475
vt 0.9579189 0.25502402
vt 0.94079965 0.27667618
vt 0.9492132 0.27560282
vt 0.9417147 0.28788078
vt 0.95085907 0.2838434
vt 0.9517849 0.28280574
vt 0.9503759 0.29184282
vt 0.9639286 0.28701347
vt 0.9565867 0.29857874
vt 0.94786507 0.24317908
vt 0.8853258 0.3015437
vt 0.8883726 0.29420823
vt 0.8978311 0.295577
vt 0.881007 0.29361665
vt 0.9047708 0.2994138
vt 0.9054083 0.29518485
vt 0.8909952 0.30796218
vt 0.8947695 0.3193894
vt 0.8822139 0.31609482
vt 0.87773883 0.3032233
vt 0.88748735 0.33017933
vt 0.8893211 0.32973003
vt 0.8945097 0.324147
vt 0.97790915 0.2628969
vt 0.97825396 0.27782953
vt 0.9755006 0.2857585
vt 0.96592647 0.30212855
vt 0.97856593 0.28841108
vt 0.9618314 0.3148185
vt 0.97940403 0.30457115
vt 0.9792074 0.3156849
vt 0.9514797 0.30742514
vt 0.9760162 0.28536212
vt 0.9667926 0.17730135
vt 0.93891126 0.18181181
vt 0.9489302 0.1683824
vt 0.95388085 0.18569672
vt 0.96592486 0.1910941
vt 0.97940403 0.17988318
vt 0.9332449 0.19976747
vt 0.9440151 0.1975826
vt 0.95549804 0.20606524
vt 0.94412494 0.20341063
vt 0.9305958 0.15806222
vt 0.9403535 0.14487058
vt 0.9692478 0.16443926
vt 0.9429938 0.13803679
vt 0.92583925 0.17730302
vt 0.9233756 0.20085907
vt 0.9153597 0.21429539
vt 0.9311374 0.21223861
vt 0.94945157 0.21579129
vt 0.93137157 0.23035288
vt 0.9457858 0.22692567
vt 0.91582775 0.20140535
vt 0.9141341 0.21848643
vt 0.96605664 0.21454275
vt 0.9649653 0.22365898
vt 0.9481522 0.23569244
vt 0.95044607 0.24122477
vt 0.9049847 0.2180931
vt 0.8936748 0.33435583
vt 0.80411917 0.44303238
vt 0.78133214 0.44303238
vt 0.7903057 0.43339175
vt 0.36752725 0.95223486
vt 0.38031355 0.9357663
vt 0.38154182 0.94875914
vt 0.36648104 0.9389149
vt 0.39271897 0.93313307
vt 0.3944866 0.9455177
vt 0.3906687 0.92067677
vt 0.37844127 0.92266196
vt 0.3651869 0.92501575
vt 0.37752157 0.9104236
vt 0.3650394 0.91160196
vt 0.37732393 0.8981185
vt 0.3649067 0.89800817
vt 0.37852868 0.8888487
vt 0.36321282 0.88366127
vt 0.3631207 0.86790967
vt 0.3819416 0.86949444
vt 0.3465809 0.87464863
vt 0.3463314 0.8659367
vt 0.3509405 0.8506558
vt 0.3632993 0.8524802
vt 0.36499235 0.8368137
vt 0.35279095 0.83467406
vt 0.35382968 0.8198034
vt 0.3658846 0.82128984
vt 0.36641046 0.80672795
vt 0.35412362 0.80515975
vt 0.35533956 0.79085505
vt 0.36726576 0.7915672
vt 0.37943026 0.7923112
vt 0.37864482 0.8082616
vt 0.38158953 0.7773841
vt 0.36852935 0.77670157
vt 0.36922887 0.7622356
vt 0.3824373 0.76235497
vt 0.34287116 0.80417186
vt 0.34120598 0.8180498
vt 0.34374225 0.7899061
vt 0.39240324 0.793635
vt 0.39212134 0.8096707
vt 0.3938978 0.7783632
vt 0.38356465 0.7472338
vt 0.36554843 0.74813575
vt 0.367578 0.73355514
vt 0.38179898 0.7323188
vt 0.38030294 0.7175688
vt 0.37029895 0.71869534
vt 0.37272006 0.70432144
vt 0.3834402 0.70388293
vt 0.36144924 0.72031444
vt 0.36287042 0.70490277
vt 0.35185534 0.70877326
vt 0.35162428 0.72316086
vt 0.34101266 0.7128674
vt 0.34194407 0.72589165
vt 0.35131642 0.73746043
vt 0.3423876 0.7392653
vt 0.34932166 0.6940931
vt 0.3392205 0.69871265
vt 0.36295143 0.69019115
vt 0.3740046 0.6880584
vt 0.35709473 0.73514146
vt 0.35712492 0.748108
vt 0.39533105 0.704118
vt 0.3882615 0.7184147
vt 0.3947205 0.697382
vt 0.41052073 0.7052735
vt 0.41305068 0.6897417
vt 0.3950548 0.6928189
vt 0.41246793 0.67355263
vt 0.39945382 0.67491156
vt 0.38669825 0.67469037
vt 0.38884535 0.6595092
vt 0.4042797 0.66047955
vt 0.37366593 0.6748514
vt 0.37429276 0.65973675
vt 0.41134292 0.710152
vt 0.41070655 0.7186024
vt 0.4290643 0.72114456
vt 0.4299948 0.7095506
vt 0.41861343 0.7321701
vt 0.42971775 0.7220206
vt 0.44325238 0.73117954
vt 0.4183196 0.7467393
vt 0.44283995 0.7458308
vt 0.3961204 0.7480184
vt 0.41842958 0.76278794
vt 0.44217044 0.7621913
vt 0.4583352 0.7445703
vt 0.45852524 0.7288357
vt 0.4581965 0.7612156
vt 0.39332488 0.73230934
vt 0.4442229 0.7105675
vt 0.35220015 0.8822458
vt 0.34507424 0.8846427
vt 0.3393845 0.87984794
vt 0.33487692 0.8771469
vt 0.34450215 0.8978036
vt 0.31818846 0.8780398
vt 0.32371703 0.8978989
vt 0.34468815 0.9117534
vt 0.32444078 0.91346806
vt 0.30733567 0.9099685
vt 0.3072811 0.89566964
vt 0.32276306 0.92804086
vt 0.34047818 0.9274394
vt 0.3060431 0.9242436
vt 0.33738482 0.86425877
vt 0.33945003 0.8494063
vt 0.3539136 0.89758635
vt 0.39261243 0.86996037
vt 0.39461303 0.88098574
vt 0.41057348 0.87228954
vt 0.4097751 0.88360673
vt 0.42980653 0.8879961
vt 0.42891213 0.8755882
vt 0.43969646 0.8833408
vt 0.37491342 0.85362434
vt 0.37726754 0.83845454
vt 0.39149526 0.85620475
vt 0.43041417 0.9008618
vt 0.41632777 0.89700645
vt 0.44516042 0.9031856
vt 0.44541168 0.91721666
vt 0.43014616 0.9156256
vt 0.4451197 0.9308486
vt 0.4291545 0.9300626
vt 0.46171057 0.9180171
vt 0.46198714 0.9315772
vt 0.46203527 0.9435085
vt 0.4447885 0.94268227
vt 0.4782487 0.9316875
vt 0.47889745 0.94433796
vt 0.49353755 0.9302401
vt 0.49543113 0.9431395
vt 0.5073304 0.9258476
vt 0.51059765 0.93772477
vt 0.49229193 0.9172267
vt 0.5074877 0.91339725
vt 0.52160376 0.90813786
vt 0.5208015 0.92368186
vt 0.50114334 0.9075582
vt 0.4913553 0.90513563
vt 0.49118954 0.8924748
vt 0.5070233 0.8965834
vt 0.47654325 0.90490955
vt 0.4757222 0.8918898
vt 0.49101835 0.88010377
vt 0.50637966 0.8838592
vt 0.47491166 0.87893134
vt 0.5336781 0.92365515
vt 0.5345179 0.90798026
vt 0.5201369 0.8918257
vt 0.5343209 0.89196277
vt 0.5476577 0.8904659
vt 0.5468398 0.8710119
vt 0.53425837 0.8710979
vt 0.55980396 0.88927305
vt 0.5605603 0.8709944
vt 0.5259172 0.8499097
vt 0.54931265 0.85194737
vt 0.5341723 0.8496046
vt 0.563384 0.8536853
vt 0.5199479 0.87093294
vt 0.5180587 0.85477155
vt 0.56230205 0.9055946
vt 0.5718355 0.88740796
vt 0.5723512 0.90452325
vt 0.56441617 0.9218336
vt 0.5746525 0.92009646
vt 0.55510765 0.92730963
vt 0.56439286 0.93600756
vt 0.5763535 0.9364551
vt 0.5723446 0.95223486
vt 0.56046426 0.95085883
vt 0.5486316 0.90852004
vt 0.51701486 0.8447258
vt 0.52619475 0.83892274
vt 0.50614166 0.8442981
vt 0.50573874 0.85452384
vt 0.5062963 0.8699379
vt 0.47751462 0.9183519
vt 0.46111503 0.9041181
vt 0.428283 0.9422781
vt 0.41235632 0.9413956
vt 0.43163803 0.8610548
vt 0.44605076 0.8641781
vt 0.43420076 0.8458322
vt 0.44971505 0.8493467
vt 0.43738303 0.8304388
vt 0.4533151 0.8333019
vt 0.4411621 0.8129347
vt 0.45691907 0.81571376
vt 0.45918277 0.7982477
vt 0.44374403 0.7960661
vt 0.41741413 0.8096961
vt 0.4601158 0.78058356
vt 0.47342265 0.7808373
vt 0.47422224 0.7955821
vt 0.47069746 0.8212764
vt 0.41514888 0.8263272
vt 0.41320345 0.8419384
vt 0.46149907 0.86639166
vt 0.46026605 0.8813177
vt 0.46404254 0.85259384
vt 0.41127938 0.8577278
vt 0.41584492 0.9132845
vt 0.4033033 0.9104086
vt 0.38710544 0.89155
vt 0.35257274 0.94203043
vt 0.44316867 0.7193548
vt 0.4438416 0.77937824
vt 0.47600788 0.7606901
vt 0.4751572 0.7420393
vt 0.57240665 0.87063766
vt 0.57552624 0.85498005
vt 0.48778206 0.8024088
vt 0.49019372 0.8222823
vt 0.40097892 0.9247087
vt 0.3952452 0.8219273
vt 0.39537734 0.76291
vt 0.41680756 0.79420465
vt 0.55285555 0.8353639
vt 0.5666886 0.83705294
vt 0.56852406 0.82235044
vt 0.554983 0.8208886
vt 0.58150744 0.8235783
vt 0.33228776 0.70599914
vt 0.3328353 0.7046151
vt 0.33528087 0.6819114
vt 0.3469175 0.677666
vt 0.32878843 0.6661031
vt 0.34286076 0.6621706
vt 0.44316947 0.8838833
vt 0.47703066 0.86779034
vt 0.44393432 0.89133024
vt 0.3892156 0.9088159
vt 0.38908607 0.89439034
vt 0.41445866 0.92813426
vt 0.47916043 0.8540248
vt 0.46390304 0.8354702
vt 0.4905579 0.7879213
vt 0.51752454 0.89887154
vt 0.32816336 0.8164215
vt 0.32997897 0.8025869
vt 0.31842598 0.80113935
vt 0.31624985 0.8149448
vt 0.32066816 0.7866907
vt 0.30620873 0.7994033
vt 0.30417517 0.813276
vt 0.3083247 0.7850819
vt 0.31029227 0.77079344
vt 0.32251927 0.7723933
vt 0.31277433 0.7563563
vt 0.32423115 0.75882876
vt 0.32662305 0.7466411
vt 0.31669682 0.7397907
vt 0.33598015 0.76065516
vt 0.33449942 0.7739766
vt 0.33688158 0.74808097
vt 0.34687674 0.775505
vt 0.347707 0.76205933
vt 0.31485704 0.82829833
vt 0.32667756 0.83005226
vt 0.3023665 0.82663745
vt 0.30251125 0.8383874
vt 0.3145176 0.84168905
vt 0.31007004 0.8670494
vt 0.29948503 0.8541691
vt 0.28878176 0.8273736
vt 0.28965175 0.83774054
vt 0.32572645 0.8443195
vt 0.49062958 0.8653999
vt 0.3324487 0.78829056
vt 0.35778165 0.77631307
vt 0.4598425 0.8917072
vt 0.46778682 0.84084815
vt 0.4939672 0.8472699
vt 0.3591117 0.76256764
vt 0.37823397 0.8234044
vt 0.39187324 0.83931863
vt 0.57885516 0.8389063
vt 0.45827785 0.7143714
vt 0.3534198 0.9110136
vt 0.48229194 0.8418399
vt 0.4945627 0.84052426
vt 0.32507372 0.861702
vt 0.3397251 0.8331516
vt 0.3383285 0.9431269
vt 0.32148135 0.94495505
vt 0.4178862 0.7788102
vt 0.4743525 0.72636306
vt 0.47403985 0.7129123
vt 0.38286006 0.6895771
vt 0.3523898 0.9261414
vt 0.3495504 0.74868673
vt 0.36227718 0.6731789
vt 0.35834104 0.66062254
vt 0.33196777 0.7371228
vt 0.68667835 0.029118419
vt 0.66389316 0.030367672
vt 0.66305155 0.014692783
vt 0.6636955 0.045363843
vt 0.6488281 0.016375422
vt 0.6468726 0.047637165
vt 0.6463882 0.00043821335
vt 0.6642219 0.05918461
vt 0.6427852 0.061787903
vt 0.6340929 0.0030784607
vt 0.6340929 0.060408473
vt 0.64022785 0.09421563
vt 0.650745 0.079361975
vt 0.6486532 0.08984989
vt 0.64022785 0.07318139
vt 0.4273749 0.33922458
vt 0.41264474 0.32697076
vt 0.426865 0.33059764
vt 0.41217864 0.33641905
vt 0.4008398 0.32324648
vt 0.39965838 0.33354318
vt 0.39059788 0.3315757
vt 0.3899888 0.32069576
vt 0.38869414 0.30924988
vt 0.4004352 0.3115492
vt 0.41267264 0.31624
vt 0.42676818 0.32174444
vt 0.44227523 0.33512956
vt 0.44298783 0.32552218
vt 0.4589679 0.3385533
vt 0.4611099 0.3295713
vt 0.39732188 0.29658085
vt 0.40676904 0.30045944
vt 0.4076733 0.2927389
vt 0.4032803 0.28352988
vt 0.38896272 0.2958939
vt 0.39923486 0.28165114
vt 0.39095438 0.28255737
vt 0.39371386 0.27042246
vt 0.4026034 0.27254868
vt 0.42543188 0.31198645
vt 0.47671896 0.3347172
vt 0.47273594 0.3452289
vt 0.49223953 0.34979737
vt 0.4955377 0.33862925
vt 0.5134347 0.3541683
vt 0.5174396 0.34257662
vt 0.53369343 0.3592087
vt 0.5375232 0.3476572
vt 0.4414876 0.31662488
vt 0.63537437 0.38472402
vt 0.6221734 0.37779683
vt 0.6308384 0.36735225
vt 0.647925 0.3729068
vt 0.6411423 0.35738218
vt 0.6572639 0.36252463
vt 0.64945763 0.3452338
vt 0.665714 0.3500979
vt 0.6135566 0.36372554
vt 0.5909854 0.36264658
vt 0.6008319 0.35246503
vt 0.62297684 0.3532011
vt 0.63336957 0.34179187
vt 0.569582 0.36078823
vt 0.578209 0.35129273
vt 0.5594335 0.35113406
vt 0.55346924 0.36279875
vt 0.56065285 0.34589648
vt 0.5885287 0.34137696
vt 0.6121792 0.340621
vt 0.54315895 0.33608317
vt 0.5081727 0.15277028
vt 0.48877808 0.15717864
vt 0.48380005 0.14728826
vt 0.5056922 0.14323187
vt 0.52911574 0.15237802
vt 0.52808166 0.14256513
vt 0.5478242 0.15133464
vt 0.5471948 0.13901043
vt 0.56565255 0.15125072
vt 0.56557786 0.13927281
vt 0.5840957 0.1527034
vt 0.5833168 0.13822383
vt 0.605565 0.15496254
vt 0.60183907 0.1392591
vt 0.62379867 0.15589929
vt 0.6193904 0.14082468
vt 0.63935554 0.15716827
vt 0.63597274 0.14215994
vt 0.6403119 0.17228222
vt 0.6265099 0.17167121
vt 0.6136294 0.17261684
vt 0.6266986 0.18563366
vt 0.6117518 0.18714356
vt 0.62717533 0.19948113
vt 0.6401317 0.20061326
vt 0.64059556 0.18687081
vt 0.6514173 0.20253742
vt 0.65379566 0.18969554
vt 0.653864 0.17404503
vt 0.64916295 0.21555334
vt 0.63893247 0.21451712
vt 0.6475206 0.22957993
vt 0.6377733 0.2290591
vt 0.636626 0.24438697
vt 0.6479419 0.24558598
vt 0.62688875 0.21319497
vt 0.61467505 0.2120412
vt 0.62599796 0.22748381
vt 0.61407644 0.22563112
vt 0.62475616 0.24250448
vt 0.6343749 0.26062417
vt 0.62213826 0.258353
vt 0.6173426 0.2745726
vt 0.63080275 0.27710962
vt 0.62378114 0.29370832
vt 0.60866374 0.2909435
vt 0.5950152 0.31085014
vt 0.61297166 0.3107586
vt 0.60124046 0.32722187
vt 0.6323962 0.3110479
vt 0.6225125 0.32706112
vt 0.6134782 0.1999926
vt 0.57908463 0.16714275
vt 0.5638616 0.16308779
vt 0.60282665 0.17223662
vt 0.54887116 0.16020912
vt 0.5271962 0.13471913
vt 0.5474131 0.13002133
vt 0.53075534 0.16220081
vt 0.5049617 0.13356912
vt 0.511634 0.16138971
vt 0.49577385 0.16353011
vt 0.46415755 0.15304607
vt 0.46384558 0.14296114
vt 0.47983956 0.1353988
vt 0.46340436 0.13619804
vt 0.47762534 0.1295529
vt 0.447966 0.13742912
vt 0.4476915 0.14481938
vt 0.43457785 0.14389998
vt 0.43523446 0.13584447
vt 0.4332416 0.15434974
vt 0.44669044 0.1543895
vt 0.44427362 0.1657781
vt 0.4299458 0.16637748
vt 0.42654034 0.17895317
vt 0.44016325 0.1782546
vt 0.42555103 0.191827
vt 0.43704236 0.19180214
vt 0.4244799 0.20506185
vt 0.43489754 0.20652395
vt 0.43815705 0.2768821
vt 0.42465627 0.26990306
vt 0.4266844 0.25515938
vt 0.43662563 0.29210502
vt 0.42111218 0.28258187
vt 0.43878108 0.30520046
vt 0.4572932 0.31057227
vt 0.41445753 0.29019016
vt 0.45567328 0.29900634
vt 0.45138514 0.2887175
vt 0.48321292 0.29562157
vt 0.479069 0.305157
vt 0.47807184 0.3159474
vt 0.50607014 0.29839915
vt 0.5307736 0.2980423
vt 0.5276893 0.30912954
vt 0.5240523 0.32295835
vt 0.50040585 0.3201363
vt 0.5032962 0.30926836
vt 0.5742274 0.3280788
vt 0.5484533 0.3264228
vt 0.55223274 0.31463552
vt 0.43838134 0.25842738
vt 0.45028967 0.25953078
vt 0.42942432 0.23841256
vt 0.4409365 0.24074745
vt 0.44398993 0.2236312
vt 0.43250647 0.22214943
vt 0.4461786 0.20756793
vt 0.44935167 0.19222194
vt 0.45963934 0.19336653
vt 0.45620024 0.178487
vt 0.470382 0.18192935
vt 0.46186253 0.16585892
vt 0.4821081 0.17214322
vt 0.45659593 0.20825481
vt 0.45256847 0.24245381
vt 0.45456266 0.22476673
vt 0.55325884 0.3057201
vt 0.577724 0.29948735
vt 0.5973671 0.28554928
vt 0.60800946 0.2709782
vt 0.6411132 0.29387474
vt 0.6439257 0.27851284
vt 0.6133125 0.24016672
vt 0.61100787 0.25541997
vt 0.42259765 0.22075021
vt 0.41911733 0.23610705
vt 0.65553665 0.15813828
vt 0.65100086 0.14364344
vt 0.6453024 0.2619319
vt 0.5870052 0.18090492
vt 0.57317615 0.18985581
vt 0.56684923 0.18342912
vt 0.5734928 0.17504299
vt 0.59756756 0.18979108
vt 0.6015732 0.20054841
vt 0.6410062 0.32786983
vt 0.6577555 0.33020484
vt 0.64972997 0.31162268
vt 0.6649459 0.31360656
vt 0.6558336 0.2925651
vt 0.6707629 0.2956912
vt 0.4161605 0.292135
vt 0.41846934 0.2937436
vt 0.41530654 0.2647934
vt 0.41680333 0.2518494
vt 0.41152364 0.2763121
vt 0.40672734 0.28428155
vt 0.45916 0.32048142
vt 0.47759297 0.32491636
vt 0.44758734 0.13104188
vt 0.43451926 0.12665433
vt 0.4627073 0.13034141
vt 0.44300795 0.1151793
vt 0.45648712 0.11412853
vt 0.43064162 0.11509299
vt 0.4689483 0.110703945
vt 0.47443616 0.12095535
vt 0.48502633 0.11334437
vt 0.48591912 0.12274921
vt 0.47950074 0.10459012
vt 0.42036885 0.11719453
vt 0.42379683 0.12537956
vt 0.42518124 0.13423872
vt 0.41579577 0.124836504
vt 0.41470706 0.1326201
vt 0.4239356 0.1417371
vt 0.41378927 0.14152002
vt 0.41247645 0.15260953
vt 0.4223936 0.15379453
vt 0.41070396 0.16468519
vt 0.42060345 0.16578609
vt 0.42072716 0.17839265
vt 0.4091428 0.17699945
vt 0.6151471 0.12757277
vt 0.6317569 0.12813342
vt 0.598322 0.1270206
vt 0.5822623 0.12745911
vt 0.61151874 0.11510259
vt 0.6280729 0.11508989
vt 0.59590614 0.11542463
vt 0.5808896 0.11504245
vt 0.64784545 0.12939924
vt 0.6441677 0.11632788
vt 0.6595497 0.117349684
vt 0.6615681 0.1303364
vt 0.6636291 0.14334059
vt 0.67856437 0.14288956
vt 0.6769367 0.12994659
vt 0.67998457 0.1583429
vt 0.6660185 0.15827733
vt 0.6801755 0.17564094
vt 0.66663927 0.1756832
vt 0.6794699 0.19343686
vt 0.6645015 0.19530106
vt 0.5655382 0.12792128
vt 0.5648819 0.11574882
vt 0.52101743 0.3328073
vt 0.4978873 0.32920218
vt 0.5464751 0.11748576
vt 0.5456324 0.10567087
vt 0.5645462 0.103152454
vt 0.5261435 0.10678172
vt 0.52654177 0.11745101
vt 0.50767106 0.11978614
vt 0.50778484 0.10789764
vt 0.49130347 0.12620795
vt 0.48897237 0.107810736
vt 0.5606259 0.17182577
vt 0.41913986 0.17974979
vt 0.5181773 0.124498725
vt 0.6021426 0.21197307
vt 0.41064912 0.120115876
vt 0.40771762 0.29055488
vt 0.40824506 0.29193985
vt 0.5821187 0.10179794
vt 0.5943099 0.104034185
vt 0.60866785 0.10413957
vt 0.6247013 0.10312432
vt 0.64038557 0.10258001
vt 0.65593535 0.10297042
vt 0.4053905 0.26085877
vt 0.4076913 0.23456693
vt 0.4042235 0.24895602
vt 0.40842083 0.21896613
vt 0.4117704 0.20392185
vt 0.41160724 0.19004196
vt 0.6583708 0.2780509
vt 0.661964 0.24691772
vt 0.66003007 0.26343858
vt 0.6631483 0.23097718
vt 0.66393626 0.21721405
vt 0.6653988 0.20528632
vt 0.68351585 0.10050428
vt 0.68806905 0.107222736
vt 0.67089653 0.1068514
vt 0.6720722 0.08997309
vt 0.6804109 0.07055217
vt 0.6949132 0.081446946
vt 0.6915419 0.11681497
vt 0.6746397 0.118346095
vt 0.65836334 0.08518064
vt 0.7109038 0.10960305
vt 0.70558834 0.09523767
vt 0.67393625 0.28075242
vt 0.67814785 0.24871045
vt 0.67929345 0.23222977
vt 0.68003285 0.21712673
vt 0.6762434 0.26535738
vt 0.68056494 0.20426965
vt 0.6954719 0.1988256
vt 0.6955082 0.19155657
vt 0.6954211 0.17340505
vt 0.69517785 0.1569891
vt 0.6945129 0.14138538
vt 0.6932891 0.12801051
vt 0.7109957 0.1929481
vt 0.7260771 0.1982395
vt 0.72989935 0.21397907
vt 0.714226 0.21556371
vt 0.7113557 0.18396252
vt 0.71149874 0.17091453
vt 0.72625643 0.18388557
vt 0.7272899 0.16946489
vt 0.71165055 0.1551857
vt 0.7268441 0.15348458
vt 0.71179295 0.13918447
vt 0.72851294 0.13698459
vt 0.7115733 0.124093294
vt 0.7297782 0.120381236
vt 0.731376 0.10262799
vt 0.66859984 0.39857328
vt 0.7016641 0.39823312
vt 0.68692833 0.41314423
vt 0.6930625 0.37682343
vt 0.7122717 0.38297498
vt 0.6457097 0.39287537
vt 0.63477165 0.41644448
vt 0.6282212 0.39624858
vt 0.6544285 0.40901262
vt 0.65450084 0.38841993
vt 0.6645604 0.38019615
vt 0.670401 0.42900968
vt 0.68197936 0.38926893
vt 0.6743817 0.3698027
vt 0.68406546 0.3564015
vt 0.70308816 0.36244428
vt 0.7102402 0.3510574
vt 0.7222255 0.36819965
vt 0.7146854 0.34997284
vt 0.731376 0.35229927
vt 0.67382246 0.3348089
vt 0.68100977 0.31766784
vt 0.69868064 0.32344735
vt 0.6878096 0.2990489
vt 0.704502 0.30466723
vt 0.71065 0.2875681
vt 0.71617156 0.32963204
vt 0.72100073 0.31050658
vt 0.72700465 0.29372317
vt 0.6915305 0.2842223
vt 0.71333456 0.2701733
vt 0.69390106 0.2677921
vt 0.7139275 0.25222993
vt 0.69552314 0.25045478
vt 0.69628763 0.23277783
vt 0.71396625 0.23367769
vt 0.6965319 0.21588665
vt 0.691903 0.34120607
vt 0.4080858 0.50832903
vt 0.40330473 0.51943606
vt 0.39334318 0.51524603
vt 0.39222223 0.526131
vt 0.39532945 0.50371057
vt 0.38022906 0.5128147
vt 0.3812686 0.50109583
vt 0.36537996 0.51108927
vt 0.3663193 0.49912465
vt 0.3511912 0.51001006
vt 0.35176224 0.4975629
vt 0.39698306 0.53480417
vt 0.40010133 0.52903336
vt 0.39365277 0.53518075
vt 0.39338386 0.53613
vt 0.37919223 0.5248105
vt 0.3644137 0.5238675
vt 0.35059026 0.5229487
vt 0.337657 0.50886655
vt 0.33892906 0.5231534
vt 0.3258195 0.52493286
vt 0.32307327 0.50981045
vt 0.30993423 0.5266931
vt 0.30719304 0.5112411
vt 0.32939744 0.54003567
vt 0.3122487 0.5415273
vt 0.29498258 0.5442146
vt 0.29269788 0.52903247
vt 0.27832657 0.54762185
vt 0.29022345 0.5134305
vt 0.2751469 0.53187543
vt 0.27235857 0.51543427
vt 0.2580589 0.5347351
vt 0.26258543 0.5514606
vt 0.24057703 0.536118
vt 0.23749456 0.5184001
vt 0.25500968 0.5173194
vt 0.401191 0.5335699
vt 0.39795104 0.5390895
vt 0.24583076 0.5547997
vt 0.22921312 0.55223024
vt 0.24016756 0.57146096
vt 0.22678407 0.56787443
vt 0.21354133 0.5641196
vt 0.21434002 0.5495365
vt 0.21325956 0.53471875
vt 0.22796257 0.5357728
vt 0.23444828 0.50192666
vt 0.22509277 0.5184739
vt 0.20902409 0.5182435
vt 0.19153309 0.5191053
vt 0.22003683 0.502043
vt 0.20342878 0.501797
vt 0.19730838 0.53652954
vt 0.18203655 0.53813034
vt 0.1748852 0.520211
vt 0.15895483 0.52213174
vt 0.16806228 0.50220734
vt 0.1513077 0.50355804
vt 0.18534419 0.50193024
vt 0.1676158 0.54015136
vt 0.17260039 0.55777067
vt 0.16168839 0.55876654
vt 0.1548505 0.54268306
vt 0.15396303 0.56036806
vt 0.14557387 0.5252939
vt 0.13537095 0.50903296
vt 0.119913645 0.51865697
vt 0.13059781 0.5339652
vt 0.12246114 0.58764243
vt 0.11262051 0.5622474
vt 0.12437459 0.5741352
vt 0.13242576 0.5605724
vt 0.1441195 0.5712794
vt 0.14197831 0.54908866
vt 0.12083542 0.5463605
vt 0.13464564 0.471923
vt 0.14324975 0.48537648
vt 0.12806447 0.49133992
vt 0.12090565 0.47556686
vt 0.113709256 0.4595347
vt 0.12794952 0.45371872
vt 0.34844938 0.46111017
vt 0.3650039 0.44996846
vt 0.36494204 0.46308726
vt 0.3491321 0.446891
vt 0.3643853 0.43554944
vt 0.34955856 0.43278098
vt 0.36384103 0.41947043
vt 0.3495822 0.41709977
vt 0.33399966 0.416057
vt 0.3338043 0.4306146
vt 0.36586416 0.47635496
vt 0.34924826 0.47592223
vt 0.333262 0.47611088
vt 0.33222315 0.4619726
vt 0.3348703 0.4915731
vt 0.38025376 0.43873078
vt 0.3201464 0.49358594
vt 0.3182587 0.47719347
vt 0.3172025 0.46374595
vt 0.3048068 0.49544704
vt 0.3028996 0.4794209
vt 0.28606325 0.48087215
vt 0.2879906 0.49735355
vt 0.27054423 0.49860537
vt 0.26901072 0.48181248
vt 0.2672453 0.46522856
vt 0.31693444 0.42888737
vt 0.31748 0.41410232
vt 0.47429195 0.44189095
vt 0.48568353 0.43138623
vt 0.49320418 0.44168997
vt 0.5048671 0.43125474
vt 0.48244578 0.45199788
vt 0.47331604 0.4621762
vt 0.46427363 0.45202488
vt 0.4637309 0.47208238
vt 0.45477626 0.46381962
vt 0.4974207 0.42012835
vt 0.5087278 0.4089417
vt 0.5153231 0.4197423
vt 0.52614635 0.40911198
vt 0.47980496 0.4742334
vt 0.47138184 0.48076046
vt 0.5189419 0.3972082
vt 0.52885085 0.3857807
vt 0.5359334 0.39705068
vt 0.4376132 0.46442103
vt 0.4420397 0.45719814
vt 0.45659143 0.4807394
vt 0.44742572 0.47245562
vt 0.43917388 0.4824623
vt 0.43115735 0.47274643
vt 0.43143758 0.49294502
vt 0.42115337 0.4886446
vt 0.42840776 0.49874413
vt 0.4249902 0.48092544
vt 0.42281613 0.50718623
vt 0.41362804 0.49763328
vt 0.41739067 0.5162333
vt 0.4651358 0.4886601
vt 0.44812992 0.49046314
vt 0.43890145 0.5031861
vt 0.45817643 0.49718028
vt 0.4506472 0.50714725
vt 0.4368183 0.50905025
vt 0.432613 0.51673275
vt 0.4261554 0.5247998
vt 0.4183942 0.53338826
vt 0.4113684 0.52519244
vt 0.40760157 0.5453781
vt 0.4053263 0.53508425
vt 0.41321558 0.5483624
vt 0.42419082 0.54222184
vt 0.43209574 0.55509937
vt 0.42245832 0.56268936
vt 0.42880052 0.57174426
vt 0.4359993 0.5633911
vt 0.43219042 0.5553005
vt 0.44100165 0.57255983
vt 0.43473852 0.57891834
vt 0.44259572 0.5569935
vt 0.4470396 0.56685627
vt 0.4389981 0.5824076
vt 0.44526145 0.57946575
vt 0.44109067 0.58306336
vt 0.45039055 0.5873774
vt 0.43242067 0.5353173
vt 0.43792993 0.5467923
vt 0.43256548 0.58764243
vt 0.40219313 0.54790187
vt 0.34966978 0.40144348
vt 0.36393085 0.40331054
vt 0.33431193 0.40027094
vt 0.3183698 0.39827222
vt 0.3009624 0.41129124
vt 0.30170095 0.39503282
vt 0.28403547 0.40763593
vt 0.28398332 0.39163375
vt 0.2666379 0.40417564
vt 0.2662583 0.38796532
vt 0.24968016 0.38451862
vt 0.24938513 0.40108407
vt 0.2326245 0.39682424
vt 0.23378447 0.38080633
vt 0.21196274 0.39266586
vt 0.676536 0.79092884
vt 0.6631269 0.79293716
vt 0.6629857 0.78191596
vt 0.68432784 0.77984685
vt 0.6816108 0.7687803
vt 0.66189474 0.76804274
vt 0.65398735 0.81070316
vt 0.6696211 0.8130046
vt 0.68117857 0.8147667
vt 0.6933093 0.8170403
vt 0.6788497 0.83292747
vt 0.6912658 0.83543557
vt 0.68802315 0.8539041
vt 0.67555135 0.8512761
vt 0.6726661 0.8698737
vt 0.68626475 0.87261444
vt 0.6490792 0.82718354
vt 0.6783593 0.75858486
vt 0.6626466 0.75432897
vt 0.6643859 0.83015215
vt 0.6861497 0.79960203
vt 0.685169 0.79757094
vt 0.70181894 0.8020667
vt 0.7043305 0.8191384
vt 0.6649251 0.7432485
vt 0.67885727 0.74778455
vt 0.68147445 0.73498565
vt 0.6665778 0.7276813
vt 0.68566084 0.7224191
vt 0.67235935 0.713714
vt 0.69633067 0.74138856
vt 0.6998325 0.729428
vt 0.7128821 0.80333334
vt 0.7146126 0.81984013
vt 0.7111317 0.7885862
vt 0.6953326 0.7878426
vt 0.699484 0.8563662
vt 0.6986175 0.8750287
vt 0.7150867 0.83708376
vt 0.72791827 0.8200723
vt 0.7280682 0.83736295
vt 0.72846633 0.8558831
vt 0.71537143 0.8559098
vt 0.7425423 0.8559604
vt 0.7422602 0.8374674
vt 0.7420431 0.82025844
vt 0.75760114 0.8560028
vt 0.75734186 0.8373374
vt 0.7583505 0.875845
vt 0.77486074 0.8761231
vt 0.7742596 0.8561205
vt 0.79221815 0.8763658
vt 0.7915515 0.8568744
vt 0.80819196 0.87680745
vt 0.8078065 0.85785407
vt 0.7922481 0.8951965
vt 0.8081363 0.89527994
vt 0.80763185 0.91306627
vt 0.7920274 0.9125861
vt 0.82217747 0.9110222
vt 0.8225345 0.89444757
vt 0.79158545 0.92905146
vt 0.8067902 0.9340613
vt 0.8219301 0.9278197
vt 0.8364836 0.9088351
vt 0.83672583 0.89324677
vt 0.83663374 0.8764958
vt 0.8499779 0.875867
vt 0.8503257 0.89185137
vt 0.8364589 0.8593064
vt 0.8492952 0.8600708
vt 0.86480635 0.8901342
vt 0.86029613 0.87416834
vt 0.871899 0.88944584
vt 0.86757404 0.8729633
vt 0.88613385 0.87807965
vt 0.88469696 0.8929831
vt 0.90033853 0.8814931
vt 0.8978675 0.8967827
vt 0.8836581 0.90633774
vt 0.9128878 0.88455284
vt 0.9102646 0.9009983
vt 0.9149369 0.8674072
vt 0.9020964 0.86524224
vt 0.9031134 0.8493047
vt 0.91633326 0.8506451
vt 0.90314156 0.8341443
vt 0.9164977 0.83503723
vt 0.895036 0.91101074
vt 0.8685548 0.85907596
vt 0.8875795 0.86238605
vt 0.8890131 0.8469483
vt 0.924018 0.88713104
vt 0.92658126 0.8691594
vt 0.91459763 0.82064116
vt 0.9019058 0.8204029
vt 0.8904552 0.8186883
vt 0.92854273 0.8517302
vt 0.9294478 0.83476245
vt 0.8997181 0.8083718
vt 0.912747 0.80847293
vt 0.8921094 0.80572
vt 0.7753883 0.92369235
vt 0.77587056 0.9098092
vt 0.7767388 0.9397144
vt 0.79103327 0.9417112
vt 0.7597421 0.9088506
vt 0.75982654 0.9231747
vt 0.7443031 0.9078304
vt 0.7438169 0.92384684
vt 0.76012427 0.89205146
vt 0.8726065 0.90317225
vt 0.8643567 0.9034227
vt 0.83592623 0.8429539
vt 0.84874266 0.8439912
vt 0.82197344 0.841675
vt 0.8224033 0.85857344
vt 0.8351459 0.8275433
vt 0.8211444 0.82570297
vt 0.8349556 0.81180996
vt 0.8201511 0.8094084
vt 0.8485182 0.81385124
vt 0.8058453 0.8239877
vt 0.80467767 0.8080768
vt 0.79052496 0.8388299
vt 0.9213239 0.9046636
vt 0.80679303 0.84016484
vt 0.8227416 0.876838
vt 0.7296607 0.906461
vt 0.72854584 0.92301226
vt 0.7118805 0.9258893
vt 0.7160237 0.9055768
vt 0.74481726 0.890504
vt 0.85947293 0.85972357
vt 0.7756903 0.89447415
vt 0.84807944 0.82905644
vt 0.7029334 0.92609185
vt 0.70434636 0.903162
vt 0.6397619 0.8072418
vt 0.6459828 0.7892723
vt 0.7025938 0.8371064
vt 0.77346504 0.83768755
vt 0.7170608 0.8875868
vt 0.69021374 0.8999711
vt 0.69046044 0.91629016
vt 0.7290595 0.87521845
vt 0.6949211 0.7728952
vt 0.69408303 0.7602983
vt 0.7092951 0.774318
vt 0.70736516 0.88571846
vt 0.63544273 0.8244504
vt 0.68000054 0.907668
vt 0.67865425 0.89653385
vt 0.68093467 0.9275597
vt 0.66844624 0.8934802
vt 0.6558325 0.8893818
vt 0.6595898 0.90678555
vt 0.67055583 0.87608314
vt 0.6571637 0.8719117
vt 0.6420906 0.8854743
vt 0.6446867 0.90344465
vt 0.6835468 0.8802597
vt 0.6693967 0.9298377
vt 0.6493858 0.91917723
vt 0.9062477 0.91640633
vt 0.7725906 0.8212612
vt 0.8895915 0.92462814
vt 0.8992263 0.93078786
vt 0.89322567 0.9420348
vt 0.8819331 0.94026685
vt 0.8676291 0.94728166
vt 0.8899751 0.83241504
vt 0.9173362 0.9215977
vt 0.7569314 0.82065564
vt 0.771941 0.80509436
vt 0.7563933 0.8037764
vt 0.7267119 0.80327296
vt 0.7893852 0.82255155
vt 0.7882984 0.8065619
vt 0.9140461 0.79537433
vt 0.90251 0.7967319
vt 0.9152282 0.7792093
vt 0.9031102 0.77566975
vt 0.9246192 0.79598975
vt 0.9270379 0.7807171
vt 0.90032303 0.75893503
vt 0.9143434 0.7625349
vt 0.9261324 0.7643269
vt 0.8993532 0.7982567
vt 0.88939244 0.77042955
vt 0.8931711 0.79255235
vt 0.8728328 0.7636177
vt 0.8740761 0.7826412
vt 0.8566029 0.7557902
vt 0.8541752 0.7707644
vt 0.84148407 0.7484107
vt 0.83868086 0.7630383
vt 0.826794 0.7409928
vt 0.8237874 0.7548559
vt 0.8093675 0.7467789
vt 0.8126776 0.7327418
vt 0.8917235 0.79841006
vt 0.8357658 0.77602386
vt 0.84978974 0.7843976
vt 0.7959597 0.7378296
vt 0.7988056 0.7250719
vt 0.8587675 0.73959875
vt 0.84375936 0.733484
vt 0.875634 0.8032077
vt 0.8018987 0.71218705
vt 0.8162822 0.7190431
vt 0.78871566 0.7029839
vt 0.7851588 0.71911025
vt 0.7712469 0.7136783
vt 0.77500844 0.70094156
vt 0.7611193 0.69481003
vt 0.7575874 0.70723236
vt 0.7678733 0.725871
vt 0.8056115 0.6992341
vt 0.81954545 0.7054736
vt 0.7933967 0.69239223
vt 0.86568177 0.7946096
vt 0.8657236 0.7990449
vt 0.87383455 0.7476519
vt 0.78187937 0.7330274
vt 0.88759714 0.754417
vt 0.8209711 0.7688336
vt 0.8062613 0.76074845
vt 0.8453902 0.7186865
vt 0.85959566 0.7239613
vt 0.8605865 0.70849794
vt 0.8475649 0.702913
vt 0.8653321 0.693973
vt 0.8499776 0.687904
vt 0.8308131 0.71392953
vt 0.8732047 0.71252674
vt 0.83276224 0.6987168
vt 0.8343796 0.68393546
vt 0.74149424 0.8031238
vt 0.8171041 0.6953044
vt 0.81829804 0.68054336
vt 0.66094774 0.84828556
vt 0.87912965 0.81708115
vt 0.7437021 0.87458694
vt 0.73059565 0.8888847
vt 0.6463727 0.8455307
vt 0.63322383 0.8433774
vt 0.63155764 0.8630214
vt 0.8742528 0.72952807
vt 0.64501154 0.8675493
vt 0.6636402 0.8641762
vt 0.8779952 0.8304531
vt 0.8360186 0.92534816
vt 0.83569753 0.93948895
vt 0.84804565 0.939021
vt 0.8502138 0.92408466
vt 0.858584 0.9383725
vt 0.86539245 0.9150979
vt 0.8699684 0.9574934
vt 0.8216356 0.94164205
vt 0.71441483 0.73611665
vt 0.7108804 0.74819475
vt 0.72484356 0.7548684
vt 0.7282555 0.742294
vt 0.74144524 0.746985
vt 0.7432868 0.733954
vt 0.7308437 0.72999895
vt 0.7544534 0.7509112
vt 0.7565204 0.73695856
vt 0.7705091 0.74114597
vt 0.6936894 0.75095713
vt 0.859046 0.8296835
vt 0.79192567 0.75358117
vt 0.77862793 0.7457321
vt 0.9256323 0.7504606
vt 0.80640775 0.94388264
vt 0.71475744 0.8733025
vt 0.69026464 0.8860918
vt 0.82947844 0.7271487
vt 0.9130335 0.7483873
vt 0.8507182 0.9069912
vt 0.87328 0.91902715
vt 0.87351346 0.91489077
vt 0.91062087 0.73267263
vt 0.9241872 0.7340937
vt 0.6702712 0.937497
vt 0.6420632 0.9350111
vt 0.6635934 0.9480215
vt 0.63623697 0.95190173
vt 0.65404135 0.9574934
vt 0.62182295 0.94201684
vt 0.62776726 0.9262908
vt 0.6343224 0.9123286
vt 0.6345969 0.90024096
vt 0.8718397 0.84489805
vt 0.90124255 0.7457424
vt 0.89708096 0.73125094
vt 0.8858809 0.72311103
vt 0.88155204 0.9155761
vt 0.8630514 0.79327655
vt 0.86192185 0.81370956
vt 0.8877569 0.7387004
vt 0.8603575 0.84257436
vt 0.6537986 0.8619418
vt 0.7065451 0.7559438
vt 0.70491236 0.7647737
vt 0.68406016 0.7943374
vt 0.77780527 0.79798424
vt 0.7681858 0.78854716
vt 0.7752521 0.7865907
vt 0.78684515 0.7885493
vt 0.7955905 0.79647267
vt 0.8042719 0.7865907
vt 0.81288344 0.7933491
vt 0.90315515 0.33172655
vt 0.9066608 0.33885682
vt 0.90315515 0.36765993
vt 0.754163 0.037248015
vt 0.7401402 0.037248015
vt 0.74702865 0.03374231
vt 0.962752 0.49534786
vt 0.9529705 0.5019928
vt 0.9526643 0.49247217
vt 0.96271205 0.5072239
vt 0.93742204 0.48868108
vt 0.93838614 0.4958542
vt 0.9347064 0.47370732
vt 0.9519943 0.50582266
vt 0.95592195 0.5193208
vt 0.9347064 0.5082174
vt 0.9455958 0.5088992
vt 0.9399098 0.5210342
vt 0.9592311 0.5199714
vt 0.95432806 0.5352186
vt 0.9478528 0.5287739
vt 0.96317416 0.5284761
vt 0.9711897 0.5379853
vt 0.9640985 0.5487297
vt 0.9774175 0.5370021
vt 0.97940403 0.557844
vt 0.9723096 0.5222492
vt 0.9778199 0.516813
vt 0.9478528 0.55346066
vt 0.9699182 0.5157756
vt 0.97357047 0.51934487
vt 0.950482 0.48597717
vt 0.9671341 0.48597717
vt 0.95693445 0.48860645
vt 0.89964944 0.35363716
vt 0.89964944 0.3431201
vt 0.9014023 0.34852523
vt 0.103856266 0.7436459
vt 0.12839614 0.7436459
vt 0.10616831 0.7401402
vt 0.23181419 0.40271688
vt 0.226803 0.4122219
vt 0.2163871 0.41522497
vt 0.22140653 0.42413294
vt 0.20464505 0.40457457
vt 0.20976886 0.42760253
vt 0.20464505 0.44040316
vt 0.28279638 0.82642597
vt 0.2773738 0.83476895
vt 0.26301146 0.8178369
vt 0.27943334 0.818485
vt 0.26546672 0.8412015
vt 0.28227344 0.84706837
vt 0.280303 0.8126878
vt 0.25938284 0.79792714
vt 0.24616946 0.7989335
vt 0.24805912 0.8117086
vt 0.23296931 0.7987755
vt 0.23621127 0.81044936
vt 0.25741014 0.7830374
vt 0.22829333 0.80972314
vt 0.22325207 0.80554986
vt 0.20428394 0.7958173
vt 0.22485802 0.81553775
vt 0.2323789 0.82979584
vt 0.22638637 0.78667986
vt 0.21405174 0.79084754
vt 0.26786873 0.8586504
vt 0.28352323 0.8606924
vt 0.250201 0.8515636
vt 0.26301554 0.87579894
vt 0.24877384 0.87065214
vt 0.25803053 0.8932179
vt 0.2449156 0.88915616
vt 0.2333041 0.8851555
vt 0.23555093 0.8644848
vt 0.23761083 0.8424713
vt 0.24196425 0.7834182
vt 0.27380672 0.8858525
vt 0.2691001 0.89758533
vt 0.24905117 0.83455545
vt 0.22993788 0.9050676
vt 0.24110852 0.90686536
vt 0.22504304 0.92440647
vt 0.23689279 0.92436326
vt 0.21403518 0.9238891
vt 0.20480876 0.93827564
vt 0.19016132 0.93984705
vt 0.20259048 0.9183861
vt 0.18941447 0.9492412
vt 0.18698177 0.9102384
vt 0.17753777 0.92554
vt 0.18035124 0.93872404
vt 0.16734523 0.9075018
vt 0.16317986 0.92400336
vt 0.18783815 0.96178913
vt 0.20273057 0.95915407
vt 0.18835106 0.8919074
vt 0.16927716 0.88730836
vt 0.14755452 0.9048193
vt 0.1494312 0.88346624
vt 0.12875304 0.9002481
vt 0.12971543 0.878663
vt 0.10987544 0.87176955
vt 0.11169373 0.8942879
vt 0.12989774 0.85827744
vt 0.109604456 0.85180676
vt 0.11239333 0.91507053
vt 0.13019204 0.8395638
vt 0.11006328 0.83495176
vt 0.13105379 0.8234405
vt 0.11216921 0.8210992
vt 0.15067555 0.8242691
vt 0.13258612 0.8078592
vt 0.15063043 0.8086418
vt 0.15023166 0.84240115
vt 0.12759778 0.9191126
vt 0.09977956 0.8075533
vt 0.0932551 0.8263439
vt 0.09307789 0.86374867
vt 0.11423588 0.81232667
vt 0.11668737 0.7926718
vt 0.15003932 0.8629243
vt 0.091937 0.84406847
vt 0.16865744 0.8097107
vt 0.095744796 0.88555604
vt 0.09824781 0.90766114
vt 0.08822609 0.79747266
vt 0.080069885 0.8169038
vt 0.1506122 0.79357207
vt 0.16955148 0.86681944
vt 0.1676069 0.7940739
vt 0.14515898 0.9218972
vt 0.06770263 0.81056553
vt 0.07445717 0.79401076
vt 0.05887932 0.7923475
vt 0.052557502 0.80745536
vt 0.07946158 0.77833146
vt 0.063322514 0.7776008
vt 0.08077693 0.76209444
vt 0.06590136 0.76171225
vt 0.048235506 0.7770204
vt 0.051630475 0.76140827
vt 0.09539332 0.7621437
vt 0.06668342 0.74579334
vt 0.05376649 0.74597263
vt 0.0384935 0.7596798
vt 0.041795816 0.74573094
vt 0.046715647 0.82230586
vt 0.06278881 0.82729244
vt 0.043151293 0.8393265
vt 0.060851622 0.8450318
vt 0.039371848 0.8547684
vt 0.061721683 0.8641725
vt 0.07828248 0.87395406
vt 0.029965373 0.86507607
vt 0.034235667 0.77442205
vt 0.027298976 0.75827354
vt 0.029287647 0.7431346
vt 0.036773574 0.7331266
vt 0.043549575 0.73150736
vt 0.014773423 0.74983007
vt 0.017348962 0.7369008
vt 0.017891672 0.7603449
vt 0.031572025 0.817324
vt 0.028703347 0.8344371
vt 0.06548828 0.88582075
vt 0.044746928 0.7921179
vt 0.16000587 0.9372164
vt 0.08086608 0.74560535
vt 0.0952886 0.7464806
vt 0.065151796 0.73084605
vt 0.2033615 0.8957926
vt 0.09259839 0.77958
vt 0.22331457 0.82252467
vt 0.20851319 0.8215616
vt 0.21893091 0.9411387
vt 0.23366795 0.9381482
vt 0.22089633 0.7763335
vt 0.20907381 0.78113776
vt 0.19627021 0.78493255
vt 0.20019622 0.79416245
vt 0.20222673 0.8004649
vt 0.169544 0.826743
vt 0.18484168 0.97610676
vt 0.19997428 0.973669
vt 0.19450098 0.9910633
vt 0.18105234 0.990189
vt 0.21413296 0.97013044
vt 0.21127099 0.985297
vt 0.22602035 0.9831274
vt 0.22849587 0.96711856
vt 0.23115265 0.9470679
vt 0.167257 0.9904922
vt 0.17007364 0.9759321
vt 0.15412694 0.97384334
vt 0.15211383 0.98607486
vt 0.13547 0.98695505
vt 0.13769168 0.97247255
vt 0.118609145 0.98540246
vt 0.120513715 0.9706326
vt 0.15659367 0.96125174
vt 0.19406673 0.9944355
vt 0.10612976 0.96457225
vt 0.10335166 0.9790825
vt 0.090865076 0.96932924
vt 0.092574 0.9573839
vt 0.07770297 0.9647209
vt 0.08013931 0.951633
vt 0.06485865 0.9599328
vt 0.06815684 0.9461589
vt 0.0620279 0.9736172
vt 0.052214693 0.9548348
vt 0.05583917 0.94096845
vt 0.039836057 0.9493957
vt 0.04327283 0.93601185
vt 0.03543647 0.96304363
vt 0.059307475 0.9278173
vt 0.046433125 0.9220579
vt 0.026749125 0.9452774
vt 0.063026525 0.9190139
vt 0.045346715 0.9052173
vt 0.031773694 0.93257517
vt 0.034917273 0.91889447
vt 0.071133785 0.9317546
vt 0.07547394 0.9766572
vt 0.08998556 0.9777221
vt 0.02175042 0.95328647
vt 0.04818988 0.96889657
vt 0.12327307 0.95600694
vt 0.10877348 0.95089734
vt 0.095195964 0.9453168
vt 0.17262392 0.962724
vt 0.13983893 0.9589867
vt 0.053321805 0.7306073
vt 0.1869096 0.80025697
vt 0.18254219 0.78957677
vt 0.18858138 0.8707492
vt 0.25349253 0.9086984
vt 0.2433886 0.931065
vt 0.06402583 0.91854745
vt 0.03579252 0.8747814
vt 0.056066543 0.88980114
vt 0.07092105 0.89540756
vt 0.20527394 0.7721847
vt 0.2172501 0.7673229
vt 0.19258681 0.7755378
vt 0.16945381 0.84553033
vt 0.18752788 0.8487834
vt 0.0825518 0.8962556
vt 0.09825843 0.9321231
vt 0.097662255 0.9310581
vt 0.20320135 0.852192
vt 0.2020606 0.8315216
vt 0.18640894 0.828813
vt 0.12595597 0.93513197
vt 0.110373065 0.93214494
vt 0.21400344 0.7608119
vt 0.20162281 0.7651653
vt 0.21188506 0.7608334
vt 0.20883112 0.7556854
vt 0.19723077 0.7570064
vt 0.21609557 0.7562892
vt 0.19247319 0.76779926
vt 0.18602079 0.76197714
vt 0.18824945 0.80311716
vt 0.16931926 0.7927231
vt 0.15786244 0.78337854
vt 0.2224437 0.8580866
vt 0.21998996 0.8799384
vt 0.15955307 0.94901973
vt 0.098345116 0.93380624
vt 0.14238095 0.94681853
vt 0.12606743 0.94285345
vt 0.21519075 0.95475847
vt 0.24596798 0.9446288
vt 0.1052311 0.7799487
vt 0.11897256 0.7788321
vt 0.2674204 0.93517464
vt 0.26156512 0.9412875
vt 0.25403875 0.9260792
vt 0.25949967 0.954932
vt 0.24413651 0.9543366
vt 0.18627715 0.814892
vt 0.22289777 0.8368393
vt 0.08312137 0.9385566
vt 0.06163782 0.716776
vt 0.048411258 0.7164768
vt 0.07578548 0.71727914
vt 0.076422304 0.8540516
vt 0.07260184 0.91759646
vt 0.025587987 0.91658103
vt 0.020568019 0.92918855
vt 0.011452891 0.9276757
vt 0.01611189 0.9139431
vt 0.034281325 0.9073095
vt 0.027372207 0.90369046
vt 0.21792962 0.9009314
vt 0.1186334 0.7468066
vt 0.079630576 0.7303073
vt 0.09460876 0.7301607
vt 0.09164017 0.7165749
vt 0.033125 0.8776796
vt 0.02956474 0.8959878
vt 0.20411737 0.8743288
vt 0.28111356 0.872515
vt 0.029513601 0.97713196
vt 0.017614018 0.96845216
vt 0.042991295 0.9830073
vt 0.03718052 0.9961451
vt 0.022610208 0.9905493
vt 0.012179509 0.95422965
vt 0.010590696 0.98170936
vt 0.0004382121 0.97165346
vt 0.26375052 0.9094172
vt 0.057344027 0.98694116
vt 0.052850135 0.9995618
vt 0.19718204 0.74653757
vt 0.18521151 0.74416405
vt 0.17126273 0.7657323
vt 0.16694617 0.7482644
vt 0.17542443 0.95133877
vt 0.014077724 0.9428637
vt 0.009511909 0.9422991
vt 0.023922278 0.7724678
vt 0.014192733 0.8000161
vt 0.0058936104 0.78364
vt 0.0004382121 0.7995953
vt 0.009601456 0.80878764
vt 0.022110855 0.81166416
vt 0.0758252 0.834316
vt 0.08597056 0.92404336
vt 0.11023376 0.9421731
vt 0.029737601 0.79401237
vt 0.14396892 0.935333
vt 0.13431668 0.79106
vt 0.13718578 0.77621764
vt 0.17401013 0.78401756
vt 0.148716 0.75326097
vt 0.1528069 0.77071714
vt 0.13118267 0.7587111
vt 0.13623266 0.7761914
vt 0.12419313 0.7769547
vt 0.11432423 0.76355946
vt 0.09619634 0.76804215
vt 0.25670442 0.7660442
vt 0.08423435 0.9139205
vt 0.2357992 0.7672416
vt 0.16359971 0.7704802
vt 0.18338229 0.7747144
vt 0.18265364 0.78120416
vt 0.32646802 0.43430722
vt 0.32120028 0.45092034
vt 0.30577704 0.44542575
vt 0.30941886 0.43004382
vt 0.2908336 0.4392076
vt 0.29420963 0.42497063
vt 0.28791562 0.45203543
vt 0.2794621 0.434834
vt 0.2745289 0.4465208
vt 0.2633316 0.43059236
vt 0.2604966 0.4402151
vt 0.25499737 0.45292723
vt 0.24775593 0.43370003
vt 0.24081394 0.44770956
vt 0.22743207 0.44360435
vt 0.23373702 0.42947555
vt 0.28357252 0.4228747
vt 0.27285546 0.42287874
vt 0.26914617 0.45880806
vt 0.26025006 0.4228747
vt 0.19753398 0.4312744
vt 0.20092477 0.44386053
vt 0.18361087 0.45267308
vt 0.20135637 0.42776597
vt 0.1860214 0.43724978
vt 0.18361087 0.42172372
vt 0.20376863 0.41411042
vt 0.1911103 0.4157598
vt 0.19149868 0.4167397
vt 0.1777081 0.40622258
vt 0.16345312 0.4167397
vt 0.2794872 0.6297108
vt 0.28177038 0.6113059
vt 0.26950043 0.6113059
vt 0.2708555 0.621601
vt 0.1958808 0.9972375
vt 0.21013439 0.9903314
vt 0.20970577 0.99840635
vt 0.20018178 0.9910605
vt 0.22368701 0.9995618
vt 0.22274591 0.9880893
vt 0.23976961 0.9881437
vt 0.23966645 0.99896073
vt 0.256601 0.9992433
vt 0.257124 0.9908165
vt 0.2737612 0.9979496
vt 0.27437916 0.98882246
vt 0.28889832 0.9872919
vt 0.29041234 0.99934185
vt 0.30631027 0.9995618
vt 0.30548877 0.9905766
vt 0.24934268 0.9741455
vt 0.26511833 0.9741455
vt 0.25569287 0.9776512
vt 0.5359334 0.80937773
vt 0.5543548 0.7997371
vt 0.5587204 0.80937773
vt 0.54102004 0.8036902
vt 0.52366346 0.8146363
vt 0.54469764 0.8146363
vt 0.53080654 0.81726557
vt 0.5464537 0.57887816
vt 0.54119194 0.56310254
vt 0.5552147 0.56310254
vt 0.5433251 0.5788707
vt 0.50175285 0.5955302
vt 0.48510078 0.5955302
vt 0.50076157 0.59202456
vt 0.05761002 0.5208148
vt 0.065171264 0.5096407
vt 0.06704645 0.514822
vt 0.059626814 0.53113574
vt 0.055652935 0.5291935
vt 0.06704645 0.53505695
vt 0.06704645 0.53856266
vt 0.05993163 0.5403155
vt 0.051270816 0.53856266
vt 0.05039439 0.5376862
vt 0.052314304 0.53505695
vt 0.057405785 0.5376862
vt 0.43602103 0.69281334
vt 0.4456617 0.69281334
vt 0.4442775 0.69368976
vt 0.48510078 0.59114814
vt 0.49001437 0.58501315
vt 0.49912357 0.59114814
vt 0.49912357 0.5841367
vt 0.48510078 0.5841367
vt 0.49421 0.57800174
vt 0.33890152 0.5050642
vt 0.34342712 0.49211216
vt 0.3475022 0.506135
vt 0.3369851 0.506135
vt 0.36168852 0.49737072
vt 0.35977212 0.49561787
vt 0.3702892 0.49561787
vt 0.049517967 0.5376862
vt 0.04250657 0.5376862
vt 0.046986647 0.53505695
vt 0.28089395 0.35100788
vt 0.28089395 0.3580193
vt 0.2791411 0.3513522
vt 0.30268312 0.5689167
vt 0.29107037 0.5764199
vt 0.29528463 0.5652663
vt 0.30219638 0.59416676
vt 0.29345804 0.60042775
vt 0.28372237 0.5897697
vt 0.27844673 0.56427294
vt 0.27854636 0.562109
vt 0.2846699 0.5610307
vt 0.27254695 0.5743875
vt 0.2747894 0.557844
vt 0.2698591 0.5682643
vt 0.26381344 0.59196365
vt 0.27403903 0.5655129
vt 0.28586468 0.6107741
vt 0.29792687 0.6191937
vt 0.3036471 0.6103296
vt 0.32226357 0.6112084
vt 0.3159856 0.603874
vt 0.2743752 0.6013389
vt 0.3109865 0.6021949
vt 0.2561052 0.5818612
vt 0.24896708 0.57197654
vt 0.26144376 0.5621637
vt 0.23564371 0.582717
vt 0.24305461 0.5932196
vt 0.24702364 0.60665077
vt 0.24742942 0.60789907
vt 0.2652472 0.6137735
vt 0.31960222 0.5828509
vt 0.33143118 0.5919436
vt 0.3226849 0.6092896
vt 0.34312007 0.60964185
vt 0.3377041 0.61473227
vt 0.32405853 0.61402065
vt 0.32580742 0.6149578
vt 0.22264951 0.5927376
vt 0.22964084 0.602266
vt 0.21969052 0.6093247
vt 0.21156135 0.5998039
vt 0.20026293 0.60862917
vt 0.21006857 0.6191937
vt 0.22858907 0.6165046
vt 0.23845863 0.60893774
vt 0.811534 0.77695006
vt 0.8155127 0.78133214
vt 0.80674845 0.78133214
vt 0.80766964 0.77843493
vt 0.8190184 0.783085
vt 0.8232143 0.78133214
vt 0.8260298 0.783085
vt 0.21779141 0.4500438
vt 0.20201577 0.4500438
vt 0.20788178 0.44907427
vt 0.21683371 0.44741452
vt 0.22217353 0.4351446
vt 0.22107516 0.43777388
vt 0.21253286 0.4351446
vt 0.73400134 0.031871855
vt 0.72297597 0.03565979
vt 0.716292 0.024986625
vt 0.7357581 0.016876817
vt 0.7117474 0.027485311
vt 0.7132804 0.04225284
vt 0.7014358 0.02170682
vt 0.69519174 0.03158337
vt 0.7145045 0.009815097
vt 0.7023497 0.017505586
vt 0.7305251 0.00043821335
vt 0.7038305 0.0043966174
vt 0.6876483 0.0020267963
vt 0.6976783 0.043771684
vt 0.68054336 0.036278427
vt 0.68139076 0.046794057
vt 0.6901187 0.061515808
vt 0.70309323 0.05937791
vt 0.69682455 0.06651354
vt 0.70105577 0.07842529
vt 0.71623576 0.05421698
vt 0.7183413 0.056325793
vt 0.7283284 0.07424283
vt 0.7357581 0.07345891
vt 0.7262427 0.088080645
vt 0.7206356 0.054382145
vt 0.7242581 0.05268818
vt 0.7153604 0.047605217
vt 0.7095377 0.03955674
vt 0.28848904 0.6235758
vt 0.28848904 0.63496935
vt 0.2852761 0.6280761
vt 0.28878176 0.62624234
vt 0.2896582 0.63496935
vt 0.2896582 0.6235758
vt 0.29053462 0.63230276
vt 0.6481157 0.039877295
vt 0.6419807 0.039877295
vt 0.6422052 0.038124442
vt 0.63632065 0.03374231
vt 0.6340929 0.030236661
vt 0.6409739 0.030236661
vt 0.641806 0.03138864
vt 0.6419807 0.03283155
vt 0.6419807 0.042506576
vt 0.64760077 0.040753722
vt 0.6481157 0.042506576
vt 0.25554553 0.6186539
vt 0.257813 0.6285778
vt 0.25547764 0.62883437
vt 0.25765073 0.62465805
vt 0.26170477 0.6214548
vt 0.25547764 0.6174408
vt 0.26599473 0.6245247
vt 0.27563542 0.6305872
vt 0.28439966 0.6305872
vt 0.28206557 0.63496935
vt 0.8207713 0.7909728
vt 0.82333064 0.78834355
vt 0.82515335 0.7909728
vt 0.8207713 0.7874671
vt 0.823669 0.7839614
vt 0.8242769 0.7874671
vt 0.75503945 0.5693847
vt 0.75402886 0.58504933
vt 0.7403713 0.58487034
vt 0.7401695 0.5705128
vt 0.7245607 0.57078755
vt 0.7249959 0.5846141
vt 0.7095062 0.58385396
vt 0.709053 0.5705358
vt 0.72326326 0.55770165
vt 0.73866755 0.557404
vt 0.7533874 0.5548102
vt 0.69709796 0.5831998
vt 0.69649214 0.569492
vt 0.69692457 0.59735006
vt 0.7097519 0.597891
vt 0.7087715 0.6118095
vt 0.6951907 0.6114079
vt 0.68302447 0.60908806
vt 0.69524527 0.62515277
vt 0.70826215 0.62554085
vt 0.6962304 0.5568271
vt 0.6846894 0.5959046
vt 0.68762153 0.62555873
vt 0.6952183 0.6375698
vt 0.6835313 0.6375737
vt 0.72486055 0.5988339
vt 0.68537664 0.5823799
vt 0.6842044 0.5693292
vt 0.6690305 0.63864917
vt 0.6698131 0.62654334
vt 0.6572795 0.6394762
vt 0.65490115 0.62759036
vt 0.6694298 0.64999044
vt 0.65477693 0.6521082
vt 0.6551706 0.662206
vt 0.67050445 0.66112643
vt 0.64014995 0.6644051
vt 0.65600693 0.67318815
vt 0.67124295 0.6733153
vt 0.67246234 0.68687356
vt 0.65607 0.6831511
vt 0.6393842 0.65454704
vt 0.63829815 0.6432941
vt 0.6575777 0.6917733
vt 0.6740027 0.69704103
vt 0.67466307 0.709006
vt 0.65998346 0.71172446
vt 0.6455198 0.7151913
vt 0.6432836 0.6989652
vt 0.62986016 0.7181264
vt 0.6279916 0.70361775
vt 0.6140306 0.72059125
vt 0.6117918 0.6995179
vt 0.5979894 0.71056783
vt 0.598932 0.7250633
vt 0.58411276 0.72877645
vt 0.583504 0.71612066
vt 0.6151015 0.73423547
vt 0.5819063 0.70464665
vt 0.59647965 0.70034015
vt 0.5810278 0.69357055
vt 0.5957155 0.6893762
vt 0.63169754 0.7306149
vt 0.5699884 0.7194263
vt 0.5681685 0.7083382
vt 0.56633383 0.69665235
vt 0.6895717 0.69589823
vt 0.6905113 0.7068197
vt 0.7060699 0.703767
vt 0.705911 0.70459306
vt 0.7032117 0.69340205
vt 0.610446 0.6859217
vt 0.6095206 0.6762892
vt 0.6239906 0.67224824
vt 0.6250951 0.6827244
vt 0.62685597 0.6918712
vt 0.57149917 0.730522
vt 0.59894663 0.737511
vt 0.64738876 0.727375
vt 0.66269 0.7245815
vt 0.64080465 0.6766613
vt 0.59480923 0.6795192
vt 0.6845414 0.65940094
vt 0.68606114 0.6732248
vt 0.708911 0.5575694
vt 0.6107655 0.6940225
vt 0.73997515 0.60000366
vt 0.7539349 0.6013248
vt 0.6876976 0.6853066
vt 0.7021953 0.6833702
vt 0.6977462 0.65846854
vt 0.6833763 0.646336
vt 0.695379 0.6481175
vt 0.7077598 0.7052953
vt 0.70740217 0.7050083
vt 0.73925424 0.614848
vt 0.753016 0.617266
vt 0.7382237 0.62892765
vt 0.7529944 0.6329678
vt 0.73594654 0.6420816
vt 0.7474881 0.64779204
vt 0.7213489 0.63926053
vt 0.73240095 0.6537286
vt 0.7204226 0.65173626
vt 0.7204777 0.66477525
vt 0.7331452 0.66671157
vt 0.71973085 0.6775659
vt 0.7328682 0.6796184
vt 0.72981024 0.69061756
vt 0.7178259 0.6896484
vt 0.71943784 0.70167387
vt 0.73217356 0.7028616
vt 0.7459228 0.7011931
vt 0.744202 0.68714064
vt 0.70777565 0.6629829
vt 0.70746064 0.67592496
vt 0.7224744 0.6265184
vt 0.72185624 0.5464877
vt 0.7361813 0.5452874
vt 0.7212136 0.5347193
vt 0.7353886 0.5336419
vt 0.7188766 0.52170926
vt 0.73650765 0.5207461
vt 0.706893 0.53487474
vt 0.70768464 0.52361596
vt 0.709692 0.51106614
vt 0.72289 0.51079917
vt 0.7246873 0.4964112
vt 0.71072096 0.49312973
vt 0.7109323 0.48301345
vt 0.7248064 0.4849627
vt 0.69730866 0.48089296
vt 0.69739455 0.49162364
vt 0.68354946 0.48891234
vt 0.68403786 0.4779824
vt 0.69661254 0.46959805
vt 0.7102534 0.47092283
vt 0.6715492 0.47446823
vt 0.6699952 0.4855256
vt 0.66837746 0.49750894
vt 0.6820258 0.50136495
vt 0.65710264 0.4824164
vt 0.65484965 0.49392748
vt 0.666699 0.509083
vt 0.65265346 0.5055644
vt 0.6645824 0.5202939
vt 0.6509087 0.5171229
vt 0.6391675 0.50157243
vt 0.6370047 0.51282734
vt 0.62252337 0.50782645
vt 0.62544614 0.49654615
vt 0.61893386 0.51901114
vt 0.6332527 0.52503407
vt 0.629777 0.5376454
vt 0.6146633 0.5312429
vt 0.6106466 0.54467016
vt 0.62598556 0.55046684
vt 0.6280849 0.48546892
vt 0.6146157 0.4805851
vt 0.61149806 0.4917816
vt 0.621733 0.56481117
vt 0.6063175 0.55921894
vt 0.591174 0.5542295
vt 0.5958684 0.538937
vt 0.5817189 0.53339064
vt 0.57674885 0.5490454
vt 0.5863381 0.57090956
vt 0.57180697 0.56654096
vt 0.56674767 0.58482903
vt 0.5816947 0.5878173
vt 0.56742674 0.52831316
vt 0.5627142 0.54374343
vt 0.5584635 0.5610594
vt 0.61678123 0.5802975
vt 0.632088 0.5858252
vt 0.63629866 0.57046556
vt 0.6456674 0.59025556
vt 0.62762386 0.6008763
vt 0.5643286 0.6052949
vt 0.5780947 0.60262644
vt 0.5753715 0.6143989
vt 0.5614067 0.6117427
vt 0.5574348 0.61997837
vt 0.5429016 0.61459744
vt 0.5454051 0.6061742
vt 0.5481352 0.5970824
vt 0.52905256 0.60907996
vt 0.5249827 0.61879957
vt 0.51732624 0.60177207
vt 0.5119313 0.6129568
vt 0.50678843 0.6245902
vt 0.5091345 0.5943972
vt 0.49944976 0.6063618
vt 0.52253497 0.5921326
vt 0.5137297 0.58496785
vt 0.49732238 0.57722175
vt 0.51629406 0.5737416
vt 0.50501364 0.5625279
vt 0.49289873 0.6178962
vt 0.532985 0.5997944
vt 0.5863566 0.51973706
vt 0.57270086 0.5146395
vt 0.55945164 0.51035637
vt 0.6011469 0.47534847
vt 0.5978173 0.48684657
vt 0.5883849 0.4705491
vt 0.58487856 0.48296
vt 0.5722153 0.47914362
vt 0.5763114 0.4671085
vt 0.55944216 0.47532964
vt 0.5632569 0.46461052
vt 0.5554845 0.48751706
vt 0.56857663 0.49093652
vt 0.54709226 0.47141755
vt 0.54312795 0.48386848
vt 0.5316477 0.47715825
vt 0.5358997 0.4654621
vt 0.51992255 0.4711668
vt 0.52393407 0.46000278
vt 0.52679676 0.48879325
vt 0.51467675 0.48116875
vt 0.5081858 0.49105453
vt 0.5201039 0.4992516
vt 0.49744338 0.47503972
vt 0.5075318 0.47274458
vt 0.5290123 0.44864273
vt 0.5411703 0.45409834
vt 0.5132318 0.4658612
vt 0.5010827 0.5024754
vt 0.5130457 0.51069355
vt 0.53243303 0.5063792
vt 0.52435267 0.51768565
vt 0.5334091 0.52233183
vt 0.5407438 0.51026165
vt 0.51881105 0.5313879
vt 0.5282101 0.5373076
vt 0.5132748 0.545443
vt 0.52351385 0.5520546
vt 0.5098731 0.5604791
vt 0.51878774 0.5668125
vt 0.50178975 0.5365285
vt 0.4954404 0.5493278
vt 0.5398051 0.54461646
vt 0.5388277 0.49494207
vt 0.55125517 0.49964327
vt 0.5121595 0.4557222
vt 0.5168749 0.4438038
vt 0.5003838 0.45111817
vt 0.5037866 0.4389472
vt 0.5069679 0.523865
vt 0.5518166 0.45989013
vt 0.5813282 0.49516273
vt 0.49769202 0.47897744
vt 0.60023457 0.5253271
vt 0.6120487 0.59594995
vt 0.59433204 0.49917138
vt 0.6017003 0.57488966
vt 0.640379 0.55610496
vt 0.6439582 0.54302883
vt 0.59293664 0.60558647
vt 0.5897307 0.61716187
vt 0.6080513 0.5031797
vt 0.6176056 0.46945226
vt 0.63156825 0.4745841
vt 0.6187607 0.45892882
vt 0.63250726 0.4619969
vt 0.63343 0.44954252
vt 0.6194327 0.44757646
vt 0.60614413 0.4465781
vt 0.60497826 0.45808303
vt 0.6065181 0.43485725
vt 0.62024134 0.43634105
vt 0.5923286 0.4337505
vt 0.59396845 0.44612682
vt 0.58202064 0.44525945
vt 0.58373106 0.43163896
vt 0.63423645 0.43839514
vt 0.5923694 0.4579773
vt 0.57985765 0.45668507
vt 0.64597493 0.46377409
vt 0.64493793 0.47541773
vt 0.648177 0.5297616
vt 0.6633843 0.5331981
vt 0.680144 0.51368684
vt 0.6778438 0.52542543
vt 0.69058204 0.5304747
vt 0.6732396 0.4629153
vt 0.66111505 0.45978475
vt 0.663578 0.4489951
vt 0.67708623 0.45261782
vt 0.68730485 0.45912683
vt 0.64992213 0.44552326
vt 0.6845262 0.46704817
vt 0.55322397 0.57929164
vt 0.53714657 0.5583134
vt 0.7242272 0.47245187
vt 0.7379143 0.49786294
vt 0.69474834 0.51924944
vt 0.73783547 0.50728905
vt 0.5516977 0.5262026
vt 0.7238529 0.6128099
vt 0.59682095 0.591415
vt 0.56854314 0.44269454
vt 0.5668098 0.45374334
vt 0.5527804 0.43972254
vt 0.5522448 0.4528845
vt 0.53902185 0.4520805
vt 0.5408098 0.43623853
vt 0.7077326 0.545689
vt 0.5915371 0.5085301
vt 0.5904831 0.6448247
vt 0.6474956 0.4533006
vt 0.48942134 0.49399102
vt 0.4798257 0.48707175
vt 0.4730765 0.5019361
vt 0.48268282 0.5080942
vt 0.47591797 0.52226436
vt 0.46557847 0.516129
vt 0.46939966 0.53594637
vt 0.45863935 0.53008676
vt 0.4516473 0.5434219
vt 0.4633553 0.5488138
vt 0.4491674 0.557566
vt 0.45927852 0.5616338
vt 0.48173428 0.5426079
vt 0.47635448 0.5552461
vt 0.7393935 0.48615593
vt 0.73967755 0.4732281
vt 0.6420216 0.48970675
vt 0.75430536 0.47277516
vt 0.7539797 0.4862188
vt 0.7526136 0.49674582
vt 0.7079603 0.70475787
vt 0.6224375 0.61976165
vt 0.5594844 0.7324597
vt 0.5567684 0.72204936
vt 0.54347986 0.7243452
vt 0.54671764 0.7343442
vt 0.5339553 0.73598564
vt 0.5305667 0.7253296
vt 0.5272468 0.71578544
vt 0.54131335 0.7143727
vt 0.5175212 0.7266419
vt 0.5141088 0.71783817
vt 0.5217175 0.737511
vt 0.5075403 0.70644295
vt 0.52116835 0.70387036
vt 0.49603963 0.7179387
vt 0.5039562 0.72555876
vt 0.49590823 0.7080413
vt 0.48870844 0.52842426
vt 0.52875656 0.5792355
vt 0.51817715 0.5697206
vt 0.5239215 0.56507695
vt 0.56618744 0.6628847
vt 0.5644576 0.5026835
vt 0.53629035 0.49608564
vt 0.47645947 0.5663931
vt 0.69874495 0.67238677
vt 0.6961073 0.5446193
vt 0.6832712 0.5551666
vt 0.6625522 0.56515867
vt 0.49066386 0.4757033
vt 0.6418058 0.6870193
vt 0.49449882 0.5153569
vt 0.6629032 0.60911405
vt 0.5455267 0.69997257
vt 0.49282566 0.72633153
vt 0.74953806 0.5013375
vt 0.57814765 0.5043812
vt 0.5375475 0.58862144
vt 0.5661554 0.45984358
vt 0.55500406 0.4567511
vt 0.678549 0.5392908
vt 0.604485 0.51336277
vt 0.65830976 0.46964514
vt 0.69670975 0.50530976
vt 0.49634308 0.6969467
vt 0.5048194 0.6954362
vt 0.49088955 0.7181266
vt 0.48772648 0.7087418
vt 0.48728496 0.697852
vt 0.47967684 0.710332
vt 0.48285842 0.7197828
vt 0.47812513 0.699083
vt 0.5128075 0.6933061
vt 0.5026159 0.6853149
vt 0.70837843 0.6388219
vt 0.48467985 0.7262599
vt 0.5055665 0.46058834
vt 0.5002783 0.4675603
vt 0.49350664 0.46235448
vt 0.4978005 0.45595944
vt 0.7071825 0.65010667
vt 0.48594084 0.6588261
vt 0.4706112 0.67735744
vt 0.7088179 0.68507296
vt 0.70917904 0.6943257
vt 0.66308886 0.5493978
vt 0.65917593 0.5810317
vt 0.6198787 0.6387061
vt 0.69633776 0.45986843
vt 0.61305875 0.77647936
vt 0.5932395 0.7745032
vt 0.5916709 0.7541462
vt 0.61201787 0.78045577
vt 0.5765794 0.7510143
vt 0.57710445 0.76829207
vt 0.5617802 0.7640726
vt 0.56224906 0.74750876
vt 0.5502185 0.75287014
vt 0.55080783 0.74392766
vt 0.5900831 0.733464
vt 0.575065 0.7322524
vt 0.5312278 0.7490043
vt 0.5365944 0.7632749
vt 0.5501372 0.7628215
vt 0.520673 0.76750153
vt 0.5148793 0.75353324
vt 0.52565706 0.78045577
vt 0.50876427 0.73866075
vt 0.554205 0.7934874
vt 0.56579393 0.77529985
vt 0.57649654 0.7839492
vt 0.5676547 0.7988331
vt 0.580631 0.80411917
vt 0.5552423 0.7620508
vt 0.5455216 0.7809541
vt 0.5385802 0.7950546
vt 0.5280456 0.7878333
vt 0.5379799 0.7742486
vt 0.53225166 0.80411917
vt 0.5663952 0.7401402
vt 0.5464505 0.7357581
vt 0.56660825 0.7357581
vt 0.2287113 0.46500063
vt 0.24367529 0.46857876
vt 0.24408413 0.48071867
vt 0.22788404 0.4795664
vt 0.21293142 0.46494305
vt 0.21258216 0.47907692
vt 0.198467 0.479334
vt 0.19814548 0.46544826
vt 0.18361087 0.48071867
vt 0.18451278 0.47076833
vt 0.21233274 0.45143378
vt 0.2273478 0.46361536
vt 0.22820136 0.45092022
vt 0.1974354 0.45158434
vt 0.19884944 0.4626187
vt 0.18379642 0.46406662
vt 0.21312326 0.46256667
vt 0.18361087 0.45479786
vt 0.24297567 0.46406662
vt 0.24320771 0.45353758
vt 0.13978967 0.43868864
vt 0.1409372 0.45077348
vt 0.15468886 0.45046407
vt 0.14058055 0.46380746
vt 0.15188546 0.43777388
vt 0.15441073 0.4647236
vt 0.15357617 0.4780894
vt 0.13978966 0.4764855
vt 0.8523225 0.2896582
vt 0.85319895 0.2902491
vt 0.8523225 0.30368102
vn -0.9610014 -0.24461357 -0.1289982
vn -0.9778552 0.19784304 0.06824472
vn -0.9675083 -0.24922334 0.0426079
vn -0.15178652 -0.9873956 -0.04484272
vn 0.117779866 -0.9417021 0.31515864
vn -0.2129887 -0.93898475 -0.27008048
vn -0.07599602 0.036837902 0.9964274
vn 0.059997573 -0.08680591 0.99441695
vn -0.20290442 -0.8627364 0.46315843
vn 0.14840668 0.15560505 0.9766077
vn 0.14589085 0.15018027 0.97783524
vn -0.15714706 0.048101097 0.9864031
vn 0.5217611 0.6325694 0.57238215
vn 0.20052971 0.94822276 0.24629536
vn 0.24652286 0.7230104 0.64535445
vn 0.99149823 0.12780139 0.024454704
vn 0 0 0
vn 0.9971974 0.048921913 -0.056603804
vn 0.8004848 0.5940951 -0.07921541
vn 0.749533 0.65769047 0.07512341
vn 0 0 0
vn -0.37192816 0.46756166 0.8019074
vn 0 0 0
vn 0.08725323 0.9218205 0.37766886
vn 0.8360878 -0.5064861 0.2107818
vn 0.47855 -0.44079703 0.7593997
vn 0.31383178 -0.77485305 -0.54873705
vn -0.83798265 -0.543941 -0.043740787
vn 0 0 0
vn 0 0 0
vn -0.05752783 -0.8433893 -0.53421444
vn 0.53093815 0.47885832 0.6991419
vn -0.52637124 -0.6226862 -0.5789604
vn 0.19106105 -0.97280693 -0.13092898
vn 0.50217897 0.24613325 -0.82899624
vn 0.6519879 -0.44888854 -0.6110735
vn 0.3671322 -0.33739108 -0.8668225
vn 0.6678275 0.2516184 -0.700496
vn 0.876782 -0.110683404 -0.46797702
vn 0.70911187 -0.059680074 -0.7025658
vn 0.7438478 0.0029674636 -0.6683425
vn 0.94469374 0.021190748 -0.32726848
vn 0.98877835 -0.07083363 -0.1315294
vn 0.9472441 0.09296059 -0.306736
vn 0.994855 0.008074376 -0.1009867
vn 0.73637736 0.001970339 -0.6765682
vn 0.82601374 -0.41469482 -0.38174534
vn 0.74201345 -0.6590731 -0.12263214
vn 0.4592298 -0.7643264 -0.45267335
vn 0.5566289 -0.67175895 -0.48877826
vn 0.67380005 -0.71523964 -0.18554173
vn 0.81234115 0.5178818 -0.2681422
vn 0.9988713 0.04695259 0.0071758996
vn 0.90498656 0.16130403 -0.39367548
vn 0.50619066 0.0016979781 -0.8624199
vn 0.26653162 0.15552443 -0.9511956
vn 0.9336335 -0.017402077 -0.35780677
vn 0.38340995 -0.01758604 -0.92341083
vn 0.89123374 0.006900993 -0.45349178
vn 0.2844626 -0.00906034 -0.95864433
vn 0.5668576 -0.6033579 -0.5609204
vn 0.5029061 -0.17910658 -0.84558046
vn 0.9456787 -0.1592653 -0.283419
vn 0.29574275 -0.62251145 -0.7245797
vn 0.5257315 -0.62867004 -0.5730448
vn 0.6580066 -0.5000864 -0.56297505
vn 0.5952469 -0.4279595 -0.68009686
vn 0.8387539 0.110047534 -0.5332743
vn 0.5881821 0.20793912 -0.78153896
vn 0.70742863 0.35629392 -0.6104092
vn 0.974545 0.077522896 -0.21036214
vn 0.97914857 0.10553946 0.17357844
vn 0.99660337 -0.04162534 -0.0710567
vn 0.9996573 0.017592784 -0.01938638
vn 0.99755514 -0.069881774 0.0005689821
vn 0.99915934 0.022973124 0.033954218
vn 0.9998436 0.0010577913 0.017653454
vn 0.99961865 -0.010198124 0.025661483
vn 0.99993336 -0.01080867 -0.0040514953
vn 0.9378012 -0.34707016 0.008439037
vn 0.92589146 -0.37764212 0.010557454
vn 0.9207029 -0.3883328 -0.03877972
vn 0.80065024 -0.59910107 0.0060946112
vn 0.67474383 -0.7379941 0.009247828
vn 0.8024996 -0.59663194 0.0049693347
vn 0.6905807 -0.7219708 0.04308636
vn 0.7558684 -0.65388566 0.033113927
vn 0.80999976 0.14414643 -0.5684384
vn 0.5831892 0.6138163 -0.5320901
vn 0.73568946 0.5897166 -0.33315966
vn 0.80562735 -0.05632306 -0.58973914
vn 0.9856362 -0.07092851 -0.15326597
vn 0.99864453 -0.013417656 0.050289605
vn 0.9652692 -0.2605111 -0.019730913
vn 0.94859004 0.23761939 -0.20907892
vn 0.9453992 0.32585952 -0.0059933797
vn 0.8297135 -0.005254314 -0.5581647
vn 0.75438845 -0.20076938 -0.62497175
vn 0.97374016 -0.061622273 -0.21916397
vn 0.8757567 -0.21135493 -0.43402693
vn 0.99712175 -0.07008892 -0.028909566
vn 0.628657 -0.29063183 -0.7213346
vn 0.99968547 0.014801805 -0.020244038
vn 0.9239168 0.15508887 -0.3497501
vn 0.9967319 0.07997605 -0.011377608
vn 0.9201351 0.36502945 -0.14179203
vn 0.95139974 0.30627847 0.032125425
vn 0.99593353 0.08340561 -0.034058124
vn 0.99013597 0.07228339 0.12002469
vn 0.9768984 -0.16087787 0.14066948
vn 0.9713015 0.23588654 0.030511247
vn 0.98488635 -0.16341466 0.057397947
vn 0.9730868 0.09641352 0.20930004
vn 0.99471116 0.1025662 -0.005464597
vn 0.9993779 -0.0031460642 -0.035126124
vn 0.9684529 -0.028916499 0.24751328
vn 0.9999932 -0.0036247633 0.0006446187
vn 0.99962497 -0.0027147264 -0.027249549
vn 0.99986124 0.0016794709 0.01657255
vn 0.99913865 0.007586406 0.040797
vn 0.99983317 -0.0017889336 0.018176576
vn 0.9572094 0.00793089 -0.28928757
vn 0.9992295 -0.0076935953 0.0384875
vn 0.99910694 0.006633564 0.04172882
vn 0.9998222 -0.0033719607 0.018553045
vn 0.9965283 -0.0068690875 0.08297029
vn 0.9999737 -0.003721147 0.006221213
vn 0.98176044 -0.18320623 -0.050812326
vn 0.78709686 -0.5293255 -0.3166908
vn 0.8703021 -0.19638893 -0.45166993
vn 0.9953418 -0.028130634 -0.09221396
vn 0.99159575 -0.11290509 -0.06316903
vn 0.9971974 0.048921913 -0.056603804
vn 0.9999366 0.010165278 -0.004848512
vn 0.9992399 -0.0044447584 -0.038727354
vn 0.9577624 -0.008760347 0.28742728
vn 0.98196554 0.008817072 0.18885423
vn 0.9876729 -0.043490194 0.1503688
vn 0.95226514 0.028255662 0.3039617
vn 0.98569405 -0.04177846 -0.16328456
vn 0.99149823 0.12780139 0.024454704
vn 0.9660417 0.05714275 0.25198838
vn 0.9732282 0.19360043 0.12387805
vn 0.9852211 0.15941076 0.06267104
vn 0.99644566 -0.08409203 0.0049635367
vn 0.9631569 0.2688961 0.004869246
vn 0.99946547 -0.029811375 -0.01342028
vn 0.9938896 -0.11027302 -0.004840866
vn 0.99967986 0.024251789 -0.007213596
vn 0.99964696 0.025238603 -0.008304491
vn 0.9185906 -0.3948851 -0.016032605
vn 0.90002716 -0.4357562 -0.008228349
vn 0.7397881 -0.67276704 0.009898195
vn 0.8783818 -0.4135697 -0.23959456
vn 0.5265768 -0.7305997 -0.43467337
vn 0.59518474 -0.79610413 0.1094228
vn 0.91867584 -0.34874514 -0.18550356
vn 0.81169087 -0.38516378 -0.43909767
vn 0.77022266 -0.63130504 -0.09061463
vn 0.6683119 -0.5511784 -0.49956146
vn 0.31676236 -0.79725885 -0.5138482
vn 0.3305446 -0.94144934 -0.0664337
vn 0.740777 -0.67175037 0.0009193312
vn 0.9267769 -0.3753922 0.012855883
vn 0.29601142 -0.95503205 -0.017060963
vn 0.32548672 -0.9446858 0.04033768
vn 0.74459237 -0.6675186 0.0010331474
vn 0.555617 0.79054934 -0.2575297
vn 0.5696205 0.8216702 -0.01976513
vn 0.77382576 0.6331171 0.018879827
vn 0.68668246 0.7264215 0.027911307
vn 0.6697764 0.7147831 -0.20120835
vn 0.910892 0.41225404 -0.017955156
vn 0.42426392 0.77294594 -0.47175702
vn 0.95393807 0.29842553 0.030731553
vn 0.9719383 -0.23499298 0.010687503
vn 0.9690656 -0.24679047 -0.0025170015
vn 0.9994122 0.034171276 0.0027598508
vn 0.9999577 0.007811274 0.004865526
vn 0.99895465 0.030125823 -0.034380537
vn 0.99982595 0.008451769 -0.01663362
vn 0.9281915 0.3719718 -0.009879067
vn 0.9357068 0.3527443 -0.004924135
vn 0.9855743 -0.16539161 0.035900578
vn 0.9678845 -0.211375 0.13608912
vn 0.97536767 -0.21928169 0.023946304
vn 0.9318755 -0.3577969 0.059910975
vn 0.9587338 -0.28394017 0.014405049
vn 0.9871798 -0.15306346 -0.045249913
vn 0.9497708 0.25431153 -0.18237612
vn 0.9658131 0.25923935 0.00020888801
vn 0.9620806 0.11571249 -0.24700503
vn 0.9991752 0.017878009 0.036459662
vn 0.98873454 0.14924887 -0.0113482755
vn 0.9698249 0.24380255 -0.000016322227
vn 0.99905866 -0.0012636372 -0.043360632
vn 0.999997 -0.0006989303 0.0023273793
vn 0.9655983 0.0003527103 -0.26003802
vn 0.99893457 -0.0040327427 -0.04597197
vn 0.9993531 -0.005134064 0.035595354
vn 0.99867046 0.00039971885 0.051547665
vn 0.9716504 -0.0011029366 -0.2364196
vn 0.954602 0.013068973 -0.2975975
vn 0.9956968 -0.0030749294 -0.09262015
vn 0.98664033 -0.0041339793 0.16286121
vn 0.9949745 -0.024697404 -0.09703475
vn 0.9768156 -0.021870174 0.21296245
vn 0.9698852 -0.012836655 0.2432242
vn 0.9333538 -0.023685742 0.35817558
vn 0.9998497 -0.00036299942 -0.01733344
vn 0.95855993 0.003609408 0.28486815
vn 0.9609712 -0.0016841888 -0.27664343
vn 0.99943644 -0.0016385046 -0.03352767
vn 0.9995502 -0.0007113466 -0.029981466
vn 0.9955028 0.017741496 0.09305559
vn 0.99509597 -0.08232271 -0.054836392
vn 0.9669912 -0.10415081 -0.23255247
vn 0.9857183 -0.07130359 -0.15256223
vn 0.96969575 -0.2170583 -0.11214193
vn 0.9959987 -0.08932798 -0.002680799
vn 0.98953366 0.13758788 -0.043504715
vn 0.963154 -0.268895 0.0054560723
vn 0.96457154 0.26371953 -0.0073316065
vn 0.9780631 0.20827626 0.0036778578
vn 0.996644 -0.081660636 -0.005679429
vn 0.998509 -0.054130223 -0.007046951
vn 0.9996283 0.00013782621 -0.027262464
vn 0.9999806 -0.00267642 0.005614528
vn 0.99955934 -0.012571779 -0.026890775
vn 0.9969795 0.077627145 0.0024310919
vn 0.93317384 -0.35061008 -0.07911488
vn 0.9836118 -0.16061412 -0.08192012
vn 0.9926956 -0.116849236 0.030027872
vn 0.9990433 0.043381806 0.005522966
vn 0.99250215 -0.121326454 0.014810879
vn 0.9974771 0.06293051 0.032851186
vn 0.9226583 -0.38553458 -0.008042467
vn 0.9952441 -0.09661591 -0.012434465
vn 0.9245572 -0.38099277 -0.0062037213
vn 0.73499763 -0.6779426 0.013127268
vn 0.82283753 -0.41494137 0.38828093
vn 0.30419794 -0.95258415 -0.006859479
vn 0.3886547 -0.7964515 0.4632629
vn 0.6697855 -0.596015 0.44289225
vn 0.5955462 -0.6900247 0.41132793
vn 0.36828694 -0.7883478 0.492821
vn 0.77124405 -0.5928468 0.23176552
vn 0.98085326 -0.16179395 0.10839555
vn 0.76812166 -0.64016366 -0.01340159
vn 0.9061645 -0.42131627 0.0368573
vn 0.58339584 -0.80805254 -0.081855536
vn 0.710697 -0.700703 -0.06265011
vn 0.5789507 0.80759984 0.1122432
vn 0.8636834 0.48494217 0.13741207
vn 0.6765609 0.6663601 0.31341597
vn 0.3264381 0.8048251 0.49567604
vn 0.8094072 0.43635324 0.39300877
vn 0.47204465 0.84248906 0.25958827
vn 0.86989844 0.492505 0.026749587
vn 0.41899136 0.9051965 0.07117258
vn 0.6387222 0.69545645 -0.32920247
vn 0.62298506 0.7281373 -0.28584197
vn 0.89035654 0.412379 -0.19289584
vn 0.6065085 0.79502636 -0.008973261
vn 0.8631099 0.47145516 -0.18102847
vn 0.9778708 0.20170327 -0.05553824
vn 0.77548337 0.631144 -0.016817357
vn 0.8838358 0.46775484 0.0063045854
vn 0.6661267 0.7454779 -0.023190849
vn 0.6174399 0.78638965 -0.018954014
vn 0.7716579 0.6358174 -0.016742595
vn 0.7980561 0.60174364 -0.03179724
vn 0.9400118 0.3391871 -0.036467955
vn 0.90034056 0.43518543 -0.00068948534
vn 0.9699246 -0.24326938 -0.008135231
vn 0.9887089 -0.14851741 0.019932663
vn 0.9970894 -0.012433501 -0.075220875
vn 0.9903208 -0.13334146 -0.03853215
vn 0.9615212 0.2746286 -0.0074854987
vn 0.9921619 0.12082767 -0.031865478
vn 0.97198135 0.23483896 0.010146533
vn 0.96177536 -0.27085942 0.040290862
vn 0.98187697 -0.1893736 0.007437179
vn 0.9673711 -0.25131828 0.03212882
vn 0.99245584 -0.12102645 -0.019595927
vn 0.96535295 -0.2605347 -0.014673084
vn 0.975359 0.22017542 0.014053892
vn 0.9745972 0.22350061 -0.014413941
vn 0.96647704 -0.2563497 -0.014386208
vn 0.9333278 -0.3578523 0.028999299
vn 0.9806631 -0.19533484 -0.012003897
vn 0.9773229 0.21093903 0.01856637
vn 0.9402338 -0.33920258 -0.03003263
vn 0.9758274 0.21852374 0.0028791516
vn 0.9574305 0.28824657 0.015517624
vn 0.9938 0.110990405 -0.0065374738
vn 0.99999094 -0.0036452762 -0.0021958256
vn 0.9999987 -0.0015170723 0.00053601444
vn 0.999995 -0.0014511617 0.0028108857
vn 0.9999976 -0.0020198387 0.00082942384
vn 0.9999963 -0.002599107 0.0007741366
vn 0.9999968 -0.0011609086 -0.002252443
vn 0.99998415 -0.005618217 0.00036256431
vn 0.9999959 -0.0028342763 -0.0004658883
vn 0.9979838 0.0020364127 -0.063435905
vn 0.9741674 -0.013663342 -0.22541338
vn 0.99999624 -0.002716485 -0.00033085528
vn 0.9948698 -0.00095885206 -0.101158686
vn 0.9999831 0.0058062854 -0.00032466717
vn 0.99996585 0.008190953 -0.0011100923
vn 0.99546915 -0.09508103 -0.0008551286
vn 0.99996036 0.008899232 -0.00023147586
vn 0.9621373 -0.27256238 0.0012737431
vn 0.989805 -0.14240815 0.0024639922
vn 0.9926619 0.12032408 0.012019939
vn 0.9578155 -0.2873805 0.0013476039
vn 0.9668282 0.25542644 -0.0007355538
vn 0.9607153 0.27753562 -0.00026050047
vn 0.9617044 0.27202043 0.03360937
vn 0.9968389 -0.07943772 -0.0013338081
vn 0.9994778 0.03231228 0.00013765613
vn 0.9999591 0.006844735 0.0059138304
vn 0.9931272 -0.043757237 0.10855241
vn 0.9979357 -0.061487976 0.01853613
vn 0.9996562 -0.0032406908 0.02601869
vn 0.9895255 0.14370823 -0.0136830695
vn 0.9904314 -0.12942882 0.047893766
vn 0.9925485 -0.121705145 0.0059356177
vn 0.95999235 0.27835006 0.030593786
vn 0.98925334 -0.14404076 -0.025100283
vn 0.95927984 0.282186 -0.012378012
vn 0.9941192 0.07352902 -0.079500936
vn 0.9977652 -0.039673373 -0.053764835
vn 0.98817813 0.15231849 -0.017409934
vn 0.9933406 0.11476176 -0.010208538
vn 0.94147944 -0.3345433 0.04119719
vn 0.9996341 -0.022652183 0.014783395
vn 0.9933757 0.10421104 0.048422918
vn 0.9930509 0.07455103 0.09106109
vn 0.9180478 -0.39585778 -0.022021139
vn 0.9981697 0.055513646 -0.023989309
vn 0.8139386 -0.5807832 -0.013957037
vn 0.7945187 -0.6072144 0.005538596
vn 0.5832156 -0.8110923 0.044596337
vn 0.58897775 -0.7352934 0.33533394
vn 0.5268528 0.8346854 0.16039464
vn 0.6917873 0.6774052 0.25010502
vn 0.79029495 0.61263955 -0.010327379
vn 0.79388374 0.5875061 0.15679643
vn 0.34932557 0.9323822 -0.092924565
vn 0.77723426 0.62901706 0.015634796
vn 0.88428104 0.46694332 0.0033090897
vn 0.38876623 0.9175707 -0.08321567
vn 0.82033867 0.570628 0.037790827
vn 0.97595704 0.21459736 -0.038154792
vn 0.9964079 -0.05329304 0.06581096
vn 0.998375 -0.035175283 0.04483359
vn 0.99845135 -0.0084075425 0.054992888
vn 0.9708639 0.23150496 0.06187687
vn 0.98151314 -0.1909043 0.013694369
vn 0.99942917 -0.03297913 0.0073312544
vn 0.98317564 0.18171443 -0.018588243
vn 0.99936295 0.020152684 0.029454783
vn 0.9914574 -0.10707888 0.07447401
vn 0.9986699 -0.012473687 0.050028227
vn 0.93983614 0.3415918 0.004808128
vn 0.97868204 0.20537965 0.00079120556
vn 0.98282886 -0.18390737 0.015015802
vn 0.98258114 0.17892037 0.05021798
vn 0.9781716 -0.20769846 -0.0064567085
vn 0.9621128 -0.2726515 0.0003481943
vn 0.9707761 -0.23997112 0.0027737461
vn 0.98707324 0.15555438 -0.038591243
vn 0.9834467 0.17710994 -0.03826973
vn 0.9859737 0.1664812 0.011823348
vn 0.9819071 0.18932818 0.0036369343
vn 0.9811531 0.14674623 0.12571478
vn 0.97827005 -0.20676869 0.015309536
vn 0.9931237 0.029378073 0.11332352
vn 0.9997896 0.020509347 0.00036446354
vn 0.9999978 -0.0011544473 -0.0017524783
vn 0.99998516 0.0012521744 0.0053001526
vn 0.999997 -0.0013751633 -0.002006748
vn 0.9999957 -0.0021147672 -0.0020152316
vn 0.99999744 -0.001134518 -0.0019604955
vn 0.9999966 -0.0010624916 -0.0023838917
vn 0.999992 -0.0035440403 -0.0018511153
vn 0.9999942 -0.0026557536 -0.0021100575
vn 0.9999911 0.003306002 -0.0026187703
vn 0.99999106 -0.0028348032 -0.0031364379
vn 0.9976032 -0.06917141 -0.0017938557
vn 0.9999878 0.0038927863 -0.0030543685
vn 0.9603545 -0.2787322 0.0052547897
vn 0.9925574 -0.121775016 0.0007653487
vn 0.9615995 -0.27443668 -0.0033016114
vn 0.98300415 -0.1530471 0.10138724
vn 0.99999255 0.0031793194 -0.0021855126
vn 0.9948208 0.09859814 0.02469986
vn 0.99641883 0.08442335 0.004717207
vn 0.95708346 -0.28375542 0.05894196
vn 0.9846947 0.1737148 0.014123429
vn 0.94085616 0.33814052 -0.021230489
vn 0.94735914 0.31941584 -0.022004928
vn 0.9579309 0.2843138 -0.039166313
vn 0.996756 -0.07988424 -0.009796663
vn 0.9739327 0.22535339 -0.025903257
vn 0.9876463 -0.15464818 0.025273375
vn 0.9939809 -0.078576334 0.07634004
vn 0.9445881 -0.3234785 -0.055811804
vn 0.9998019 -0.017718408 0.009068877
vn 0.99146533 -0.1290335 0.01862469
vn 0.99624074 0.07176086 -0.048525583
vn 0.8879614 -0.3083743 0.34121826
vn 0.96544826 0.092864074 0.24348699
vn 0.9135796 -0.0054033226 0.4066241
vn 0.79227597 0.003059705 0.6101553
vn 0.93671227 0.18937126 0.2944633
vn 0.93572503 -0.35271612 0.0031637503
vn 0.84641063 -0.44586366 0.29119518
vn 0.76365435 0.13537706 0.6312726
vn 0.57025343 -0.6103864 0.5497631
vn 0.47894603 -0.78657264 0.3897617
vn 0.6151888 0.7093826 0.3439754
vn 0.7853694 0.23032977 0.57458085
vn 0.96650904 0.12708485 0.22295666
vn 0.8228079 -0.051045902 0.56602246
vn 0.99586976 -0.09053908 0.0067915875
vn 0.92031854 -0.3560761 0.16193706
vn 0.93520135 -0.3386941 -0.10336727
vn 0.9809897 -0.19283415 -0.02177536
vn 0.98634756 -0.15517749 -0.055122126
vn 0.98672354 0.16189761 -0.012878645
vn 0.8200403 0.5687371 0.063812636
vn 0.9955421 0.09418093 0.0050819255
vn 0.9194655 0.3918334 -0.032400403
vn 0.97593457 -0.21590194 0.03062775
vn 0.9732706 -0.22771028 -0.029873073
vn 0.9686744 -0.23809004 -0.07059021
vn 0.9824565 -0.16144134 -0.09335886
vn 0.9548768 -0.16407518 0.2475676
vn 0.9996962 0.024046544 0.0054083606
vn 0.99945223 0.031440858 0.010329068
vn 0.9051711 0.41399893 -0.096281864
vn 0.94672656 -0.09808761 0.30673715
vn 0.9784934 -0.1621718 -0.12747942
vn 0.98977745 0.14251392 -0.005507664
vn 0.963001 0.028773546 -0.26795727
vn 0.9178861 -0.08381706 0.38789153
vn 0.99061584 0.11560329 0.07291192
vn 0.98096514 0.1798464 0.073230475
vn 0.97870636 0.20446667 -0.018088266
vn 0.930499 0.039931532 -0.3641113
vn 0.9878456 0.00065725314 -0.15543687
vn 0.9886869 0.05178461 -0.14077106
vn 0.9171692 0.0033771198 0.39848363
vn 0.9598202 -0.005050616 -0.28057015
vn 0.9995777 -0.0021227838 0.028981293
vn 0.9985882 0.04438004 -0.029189039
vn 0.99485713 -0.05560536 -0.08465992
vn 0.95274156 0.02343718 0.30287662
vn 0.9647575 -0.008878694 0.26299083
vn 0.93012685 0.00027571103 0.36723828
vn 0.99556375 -0.0038720472 0.094009675
vn 0.9895555 0.0005486161 0.14415145
vn 0.99328196 -0.008884169 0.11537782
vn 0.9942711 -0.00525813 0.10675855
vn 0.9512299 -0.02263329 0.3076516
vn 0.9602144 -0.09984311 0.26080576
vn 0.9957278 0.031070566 -0.0869526
vn 0.9725148 -0.21574594 0.087570645
vn 0.989287 0.038321987 -0.14086379
vn 0.945266 0.2898542 -0.14985558
vn 0.99317884 0.10674269 -0.046923503
vn 0.993366 0.105578095 0.04557711
vn 0.87850904 0.47453234 0.055144627
vn 0.99419945 -0.05510409 0.09236335
vn 0.8954815 0.32134435 0.3079784
vn 0.98389816 -0.09938315 0.14855105
vn 0.674718 0.109932356 0.7298428
vn 0.9888589 -0.13065849 -0.071319774
vn 0.6989913 -0.48515218 0.52539366
vn 0.99509555 -0.093414985 -0.03253474
vn 0.9790968 -0.1898154 0.07307262
vn 0.95612043 -0.18724254 0.22533073
vn 0.998968 0.0012660725 -0.045401532
vn 0.92384714 -0.061428793 0.37780023
vn 0.9772333 -0.014753331 0.21165408
vn 0.99763995 -0.007029701 -0.0683018
vn 0.9384547 -0.011116212 0.3452234
vn 0.9776832 0.0205981 0.20907256
vn 0.7968564 0.47405174 0.37455943
vn 0.76383966 0.4192858 0.49066114
vn 0.6061083 -0.12311186 0.7857965
vn 0.54639125 0.51986545 0.65665555
vn 0.69940543 -0.1772611 0.6923948
vn 0.9754963 0.027546281 0.21828458
vn 0.40446565 -0.10654906 0.9083253
vn 0.6695019 -0.1490305 0.72770673
vn 0.86531895 -0.20828581 0.45589486
vn 0.8488856 -0.070474245 0.5238575
vn 0.8505465 0.06518493 0.5218444
vn 0.9825785 0.11465997 0.14626184
vn 0.98199844 0.13398366 0.13314457
vn 0.9343099 0.3195715 0.15792127
vn 0.9552805 -0.24360605 0.16761653
vn 0.9991888 -0.004996433 -0.03996066
vn 0.999756 0.0007191672 0.022079406
vn 0.9996986 0.0010846815 0.02452645
vn 0.9774129 -0.017855601 -0.2105832
vn 0.99878937 0.0057845092 -0.04885041
vn 0.99982107 -0.0029662712 0.018683039
vn 0.9759329 -0.011044693 -0.21779126
vn 0.997108 -0.05627292 0.05107906
vn 0.93706596 0.02185925 -0.3484675
vn 0.9974329 0.050316684 0.050949328
vn 0.98062027 -0.036669552 -0.19245572
vn 0.56570053 0.24847105 0.7862856
vn 0.64293236 0.01074717 0.76584756
vn 0.7648211 0.19068706 0.6153756
vn 0.7242626 -0.2705658 0.63422227
vn 0.60824305 0.023995413 0.79338807
vn 0.4413608 -0.328506 0.8350356
vn 0.3915461 -0.47183627 0.78997606
vn 0.4705516 0.2948058 0.8316674
vn 0.95773 0.05078123 0.28315112
vn 0.9924777 -0.119372234 -0.027171263
vn 0.98256963 -0.020506058 0.18476047
vn 0.99808455 -0.05401136 -0.030166656
vn 0.9947454 0.10237096 0.0013359024
vn 0.9989539 0.037868783 -0.025633954
vn 0.99976826 -0.0046444177 0.021019967
vn 0.99975765 -0.016779156 -0.014252721
vn 0.9988961 0.045378525 -0.012139682
vn 0.98920554 -0.03649419 -0.14191765
vn 0.9940242 0.10853852 0.011629897
vn 0.9320638 0.36208788 -0.012223452
vn 0.98281384 0.18409266 -0.013667808
vn 0.9115598 0.41116208 0.002119717
vn 0.99955183 0.02909265 0.0070547187
vn 0.9816795 0.19033736 -0.008778579
vn 0.9380695 0.34644374 -0.0015020384
vn 0.62768596 0.7784426 -0.006118417
vn 0 0 0
vn 0.5462364 -0.66374934 -0.5109428
vn 0.17210983 -0.94085354 -0.2918438
vn -0.5469371 -0.81057936 -0.20933455
vn 0.02261324 -0.24163187 -0.97010446
vn -0.012978107 -0.17575559 -0.9843483
vn 0.16104546 0.18708561 -0.9690528
vn 0.020570364 -0.430194 -0.90250206
vn 0.116452545 -0.01753992 -0.99304134
vn 0.13377893 -0.23359506 -0.96308696
vn 0.4826417 -0.2654716 -0.83461475
vn 0.35108787 -0.0071766074 -0.936315
vn -0.005343638 0.32553887 -0.94551355
vn 0.065430656 0.3015279 -0.9512096
vn 0.095700435 0.1676047 -0.9811983
vn 0.3479699 0.6300859 -0.69419646
vn 0.6154083 -0.030030627 -0.7876362
vn 0.34914598 -0.038799427 -0.93626475
vn 0.50537735 -0.23555891 -0.83012396
vn 0.074597925 0.16821833 -0.9829231
vn 0.18761478 -0.30569652 -0.9334615
vn 0.46781552 -0.083766006 -0.87984765
vn 0.46341982 0.7082107 -0.53261584
vn 0.44558248 0.21400486 -0.869286
vn 0.422054 0.57367593 -0.7019732
vn 0.048405476 0.2989969 -0.9530256
vn 0.7060947 0.4462277 -0.54982823
vn 0.63975924 0.48028034 -0.60003245
vn 0.6648798 -0.25249806 -0.7029791
vn 0.14675336 -0.025199313 0.9888521
vn 0.56133866 0.04356542 0.8264387
vn 0.2991384 -0.00609513 0.95419025
vn 0.6101129 0.10992583 0.7846519
vn 0.27873185 0.2273576 0.93306863
vn 0.5295888 -0.022771548 0.8479488
vn 0.43282124 -0.45020258 0.7810143
vn 0.4731409 -0.46666175 0.7472379
vn 0.39368075 -0.04509177 0.91814065
vn 0.07307778 -0.1735372 0.9821122
vn 0.38973197 -0.010645668 0.9208668
vn 0.40182057 -0.00971411 0.9156669
vn 0.3926759 0.056963705 0.9179111
vn 0.30120966 0.3477511 0.8878862
vn 0.15227488 -0.04197096 0.9874466
vn 0.46658683 0.08138701 0.88072294
vn -0.42389923 -0.9056672 0.0087370435
vn -0.63179624 -0.7735493 0.049547527
vn -0.5880689 -0.8079099 0.038163725
vn -0.5288707 -0.84416234 -0.08766843
vn -0.41179383 -0.8924082 0.18448155
vn 0.5192681 -0.85447675 -0.015170279
vn 0.4865172 -0.8715732 -0.060507227
vn 0.2695326 -0.9342851 0.23337433
vn 0.30263558 -0.9400213 -0.15739042
vn 0.29962566 -0.95103747 -0.075843565
vn -0.044431217 -0.9063843 0.4201112
vn 0.38330984 -0.92072505 0.07306826
vn -0.014318317 -0.96420664 0.26476502
vn -0.014024558 -0.81586593 0.578071
vn 0.6208639 -0.6206327 0.4788977
vn 0.01971355 -0.7516273 0.65929335
vn 0.029110875 -0.7152478 0.69826436
vn -0.062398463 -0.76491576 0.6411009
vn -0.02672852 -0.6939972 0.7194814
vn -0.02842415 -0.72175854 0.69156104
vn -0.0047327075 -0.6530391 0.7573094
vn -0.06285033 -0.5641976 0.82324415
vn -0.04555563 -0.7538525 0.6554625
vn -0.35147658 -0.21845974 0.91035134
vn 0.44341695 -0.52190006 0.7286987
vn 0.13242568 -0.63791645 0.7586343
vn -0.07372048 -0.5242755 0.84835166
vn -0.017732143 -0.10806396 0.9939858
vn -0.11847204 -0.7777462 0.61731285
vn 0 0 0
vn 0.013433808 -0.31266436 0.94976866
vn 0.05990097 -0.2564128 0.96470946
vn 0.17367588 -0.26252797 0.9491658
vn 0.3148709 -0.41005754 0.85598433
vn -0.10165518 -0.6378909 0.76338816
vn -0.005855125 -0.6199388 0.78462833
vn 0.014109399 -0.51383686 0.8577719
vn 0.039508823 -0.6270485 0.77797765
vn 0.040535055 -0.24037758 0.9698327
vn 0.33106744 -0.72037745 0.60946757
vn 0.45421267 -0.7303939 0.5101133
vn 0.46283495 -0.75833035 0.45904133
vn 0.26535112 -0.7205905 0.6405764
vn -0.112944245 -0.8133429 0.5707161
vn 0.04627815 -0.92020845 0.38868338
vn 0.21174596 -0.9771856 -0.016488906
vn -0.07424851 -0.9773807 -0.1980255
vn 0.10840108 -0.9937292 0.027413493
vn 0.119354345 -0.97889435 -0.16589278
vn -0.08201923 -0.93577844 -0.34291622
vn -0.50853693 -0.82560945 0.24445696
vn -0.21501075 -0.87175786 0.440237
vn -0.07796233 -0.8818771 0.46498883
vn -0.6495665 -0.5855627 0.4849533
vn 0.05465173 -0.9006231 -0.43115112
vn -0.039727733 -0.9504142 -0.30843896
vn 0.094556734 -0.96723545 -0.2356154
vn -0.14989145 -0.84333974 -0.51605296
vn 0.030656066 -0.94690263 -0.3200557
vn 0.008647376 -0.7948257 -0.60677624
vn 0.025284065 -0.935932 0.35127205
vn 0.13339318 -0.98047495 0.14448234
vn 0.03192585 -0.9024854 0.42953572
vn 0.0051702196 -0.6967098 0.71733445
vn -0.015686827 -0.9614262 0.2746154
vn 0.0098901605 -0.6843915 0.72904766
vn -0.017527161 -0.685417 0.7279398
vn -0.17906526 -0.67801195 0.7129063
vn 0.19629484 -0.86242324 -0.46657744
vn 0.5034092 -0.8098435 -0.30121875
vn 0.1414933 -0.98864335 0.050635792
vn 0.35731703 -0.6202064 0.6983327
vn 0.1437658 -0.98372984 -0.10773587
vn 0.053272106 -0.9892717 -0.13602783
vn 0.03936594 -0.6956428 0.71730846
vn 0.37949002 -0.8345994 -0.39928836
vn -0.00049557094 -0.6880384 0.7256741
vn 0.04993206 -0.8655734 -0.49828658
vn -0.069608 -0.9963719 0.048966095
vn 0.19489644 -0.97771615 0.07801635
vn 0.10527964 -0.9888538 0.105282106
vn 0.05386133 -0.9707685 0.23389618
vn 0.11528045 -0.96707493 0.22688438
vn 0.095764056 -0.9663228 0.2388504
vn 0.21406287 -0.95843035 0.18864875
vn 0.045375627 -0.993912 0.100399435
vn 0.00034322636 -0.47038516 0.88246113
vn -0.013380146 -0.44228593 0.8967743
vn -0.23785487 -0.4692758 0.85041475
vn 0.011353895 -0.4443767 0.89576805
vn -0.0029200406 -0.4828502 0.8756981
vn -0.0052327462 -0.5159266 0.8566168
vn 0.30681524 -0.6945484 -0.6507433
vn -0.009642812 -0.857307 -0.51471514
vn 0.63520026 -0.5934778 -0.49427187
vn 0.4725662 -0.7611465 -0.4442265
vn 0.5529326 -0.6748555 -0.48870808
vn 0.5074705 -0.6679715 -0.54432327
vn 0.15985116 -0.7252288 -0.6696946
vn 0.48676413 -0.74489355 -0.4562831
vn 0.0028947664 -0.73701936 -0.6758654
vn 0.057686936 -0.9664197 -0.25041008
vn -0.008794018 -0.9439358 -0.33001196
vn 0.11047209 -0.9769942 -0.18242334
vn -0.11574431 -0.7358484 -0.6671809
vn -0.073437214 -0.93315876 -0.35188305
vn -0.0960444 -0.7457448 -0.65927243
vn 0.10022148 -0.9408444 -0.323678
vn -0.12755172 -0.9572157 -0.25974715
vn 0.10572418 -0.9616656 -0.25302517
vn 0.30732632 -0.9488099 -0.072871655
vn 0.4265724 -0.79633737 -0.4288156
vn 0.28183994 -0.957235 -0.06532555
vn 0.007470203 -0.9998047 -0.018298635
vn 0.30470625 -0.95225096 -0.019291917
vn 0.1994081 -0.96064156 -0.19340155
vn 0.22860944 -0.9349057 -0.2714573
vn 0.39915502 -0.9102377 -0.110193096
vn -0.062261943 -0.9930162 0.10021162
vn 0.11352166 -0.990883 0.07255155
vn -0.31480733 -0.9475418 -0.05532582
vn -0.29651853 -0.9471663 0.12228133
vn 0.4267618 -0.90234405 0.060411718
vn 0.5458046 -0.8339085 0.08181662
vn 0.3945144 -0.915362 0.08044089
vn -0.0018684362 -0.97368604 0.22788607
vn -0.10269972 -0.984052 0.14523911
vn -0.015746212 -0.31087065 -0.9503218
vn 0.022711527 -0.29396486 -0.9555464
vn 0.00923975 -0.6015391 -0.7987899
vn 0.11368493 -0.63019073 -0.7680725
vn -0.05998007 -0.5932172 -0.80280495
vn -0.083110556 -0.62561494 -0.7756923
vn -0.046845093 -0.33624488 -0.9406088
vn 0.11354286 -0.34806788 -0.930568
vn 0.38994604 -0.64732295 -0.6549161
vn 0.0419562 -0.2977123 -0.9537332
vn 0 0 0
vn -0.0025781398 -0.5636645 -0.8259998
vn -0.004253602 -0.5507679 -0.8346476
vn 0.00027562043 -0.7551487 -0.65555346
vn -0.0027496333 -0.5819731 -0.8132034
vn -0.00856556 -0.71083933 -0.70330226
vn 0.044327926 -0.99888325 0.016347663
vn -0.24728061 -0.67457163 -0.6955612
vn -0.35670042 -0.47923014 -0.8019372
vn -0.21752898 -0.9642122 -0.15157855
vn -0.0005029233 -0.5733406 -0.819317
vn 0.0029066626 -0.71484435 -0.6992776
vn 0.06809852 -0.73650444 -0.6729961
vn -0.016741386 -0.75578225 -0.65460896
vn -0.0062521896 -0.9572632 -0.28915069
vn -0.035397623 -0.94786304 -0.31670588
vn -0.18514903 -0.9766882 0.10862759
vn -0.19812825 -0.70438117 0.6816101
vn -0.33063084 -0.10672364 0.9377064
vn 0.07158835 -0.5812819 -0.81054705
vn 0.72067153 -0.42186284 -0.5501493
vn 0.5995288 -0.593799 -0.5366265
vn 0.37600416 -0.9227451 -0.08463044
vn 0.06360071 -0.952218 -0.29872367
vn 0.056802496 -0.89743423 0.437476
vn -0.07347607 -0.79116833 0.60716873
vn 0.40325198 -0.83810705 0.3673751
vn 0.09139822 -0.9304809 0.35475573
vn 0.28363886 -0.29829675 -0.9113551
vn -0.27262807 -0.3091592 -0.91109526
vn -0.0012039075 -0.22374952 -0.9746459
vn -0.007455419 -0.23692113 -0.9715003
vn 0.013056591 -0.23626482 -0.97160095
vn 0.0014139552 -0.24486855 -0.96955526
vn -0.009888419 -0.18961701 -0.98180836
vn -0.24632536 -0.961641 0.12070798
vn -0.24112765 -0.9583258 -0.15319626
vn 0.104815245 -0.9329087 -0.3445215
vn 0.2653217 -0.9352258 0.23442937
vn 0.11173869 -0.9917682 0.0625324
vn -0.19952406 -0.9781431 0.05853366
vn -0.64741874 -0.75623566 -0.09463935
vn 0.81417745 -0.39219907 0.42812958
vn 0.21030292 -0.9476801 0.24015643
vn 0.909353 -0.41531354 -0.024326662
vn 0.20660593 -0.6834946 0.7001065
vn 0.9008262 -0.0068321535 0.43412614
vn 0.47010794 -0.109060325 0.87584496
vn 0.6951207 -0.29061955 0.6575314
vn 0.042249527 -0.8992111 0.43547028
vn 0.8908973 -0.36722177 0.26730177
vn 0.4834072 -0.87397003 0.049938735
vn 0.31406417 -0.885593 0.34218237
vn 0.87808126 -0.47080147 0.08555259
vn 0.019088464 -0.98220474 0.18684089
vn 0 0 0
vn -0.49842483 -0.8477628 0.18130314
vn -0.12528701 -0.090463184 0.98798764
vn 0.14704832 -0.12010111 0.9818108
vn 0.3906068 -0.90467703 0.17025216
vn 0 0 0
vn 0.52105 -0.1314063 0.84335005
vn 0.937413 -0.3282162 0.11632296
vn 0.97952944 -0.03922894 0.19744149
vn 0.99926794 -0.030578658 0.02298953
vn 0.8730579 0.20379613 0.44298646
vn 0.41664726 0.7529352 0.5094053
vn 0.9395941 0.3254349 0.106089935
vn 0.634999 0.74403685 0.20781118
vn 0.4838781 0.6632719 0.57090485
vn 0.583758 0.087785184 0.8071681
vn 0.52780426 -0.052306004 0.84775394
vn 0.9314854 0.36220878 0.033759207
vn 0.4283074 0.34940276 0.83334893
vn 0.3662172 0.11453253 0.923454
vn 0.7690454 0.11561822 0.62865055
vn -0.2623411 -0.5396142 0.799996
vn -0.16404007 -0.89356905 0.4178818
vn -0.9645911 -0.25251523 0.076158516
vn -0.32568166 -0.8596876 0.3935335
vn -0.9364539 -0.16560897 0.30923748
vn -0.99960715 -0.024142615 0.0142389415
vn -0.9969541 -0.055642523 0.05464865
vn -0.27429113 -0.0101234205 0.9615934
vn -0.9300426 -0.005328171 0.36741304
vn -0.17122518 -0.034573328 0.9846251
vn -0.763919 -0.19469814 0.6152401
vn -0.8865678 -0.009392596 0.4625034
vn -0.9772883 0.16997021 0.12656121
vn -0.80245054 0.21171081 0.55789936
vn -0.50827813 0.68817765 0.5177498
vn -0.59218836 0.78245604 0.19254999
vn -0.31607267 0.9020618 0.29390913
vn -0.027612412 0.97612715 0.2154377
vn -0.8206818 0.39024913 0.41735718
vn 0.2672183 -0.40068895 0.8763805
vn 0.28479302 -0.93453544 0.21339259
vn -0.2943011 -0.88810104 0.35307705
vn -0.9616641 -0.24687137 -0.119401395
vn -0.24860026 -0.85577476 -0.45370412
vn -0.09725595 -0.8473595 0.52203757
vn -0.58249587 -0.72197586 0.37342927
vn -0.16471389 -0.44758123 0.8789428
vn -0.16158743 -0.49726033 0.85242105
vn 0.9932715 0.08607323 0.077479474
vn 0.91128784 0.31468073 0.2655759
vn 0.962282 -0.25507593 0.09460275
vn 0.9732875 -0.2270986 -0.03372869
vn 0.7753186 -0.62800974 0.06696867
vn 0.8795423 -0.4754913 -0.017703049
vn 0.5147202 0.8570942 0.02127396
vn 0.99864596 0.007225845 -0.05151757
vn 0.99478036 0.08000719 -0.0633318
vn 0.98463523 -0.15659408 -0.0772774
vn 0.9938348 0.039536167 -0.10358217
vn 0.932046 -0.35277718 -0.08269556
vn 0.948773 -0.30607867 -0.0783936
vn 0.9106627 -0.37436545 -0.17476836
vn 0.6913465 -0.7100815 0.13350755
vn 0.6479202 -0.76104844 0.031697202
vn 0.14327082 -0.9800683 -0.13762082
vn 0.8670651 -0.4972918 0.029983321
vn 0.10655709 0.9862137 0.12660246
vn 0.38852072 0.9016367 0.19000761
vn 0.9961417 0.08548988 0.019829223
vn 0.389819 0.9172556 0.08175173
vn 0.8813344 0.4442824 -0.16081917
vn 0.9281404 0.14465934 -0.34297103
vn 0.16927181 0.92483026 0.34064057
vn 0.2520759 0.9450651 0.20811
vn 0.7766843 0.151319 0.61144423
vn 0.993073 -0.048245423 -0.107137136
vn 0.9689427 -0.10783534 -0.2225345
vn 0.87836134 -0.47123808 -0.08010001
vn 0.872526 -0.48850366 -0.007912945
vn 0.37953714 0.27026793 0.8848202
vn 0.6563346 0.69574016 0.29183993
vn 0.00024354606 0.5398469 0.8417632
vn 0.3253524 0.8272109 -0.4581134
vn -0.65942335 -0.75120735 -0.029126815
vn -0.2952109 -0.9530125 -0.06795365
vn 0.32748246 -0.9426664 -0.064305864
vn 0.14712602 -0.9544682 0.2595081
vn 0.076337196 -0.9969158 -0.018207721
vn -0.43651015 -0.898635 -0.043748748
vn -0.5454858 -0.8378508 -0.021241758
vn -0.026691917 -0.97407633 -0.22463948
vn 0.31812376 -0.6008933 -0.733297
vn -0.09974159 -0.46630064 -0.8789854
vn -0.05496989 -0.9755417 0.21283011
vn -0.49393824 -0.81708044 0.2973291
vn -0.6249603 -0.7785858 0.05682249
vn 0.24266554 -0.8967358 0.37010583
vn -0.70665354 -0.69592726 -0.1277733
vn -0.9005913 -0.43407112 -0.022750717
vn 0.8360878 -0.5064861 0.2107818
vn 0.34197932 -0.82312 -0.4533471
vn 0.99951494 -0.03060554 0.005764804
vn 0.47855 -0.44079703 0.7593997
vn -0.83042943 0.53654927 0.15000623
vn -0.55841464 -0.49190342 -0.66798514
vn 0.70802176 -0.5046753 0.49397162
vn -0.50826526 0.41229817 0.756093
vn 0.80419374 -0.28075692 0.52387786
vn -0.78031325 -0.56684256 -0.26419842
vn 0.31383178 -0.77485305 -0.54873705
vn -0.6515977 0.4952742 -0.57456416
vn -0.103876375 -0.07647684 0.9916456
vn -0.5613531 0.23402557 0.7937977
vn 0.17559935 -0.08902343 0.98042834
vn 0.07997015 -0.08023965 0.99356246
vn 0.043667126 -0.9549156 -0.29364848
vn -0.6266963 -0.68802184 0.36589298
vn -0.5678349 -0.72087425 0.3973712
vn -0.5376498 -0.5382748 0.6489938
vn -0.8904112 -0.3726997 0.26127157
vn -0.5709902 -0.22594726 0.78925157
vn -0.88794726 -0.44361165 -0.12148402
vn -0.6748651 -0.51830477 -0.5252782
vn 0.49630806 -0.6388788 -0.5878028
vn -0.75945294 0.042102743 0.6491985
vn 0.67971444 0.41357055 0.60576206
vn -0.97001654 0.019233732 0.24227667
vn -0.84743875 0.47655097 -0.2339801
vn -0.08903184 0.7614692 0.6420576
vn 0.01656812 0.97280174 0.23104592
vn 0.8556632 0.31485835 0.41073683
vn -0.91576886 -0.39498276 -0.07318515
vn -0.19952406 -0.9781431 0.05853366
vn -0.65942335 -0.75120735 -0.029126815
vn -0.58249587 -0.72197586 0.37342927
vn -0.9675378 -0.2509112 0.03023426
vn -0.9799857 -0.19880772 -0.010174443
vn -0.8995386 -0.41654655 0.13160281
vn -0.4633415 -0.05992995 0.88415104
vn -0.16158743 -0.49726033 0.85242105
vn -0.9937903 0.08110134 0.07618007
vn -0.56741154 0.26735187 0.7788242
vn -0.9636629 0.046534505 0.26303676
vn -0.9511001 0.2932808 0.09692745
vn -0.7467994 0.6549637 0.11538289
vn -0.40456817 0.81711876 0.41065985
vn -0.5454858 -0.8378508 -0.021241758
vn -0.43651015 -0.898635 -0.043748748
vn -0.9519906 -0.30469906 -0.0295353
vn -0.2952109 -0.9530125 -0.06795365
vn -0.9372341 -0.34856787 0.009625504
vn -0.99937004 -0.026437651 0.02367668
vn -0.9999748 0.0008193916 -0.0070527415
vn -0.9944019 0.09887572 0.03726336
vn -0.99285674 -0.066307925 0.09919077
vn -0.9788938 0.10529182 0.17515846
vn -0.970554 0.23714332 -0.04228415
vn -0.14053576 0.9687072 0.20458741
vn -0.70665354 -0.69592726 -0.1277733
vn -0.85511583 -0.05453424 0.5155608
vn -0.9005913 -0.43407112 -0.022750717
vn -0.49393824 -0.81708044 0.2973291
vn -0.93303806 -0.27850133 -0.2277653
vn -0.8898666 0.45241347 -0.05881752
vn -0.6249603 -0.7785858 0.05682249
vn -0.9939363 0.0894359 -0.06396784
vn -0.86666334 0.46759102 -0.17393485
vn -0.50622183 0.8563198 0.10225392
vn -0.9073574 0.387396 0.16317749
vn -0.41894305 0.16146491 -0.89354116
vn -0.57721704 -0.38960811 -0.71765316
vn -0.36950582 -0.24483329 -0.89639395
vn -0.76252705 0.35637066 -0.539956
vn -0.96025926 -0.26940495 -0.07295987
vn -0.37192816 0.46756166 0.8019074
vn -0.20603192 0.65889025 0.7234739
vn -0.64964145 0.6628471 -0.3722899
vn -0.2701346 0.940286 0.2070979
vn -0.64741874 -0.75623566 -0.09463935
vn -0.9616641 -0.24687137 -0.119401395
vn 0.041310288 0.9798028 0.19565274
vn -0.7032028 -0.036988784 -0.7100265
vn -0.9071889 0.4172832 0.05369371
vn -0.9560482 0.29075956 0.037825268
vn 0 0 0
vn -0.35706374 0.759962 0.5431052
vn -0.77394116 0.60166645 0.19751586
vn -0.763919 -0.19469814 0.6152401
vn -0.16471389 -0.44758123 0.8789428
vn -0.3417532 -0.06707045 0.93739337
vn -0.8865678 -0.009392596 0.4625034
vn -0.1471703 0.21341565 0.965813
vn -0.80245054 0.21171081 0.55789936
vn -0.50827813 0.68817765 0.5177498
vn -0.06336118 0.656633 0.75154406
vn 0.26721278 0.36587417 0.89147824
vn 0.9689427 -0.10783534 -0.2225345
vn 0.07930674 -0.39291194 -0.9161499
vn 0.31812376 -0.6008933 -0.733297
vn -0.09974159 -0.46630064 -0.8789854
vn -0.21148112 -0.3818836 -0.8996892
vn -0.05496989 -0.9755417 0.21283011
vn 0.24266554 -0.8967358 0.37010583
vn -0.061005596 -0.5675768 -0.82105714
vn 0.015354196 -0.6685543 -0.7435048
vn -0.16789976 -0.39533308 -0.9030622
vn -0.23936486 -0.7465828 -0.62074035
vn -0.8059495 -0.38301137 -0.45138416
vn -0.17593342 -0.90197456 -0.3943213
vn -0.9893422 -0.14313035 -0.026753267
vn -0.08812811 -0.9952212 0.042050187
vn 0.13344032 -0.6157584 -0.77655345
vn 0.16411366 -0.21501353 -0.96272314
vn 0.3225478 -0.008027997 -0.94651914
vn 0.6412121 -0.26584998 -0.7198408
vn 0.79962605 -0.34090412 -0.4943506
vn 0.08276894 -0.8665214 -0.49222955
vn 0.004118052 -0.8519027 -0.52368385
vn -0.030011535 -0.8264327 -0.5622351
vn -0.003278406 -0.93621016 0.3514254
vn 0.5502846 -0.63664925 -0.5402449
vn -0.091151476 -0.9809715 0.17142446
vn -0.5599652 -0.77817345 0.28440297
vn 0 0 0
vn -0.017035931 -0.9560562 0.29268807
vn 0.7809474 -0.3678137 -0.50481105
vn 0.49630806 -0.6388788 -0.5878028
vn -0.6748651 -0.51830477 -0.5252782
vn 0.97668093 0.026925022 0.21300091
vn 0.7809474 -0.3678137 -0.50481105
vn -0.5032158 -0.28433353 -0.81604433
vn -0.17593342 -0.90197456 -0.3943213
vn -0.6748651 -0.51830477 -0.5252782
vn -0.16324109 0.25984496 0.95175254
vn -0.06502547 -0.10930674 0.99187887
vn -0.05429238 -0.55372673 0.8309266
vn 0.0063369167 -0.5711385 0.8208292
vn -0.27203202 -0.55220896 0.78807604
vn -0.017035931 -0.9560562 0.29268807
vn -0.87969464 -0.061273392 0.47157496
vn -0.5599652 -0.77817345 0.28440297
vn -0.6894643 0.2808234 0.6676655
vn -0.091151476 -0.9809715 0.17142446
vn -0.003278406 -0.93621016 0.3514254
vn 0.20230769 -0.5969779 0.7763305
vn -0.08812811 -0.9952212 0.042050187
vn -0.013064361 -0.050366867 0.9986453
vn 0.10436534 0.21560144 0.9708882
vn 0.46453595 0.1086357 0.87886554
vn -0.0034750507 0.8479155 0.53012
vn 0.82397777 -0.36689684 0.43179548
vn -0.17593342 -0.90197456 -0.3943213
vn 0.03005879 0.0756762 0.9966793
vn 0.15540765 0.13013572 0.97924113
vn 0.36009943 0.016152037 0.93277407
vn 0.17559935 -0.08902343 0.98042834
vn -0.5613531 0.23402557 0.7937977
vn -0.7270538 -0.19464384 0.65841216
vn -0.46639854 0.3659647 0.8053212
vn -0.72395945 0.2768181 0.63186586
vn -0.48084074 0.73653924 0.47571218
vn -0.40127698 0.7773718 0.48442736
vn -0.5528041 0.766417 0.32712772
vn -0.5560403 0.7034561 0.44268352
vn -0.41019362 -0.27211726 0.87045586
vn -0.18464206 -0.25305712 0.94966805
vn -0.086190164 0.284555 0.9547773
vn -0.108627066 0.66503644 0.73886853
vn 0.016161267 0.6284552 0.7776779
vn -0.33037168 0.80156785 0.49834073
vn -0.4513471 0.7237932 0.5219283
vn -0.4854816 0.6689475 0.56286484
vn -0.2402173 0.6872502 0.6855529
vn -0.14851218 0.8795423 0.45205036
vn 0.016163094 0.6618776 0.7494377
vn 0.031460077 0.8945692 0.44582078
vn 0.008959466 0.65799516 0.75296885
vn -0.021539405 0.8053148 0.59245604
vn -0.23742448 0.63480127 0.7352938
vn -0.22446452 0.87132674 0.4363547
vn 0.03477449 -0.22616595 0.9734679
vn -0.018400563 -0.22888309 0.97328
vn 0.012335328 0.3396695 0.94046396
vn -0.019263752 0.31639552 0.94843173
vn -0.0013897138 0.32380623 0.9461224
vn -0.010572516 0.647667 0.7618502
vn -0.15303124 0.6241591 0.7661637
vn -0.19042492 0.3799359 0.9052
vn -0.27483633 0.61074173 0.74260324
vn -0.066558436 0.33371034 0.940323
vn -0.3154336 0.8824637 0.34894052
vn -0.06335207 0.70941085 0.70194215
vn -0.1135688 0.94634223 0.30255327
vn 0.008701602 -0.24198622 0.97024065
vn 0.017551748 -0.046798978 0.9987501
vn 0.028123084 0.23372512 0.97189593
vn -0.018082816 0.18574403 0.98243177
vn -0.003949828 0.14526284 0.9893852
vn -0.019347506 -0.108138084 0.9939476
vn -0.0030738718 0.43589512 0.8999922
vn 0.013046496 0.15418288 0.98795617
vn 0.0071330997 0.75487316 0.65583205
vn 0.00008234535 0.7357967 0.6772025
vn 0.010110061 0.42296445 0.9060899
vn 0.007451638 0.39477557 0.91874737
vn 0.0053108907 0.75971013 0.65024024
vn 0.19289017 0.40247378 0.8948789
vn 0.24888332 0.7579162 0.60300916
vn 0.020110158 -0.21182181 0.9771014
vn 0.020185485 0.04414877 0.998821
vn 0.0006199074 0.17795236 0.9840389
vn -0.024170037 0.05248581 0.9983291
vn 0.059651453 0.26071504 0.96357113
vn 0.17624353 0.5455492 0.81933767
vn 0.29041407 0.6679421 0.6852102
vn 0.009520642 0.3877727 0.92170584
vn 0.010740709 -0.00045161974 0.99994224
vn 0.0097153485 0.41907203 0.907901
vn 0.00074320746 -0.056352664 0.99841064
vn 0.024840364 0.64192486 0.76636505
vn 0.028459124 0.37981302 0.9246254
vn 0.039269842 0.75044185 0.6597688
vn 0.011686231 0.721397 0.69242316
vn 0.36411667 0.8736872 0.3226294
vn 0.04933594 0.9689807 0.2421617
vn -0.023834538 0.96169174 0.27309498
vn -0.027541965 0.74045026 0.67154664
vn -0.016829018 -0.011728759 0.9997896
vn 0.058370803 -0.024974018 0.99798256
vn 0.053487137 -0.20688702 0.97690165
vn -0.04028757 0.32998353 0.9431266
vn -0.06664415 0.13068792 0.9891811
vn 0.2991384 -0.00609513 0.95419025
vn 0.14595827 0.4934318 0.8574504
vn -0.022041066 0.6374622 0.7701663
vn 0.2127768 0.7435421 0.6339332
vn 0.45429748 0.6604418 0.59785485
vn 0.3624778 0.7354 0.5725353
vn 0.45342246 0.7975282 0.39794078
vn 0.030987447 0.9605468 0.27638683
vn 0.39700785 0.8381448 0.37402952
vn -0.05480214 0.9675406 0.246702
vn 0.4906378 0.7651902 0.41684356
vn 0.6917873 0.6774052 0.25010502
vn 0.5268528 0.8346854 0.16039464
vn 0.45002902 0.8155024 0.36390895
vn 0.56133866 0.04356542 0.8264387
vn 0.7853694 0.23032977 0.57458085
vn 0.6151888 0.7093826 0.3439754
vn 0.79388374 0.5875061 0.15679643
vn 0.59827393 0.56431335 0.56887496
vn 0.0030061672 0.64857763 0.76114255
vn 0.32213476 0.9291213 0.18155642
vn 0.45781863 0.6769422 -0.5763257
vn 0.04180523 0.71456486 -0.69831896
vn 0.0011128392 0.7474465 -0.6643211
vn 0.018668916 0.96725 0.25313818
vn -0.009100702 0.9703425 0.24156275
vn 0.012393739 0.79603463 -0.6051241
vn 0.0030685351 0.9877296 0.15614367
vn -0.00878158 0.5821717 -0.8130185
vn -0.09600479 0.8979648 -0.42946753
vn -0.25187227 0.8528365 -0.45741698
vn -0.28575745 0.9539984 -0.09071807
vn 0.30327603 0.9480542 0.09600456
vn 0.0067452276 -0.12143621 0.9925763
vn 0.18137996 -0.29220986 0.9389967
vn -0.01403796 0.9379012 0.3466184
vn -0.40767726 0.7844968 0.4672944
vn -0.21434759 -0.17856814 0.9602961
vn 0.004985497 -0.26774764 0.9634762
vn 0.014642093 -0.18085328 0.98340106
vn -0.04508031 -0.17648898 0.98326975
vn -0.21445598 -0.018558975 0.9765573
vn -0.045226093 -0.027045581 0.9986106
vn -0.007677461 0.016143503 0.9998402
vn -0.0035750018 0.09612831 0.9953625
vn -0.06756131 -0.023211293 0.9974451
vn -0.014143484 -0.0066728797 0.9998777
vn -0.06335509 0.07998771 0.9947804
vn 0.041169994 -0.07182287 0.99656737
vn -0.019553363 0.029083448 0.9993857
vn -0.031312544 -0.013708625 0.99941564
vn 0.11914462 -0.04131283 0.99201703
vn 0.02803876 0.11478956 0.99299407
vn -0.016592398 -0.029402591 0.99942994
vn 0.14675336 -0.025199313 0.9888521
vn -0.067838095 0.23278335 0.9701597
vn 0.27873185 0.2273576 0.93306863
vn 0.40446565 -0.10654906 0.9083253
vn -0.02232175 -0.08181692 0.9963974
vn 0.10759749 -0.17218699 0.97917026
vn 0.6061083 -0.12311186 0.7857965
vn -0.085446715 -0.5848795 0.80660695
vn -0.022718007 -0.39831895 0.9169656
vn 0.27775198 -0.37170133 0.8858284
vn 0.029908786 -0.07549216 0.9966977
vn -0.12044715 0.15658559 0.9802925
vn -0.063507654 0.17195702 0.98305523
vn -0.46091345 0.036789026 0.8866822
vn -0.4037637 0.11573525 0.9075132
vn 0.33015358 0.5041565 0.7980131
vn -0.5862529 0.48252532 0.65075094
vn -0.027041906 -0.25472596 0.9666351
vn -0.5498307 -0.2963696 0.78092974
vn -0.023596833 -0.28230876 0.95903337
vn 0.0512079 -0.25394684 0.9658617
vn -0.19013265 0.03853216 0.981002
vn 0.54639125 0.51986545 0.65665555
vn 0.14342955 0.20276918 0.96866536
vn 0.30120966 0.3477511 0.8878862
vn 0.024721155 0.02681285 0.99933475
vn -0.0101559665 0.012330423 0.9998724
vn 0.3926759 0.056963705 0.9179111
vn -0.018033095 -0.008702848 0.9997995
vn 0.40182057 -0.00971411 0.9156669
vn 0.027077189 -0.0103447065 0.99957985
vn -0.018761115 -0.0011139679 0.9998234
vn 0.38973197 -0.010645668 0.9208668
vn -0.021550618 -0.0034280894 0.9997619
vn 0.39368075 -0.04509177 0.91814065
vn 0.07307778 -0.1735372 0.9821122
vn 0.43282124 -0.45020258 0.7810143
vn 0.015198815 -0.01038127 0.9998306
vn -0.015970377 -0.091863066 0.99564356
vn 0.026517615 -0.0029975306 0.99964386
vn 0.025549699 0.027311506 0.9993004
vn -0.18594971 -0.013236781 0.9824701
vn -0.20489523 0.064959906 0.9766259
vn -0.25055712 0.025742963 0.9677595
vn -0.2885174 -0.12881899 0.9487694
vn -0.29013073 0.08392794 0.95329964
vn -0.30145788 0.10731405 0.94742113
vn -0.085137516 -0.019143075 0.9961853
vn -0.12025845 0.09378437 0.98830277
vn -0.29391155 -0.0425637 0.95488447
vn 0.02136323 -0.011550449 0.9997051
vn -0.010073378 0.05839102 0.998243
vn 0.017393949 0.035702206 0.9992111
vn 0.15227488 -0.04197096 0.9874466
vn 0.038466953 0.014583716 0.99915344
vn -0.16469054 -0.0951399 0.98174614
vn -0.04597914 0.048844174 0.99774754
vn -0.035596363 0.1711197 0.984607
vn 0.45859715 0.3585964 0.8130789
vn -0.046124227 -0.15436687 0.9869364
vn -0.12697284 -0.24487051 0.96120566
vn -0.035717197 -0.27667424 0.9602998
vn -0.023084184 -0.06369978 0.99770206
vn -0.31607267 0.9020618 0.29390913
vn -0.015117861 0.20305216 0.97905123
vn -0.11707555 0.08914304 0.98911417
vn -0.30088267 0.6077386 0.7349309
vn -0.23183315 0.005388092 0.97274065
vn -0.044010103 0.078938305 0.99590755
vn 0.0037530223 0.08765219 0.99614406
vn 0.0059766853 -0.003135656 0.99997723
vn -0.13851653 0.023139022 0.9900898
vn 0.057728875 -0.008662635 0.9982947
vn 0.056359537 -0.05656548 0.99680686
vn 0.583758 0.087785184 0.8071681
vn 0.52780426 -0.052306004 0.84775394
vn 0.4838781 0.6632719 0.57090485
vn 0.11286038 -0.27203897 0.95564497
vn 0.52105 -0.1314063 0.84335005
vn 0.14704832 -0.12010111 0.9818108
vn -0.030685043 -0.03492546 0.9989187
vn 0.0036184369 0.040168867 0.99918634
vn 0.00020180078 0.09876323 0.9951109
vn -0.43787757 0.009853888 0.8989806
vn -0.82801276 -0.24767223 0.50304407
vn -0.26128042 0.12783128 0.95676106
vn 0.69631064 -0.17407766 -0.69631064
vn -0.45993105 -0.1340807 0.8777732
vn -0.81870264 0.029687546 0.57344973
vn -0.6015838 0.79729605 0.049152065
vn -0.19054084 0.9534281 0.2338141
vn 0.634999 0.74403685 0.20781118
vn 0.34029984 0.6019832 0.72236574
vn 0.41664726 0.7529352 0.5094053
vn 0.13550742 0.8813489 0.4526167
vn 0.4283074 0.34940276 0.83334893
vn 0.3662172 0.11453253 0.923454
vn 0.11638597 0.90490705 0.40938675
vn 0.945107 -0.18604429 0.26862666
vn 0.91128784 0.31468073 0.2655759
vn 0 0 0
vn 0.010684019 -0.2673388 0.96354336
vn 0.25839186 0.9219534 -0.28850585
vn -0.031652436 0.959775 -0.27898058
vn -0.11369759 0.9903314 0.07947712
vn -0.6780114 0.7036267 -0.21262656
vn -0.6968865 0.64153033 -0.32060578
vn -0.13132611 0.9794003 -0.15339
vn 0 0 0
vn -0.3897495 0.17483738 0.9041721
vn -0.506546 0.8448185 -0.17231625
vn -0.54189366 0.7293764 -0.417566
vn -0.35345808 0.8882604 -0.29336116
vn -0.46847084 0.691154 -0.5503101
vn -0.25113484 0.9063547 -0.33978286
vn -0.7693309 0.63884634 -0.0022994915
vn -0.6059341 0.76290244 0.22544134
vn -0.3544502 0.9276176 0.11785831
vn -0.7094697 0.70430404 -0.024670888
vn -0.35483316 0.9346067 -0.024572521
vn -0.3034274 0.9415331 -0.14644879
vn -0.6370804 0.73304236 -0.2382803
vn -0.34795797 0.90486896 -0.24522927
vn -0.07836654 0.9950874 -0.060496427
vn -0.3736685 0.8462738 -0.3797269
vn -0.12055766 0.9873126 -0.1033425
vn -0.19507396 0.905101 -0.37780732
vn -0.26863194 0.67366195 -0.68848854
vn 0.004791362 0.84003043 -0.54251814
vn -0.17704967 0.72091955 -0.6700212
vn -0.0011599591 0.607369 -0.794419
vn -0.004209856 0.7922059 -0.6102393
vn -0.28253308 0.8786831 0.3848261
vn -0.08369559 0.9469939 0.31015733
vn -0.01751064 0.99983335 0.005160852
vn -0.0012211873 0.9998547 -0.017001908
vn -0.032007284 0.9990577 0.029312145
vn 0.0027706686 0.9999903 0.003436169
vn -0.33101404 0.8880633 0.3190192
vn -0.02964814 0.99846184 0.046850313
vn 0.0012676481 0.9999961 0.0024791395
vn -0.013510958 0.99990857 0.00053754245
vn -0.020039167 0.99979764 0.0017748207
vn -0.0034172258 0.999991 0.0025077316
vn -0.25414547 0.966415 -0.038107496
vn -0.017007295 0.9998529 -0.0022310838
vn -0.017519185 0.99979556 -0.010096399
vn -0.0029612456 0.9999956 -0.00030379833
vn -0.0042804643 0.99998146 -0.0043340772
vn -0.010427708 0.99993354 -0.0049186344
vn -0.0003643263 0.9999986 -0.0016158202
vn 0.0015519044 0.99993753 0.011070671
vn -0.004676952 0.99992007 0.011744998
vn 0.0009849753 0.9999979 -0.001790707
vn -0.025571497 0.9979558 -0.058569033
vn -0.01686287 0.9978291 -0.063661724
vn 0.015748946 0.9922403 -0.12333367
vn -0.00152509 0.9996538 0.026265284
vn 0.014246893 0.82841927 -0.5599273
vn 0.06328756 0.98270494 -0.17402777
vn -0.024473382 0.63440037 -0.77261716
vn 0.04134373 0.83965176 -0.54154927
vn -0.00024803527 0.8370844 -0.54707366
vn 0.031660363 0.5868818 -0.80905336
vn 0.027888589 0.89523506 -0.44472057
vn 0.08711802 0.8757069 -0.47491878
vn 0.5217611 0.6325694 0.57238215
vn 0.52676284 0.6683509 0.5251933
vn 0.3117346 0.9005162 0.30313706
vn 0.20052971 0.94822276 0.24629536
vn 0.051800672 0.99850947 0.017191354
vn 0.0231039 0.85539865 0.5174547
vn 0.11270874 0.8925203 0.43669692
vn 0.012357891 0.99991375 -0.004440683
vn 0.0034470682 0.99999046 -0.002683916
vn -0.007166665 0.99996907 -0.0032387124
vn -0.0034792712 0.9999878 0.0035065273
vn 0.0023351829 0.9999825 0.0054403143
vn -0.0017387766 0.99997926 0.006200119
vn -0.0048748446 0.99998444 -0.0027149732
vn 0.05990838 0.9958116 0.0690669
vn 0.003844046 0.9999887 -0.002798801
vn 0.0022952375 0.99999434 0.0024508554
vn 0.0033090396 0.99999446 0.0004143966
vn -0.00015178722 0.99999696 0.0024491176
vn 0.00078564906 0.9999997 0.000023406243
vn -0.0009052787 0.9999946 0.0031741778
vn -0.0016160818 0.9999776 0.0064968695
vn -0.000104027815 1 0.00018275612
vn 0.0010797495 0.9999992 -0.0006579836
vn -0.00013206288 0.9999999 -0.00047932667
vn 0.0035537127 0.9999935 -0.000584305
vn 0.002408481 0.999995 0.0020614832
vn 0.0032579727 0.9999941 -0.0011077083
vn 0.0011867436 0.99999046 -0.004203772
vn 0.0017591354 0.9998276 0.018484423
vn 0.02003302 0.99975735 -0.009158102
vn 0.008485067 0.9999639 -0.00048765764
vn 0.16065414 0.9868603 0.017235866
vn 0.20593525 0.9758014 -0.07350023
vn 0.5764521 0.8023364 -0.15478802
vn 0.36800873 0.87938976 -0.30206499
vn 0.27064866 0.90602124 -0.32538405
vn 0.25911507 0.9118121 -0.31852472
vn 0.2679592 0.78547317 -0.5578797
vn 0.57021767 0.7062381 -0.41961837
vn 0.29001328 0.6258954 -0.7239802
vn 0.55683124 0.6905553 -0.46159765
vn 0.4989546 0.6481749 -0.5752509
vn 0.4420553 0.78936946 0.4260081
vn -0.0030431645 0.9859651 0.16692394
vn 0.34447303 0.9281517 0.1409706
vn 0.038276605 0.9992601 -0.003762361
vn 0.05874074 0.9982389 0.008280828
vn 0.17437997 0.9845594 -0.015308984
vn 0.5356736 0.8442998 -0.014548186
vn 0.5882653 0.80866677 -0.0014090065
vn 0.6023197 0.79524493 0.0692564
vn 0.49945265 0.6829219 -0.53307104
vn -0.0009707905 0.999982 0.005917587
vn 0 0 0
vn -0.5718739 0.82002026 0.02295771
vn -0.64330965 0.76560456 -0.0015397484
vn -0.5321354 0.8463958 0.021119248
vn 0.492731 0.6117517 -0.6188506
vn 0.5637959 0.6501254 -0.50938314
vn 0.37461329 0.8573471 -0.3530168
vn 0.3726193 0.87620354 -0.3056504
vn -0.19529712 0.96274847 0.18701436
vn -0.059497435 0.9008277 0.43008086
vn -0.25198475 0.7881792 0.56149554
vn -0.040075388 0.85018885 0.5249503
vn -0.3525457 0.8618059 0.36469448
vn -0.050871503 0.7999497 0.59790677
vn 0.010135733 0.60351175 0.79728967
vn 0.12063835 0.68553096 0.7179789
vn -0.1073041 0.62919855 0.7698019
vn 0.20654655 0.8668355 0.45380035
vn 0.045261107 0.878304 0.4759554
vn 0.24652286 0.7230104 0.64535445
vn 0.2479922 0.7496546 0.61361045
vn 0.2951278 0.8957821 0.33237624
vn 0.53017795 0.6631401 0.5283526
vn 0.70146096 0.6409187 0.31173027
vn 0.30557838 0.8995013 0.31228074
vn 0.3322837 0.93011534 0.15643834
vn 0.749533 0.65769047 0.07512341
vn 0.8004848 0.5940951 -0.07921541
vn 0.7381238 0.6054667 -0.2976295
vn 0 0 0
vn 0.38436556 0.9130802 -0.13618977
vn 0.5982677 0.60395026 -0.5266117
vn 0.5197059 0.8543098 0.007783697
vn 0.5206279 0.851719 0.05934033
vn 0.7821254 0.6228012 0.019964509
vn 0.8132581 0.5811325 0.02993786
vn 0.56192523 0.82624346 0.03951904
vn 0.9689427 -0.10783534 -0.2225345
vn 0.3879473 0.9216119 -0.011332639
vn 0.44581145 0.2805099 -0.850039
vn 0.4427807 0.193182 -0.8755718
vn 0.3225478 -0.008027997 -0.94651914
vn 0.16411366 -0.21501353 -0.96272314
vn 0.07930674 -0.39291194 -0.9161499
vn 0.083942816 0.65090775 -0.7545016
vn 0.9495563 0.18128514 -0.2558878
vn -0.96468574 0.18046801 -0.19186656
vn -0.97778106 -0.023065219 -0.20835595
vn -0.9211845 0.10001649 -0.37605295
vn -0.79544973 0.5773244 0.18427217
vn -0.8955286 0.43249327 0.10477646
vn -0.9990643 -0.036569316 0.023090452
vn -0.96837944 -0.22896282 0.0990825
vn -0.9590683 -0.07404214 0.27332345
vn -0.9712607 -0.19836311 0.13154702
vn -0.68767893 -0.447209 -0.57192814
vn -0.27262807 -0.3091592 -0.91109526
vn -0.35670042 -0.47923014 -0.8019372
vn -0.66852605 -0.37234792 -0.64376235
vn -0.24728061 -0.67457163 -0.6955612
vn -0.8319531 -0.35013598 -0.43041706
vn -0.2970196 -0.76342034 -0.573558
vn -0.8485469 -0.44425628 -0.28740987
vn -0.21752898 -0.9642122 -0.15157855
vn -0.7491517 -0.6605387 0.049602233
vn -0.41660374 -0.90883225 0.021570804
vn -0.07445882 -0.8365816 0.5427588
vn -0.9355086 -0.12770155 -0.32941756
vn 0.14186943 -0.9083576 -0.39339477
vn -0.0144284535 -0.6723714 -0.7400733
vn -0.096883036 -0.7425517 -0.6627448
vn 0.036123894 -0.9953184 0.08964575
vn -0.41503033 -0.4346532 -0.79926616
vn 0.94020486 0.22589238 -0.2549263
vn 0.75913054 0.6407475 -0.11473255
vn 0.7547988 0.18091504 -0.63051444
vn 0.043667126 -0.9549156 -0.29364848
vn -0.27872092 -0.94919425 0.14609894
vn -0.3149196 -0.9340138 0.16865331
vn -0.6266963 -0.68802184 0.36589298
vn -0.97778106 -0.023065219 -0.20835595
vn -0.8331092 -0.04906636 0.55092794
vn -0.19817604 -0.106803015 0.97433025
vn -0.96280897 -0.11974478 0.24219853
vn -0.9211845 0.10001649 -0.37605295
vn -0.9677733 -0.09572204 0.23292083
vn -0.79544973 0.5773244 0.18427217
vn -0.07599602 0.036837902 0.9964274
vn -0.043918148 0.08756693 0.99519
vn -0.87990826 0.13044882 0.45688576
vn -0.28044268 -0.00045775666 0.9598707
vn -0.9599905 -0.03360751 0.2780087
vn -0.98293257 0.09487084 -0.15761693
vn -0.90432495 -0.42675027 0.008974851
vn -0.991504 -0.121569864 -0.046266142
vn -0.9225736 -0.3177039 0.21891128
vn -0.9806679 -0.18471329 0.06458707
vn -0.9960397 -0.044617333 -0.076903865
vn -0.9966126 -0.0014845412 0.08222579
vn -0.9610014 -0.24461357 -0.1289982
vn -0.9348317 0.29391208 -0.19926217
vn -0.95532256 0.25787395 -0.1444294
vn -0.95640934 0.29180825 -0.011363469
vn -0.9953064 -0.09641016 0.008382337
vn -0.9604425 -0.27846387 -0.002851514
vn -0.9483233 -0.31638524 -0.024150293
vn -0.99851376 -0.053400896 0.01089063
vn -0.9642415 0.26481837 0.010464483
vn -0.9765002 0.2154406 -0.0057203406
vn -0.99149585 0.12982352 0.009043533
vn -0.97885793 0.20191857 0.032650203
vn -0.97059804 0.24068199 -0.003410487
vn -0.9737384 -0.22764893 0.0030861676
vn -0.9690292 0.24624063 -0.01865334
vn -0.9999936 -0.0014381529 0.003263093
vn -0.9555565 0.046918243 -0.29105058
vn -0.97616893 0.1786093 -0.12325972
vn -0.9778552 0.19784304 0.06824472
vn -0.992802 0.0029734033 -0.119730294
vn -0.99384105 0.11036142 0.010017661
vn -0.94637144 0.32170644 -0.02976625
vn -0.9490976 0.31058028 0.052475117
vn -0.95264167 -0.3024873 0.031229472
vn -0.97579896 -0.21691461 -0.027649378
vn -0.9854721 0.16802315 -0.024757585
vn -0.9955618 0.0831018 -0.044168584
vn -0.9938791 0.00031710268 -0.11047292
vn -0.99628985 0.0788837 -0.03440807
vn -0.9903171 -0.1370254 -0.022272572
vn -0.99954754 -0.028442679 -0.009784763
vn -0.98079026 -0.19480455 0.0100847455
vn -0.9908348 0.13410011 -0.016234726
vn -0.987656 -0.14268504 0.06462641
vn -0.9906245 -0.13636003 0.008308083
vn -0.9955269 0.0943606 0.0047201905
vn -0.9872651 -0.15897536 0.005872065
vn -0.98984396 0.12705015 -0.0637741
vn -0.93149054 0.3624904 -0.03043175
vn -0.8008725 0.55888796 -0.21505225
vn -0.93326473 0.35781783 -0.031358723
vn -0.9676829 -0.24960597 -0.03587002
vn -0.99202025 -0.12369551 -0.024398658
vn -0.9946499 -0.08068416 -0.06451132
vn -0.9926881 -0.12067027 0.0030013244
vn -0.8950365 0.4458741 -0.0102911405
vn -0.9999474 0.00436526 -0.009278655
vn -0.98512924 -0.05131159 -0.16397393
vn -0.8448649 0.5091521 -0.16421764
vn -0.87068164 -0.0718978 -0.48656362
vn -0.74310356 0.59362066 -0.30888772
vn -0.8325475 0.025335 -0.55337405
vn -0.7175332 -0.1327273 -0.68376136
vn -0.92077667 0.23865083 -0.308571
vn -0.8044347 0.00187975 -0.59403807
vn -0.9847389 -0.17394064 -0.005826586
vn -0.9429007 -0.33254957 -0.018681258
vn -0.99510497 0.09876477 0.0034075216
vn -0.9567189 -0.29098156 -0.0043218425
vn -0.9907516 0.13527514 0.01057687
vn -0.9996248 -0.001543118 -0.027348226
vn -0.9998607 0.0064324974 0.0153999245
vn -0.99980503 -0.018119438 0.0078489175
vn -0.9991 -0.041910093 -0.0065347413
vn -0.99424577 0.10578206 0.016898362
vn -0.9908281 0.13493048 -0.007312234
vn -0.99416554 0.106454924 0.017386124
vn -0.92275923 0.3807804 0.05934374
vn -0.910426 0.41361877 -0.0066317013
vn -0.8984101 0.439151 0.0024040195
vn -0.7151591 0.6989617 -0.0001922546
vn -0.9491165 0.3139122 0.025237024
vn -0.7239951 0.68978024 0.005865141
vn -0.89544415 0.38242584 -0.227882
vn -0.70715684 0.62558013 -0.32951283
vn -0.7133372 0.63316435 -0.3004213
vn -0.2802546 0.8768185 -0.3907003
vn -0.6321514 0.77483535 -0.003836291
vn -0.3034535 0.9524933 -0.025931269
vn -0.78104407 0.62349355 -0.03501303
vn -0.77993613 0.62540525 -0.023831833
vn -0.74567795 0.6658551 -0.024522481
vn -0.6357328 0.76115084 -0.1284257
vn -0.8839967 0.46736854 0.0107913185
vn -0.6705018 0.6970498 -0.2540647
vn -0.6280355 0.66765386 -0.39976218
vn -0.959064 -0.28298476 0.010761122
vn -0.95531577 -0.29227504 0.0441262
vn -0.9653514 0.2608817 -0.006116682
vn -0.97154963 0.23509432 0.028669871
vn -0.9763887 0.21220554 0.040421154
vn -0.9967154 -0.029518357 0.075412504
vn -0.9998877 0.0105526615 -0.010642184
vn -0.9892234 -0.0050759083 0.14632587
vn -0.9903652 -0.13598804 0.02615328
vn -0.94638026 0.31575322 0.06829607
vn -0.9334705 0.35857046 0.0077474695
vn -0.89943945 0.39346686 0.1902432
vn -0.7870925 0.5791747 0.21223119
vn -0.593644 0.7648986 0.25003374
vn -0.689009 0.6902111 0.22107738
vn -0.68980247 0.7104897 0.13920102
vn -0.3113262 0.9070502 0.28343597
vn -0.41817576 0.8907137 0.17820828
vn -0.32776946 0.94473517 -0.0065308693
vn -0.6891834 0.72453225 -0.00890512
vn -0.32622325 0.9452925 0.00070580415
vn -0.24238452 0.9659701 -0.090285406
vn -0.5125845 0.858163 0.02852021
vn -0.07477062 0.99502426 0.06584859
vn -0.2253443 0.9660658 -0.1262407
vn -0.9933221 -0.11482751 -0.011221333
vn -0.9797719 0.020107266 -0.19910471
vn -0.9411215 -0.028328802 0.33687946
vn -0.8331092 -0.04906636 0.55092794
vn -0.9962749 -0.06690384 -0.054407407
vn -0.98610455 0.16489074 -0.020221295
vn -0.9581285 0.07758988 0.27562582
vn -0.9986393 0.009919428 -0.05119712
vn -0.9950578 -0.078569934 -0.060718082
vn -0.94981325 -0.007841496 0.31271914
vn -0.9903756 -0.13582177 -0.026621448
vn -0.94376606 -0.18543592 0.27371362
vn -0.9263443 -0.37377456 0.046678457
vn -0.9525001 0.30453625 -0.0011065973
vn -0.98084986 -0.19466174 0.006349059
vn -0.7966873 0.6043857 0.0027055468
vn -0.76505846 0.64181364 0.052543525
vn -0.7820497 0.623166 0.007899594
vn -0.7189965 0.69496495 -0.008229673
vn -0.7052086 0.70899427 -0.0028301454
vn -0.42565355 0.90475535 0.015388242
vn -0.39507228 0.9109228 0.11890124
vn -0.68091655 0.033525717 0.73159325
vn -0.7002541 -0.2486146 0.6692048
vn -0.9663765 -0.17596625 0.18748955
vn -0.72639644 0.116190225 0.67738324
vn -0.7185578 0.09401244 0.6890837
vn -0.7270538 -0.19464384 0.65841216
vn -0.8722232 0.37897184 0.30920392
vn -0.72395945 0.2768181 0.63186586
vn -0.48084074 0.73653924 0.47571218
vn -0.5528041 0.766417 0.32712772
vn -0.5560403 0.7034561 0.44268352
vn -0.92999494 0.3674164 0.010703382
vn -0.7209514 0.6885373 0.07839305
vn -0.28054392 0.9302316 -0.23656774
vn -0.8744267 -0.47856715 -0.07969554
vn -0.97778106 -0.023065219 -0.20835595
vn -0.99765396 0.051322542 0.045305368
vn -0.9943106 0.016491082 -0.105234884
vn -0.9348919 0.068454385 -0.3482689
vn -0.9677733 -0.09572204 0.23292083
vn -0.9800098 -0.01701351 0.19822033
vn -0.96280897 -0.11974478 0.24219853
vn -0.47920966 0.60621005 -0.6347184
vn -0.36619458 0.12718834 -0.9218051
vn -0.042033054 0.23669206 -0.97067505
vn -0.69929695 0.06544199 -0.7118294
vn -0.6168997 -0.26594666 -0.74074763
vn -0.444241 -0.21693268 -0.8692469
vn -0.44935334 -0.10529569 -0.88712704
vn -0.6742056 0.16116118 -0.7207454
vn -0.3972005 -0.016060531 -0.91759133
vn -0.95578736 -0.29396397 0.007461711
vn -0.9420508 -0.33492544 0.01911148
vn -0.9809062 -0.1917595 -0.03242416
vn -0.99785566 0.0032079576 0.06537445
vn -0.9736204 -0.18834412 0.12880126
vn -0.9342733 -0.13078815 -0.33170447
vn -0.5560955 0.61537665 0.5586317
vn -0.8721428 0.31002957 0.37848195
vn -0.40582108 0.38181075 0.8303793
vn -0.6738317 0.17277642 0.7184004
vn -0.5996034 -0.23895651 0.76379025
vn -0.5330681 -0.004633927 0.8460596
vn -0.19229898 0.22796756 0.95449036
vn -0.43217945 0.6073857 0.66656095
vn -0.41206726 -0.112374835 0.90419716
vn -0.12102022 -0.087245755 0.9888085
vn -0.22067712 0.21688779 0.95092654
vn -0.53464556 0.17591661 0.82656366
vn -0.12830487 -0.1492329 0.98044246
vn -0.8806365 0.37370342 0.29124752
vn -0.99900603 0.022580106 -0.038432796
vn -0.8803038 -0.27179974 0.38883176
vn -0.3612917 -0.26390803 0.89432704
vn -0.41184375 -0.020276228 0.91102886
vn -0.9418442 -0.008180034 0.3359502
vn -0.4952028 0.0005719615 0.8687772
vn -0.8902529 -0.0007459492 0.4554659
vn -0.20446746 -0.03064008 0.97839373
vn -0.33232123 0.0316598 0.94263476
vn -0.90489507 0.052285265 0.42241117
vn -0.9564555 0.006943885 0.29179552
vn -0.9198793 -0.12710749 0.3710333
vn -0.98070925 0.025986912 0.19373699
vn -0.7595329 0.19568445 0.6203364
vn -0.6212316 -0.47077087 0.6264552
vn -0.81480175 -0.4817547 0.3225067
vn -0.511107 -0.6725306 0.535231
vn -0.99775887 -0.051928155 0.042198945
vn -0.99664414 -0.06979744 -0.042763952
vn -0.6561758 -0.32262143 0.6821648
vn -0.24804054 -0.3730729 0.8940316
vn -0.667966 -0.107047245 0.7364525
vn -0.10538933 -0.019360194 0.99424255
vn 0.07997015 -0.08023965 0.99356246
vn 0.0063965484 -0.04024584 0.99916935
vn 0.19629484 -0.86242324 -0.46657744
vn -0.11251935 -0.9377578 -0.32855704
vn -0.069608 -0.9963719 0.048966095
vn 0.1437658 -0.98372984 -0.10773587
vn 0.7760576 0.59494233 -0.2092326
vn 0.44143155 0.8840179 0.15378727
vn 0.9082136 0.06795148 -0.4129536
vn 0.9576992 0.19141592 -0.21487719
vn 0.7095893 0.6116974 0.3497275
vn 0.9495563 0.18128514 -0.2558878
vn 0.57797843 0.6531513 0.48921806
vn 0.3879473 0.9216119 -0.011332639
vn 0.79962605 -0.34090412 -0.4943506
vn 0.5502846 -0.63664925 -0.5402449
vn 0.6412121 -0.26584998 -0.7198408
vn 0.3225478 -0.008027997 -0.94651914
vn -0.83798265 -0.543941 -0.043740787
vn -0.5599652 -0.77817345 0.28440297
vn 0.5647189 -0.49217194 -0.6624646
vn -0.50826526 0.41229817 0.756093
vn 0.99951494 -0.03060554 0.005764804
vn 0.55890876 0.687569 0.46354052
vn 0.70483696 -0.3882288 -0.593703
vn 0.79014254 -0.03627438 -0.6118488
vn 0.34197932 -0.82312 -0.4533471
vn 0.80419374 -0.28075692 0.52387786
vn 0.44581145 0.2805099 -0.850039
vn 0.083942816 0.65090775 -0.7545016
vn -0.78031325 -0.56684256 -0.26419842
vn 0 0 0
vn 0.15540765 0.13013572 0.97924113
vn -0.103876375 -0.07647684 0.9916456
vn 0.14650941 0.28412744 0.9475266
vn -0.5613531 0.23402557 0.7937977
vn 0.91128784 0.31468073 0.2655759
vn 0.945107 -0.18604429 0.26862666
vn 0.11638597 0.90490705 0.40938675
vn 0.34029984 0.6019832 0.72236574
vn -0.9417233 -0.33403334 0.03973587
vn -0.88106686 0.35465693 -0.31295317
vn -0.9739937 0.074453406 -0.21399295
vn -0.9868236 -0.040072963 -0.1567587
vn -0.116041325 0.1289771 -0.9848347
vn -0.12941594 -0.014479595 -0.99148464
vn -0.28817925 0.34014592 -0.89512765
vn 0.45859715 0.3585964 0.8130789
vn 0.48707116 0.8469049 0.21333966
vn 0.090773135 0.98466706 0.14896639
vn 0.14003707 0.9647781 0.22269432
vn -0.27872092 -0.94919425 0.14609894
vn 0.7547988 0.18091504 -0.63051444
vn -0.5376498 -0.5382748 0.6489938
vn -0.3149196 -0.9340138 0.16865331
vn -0.055362716 -0.12684827 -0.99037594
vn -0.9856676 0.16541237 -0.033138316
vn -0.28817925 0.34014592 -0.89512765
vn -0.116041325 0.1289771 -0.9848347
vn 0.34015727 0.2457968 -0.9076767
vn -0.9868236 -0.040072963 -0.1567587
vn -0.93019485 -0.27910817 0.23840344
vn -0.6956838 -0.6254464 0.35332835
vn 0.27063593 -0.639511 0.7195706
vn -0.21752898 -0.9642122 -0.15157855
vn 0.044327926 -0.99888325 0.016347663
vn -0.07445882 -0.8365816 0.5427588
vn -0.41660374 -0.90883225 0.021570804
vn -0.7491517 -0.6605387 0.049602233
vn 0.04935567 -0.9742278 0.22010063
vn -0.18514903 -0.9766882 0.10862759
vn -0.33063084 -0.10672364 0.9377064
vn 0.0761532 -0.9574615 0.2783312
vn -0.25129324 -0.27386045 0.9283599
vn 0.22607088 -0.97341305 0.03686479
vn -0.07347607 -0.79116833 0.60716873
vn 0.056802496 -0.89743423 0.437476
vn -0.104578964 -0.88104963 0.4613185
vn 0.09139822 -0.9304809 0.35475573
vn -0.17598166 -0.7911214 0.5857963
vn -0.1774992 -0.8783822 0.44377774
vn -0.19812825 -0.70438117 0.6816101
vn 0.40325198 -0.83810705 0.3673751
vn -0.05752783 -0.8433893 -0.53421444
vn -0.52637124 -0.6226862 -0.5789604
vn 0.19106105 -0.97280693 -0.13092898
vn -0.53790164 -0.6968055 -0.47447225
vn -0.05752783 -0.8433893 -0.53421444
vn 0.19106105 -0.97280693 -0.13092898
vn -0.53790164 -0.6968055 -0.47447225
vn 0.19106105 -0.97280693 -0.13092898
vn -0.17740785 -0.98129827 -0.074700736
vn 0.08389337 -0.8890318 -0.4500937
vn 0.07344504 -0.8462211 -0.52774584
vn 0.22607292 -0.9168319 -0.3291052
vn 0.036123894 -0.9953184 0.08964575
vn -0.6266963 -0.68802184 0.36589298
vn -0.3149196 -0.9340138 0.16865331
vn -0.5376498 -0.5382748 0.6489938
vn 0.45781863 0.6769422 -0.5763257
vn 0.36411667 0.8736872 0.3226294
vn 0.04271392 0.9262402 -0.3745058
vn 0.75913054 0.6407475 -0.11473255
vn 0.78995144 0.6129512 0.016356442
vn -0.5376498 -0.5382748 0.6489938
vn 0.7547988 0.18091504 -0.63051444
vn 0.75913054 0.6407475 -0.11473255
vn -0.5376498 -0.5382748 0.6489938
vn 0.10080797 -0.6638449 0.741045
vn 0.061387252 -0.6009754 0.79690665
vn 0.10940712 -0.83326226 0.5419447
vn 0.05959622 -0.6139148 0.7871194
vn 0.0667106 -0.58491707 0.808345
vn -0.0047243102 -0.057430096 -0.99833834
vn 0.0030395598 0.55120224 -0.83436614
vn 0.3494242 0.9236271 -0.15753017
vn 0.02968142 0.31947595 -0.9471294
vn -0.4633415 -0.05992995 0.88415104
vn -0.16158743 -0.49726033 0.85242105
vn -0.8995386 -0.41654655 0.13160281
vn -0.52637124 -0.6226862 -0.5789604
vn 0.53093815 0.47885832 0.6991419
vn 0.19106105 -0.97280693 -0.13092898
vn 0.10940712 -0.83326226 0.5419447
vn -0.04420407 -0.64621806 0.7618715
vn 0.05959622 -0.6139148 0.7871194
vn 0.015571422 -0.66131604 0.74994576
vn 0.0667106 -0.58491707 0.808345
vn 0.059997573 -0.08680591 0.99441695
vn -0.20290442 -0.8627364 0.46315843
vn -0.07599602 0.036837902 0.9964274
vn -0.02007864 -0.33511317 0.9419639
vn 0.061387252 -0.6009754 0.79690665
vn -0.045907572 -0.8015257 0.59619546
vn 0.10080797 -0.6638449 0.741045
vn 0 0 0
vn 0.07951897 -0.034167256 0.99624765
vn 0.14840668 0.15560505 0.9766077
vn -0.15714706 0.048101097 0.9864031
vn 0.014220209 0.07218235 0.9972901
vn 0.6563346 0.69574016 0.29183993
vn 0.37953714 0.27026793 0.8848202
vn 0.12929389 0.8140033 0.5662877
vn 0.9689427 -0.10783534 -0.2225345
vn 0.033737596 0.94420487 0.32762626
vn 0.3879473 0.9216119 -0.011332639
vn 0.068240836 0.81907725 0.5696101
vn -0.071607195 0.7631488 0.6422432
vn 0.08725323 0.9218205 0.37766886
vn 0.025408939 0.8419257 0.53899497
vn -0.2701346 0.940286 0.2070979
vn 0.008657316 0.82347083 0.5672926
vn 0.06350007 0.6402733 0.76551807
vn 0.020474222 0.8115354 0.58394444
vn 0.07272998 0.7028138 0.70764613
vn 0.57797843 0.6531513 0.48921806
vn -0.03139887 0.56980973 0.8211766
vn -0.16324109 0.25984496 0.95175254
vn 0.15770948 0.7397042 0.6541907
vn -0.06502547 -0.10930674 0.99187887
vn 0.03005879 0.0756762 0.9966793
vn 0.7760576 0.59494233 -0.2092326
vn 0.7095893 0.6116974 0.3497275
vn -0.4236591 0.76151747 0.4905141
vn -0.9071889 0.4172832 0.05369371
vn -0.9608992 0.24189833 0.13475141
vn -0.64964145 0.6628471 -0.3722899
vn 0.038361218 0.6788025 0.7333182
vn -0.5005787 0.72197 0.47768217
vn -0.013064361 -0.050366867 0.9986453
vn 0.10436534 0.21560144 0.9708882
vn -0.77860755 0.6055798 0.16444878
vn 0.46453595 0.1086357 0.87886554
vn -0.93861836 0.30423784 -0.16258818
vn -0.0034750507 0.8479155 0.53012
vn -0.37192816 0.46756166 0.8019074
vn -0.75344247 0.5171794 0.40601712
vn -0.6894643 0.2808234 0.6676655
vn -0.87969464 -0.061273392 0.47157496
vn 0.44143155 0.8840179 0.15378727
vn -0.83798265 -0.543941 -0.043740787
vn -0.5599652 -0.77817345 0.28440297
vn -0.9721275 -0.021964265 0.23342165
vn -0.78031325 -0.56684256 -0.26419842
vn -0.50826526 0.41229817 0.756093
vn 0.55890876 0.687569 0.46354052
vn -0.83042943 0.53654927 0.15000623
vn -0.5477944 0.83619094 0.02657121
vn -0.6515977 0.4952742 -0.57456416
vn -0.7032028 -0.036988784 -0.7100265
vn -0.8059495 -0.38301137 -0.45138416
vn -0.992212 -0.09669772 0.07851706
vn -0.71064705 0.47485137 -0.5191309
vn -0.17593342 -0.90197456 -0.3943213
vn -0.84743875 0.47655097 -0.2339801
vn -0.5032158 -0.28433353 -0.81604433
vn -0.6748651 -0.51830477 -0.5252782
vn 0.01656812 0.97280174 0.23104592
vn -0.9893422 -0.14313035 -0.026753267
vn -0.14053576 0.9687072 0.20458741
vn -0.06931623 0.99242735 0.10140598
vn 0.041310288 0.9798028 0.19565274
vn 0.113611855 0.9766679 0.18224223
vn -0.9073574 0.387396 0.16317749
vn -0.970554 0.23714332 -0.04228415
vn -0.09585126 0.98052627 0.17140827
vn -0.10363986 0.978063 0.18069741
vn -0.50622183 0.8563198 0.10225392
vn 0 0 0
vn 0.38852072 0.9016367 0.19000761
vn 0.10655709 0.9862137 0.12660246
vn 0.0904719 0.98413396 0.15262747
vn 0.5147202 0.8570942 0.02127396
vn 0.389819 0.9172556 0.08175173
vn 0.16927181 0.92483026 0.34064057
vn 0.08099277 0.9227557 0.3767785
vn -0.1228981 0.799679 0.58771557
vn -0.35706374 0.759962 0.5431052
vn -0.18040319 0.46714765 0.8655794
vn -0.20603192 0.65889025 0.7234739
vn 0.2520759 0.9450651 0.20811
vn 0.00024354606 0.5398469 0.8417632
vn -0.86666334 0.46759102 -0.17393485
vn -0.8898666 0.45241347 -0.05881752
vn 0 0 0
vn 0 0 0
vn 0.7766843 0.151319 0.61144423
vn -0.55841464 -0.49190342 -0.66798514
vn -0.5898708 0.8072629 0.019469304
vn -0.2703745 0.96247053 -0.02341054
vn 0 0 0
vn -0.90010893 0.098917216 0.42428675
vn -0.69083333 0.31587037 0.6503655
vn -0.7595329 0.19568445 0.6203364
vn -0.7345156 0.13903871 0.66419506
vn -0.6561758 -0.32262143 0.6821648
vn -0.6212316 -0.47077087 0.6264552
vn -0.667966 -0.107047245 0.7364525
vn -0.59877694 0.30217907 0.74172366
vn -0.54177904 0.0658149 0.8379402
vn -0.1263699 0.1642514 0.97829044
vn -0.17862429 -0.0232198 0.98364335
vn -0.010571285 0.23167816 0.97273505
vn -0.008839601 -0.031148283 0.99947566
vn 0.15540765 0.13013572 0.97924113
vn 0.0006030022 -0.15305412 0.98821765
vn 0.044073783 -0.0596837 0.9972439
vn 0.04549292 0.2443369 0.9686227
vn 0.02068317 -0.002174609 0.9997837
vn 0.07562729 -0.00006525698 0.9971362
vn -0.013828503 -0.0045134546 0.9998942
vn -0.0056886245 -0.28712615 0.9578759
vn 0.029310798 -0.21147102 0.9769447
vn 0.021571126 -0.003301736 0.9997619
vn -0.0016104433 -0.022614822 0.999743
vn -0.009678451 -0.21389617 0.9768084
vn -0.008178224 -0.18355966 0.9829745
vn -0.005036897 -0.020666217 0.99977374
vn 0.0140370345 -0.028736265 0.9994885
vn -0.017891444 -0.25530794 0.96669424
vn -0.0743586 0.268234 0.96047974
vn 0.011042548 0.28582656 0.95821774
vn -0.03367335 0.27796528 0.96000075
vn 0.0009538123 -0.31960088 0.9475518
vn -0.012056409 -0.26354307 0.9645723
vn -0.006364402 0.28202617 0.9593856
vn 0.011801581 0.29399064 0.95573545
vn 0.0066051167 0.29050717 0.95685
vn -0.011573941 0.3612083 0.93241334
vn -0.021404164 0.17054592 0.9851172
vn 0.0066645094 0.119624555 0.99279684
vn 0.01209061 0.20446573 0.97879905
vn 0.014295443 0.22918892 0.973277
vn -0.08906629 -0.20521706 0.9746554
vn -0.0069298963 -0.064990886 0.9978618
vn 0.075234376 0.23404717 0.9693099
vn -0.02423887 0.19955058 0.9795877
vn 0.027563209 -0.120968364 0.9922736
vn -0.01199927 -0.21038306 0.9775454
vn -0.02909554 0.0002698013 0.9995766
vn 0.08544074 0.009276307 0.99630004
vn -0.042706437 -0.012748579 0.99900633
vn 0.04145554 0.2474947 0.96800196
vn 0.020692894 0.10138137 0.9946324
vn -0.017732143 -0.10806396 0.9939858
vn 0.013433808 -0.31266436 0.94976866
vn -0.0008803979 0.12125666 0.9926208
vn 0.05990097 -0.2564128 0.96470946
vn 0.0028752584 0.15774795 0.9874752
vn 0.0119715575 -0.107260704 0.99415886
vn 0.039593864 -0.14221859 0.98904306
vn 0.07406573 -0.23607469 0.96890813
vn -0.0107096145 -0.013968736 0.9998451
vn -0.16240673 0.09439008 0.98219883
vn -0.3897495 0.17483738 0.9041721
vn -0.196617 0.24472977 0.94944674
vn 0.10235878 0.0746221 0.9919447
vn -0.04597914 0.048844174 0.99774754
vn 0.038466953 0.014583716 0.99915344
vn -0.011326136 0.1222142 0.9924391
vn 0.15227488 -0.04197096 0.9874466
vn 0.46658683 0.08138701 0.88072294
vn 0.15876468 0.04783537 0.98615694
vn 0.56570053 0.24847105 0.7862856
vn 0.64293236 0.01074717 0.76584756
vn 0.17061175 -0.2315969 0.95773405
vn 0.4413608 -0.328506 0.8350356
vn -0.43787757 0.009853888 0.8989806
vn -0.006153241 0.050670847 0.99869645
vn -0.3779951 -0.021175584 0.9255654
vn -0.16469054 -0.0951399 0.98174614
vn 0.012985255 0.017570943 0.9997613
vn 0.07484669 0.002065272 0.9971929
vn 0.04675338 -0.048985638 0.9977046
vn -0.0028714603 0.007166421 0.9999702
vn 0.0006438818 -0.03637091 0.99933815
vn 0.0025480136 0.16724235 0.9859125
vn -0.0018443586 0.0017533449 0.9999968
vn -0.0038050169 -0.048043072 0.998838
vn 0.002404232 0.045233227 0.99897355
vn 0.10487019 0.02737602 0.99410903
vn -0.01445835 0.017006332 0.99975085
vn 0.041997436 0.24244416 0.9692559
vn -0.29013073 0.08392794 0.95329964
vn 0.011710375 -0.47548667 0.879645
vn -0.28044268 -0.00045775666 0.9598707
vn -0.87990826 0.13044882 0.45688576
vn -0.043918148 0.08756693 0.99519
vn 0.08465916 0.04893913 0.9952074
vn -0.07599602 0.036837902 0.9964274
vn 0.059997573 -0.08680591 0.99441695
vn -0.11514141 0.020068461 0.99314636
vn -0.23763724 -0.11278807 0.9647836
vn -0.29598033 -0.6534101 0.6967431
vn 0.0667106 -0.58491707 0.808345
vn -0.52073926 -0.37831464 0.765316
vn -0.458317 -0.00051787397 0.88878864
vn -0.51914686 -0.7180727 0.4635279
vn -0.03392413 0.21580334 0.97584736
vn -0.016669689 0.15250717 0.98816174
vn 0.03544192 -0.38637313 0.9216614
vn 0.030461464 0.14096795 0.9895454
vn 0.36009943 0.016152037 0.93277407
vn 0.22463545 -0.016076623 0.9743102
vn 0.17559935 -0.08902343 0.98042834
vn 0.24716744 -0.018373521 0.9687986
vn 0.17088552 -0.06847064 0.9829089
vn 0.15789296 0.03702558 0.9867618
vn -0.031592995 0.25656652 0.9660101
vn 0.05591517 0.29760042 0.9530517
vn 0.024911106 0.16461682 0.986043
vn 0.004232208 -0.011149607 0.9999289
vn 0.04031906 -0.06813069 0.99686134
vn -0.021936668 -0.002265378 0.9997568
vn -0.0022208905 0.0017684494 0.99999595
vn 0.01281004 0.0014019642 0.999917
vn 0.031515237 -0.00029596974 0.99950325
vn 0.023888873 -0.012408817 0.9996376
vn 0.0034290415 0.0021376214 0.99999183
vn 0.049049083 -0.0040301527 0.99878824
vn -0.20446746 -0.03064008 0.97839373
vn -0.4952028 0.0005719615 0.8687772
vn 0.06873344 -0.0061017596 0.9976164
vn -0.33232123 0.0316598 0.94263476
vn 0.060421593 0.06649033 0.99595594
vn -0.40582108 0.38181075 0.8303793
vn -0.19229898 0.22796756 0.95449036
vn -0.43217945 0.6073857 0.66656095
vn 0.0026176942 0.04142916 0.999138
vn 0.014220209 0.07218235 0.9972901
vn 0.07951897 -0.034167256 0.99624765
vn -0.41206726 -0.112374835 0.90419716
vn 0.14840668 0.15560505 0.9766077
vn -0.024422325 0.04827951 0.9985353
vn 0.18876505 0.057124045 0.98035944
vn 0.14589085 0.15018027 0.97783524
vn -0.031658787 0.0026412127 0.99949527
vn 0.29096162 0.0026052778 0.9567312
vn 0.40389174 0.060146503 0.91282743
vn 0.194278 0.018371006 0.98077446
vn 0.31370512 -0.012434544 0.94943905
vn -0.12102022 -0.087245755 0.9888085
vn 0.070253566 -0.16059993 0.9845162
vn 0.12454934 -0.10952829 0.9861496
vn 0.019583603 -0.25261128 0.9673696
vn 0.0047011035 0.10915781 0.9940133
vn 0.01494876 -0.01065357 0.9998315
vn 0.03607785 -0.3145611 0.94855136
vn -0.04199828 0.0132780885 0.99902946
vn 0.01636479 -0.004865422 0.99985427
vn -0.035717197 -0.27667424 0.9602998
vn -0.023084184 -0.06369978 0.99770206
vn -0.12697284 -0.24487051 0.96120566
vn 0.021431094 0.0012922694 0.9997695
vn 0.043502714 -0.15025726 0.9876894
vn -0.1833293 0.06549706 0.9808672
vn 0.039562885 0.032149147 0.9986998
vn -0.018400563 -0.22888309 0.97328
vn 0.03477449 -0.22616595 0.9734679
vn -0.12830487 -0.1492329 0.98044246
vn -0.18464206 -0.25305712 0.94966805
vn -0.22067712 0.21688779 0.95092654
vn -0.5330681 -0.004633927 0.8460596
vn -0.41019362 -0.27211726 0.87045586
vn -0.7270538 -0.19464384 0.65841216
vn -0.7185578 0.09401244 0.6890837
vn 0.03457293 0.12841454 0.9911178
vn -0.8206818 0.39024913 0.41735718
vn -0.31607267 0.9020618 0.29390913
vn -0.9300426 -0.005328171 0.36741304
vn -0.17122518 -0.034573328 0.9846251
vn 0.0028921654 0.0061116084 0.9999771
vn 0.008346201 -0.0035543523 0.9999589
vn -0.026046343 -0.0018136136 0.9996591
vn -0.41184375 -0.020276228 0.91102886
vn -0.3612917 -0.26390803 0.89432704
vn 0.032578666 -0.09259108 0.9951711
vn 0.05038343 0.020032404 0.998529
vn -0.003484268 -0.04342448 0.9990506
vn -0.01436835 0.038881145 0.99914056
vn 0.010488491 -0.040373296 0.9991296
vn 0.00629727 -0.056167394 0.9984015
vn 0.008485511 -0.03392749 0.9993883
vn 0.034338985 0.042795487 0.99849355
vn 0.0090099685 0.035947137 0.99931306
vn -0.008191803 -0.011210399 0.9999036
vn -0.0012197195 0.002191261 0.99999684
vn -0.033743024 0.06533012 0.99729306
vn -0.12528701 -0.090463184 0.98798764
vn 0.013644816 0.004674722 0.999896
vn 0.2672183 -0.40068895 0.8763805
vn -0.0036875303 -0.0003275953 0.99999315
vn -0.0075755664 0.0029505326 0.999967
vn 0.017387196 0.12565647 0.9919214
vn 0.25039613 0.065818705 0.9659035
vn -0.0381665 0.13327292 0.9903442
vn -0.00833867 -0.001432924 0.9999642
vn 0.0054149455 -0.04282193 0.999068
vn 0.07997015 -0.08023965 0.99356246
vn 0.14650941 0.28412744 0.9475266
vn -0.7577446 -0.004731877 0.65253407
vn -0.30145788 0.10731405 0.94742113
vn -0.008012727 -0.050967857 0.99866813
vn 0.14704832 -0.12010111 0.9818108
vn 0.0037530223 0.08765219 0.99614406
vn 0.008701602 -0.24198622 0.97024065
vn 0.017551748 -0.046798978 0.9987501
vn 0.11173869 -0.9917682 0.0625324
vn 0.28479302 -0.93453544 0.21339259
vn -0.24804054 -0.3730729 0.8940316
vn 0.004264508 0.1376479 0.990472
vn 0.0009980395 0.2044622 0.97887397
vn -0.0013057292 0.0060766763 0.9999807
vn -0.015117861 0.20305216 0.97905123
vn 0.034759004 -0.12466993 0.99158925
vn -0.06335509 0.07998771 0.9947804
vn -0.035596363 0.1711197 0.984607
vn -0.019347506 -0.108138084 0.9939476
vn -0.07372048 -0.5242755 0.84835166
vn 0.014109399 -0.51383686 0.8577719
vn 0.040535055 -0.24037758 0.9698327
vn 0.115589485 0.16627195 0.9792817
vn 0.3915461 -0.47183627 0.78997606
vn 0.4705516 0.2948058 0.8316674
vn 0.52850556 0.04278325 0.8478511
vn 0.009588453 -0.011968486 0.9998824
vn 0.09076585 0.0005133194 0.99587214
vn -0.10538933 -0.019360194 0.99424255
vn -0.103876375 -0.07647684 0.9916456
vn 0.0063965484 -0.04024584 0.99916935
vn -0.13738652 -0.035993017 0.98986334
vn -0.2623411 -0.5396142 0.799996
vn -0.24632536 -0.961641 0.12070798
vn 0.35828733 0.20775384 0.91020244
vn -0.012731562 -0.13549145 0.9906967
vn 0.0023045752 -0.14026606 0.9901112
vn -0.02326284 -0.28231546 0.9590395
vn -0.0015890598 -0.27798018 0.9605855
vn -0.015612904 -0.2597578 0.96554756
vn -0.013380146 -0.44228593 0.8967743
vn 0.00034322636 -0.47038516 0.88246113
vn -0.0052327462 -0.5159266 0.8566168
vn -0.0029200406 -0.4828502 0.8756981
vn -0.0017520394 -0.22039841 0.9754084
vn 0.011353895 -0.4443767 0.89576805
vn 0.034187306 -0.2082736 0.97747296
vn 0.17367588 -0.26252797 0.9491658
vn 0.3148709 -0.41005754 0.85598433
vn -0.00047606198 -0.092292875 0.9957318
vn 0.0137160085 -0.078088865 0.99685204
vn -0.027058782 -0.1486936 0.98851305
vn 0.0024156973 0.19657812 0.9804852
vn 0.008206277 0.33987117 0.9404362
vn -0.12700249 -0.33542654 0.9334663
vn -0.0028725879 -0.10977357 0.99395245
vn -0.23785487 -0.4692758 0.85041475
vn -0.36240947 -0.6282544 0.68844444
vn -0.1082726 -0.5265463 0.8432236
vn -0.04420407 -0.64621806 0.7618715
vn -0.045907572 -0.8015257 0.59619546
vn -0.17906526 -0.67801195 0.7129063
vn -0.6495665 -0.5855627 0.4849533
vn -0.037623353 -0.36980137 0.9283488
vn 0.0042814845 0.0016196141 0.9999895
vn 0.009394798 -0.06818616 0.9976284
vn -0.0024802387 -0.030878635 0.99952006
vn 0.37100202 -0.01109037 0.92856586
vn -0.28208783 -0.13955574 0.9491842
vn -0.27429113 -0.0101234205 0.9615934
vn -0.09553076 0.0117147025 0.9953576
vn 0.027927836 0.26483354 0.96388966
vn 0.019031191 0.16978788 0.98529685
vn 0.020110158 -0.21182181 0.9771014
vn -0.25055712 0.025742963 0.9677595
vn -0.1658759 -0.2588539 0.95156705
vn -0.9364539 -0.16560897 0.30923748
vn -0.9969541 -0.055642523 0.05464865
vn -0.02007864 -0.33511317 0.9419639
vn -0.0069885403 0.29865542 0.9543354
vn -0.7670331 0.013714741 0.6414609
vn -0.7335598 -0.40517297 0.5456418
vn -0.00018249598 0.0065414617 0.9999786
vn -0.044010103 0.078938305 0.99590755
vn -0.2885174 -0.12881899 0.9487694
vn 0.0031780154 -0.005186421 0.9999815
vn -0.42790377 -0.122765005 0.89544797
vn -0.01991661 0.19778171 0.9800437
vn 0.22129558 -0.004861543 0.9751947
vn 0.60824305 0.023995413 0.79338807
vn 0.13242568 -0.63791645 0.7586343
vn -0.27429113 -0.0101234205 0.9615934
vn 0.0042814845 0.0016196141 0.9999895
vn 0.009588453 -0.011968486 0.9998824
vn 0.0028921654 0.0061116084 0.9999771
vn 0.31370512 -0.012434544 0.94943905
vn 0.194278 0.018371006 0.98077446
vn 0.25039613 0.065818705 0.9659035
vn 0.043502714 -0.15025726 0.9876894
vn 0.12454934 -0.10952829 0.9861496
vn 0.37100202 -0.01109037 0.92856586
vn 0.35828733 0.20775384 0.91020244
vn 0.07951897 -0.034167256 0.99624765
vn 0.14589085 0.15018027 0.97783524
vn 0.35828733 0.20775384 0.91020244
vn -0.15714706 0.048101097 0.9864031
vn -0.7052086 0.70899427 -0.0028301454
vn -0.34339404 0.93747 -0.05683767
vn -0.42565355 0.90475535 0.015388242
vn -0.7189965 0.69496495 -0.008229673
vn -0.40968525 0.89575243 0.17258488
vn -0.7209514 0.6885373 0.07839305
vn -0.5560403 0.7034561 0.44268352
vn -0.4854816 0.6689475 0.56286484
vn -0.14851218 0.8795423 0.45205036
vn -0.0138881 0.9993891 0.032070074
vn -0.0097207455 0.99703765 -0.07629822
vn 0.1610761 0.98147255 -0.1037598
vn -0.39507228 0.9109228 0.11890124
vn 0.2768043 0.95794356 0.07565391
vn -0.3113262 0.9070502 0.28343597
vn 0.3976496 0.89007473 0.22280441
vn 0.038908362 0.99880743 0.02949262
vn 0.24250291 0.90379775 -0.35262161
vn 0.16021279 0.9471284 -0.27799222
vn 0.21403308 0.9638899 -0.15844907
vn 0.031460077 0.8945692 0.44582078
vn -0.04288102 0.9989854 0.013760577
vn -0.021539405 0.8053148 0.59245604
vn -0.22446452 0.87132674 0.4363547
vn -0.28575745 0.9539984 -0.09071807
vn 0.3298827 0.92255086 -0.20019315
vn 0.28059688 0.9398138 0.19497532
vn -0.41817576 0.8907137 0.17820828
vn -0.32776946 0.94473517 -0.0065308693
vn 0.448771 0.89364535 -0.0016072544
vn -0.32622325 0.9452925 0.00070580415
vn 0.45963633 0.88809973 0.003642208
vn -0.24238452 0.9659701 -0.090285406
vn 0.5406353 0.82439667 -0.16758172
vn 0.2062593 0.97785395 0.03547842
vn -0.6280355 0.66765386 -0.39976218
vn -0.6357328 0.76115084 -0.1284257
vn -0.2253443 0.9660658 -0.1262407
vn -0.37247664 0.83515996 -0.4046839
vn -0.01399958 0.998687 -0.049277328
vn -0.12450018 0.8821381 -0.45423797
vn 0.13625951 0.9897155 -0.04354901
vn 0.04085125 0.77670634 -0.62853676
vn -0.07477062 0.99502426 0.06584859
vn -0.3034535 0.9524933 -0.025931269
vn 0.26895472 0.9623783 0.038617007
vn 0.29824165 0.93455976 0.19403595
vn 0.18590993 0.9534964 0.23723863
vn -0.28054392 0.9302316 -0.23656774
vn 0.2551821 0.96402425 -0.07442655
vn 0.14289533 0.95849735 -0.24670582
vn -0.2802546 0.8768185 -0.3907003
vn 0.37967014 0.92344767 -0.055632476
vn 0.19692716 0.97677946 -0.08438926
vn 0.18499605 0.9805823 0.06507537
vn 0.6518016 0.7580613 -0.022310419
vn 0.004395836 0.9999898 -0.0010023755
vn 0.070220836 0.9974773 0.010395922
vn -0.03525615 0.99934113 0.008619325
vn -0.087294675 0.9955954 -0.034197945
vn 0.0034483364 0.9999938 -0.00071442476
vn -0.0034872207 0.99999326 -0.0011390778
vn 0.056255683 0.99841636 -0.00008772566
vn -0.26429677 0.9633718 0.04540904
vn 0.0011195054 0.9999993 0.00040689725
vn -0.47404337 0.8804376 -0.010605018
vn 0.0004780673 0.99999946 0.0009506384
vn -0.23052366 0.9729805 0.0129546095
vn 0.0014418421 0.9999985 0.0009567278
vn -0.2329896 0.97247916 0.00027364676
vn 0.00073847076 0.9999997 0.00014043883
vn -0.18155468 0.98333603 0.009386707
vn -0.0006878504 0.9999733 0.0072793104
vn -0.17739208 0.98371303 0.028994728
vn -0.0005934161 0.9987592 0.049796917
vn -0.00086060964 0.99999917 -0.000992874
vn 0.034388848 0.9993252 -0.012906192
vn -0.0012058414 0.9999992 -0.00024584564
vn 0.0030583283 0.9937471 -0.111612335
vn -0.00044700407 0.9999999 0.0001946761
vn 0.0014684848 0.99998176 0.005860032
vn -0.0033724525 0.99995595 0.0087613845
vn 0.0919856 0.77463776 0.6256796
vn -0.06786311 0.92460686 0.3748289
vn 0.020875605 0.8976678 0.44017807
vn 0.007832902 0.59019786 0.80722064
vn -0.0013684914 0.99993855 0.010999454
vn 0.004096303 0.582931 0.8125113
vn -0.00087672163 0.999972 0.007430014
vn -0.00061902683 0.9963256 0.08564374
vn -0.0051961704 0.61543703 0.7881689
vn -0.0006341493 0.9999995 0.0007229535
vn 0.08711802 0.8757069 -0.47491878
vn 0.0063382857 0.9997881 -0.019583449
vn 0.027888589 0.89523506 -0.44472057
vn -0.00061573065 0.9994386 -0.033498257
vn 0.03162125 0.99835366 0.04785477
vn -0.000763675 0.99723274 -0.07433909
vn -0.029076377 0.99619144 -0.08220231
vn 0.03165252 0.9888986 0.1451819
vn -0.01554782 0.9991772 0.037459075
vn -0.006043633 0.99978656 -0.01975786
vn -0.014854396 0.99982303 -0.011542511
vn -0.0007460692 0.99999225 0.0038695298
vn 0.05277264 0.9979506 -0.03618861
vn 0.017480316 0.98135906 0.19138658
vn -0.0022118934 0.99404156 0.10897914
vn 0.1383464 0.9451715 -0.29582277
vn 0.13780816 0.98520124 -0.10191859
vn 0.38436556 0.9130802 -0.13618977
vn 0.047985446 0.9988314 -0.005766386
vn 0.5197059 0.8543098 0.007783697
vn -0.5898708 0.8072629 0.019469304
vn -0.67834175 0.7154672 0.16720997
vn 0.5206279 0.851719 0.05934033
vn -0.5827554 0.8057309 -0.10580109
vn 0.56192523 0.82624346 0.03951904
vn 0.3322837 0.93011534 0.15643834
vn -0.00090179464 0.9999991 -0.00096664246
vn -0.0025365239 0.99999654 -0.0007309159
vn -0.44285387 0.8959417 0.034189828
vn -0.2728154 0.96206635 -0.00028715044
vn -0.27642944 0.9450842 0.17436345
vn -0.114804804 0.9932456 -0.016823541
vn -0.00023436412 0.9999997 -0.0007503814
vn -0.04462616 0.9799644 -0.19410905
vn -0.31428096 0.9099992 -0.27042368
vn -0.0001942186 0.9685977 -0.2486332
vn -0.0014094309 0.9999989 -0.00038831006
vn -0.00072400575 0.9999386 -0.011055434
vn -0.033908337 0.9105913 -0.41191462
vn -0.006088346 0.95309883 -0.30259806
vn -0.00010603799 0.9999697 -0.0077833654
vn -0.0046113515 0.7533262 -0.65763086
vn -0.0020876022 0.9999611 -0.008570268
vn -0.021105675 0.7170486 -0.6967036
vn 0.0018542308 0.9999247 -0.012127284
vn 0.0012195152 0.99999905 -0.00065040094
vn 0.011132172 0.99545175 -0.09461427
vn -0.016171476 0.9874355 -0.15719275
vn 0.0016621947 0.9999986 -0.00012921492
vn -0.021402366 0.9964829 -0.081016965
vn 0.0811595 0.9966861 -0.005477734
vn 0.17064098 0.98533046 0.0023506947
vn 0.0038175313 0.9880246 -0.15424916
vn 0.0014905854 0.99999887 -0.000012692536
vn -0.19529712 0.96274847 0.18701436
vn -0.5321354 0.8463958 0.021119248
vn -0.040541098 0.99917537 0.0022413246
vn 0.27540818 0.96125734 -0.011604848
vn -0.5718739 0.82002026 0.02295771
vn -0.64330965 0.76560456 -0.0015397484
vn -0.1643536 0.98640144 -0.00023535549
vn 0.21137816 0.97740364 -0.0011871777
vn 0.28518555 0.9584706 0.0018314079
vn -0.0042802407 0.99999076 -0.0003226655
vn 0.20993485 0.9766391 0.045863327
vn 0.14174762 0.9896307 0.023210341
vn -0.013861832 0.99990016 -0.0027456698
vn -0.005027166 0.9995329 0.03014504
vn -0.059497435 0.9008277 0.43008086
vn 0.022735164 0.9935369 -0.111209325
vn -0.0015255254 0.99995637 0.009213219
vn -0.015586668 0.99838907 0.05455564
vn -0.0030572654 0.99970454 -0.024113161
vn 0.022766747 0.99741966 0.06808596
vn -0.0000034639897 1 0.00023551249
vn 0.20654655 0.8668355 0.45380035
vn 0.000082883744 0.99996257 0.008654988
vn 0.2951278 0.8957821 0.33237624
vn 0.005776987 0.9999219 0.011082811
vn 0.30557838 0.8995013 0.31228074
vn 0.045261107 0.878304 0.4759554
vn -0.040075388 0.85018885 0.5249503
vn -0.050871503 0.7999497 0.59790677
vn -0.506546 0.8448185 -0.17231625
vn -0.35345808 0.8882604 -0.29336116
vn -0.25113484 0.9063547 -0.33978286
vn -0.17704967 0.72091955 -0.6700212
vn -0.034412205 0.9750399 0.21934663
vn -0.03983635 0.86254483 0.50441
vn -0.00024803527 0.8370844 -0.54707366
vn -0.004209856 0.7922059 -0.6102393
vn 0.039088983 0.68164563 -0.7306376
vn 0.059271604 0.7536271 -0.6546244
vn 0.01029387 0.9536331 0.3007955
vn -0.28586555 0.911785 0.29483727
vn 0.052133795 0.60078585 0.7977082
vn 0.37461329 0.8573471 -0.3530168
vn 0.492731 0.6117517 -0.6188506
vn 0.49945265 0.6829219 -0.53307104
vn 0.5982677 0.60395026 -0.5266117
vn 0.3726193 0.87620354 -0.3056504
vn 0.4989546 0.6481749 -0.5752509
vn -0.07466505 0.9724292 0.22092207
vn -0.042878866 0.9970587 -0.06352488
vn -0.03862848 0.95996636 0.27743897
vn -0.13743787 0.9828279 -0.12312667
vn -0.26932618 0.8744518 0.40348163
vn -0.26958063 0.884638 -0.38044953
vn 0.257279 0.85069865 -0.4583877
vn 0.047785517 0.99874 0.015327572
vn -0.01956524 0.8602475 -0.50950116
vn -0.07751778 0.620074 -0.7807043
vn -0.1060915 0.9205716 -0.3758889
vn 0.05438895 0.89641804 -0.43985966
vn 0.3715603 0.9257674 0.06998289
vn 0.68606997 0.7251087 0.059375208
vn -0.23471904 0.96609163 -0.10758202
vn -0.031866234 0.99518156 -0.092726514
vn -0.050313134 0.9971416 0.0563673
vn 0.34932557 0.9323822 -0.092924565
vn 0.38876623 0.9175707 -0.08321567
vn 0.5268528 0.8346854 0.16039464
vn 0.5789507 0.80759984 0.1122432
vn 0.09510823 0.96472615 0.24547489
vn 0.3264381 0.8048251 0.49567604
vn 0.20523284 0.8235529 0.5288101
vn 0.6765609 0.6663601 0.31341597
vn 0.4906378 0.7651902 0.41684356
vn 0.29584706 0.9541679 0.04514555
vn -0.13116287 0.9811218 -0.14211388
vn 0.39700785 0.8381448 0.37402952
vn 0.030987447 0.9605468 0.27638683
vn -0.08614137 0.9570454 -0.27684626
vn -0.05480214 0.9675406 0.246702
vn -0.023834538 0.96169174 0.27309498
vn 0.06377578 0.9805703 -0.18551157
vn 0.04933594 0.9689807 0.2421617
vn 0.02769806 0.9332517 -0.3581538
vn 0.04271392 0.9262402 -0.3745058
vn 0.36411667 0.8736872 0.3226294
vn -0.24345747 0.969869 -0.009086032
vn -0.2770315 0.95871365 0.064200334
vn -0.24918081 0.96618736 -0.06626392
vn -0.46623653 0.8772391 -0.11434623
vn 0.110766634 0.993809 -0.008628276
vn 0.1791691 0.9825813 0.04931948
vn 0.28439674 0.95721155 -0.05352161
vn 0.12800567 0.9502597 -0.28393847
vn -0.21922398 0.95884657 0.18042748
vn 0.1395927 0.9900381 -0.018396134
vn 0.20383944 0.9667222 -0.15458873
vn 0.009389071 0.99917114 0.039609775
vn -0.15905441 0.9394867 0.30342448
vn -0.04021334 0.92078364 -0.38799527
vn 0.116132885 0.88909036 -0.44275448
vn -0.007879903 0.9276924 -0.37326217
vn 0.0054943203 0.97709846 0.21271677
vn 0.11359745 0.9443798 -0.3086137
vn 0.09789764 0.95103264 0.2931773
vn 0.4159967 0.8768786 -0.2408954
vn 0.20615837 0.74992025 0.6285844
vn -0.5237377 0.8437193 -0.11762872
vn 0.19980195 0.93882287 -0.28051874
vn 0.7537653 0.6568059 -0.02107159
vn 0.7603079 0.64955705 0.0027381724
vn -0.23285717 0.9698508 0.071882285
vn 0.6065085 0.79502636 -0.008973261
vn 0.62298506 0.7281373 -0.28584197
vn 0.62768596 0.7784426 -0.006118417
vn -0.2703745 0.96247053 -0.02341054
vn -0.49300423 0.867915 -0.060584098
vn 0.41899136 0.9051965 0.07117258
vn -0.34127706 0.9222089 0.18182611
vn 0.47204465 0.84248906 0.25958827
vn 0.7381238 0.6054667 -0.2976295
vn 0.45781863 0.6769422 -0.5763257
vn 0 0 0
vn 0.29001328 0.6258954 -0.7239802
vn 0.59827393 0.56431335 0.56887496
vn 0.5511599 0.5886968 -0.5913196
vn 0.7774509 0.48613146 -0.3990567
vn 0.6387222 0.69545645 -0.32920247
vn 0.6661267 0.7454779 -0.023190849
vn 0.6174399 0.78638965 -0.018954014
vn 0.68668246 0.7264215 0.027911307
vn 0.5696205 0.8216702 -0.01976513
vn 0.555617 0.79054934 -0.2575297
vn -0.25187227 0.8528365 -0.45741698
vn 0.0011128392 0.7474465 -0.6643211
vn -0.09600479 0.8979648 -0.42946753
vn 0.012393739 0.79603463 -0.6051241
vn -0.00878158 0.5821717 -0.8130185
vn 0.04180523 0.71456486 -0.69831896
vn -0.12078738 0.8030343 0.58356345
vn -0.028520057 0.6763831 0.7359976
vn 0.029507501 0.73582995 0.6765232
vn -0.011739518 0.8815413 0.4719609
vn 0.0142152915 0.59668976 0.80234605
vn 0.27718052 0.7336265 0.62045395
vn 0.36782038 0.8317525 -0.41580757
vn 0.5618743 0.7475734 -0.35416287
vn 0.5580869 0.65180135 -0.5135114
vn 0.42426392 0.77294594 -0.47175702
vn 0.73568946 0.5897166 -0.33315966
vn 0.5831892 0.6138163 -0.5320901
vn 0.403632 0.7040322 -0.5843115
vn 0.50096875 0.76088315 -0.41241625
vn 0.6697764 0.7147831 -0.20120835
vn 0.3479699 0.6300859 -0.69419646
vn 0.46341982 0.7082107 -0.53261584
vn -0.3299684 0.888494 -0.31890312
vn -0.0005952553 0.9552104 -0.29592705
vn 0.0061031333 0.93637466 -0.350949
vn 0.012944722 0.9763499 -0.21580859
vn 0.013907219 0.9691932 -0.24590866
vn 0.2409424 0.91415304 -0.32599232
vn 0.40553784 0.5305281 -0.7443648
vn 0.26106924 0.62400776 -0.7365169
vn 0.052339483 0.7124356 -0.6997829
vn 0.004975513 0.7057709 -0.70842266
vn -0.010351573 0.6818749 -0.7313956
vn 0.09065529 0.70108485 -0.7072917
vn 0.23293792 0.41233933 -0.88074756
vn -0.00890992 0.2964029 -0.95502144
vn 0.08799804 0.11668559 -0.98926276
vn 0.14169012 0.34550914 -0.9276569
vn -0.0038070693 0.6366511 -0.7711426
vn 0.03167509 0.64553 -0.7630778
vn -0.018853027 0.3370429 -0.9413005
vn 0.043658458 0.33587816 -0.9408931
vn 0.030955248 0.6142826 -0.7884787
vn 0.031594604 0.38571778 -0.9220757
vn -0.014578162 0.57147145 -0.82049245
vn -0.023875037 0.24697256 -0.9687283
vn 0.019170871 0.62457216 -0.7807318
vn 0.074597925 0.16821833 -0.9829231
vn 0.34914598 -0.038799427 -0.93626475
vn -0.5804888 0.578533 -0.57300293
vn -0.39069617 0.17374614 -0.9039739
vn -0.7175332 -0.1327273 -0.68376136
vn -0.055046976 0.490587 -0.8696518
vn 0.015953446 -0.13036036 -0.9913383
vn -0.4247858 0.82949257 -0.36262798
vn -0.8448649 0.5091521 -0.16421764
vn -0.6705018 0.6970498 -0.2540647
vn -0.74310356 0.59362066 -0.30888772
vn -0.6434005 0.70440817 -0.2997414
vn -0.41292593 0.732556 -0.54115975
vn -0.87068164 -0.0718978 -0.48656362
vn -0.30064714 0.5704947 -0.76429516
vn -0.14432271 0.6708198 -0.7274419
vn 0.041496363 0.6007861 -0.7983321
vn 0.02968142 0.31947595 -0.9471294
vn 0.0030395598 0.55120224 -0.83436614
vn 0.0028971492 -0.2099928 -0.9776986
vn -0.0047243102 -0.057430096 -0.99833834
vn 0.009025187 -0.38358018 -0.92346346
vn 0.002102565 0.7523794 -0.65872663
vn -0.09946557 0.7346503 -0.6711151
vn -0.061327264 0.57984275 -0.812417
vn -0.3128901 0.6315286 -0.7094163
vn -0.18040797 0.4466706 -0.8763209
vn -0.3005821 0.35777497 -0.8841083
vn -0.016427433 0.33825126 -0.9409124
vn 0.038833436 0.07112385 -0.99671125
vn -0.06944168 -0.068870515 -0.9952059
vn -0.15461345 0.68809986 -0.7089522
vn 0.014161102 0.35678932 -0.93407756
vn 0.005331738 0.71022147 -0.70395815
vn 0.028374443 0.3989941 -0.9165144
vn 0.000022769857 0.7246506 -0.6891165
vn -0.003939089 0.7023593 -0.7118117
vn -0.0077983006 0.29244962 -0.9562491
vn 0.091699734 0.65255517 -0.7521721
vn -0.021160033 0.5710281 -0.82065773
vn -0.75231534 -0.5951841 -0.28244907
vn -0.63272804 -0.641023 -0.43444765
vn -0.79644555 -0.6031236 -0.043776996
vn -0.7886637 -0.61304677 -0.04672571
vn -0.9420976 -0.33533677 0.0011752392
vn -0.8130684 -0.5820723 0.010566123
vn -0.9265128 -0.37625238 -0.0028584683
vn -0.80771744 -0.5893118 0.017439324
vn -0.95402837 -0.2995396 -0.010290051
vn -0.78713167 -0.5978908 -0.15149377
vn -0.9547197 -0.28352928 -0.090118825
vn -0.62017417 -0.7137795 -0.32542711
vn -0.6611909 -0.6411885 -0.38949183
vn -0.46198803 -0.8861267 -0.036695693
vn -0.32041982 -0.9363902 -0.14319372
vn -0.77040166 -0.63690895 0.02877924
vn -0.7407435 -0.6699499 0.04966046
vn -0.6776707 -0.7167741 -0.16430849
vn -0.8911618 -0.37987357 -0.24804586
vn -0.59622824 -0.67776626 -0.4302845
vn -0.779147 -0.58834344 -0.21629123
vn -0.95308304 -0.29491413 -0.068252645
vn -0.8054409 -0.5926247 -0.007799904
vn -0.96326053 -0.26836628 -0.010425809
vn -0.49203637 -0.82438177 -0.27981225
vn -0.5948072 -0.8036431 -0.019030344
vn -0.49424723 -0.86930245 0.0057414393
vn -0.7783647 -0.62781215 -0.0005099816
vn -0.39095798 -0.92022014 0.018620351
vn -0.9459676 -0.32370573 -0.01897114
vn -0.75196964 -0.6591804 0.0047832145
vn -0.93725777 -0.34807068 0.019866895
vn -0.75787693 -0.65168476 0.030488502
vn -0.4214771 -0.9065636 -0.022350142
vn -0.5495852 -0.62815577 0.55079615
vn -0.87596804 -0.35320047 0.3285262
vn -0.9567641 -0.28415933 0.062095746
vn -0.19367598 -0.91949856 -0.34207016
vn 0.66385823 -0.70142096 -0.25942403
vn -0.21628337 -0.9283029 0.3024487
vn -0.28417516 -0.8003421 0.5279176
vn 0.37346676 -0.8982112 0.2318173
vn 0.027876958 -0.9401956 0.33949238
vn -0.19582668 -0.9740274 -0.1136773
vn -0.3991236 -0.9147886 -0.06214655
vn -0.64255697 -0.76579845 -0.025947226
vn -0.49936813 -0.67720944 0.5403877
vn -0.97728086 -0.19378476 0.08584618
vn -0.78009796 -0.5963551 0.18922943
vn -0.7664316 -0.6421603 -0.014584453
vn -0.7955592 -0.6057776 -0.010906352
vn -0.92745733 -0.37361285 -0.015372244
vn -0.95518655 -0.2957842 0.011418548
vn -0.60252196 -0.79467607 -0.07387324
vn -0.68340063 -0.7300192 -0.0059607103
vn -0.80049634 -0.5993373 0.00067413895
vn -0.7265102 -0.6586849 0.19574761
vn -0.9537762 -0.30048212 0.004631183
vn -0.83344734 -0.5047653 0.22489463
vn -0.94472086 -0.3278394 0.0048831883
vn -0.5989341 -0.7736668 0.20668252
vn -0.27782184 -0.9581046 0.069645874
vn -0.2518167 -0.96565384 0.06403932
vn -0.51216227 -0.7685355 0.38346177
vn -0.30504918 -0.9006004 0.30961913
vn -0.52611476 -0.7070338 0.4725531
vn -0.7335598 -0.40517297 0.5456418
vn -0.52073926 -0.37831464 0.765316
vn -0.51914686 -0.7180727 0.4635279
vn 0.10080797 -0.6638449 0.741045
vn 0.0667106 -0.58491707 0.808345
vn 0.0436594 -0.77804863 0.626685
vn -0.25079343 -0.7558565 0.60480046
vn -0.044322394 -0.95477563 0.29400507
vn -0.5356632 -0.6543039 0.53380835
vn -0.29598033 -0.6534101 0.6967431
vn -0.90447855 0.0030898224 0.42650786
vn -0.96356636 0.03762147 0.2648102
vn -0.7670331 0.013714741 0.6414609
vn -0.7577446 -0.004731877 0.65253407
vn -0.7345156 0.13903871 0.66419506
vn -0.90010893 0.098917216 0.42428675
vn -0.99969035 0.0010472776 0.024860654
vn -0.97825336 -0.20378873 0.038607214
vn -0.99492675 -0.09642913 0.028673597
vn -0.9934788 -0.11204221 0.02112876
vn -0.97003615 0.24276146 0.009833922
vn -0.9460799 0.3239329 0.000551872
vn -0.9757022 0.21899137 0.006922568
vn -0.9962793 0.0820269 -0.026441526
vn -0.9932768 0.11117313 -0.032277003
vn -0.9722477 0.23138368 -0.03458224
vn -0.9681633 0.25017992 -0.00835255
vn -0.9926221 0.120909974 -0.009065926
vn -0.9654444 0.25872073 0.031316303
vn -0.9989239 -0.0018751887 0.046341818
vn -0.994993 -0.097101204 0.023671059
vn -0.98733884 0.148097 0.05682651
vn -0.99946254 -0.032756362 0.0012658148
vn -0.9870888 0.1596278 0.013218068
vn -0.9998802 -0.0037669176 -0.0150120985
vn -0.99867994 -0.045028087 -0.024716571
vn -0.97101647 0.23623566 -0.036327347
vn -0.99729407 0.068784155 -0.025946595
vn -0.9992813 -0.029768486 -0.02346905
vn -0.9984541 -0.048150804 0.027766142
vn -0.99986404 0.014247263 0.008299976
vn -0.9994212 0.0016837484 -0.03397759
vn -0.9604269 0.27790123 0.018736472
vn -0.9990754 0.000016336731 0.042991407
vn -0.8809806 -0.08502244 -0.46545073
vn -0.82833076 -0.02452619 -0.5597023
vn -0.20489264 -0.022887241 -0.9785168
vn -0.22475338 -0.001631154 -0.9744143
vn -0.09625591 -0.015820285 -0.9952309
vn -0.3157943 -0.3550072 -0.8799113
vn -0.6803252 -0.5605637 -0.47215033
vn -0.5271125 -0.5331099 -0.6617751
vn -0.62873584 -0.39237547 -0.6713663
vn -0.89368933 0.014142966 -0.44846338
vn -0.9338278 0.0028933669 -0.35771114
vn -0.2473636 0.014200227 -0.96881866
vn -0.33125862 0.19444743 -0.9232865
vn 0.05950798 0.021814052 -0.9979895
vn -0.18150738 -0.14771217 -0.9722326
vn -0.863634 0.34075284 -0.3715155
vn -0.7117749 0.5804628 -0.3955242
vn -0.47920966 0.60621005 -0.6347184
vn -0.92542386 0.16849944 -0.33940926
vn -0.8945324 -0.30681157 -0.3250823
vn -0.62532073 0.1451134 -0.76675683
vn -0.6941863 0.2735584 -0.66578615
vn -0.72975045 0.026453784 -0.6832016
vn -0.9549745 0.02316699 -0.2957821
vn -0.7217614 -0.18555768 -0.6668049
vn -0.95009434 0.07612078 -0.30253333
vn -0.7520711 0.25791514 -0.60652196
vn -0.89942676 -0.3388419 -0.27607548
vn -0.7571517 0.034842737 -0.6523092
vn -0.9395827 0.053800736 -0.33806783
vn -0.62617993 -0.60525876 -0.49148813
vn -0.32156456 0.013857178 -0.9467862
vn -0.5515572 0.0461846 -0.8328575
vn -0.48648885 -0.14507534 -0.8615577
vn -0.30877957 0.0028448275 -0.9511294
vn -0.19428897 -0.24424921 -0.9500495
vn -0.33413526 0.503911 -0.79650944
vn -0.44771776 0.10860088 -0.8875554
vn -0.37469304 -0.4647483 -0.8022557
vn -0.3986974 -0.71875644 -0.5695872
vn -0.5151201 -0.71562517 -0.47173285
vn -0.53790164 -0.6968055 -0.47447225
vn -0.4982049 -0.6991439 -0.51282525
vn -0.05752783 -0.8433893 -0.53421444
vn -0.0934642 -0.6051032 -0.79064184
vn 0.047783498 -0.5937298 -0.8032445
vn 0.093898006 -0.77781045 -0.6214452
vn 0.09216825 -0.7214166 -0.6863404
vn 0.045027483 -0.67089736 -0.74018186
vn 0 0 0
vn -0.009797142 -0.6784692 -0.7345635
vn -0.0144284535 -0.6723714 -0.7400733
vn 0.016695758 -0.4464785 -0.8946386
vn -0.022809902 -0.32316262 -0.9460685
vn -0.096883036 -0.7425517 -0.6627448
vn -0.2287308 -0.5332131 -0.81447285
vn -0.68767893 -0.447209 -0.57192814
vn -0.27262807 -0.3091592 -0.91109526
vn -0.07252786 -0.5032934 -0.86106646
vn -0.0055467538 -0.2892859 -0.9572267
vn -0.2970196 -0.76342034 -0.573558
vn -0.17740785 -0.98129827 -0.074700736
vn -0.9713349 -0.19408017 -0.13726425
vn -0.9744724 -0.028715618 -0.22266331
vn -0.9742263 -0.22497158 -0.016459335
vn -0.9578841 -0.2863277 0.02178508
vn -0.9988023 0.032764815 0.036336903
vn -0.9615307 -0.27456304 -0.008597943
vn -0.98404545 -0.17640404 -0.023154773
vn -0.95161796 -0.30702248 0.012669509
vn -0.9912092 -0.13217518 -0.0058290698
vn -0.9750582 -0.22194816 -0.0007106105
vn -0.97144014 -0.2372697 0.002681836
vn -0.9877774 -0.15587053 0.00033728973
vn -0.9821745 -0.17256345 0.07453204
vn -0.9712607 -0.19836311 0.13154702
vn -0.9990643 -0.036569316 0.023090452
vn -0.9979539 -0.0023910573 -0.063892715
vn -0.8945324 -0.30681157 -0.3250823
vn -0.92542386 0.16849944 -0.33940926
vn -0.99326026 0.115812995 0.0046250992
vn -0.9979333 0.05686639 -0.029921606
vn -0.9549745 0.02316699 -0.2957821
vn -0.9964898 -0.080137566 -0.024207303
vn -0.998602 -0.052709565 -0.0039782925
vn -0.99825555 -0.052656904 -0.02670449
vn -0.9475765 -0.049136896 0.31572816
vn -0.9998619 0.013372437 -0.00986527
vn -0.9085966 0.06288932 0.41291305
vn -0.9672115 0.02538432 0.25270057
vn -0.9999216 0.00080029154 0.012492384
vn -0.9999075 -0.011067739 0.0079065785
vn -0.8998157 -0.026676413 0.4354539
vn -0.9996457 -0.011261004 0.02411721
vn -0.97207445 -0.23410164 -0.01636055
vn -0.89942676 -0.3388419 -0.27607548
vn -0.9999576 -0.00090890354 -0.009162762
vn -0.9742218 -0.11258372 0.19549099
vn -0.48864454 0.63571125 -0.59757656
vn -0.94485825 -0.016988842 0.32703868
vn -0.99666965 -0.032402705 0.07483072
vn -0.95009434 0.07612078 -0.30253333
vn -0.9917282 0.11033202 -0.06559021
vn -0.9843361 0.16713327 -0.05611511
vn -0.9395827 0.053800736 -0.33806783
vn -0.9420976 -0.33533677 0.0011752392
vn -0.75231534 -0.5951841 -0.28244907
vn -0.9973052 0.072384305 0.011948339
vn -0.9265128 -0.37625238 -0.0028584683
vn -0.9744724 -0.028715618 -0.22266331
vn -0.9257259 -0.11221634 -0.36116356
vn -0.9757022 0.21899137 0.006922568
vn -0.9586246 0.15278417 0.2401996
vn -0.9909135 0.04307671 0.12741609
vn -0.99135625 -0.0555949 0.11883592
vn -0.93492836 0.003953673 -0.3548146
vn -0.98212904 -0.06985665 -0.17476435
vn -0.99288666 -0.002232203 -0.11904222
vn -0.9879952 -0.0008743478 -0.15448207
vn -0.9335142 -0.004318939 -0.3585144
vn -0.99948925 0.0026196325 -0.031849816
vn -0.9995832 -0.016277902 -0.023842473
vn -0.99581975 -0.088115014 -0.024057914
vn -0.99996924 0.0014010306 -0.007714379
vn -0.99976605 -0.018346773 -0.011454548
vn -0.9999488 0.0033035735 -0.009566376
vn -0.9999885 0.00047797218 -0.0047698547
vn -0.9999542 0.004308362 -0.008541117
vn -0.9999884 0.0033273408 0.0034869267
vn -0.9999166 0.012072851 -0.0045849564
vn -0.99988216 0.0057063005 0.01424996
vn -0.9996339 0.027011158 -0.0015458203
vn -0.9999111 -0.013322914 -0.0004799232
vn -0.99971414 -0.022667723 0.007600781
vn -0.97920525 0.20276299 0.006655726
vn -0.98935413 0.14221698 0.030865582
vn -0.9888627 0.1481158 0.014571249
vn -0.99950755 -0.006957287 0.030598084
vn -0.94965154 0.30926818 0.050151132
vn -0.9680325 0.24842848 -0.034589317
vn -0.96530545 0.25520653 -0.055272132
vn -0.9821635 0.06581257 0.17613505
vn -0.96727955 0.0010040838 0.253711
vn -0.98753643 0.01983089 0.15613618
vn -0.97294736 -0.034944814 0.22836882
vn -0.999174 0.010409178 0.03928026
vn -0.98553145 0.04082337 0.16450298
vn -0.93355083 0.0053031007 0.35840574
vn -0.9851532 -0.10848527 -0.13305682
vn -0.94375706 -0.10860355 -0.31229457
vn -0.9984618 -0.0001317717 -0.055444196
vn -0.9732839 0.06188916 -0.2211069
vn -0.99961466 -0.0008538664 0.027745122
vn -0.999727 0.0022805615 0.023253722
vn -0.9993754 0.003505265 -0.035164557
vn -0.9976844 0.0036724515 -0.067914374
vn -0.9994875 0.0027570764 0.03189168
vn -0.9990172 -0.00020471065 -0.044324256
vn -0.9995515 0.015432525 -0.025664447
vn -0.99806994 0.0026451133 -0.062043466
vn -0.9993325 0.0055890963 -0.036102083
vn -0.99976146 0.0024406621 -0.021704705
vn -0.99774027 -0.0025636696 -0.067140475
vn -0.9999078 -0.0007756531 -0.013558435
vn -0.99664414 -0.06979744 -0.042763952
vn -0.99957687 -0.011427252 -0.026749842
vn -0.9588626 0.0025009436 -0.28385952
vn -0.9997903 0.0021113479 0.02036785
vn -0.9997554 0.0024285098 0.021983331
vn -0.8902529 -0.0007459492 0.4554659
vn -0.9564555 0.006943885 0.29179552
vn -0.99775887 -0.051928155 0.042198945
vn -0.9982858 -0.058469437 0.0026201215
vn -0.99860954 0.009234895 0.05190046
vn -0.9418442 -0.008180034 0.3359502
vn -0.8803038 -0.27179974 0.38883176
vn -0.9868236 -0.040072963 -0.1567587
vn -0.9198793 -0.12710749 0.3710333
vn -0.93019485 -0.27910817 0.23840344
vn -0.9490976 0.31058028 0.052475117
vn -0.9995182 0.0108682485 -0.029071817
vn -0.99384105 0.11036142 0.010017661
vn -0.95578736 -0.29396397 0.007461711
vn -0.99845403 0.04072093 -0.037832677
vn -0.94637144 0.32170644 -0.02976625
vn -0.9982466 0.057781022 -0.012849404
vn -0.95640934 0.29180825 -0.011363469
vn -0.99940306 0.023559038 -0.025268558
vn -0.99880695 0.044298388 0.020549286
vn -0.9943106 0.016491082 -0.105234884
vn -0.9667868 -0.03815014 0.25272095
vn -0.94722587 0.009775908 0.32041782
vn -0.9989765 -0.045205515 0.0015186296
vn -0.9995011 0.030748224 -0.007218298
vn -0.98614955 -0.069444016 0.15062054
vn -0.99903506 -0.040976908 0.015806396
vn -0.9712607 -0.19836311 0.13154702
vn -0.97144014 -0.2372697 0.002681836
vn -0.9590683 -0.07404214 0.27332345
vn -0.9982036 -0.05981555 0.0034320098
vn -0.9750582 -0.22194816 -0.0007106105
vn -0.99981314 -0.019313674 0.0008359913
vn -0.90489507 0.052285265 0.42241117
vn -0.99957544 -0.029022174 -0.0025810413
vn -0.99982667 0.016816681 0.0079925
vn -0.9795845 0.10545902 -0.17115071
vn -0.95532256 0.25787395 -0.1444294
vn -0.98293257 0.09487084 -0.15761693
vn -0.9577938 0.09949506 -0.2696883
vn -0.99950355 0.021507088 -0.023023456
vn -0.99945325 0.0062434557 -0.032468915
vn -0.99995345 0.0019241589 -0.0094556585
vn -0.95397085 -0.038796112 0.29737934
vn -0.9599905 -0.03360751 0.2780087
vn -0.97703373 0.023875188 0.211743
vn -0.6803252 -0.5605637 -0.47215033
vn -0.62873584 -0.39237547 -0.6713663
vn -0.932558 0.01790384 0.36057603
vn -0.99991983 -0.007650206 -0.010087731
vn -0.94381857 -0.017251173 -0.33001357
vn -0.9626718 0.03530706 0.2683586
vn -0.9966126 -0.0014845412 0.08222579
vn -0.99033564 0.004758425 -0.13860977
vn -0.98733884 0.148097 0.05682651
vn -0.9627428 -0.27026427 -0.009138847
vn -0.97003615 0.24276146 0.009833922
vn -0.9997568 -0.018767748 0.011578451
vn -0.8809806 -0.08502244 -0.46545073
vn -0.99621135 0.04868783 -0.07205876
vn -0.9879008 0.15384153 -0.019616848
vn -0.9960397 -0.044617333 -0.076903865
vn -0.9807608 0.1952133 -0.00021964405
vn -0.99776703 0.016666844 0.064677015
vn -0.98268235 0.184926 0.011738893
vn -0.9999415 0.0025790725 0.010503193
vn -0.9996585 0.012473608 0.022962846
vn -0.863634 0.34075284 -0.3715155
vn -0.7117749 0.5804628 -0.3955242
vn -0.99980843 0.0004014295 -0.019570317
vn -0.9348317 0.29391208 -0.19926217
vn -0.9347192 0.05142538 -0.3516467
vn -0.99900603 0.022580106 -0.038432796
vn -0.99739426 -0.071282625 -0.0111130765
vn -0.9906014 0.07269089 -0.11586567
vn -0.8806365 0.37370342 0.29124752
vn -0.9411215 -0.028328802 0.33687946
vn -0.9797719 0.020107266 -0.19910471
vn -0.97778106 -0.023065219 -0.20835595
vn -0.9997562 0.0040888917 0.021697031
vn -0.8721428 0.31002957 0.37848195
vn -0.99532044 -0.09574945 -0.013008012
vn -0.9615307 -0.27456304 -0.008597943
vn -0.9578841 -0.2863277 0.02178508
vn -0.9713349 -0.19408017 -0.13726425
vn -0.9968492 -0.07890927 0.008061872
vn -0.95161796 -0.30702248 0.012669509
vn -0.98070925 0.025986912 0.19373699
vn -0.9739937 0.074453406 -0.21399295
vn -0.992148 -0.041322965 0.11804565
vn -0.99862605 -0.027694745 -0.04448571
vn -0.7595329 0.19568445 0.6203364
vn -0.90010893 0.098917216 0.42428675
vn -0.9998171 -0.0026052343 -0.018948795
vn -0.99839723 0.011746541 0.055362187
vn -0.90447855 0.0030898224 0.42650786
vn -0.88106686 0.35465693 -0.31295317
vn -0.9986889 0.04026666 -0.031608764
vn -0.89276594 0.43781734 -0.1062308
vn -0.9911901 0.13110363 -0.018815989
vn -0.9869372 0.16092585 -0.0076005287
vn -0.9946345 0.10342359 0.0023915477
vn -0.9783499 0.20379917 0.03601913
vn -0.9992724 0.013630086 0.035621274
vn -0.9660198 0.25800067 -0.015537311
vn -0.9872764 0.15871236 -0.009784901
vn -0.96243376 0.27135316 -0.009418979
vn -0.9581075 0.2863246 -0.0069479262
vn -0.99742687 -0.07030274 -0.0140421605
vn -0.9417233 -0.33403334 0.03973587
vn -0.9877774 -0.15587053 0.00033728973
vn -0.9821745 -0.17256345 0.07453204
vn -0.95295423 0.29488006 0.070171416
vn -0.987318 -0.15838984 0.010762029
vn -0.999783 -0.015336743 0.014098448
vn -0.9954687 -0.017888853 0.09339208
vn -0.9482946 -0.23316352 -0.21534206
vn -0.9949112 -0.062736474 -0.078840435
vn -0.99521244 0.084432766 -0.04922701
vn -0.9998802 -0.0037669176 -0.0150120985
vn -0.96065295 -0.27757937 -0.009777186
vn -0.9696489 -0.24314891 -0.025683654
vn -0.9989239 -0.0018751887 0.046341818
vn -0.99969035 0.0010472776 0.024860654
vn -0.9934788 -0.11204221 0.02112876
vn -0.9722477 0.23138368 -0.03458224
vn -0.97101647 0.23623566 -0.036327347
vn -0.99729407 0.068784155 -0.025946595
vn -0.9870888 0.1596278 0.013218068
vn -0.9990643 -0.036569316 0.023090452
vn -0.96952057 -0.06295509 -0.23678376
vn -0.9997831 -0.014975074 -0.014475261
vn -0.9604269 0.27790123 0.018736472
vn -0.9996992 -0.013890702 0.020212714
vn -0.9912092 -0.13217518 -0.0058290698
vn -0.98404545 -0.17640404 -0.023154773
vn -0.99755883 0.06392433 0.02810839
vn -0.9945981 0.10273401 -0.014845614
vn -0.97728086 -0.19378476 0.08584618
vn -0.9966123 -0.07320656 0.037479877
vn -0.87596804 -0.35320047 0.3285262
vn -0.9567641 -0.28415933 0.062095746
vn -0.99986404 0.014247263 0.008299976
vn -0.92745733 -0.37361285 -0.015372244
vn -0.9984541 -0.048150804 0.027766142
vn -0.93725777 -0.34807068 0.019866895
vn -0.9742263 -0.22497158 -0.016459335
vn -0.9992813 -0.029768486 -0.02346905
vn -0.9459676 -0.32370573 -0.01897114
vn -0.9999583 -0.003102206 0.008592095
vn -0.9736056 0.04666537 -0.22341555
vn -0.9994553 0.010584774 -0.031258445
vn -0.99253064 0.005909312 -0.12185218
vn -0.99981266 -0.004971524 0.018704928
vn -0.82833076 -0.02452619 -0.5597023
vn -0.89368933 0.014142966 -0.44846338
vn -0.993555 0.11014172 -0.026781784
vn -0.9338278 0.0028933669 -0.35771114
vn -0.9998911 -0.0027676786 0.014493622
vn -0.98007494 -0.009297313 -0.19841029
vn -0.9617566 0.20210938 0.18486764
vn -0.99785566 0.0032079576 0.06537445
vn -0.9736204 -0.18834412 0.12880126
vn -0.98318815 0.18223879 0.01140533
vn -0.9342733 -0.13078815 -0.33170447
vn -0.9348919 0.068454385 -0.3482689
vn -0.9962749 -0.06690384 -0.054407407
vn -0.9809062 -0.1917595 -0.03242416
vn -0.95402837 -0.2995396 -0.010290051
vn -0.9681633 0.25017992 -0.00835255
vn -0.9926221 0.120909974 -0.009065926
vn -0.9547197 -0.28352928 -0.090118825
vn -0.994993 -0.097101204 0.023671059
vn -0.8911618 -0.37987357 -0.24804586
vn -0.78713167 -0.5978908 -0.15149377
vn -0.99946254 -0.032756362 0.0012658148
vn -0.95308304 -0.29491413 -0.068252645
vn -0.96326053 -0.26836628 -0.010425809
vn -0.9995635 0.0239773 0.017259868
vn -0.9864613 -0.009313958 -0.1637296
vn -0.9988023 0.032764815 0.036336903
vn -0.9990754 0.000016336731 0.042991407
vn -0.96356636 0.03762147 0.2648102
vn -0.9420508 -0.33492544 0.01911148
vn -0.91816694 0.007155733 -0.39612913
vn -0.93934757 0.010340772 0.3428108
vn -0.9994212 0.0016837484 -0.03397759
vn -0.99124205 0.13171552 0.009497848
vn -0.99765396 0.051322542 0.045305368
vn -0.9677733 -0.09572204 0.23292083
vn -0.8955286 0.43249327 0.10477646
vn -0.9537762 -0.30048212 0.004631183
vn -0.83344734 -0.5047653 0.22489463
vn -0.9610014 -0.24461357 -0.1289982
vn -0.85460913 -0.36815032 -0.36620837
vn -0.9675083 -0.24922334 0.0426079
vn -0.92077667 0.23865083 -0.308571
vn -0.9778552 0.19784304 0.06824472
vn -0.6742056 0.16116118 -0.7207454
vn -0.6168997 -0.26594666 -0.74074763
vn -0.69929695 0.06544199 -0.7118294
vn -0.47920966 0.60621005 -0.6347184
vn -0.97431594 -0.014095876 -0.22474368
vn -0.99691033 0.07692943 -0.01586445
vn -0.94472086 -0.3278394 0.0048831883
vn -0.95518655 -0.2957842 0.011418548
vn -0.96468574 0.18046801 -0.19186656
vn -0.96837944 -0.22896282 0.0990825
vn -0.97102374 -0.004628816 -0.23893832
vn -0.9892538 0.14303868 0.030279012
vn -0.9522886 0.00196425 -0.30519253
vn -0.9997667 0.0027129913 0.02142863
vn -0.99492675 -0.09642913 0.028673597
vn -0.97825336 -0.20378873 0.038607214
vn -0.97895944 -0.02867598 0.20203005
vn -0.9417233 -0.33403334 0.03973587
vn -0.9868236 -0.040072963 -0.1567587
vn -0.6956838 -0.6254464 0.35332835
vn -0.93019485 -0.27910817 0.23840344
vn -0.9482946 -0.23316352 -0.21534206
vn -0.9736056 0.04666537 -0.22341555
vn -0.97102374 -0.004628816 -0.23893832
vn -0.83798265 -0.543941 -0.043740787
vn 0 0 0
vn -0.78031325 -0.56684256 -0.26419842
vn 0.91128784 0.31468073 0.2655759
vn 0.3662172 0.11453253 0.923454
vn 0 0 0
vn -0.0034750507 0.8479155 0.53012
vn 0.88959336 0.1981887 0.41151538
vn 0.82397777 -0.36689684 0.43179548
vn 0.01656812 0.97280174 0.23104592
vn 0.9729803 -0.14054069 0.18318747
vn 0.7809474 -0.3678137 -0.50481105
vn -0.17593342 -0.90197456 -0.3943213
vn 0.9252114 0.3189915 0.20549503
vn -0.08903184 0.7614692 0.6420576
vn 0.97668093 0.026925022 0.21300091
vn 0 0 0
vn 0.8556632 0.31485835 0.41073683
vn -0.5709902 -0.22594726 0.78925157
vn 0.8556632 0.31485835 0.41073683
vn -0.75945294 0.042102743 0.6491985
vn 0.86564046 0.49380165 0.082623005
vn 0.94020486 0.22589238 -0.2549263
vn 0.97668093 0.026925022 0.21300091
vn 0.043667126 -0.9549156 -0.29364848
vn 0.49630806 -0.6388788 -0.5878028
vn 0.78995144 0.6129512 0.016356442
vn 0.75913054 0.6407475 -0.11473255
vn 0.9252114 0.3189915 0.20549503
vn 0.67971444 0.41357055 0.60576206
vn -0.5376498 -0.5382748 0.6489938
vn 0.9252114 0.3189915 0.20549503
vn 0.97668093 0.026925022 0.21300091
vn 0 0 0
vn 0.5502846 -0.63664925 -0.5402449
vn -0.5599652 -0.77817345 0.28440297
vn 0 0 0
vn -0.112944245 -0.8133429 0.5707161
vn -0.10165518 -0.6378909 0.76338816
vn -0.35147658 -0.21845974 0.91035134
vn 0.3248134 -0.94577277 -0.0031792338
vn 0.7466195 -0.6652408 -0.003725227
vn 0.37346676 -0.8982112 0.2318173
vn 0.35691682 -0.9341095 -0.007057682
vn -0.21628337 -0.9283029 0.3024487
vn 0.027876958 -0.9401956 0.33949238
vn -0.19582668 -0.9740274 -0.1136773
vn -0.41660374 -0.90883225 0.021570804
vn 0.04935567 -0.9742278 0.22010063
vn 0.16889882 -0.9852007 0.029202564
vn 0.036123894 -0.9953184 0.08964575
vn 0.04628861 -0.9982649 0.036394045
vn 0.22607088 -0.97341305 0.03686479
vn 0.28780335 -0.94431543 -0.1594918
vn 0.20625164 -0.96570224 -0.15773219
vn 0.3466327 -0.93472075 0.07837642
vn 0.35033777 -0.9316424 0.09646673
vn 0.33589858 -0.90725887 0.25308788
vn 0.15836877 -0.98737824 0.0018937201
vn -0.13198742 -0.97686344 -0.16827679
vn 0.15183349 -0.98719263 0.04896185
vn 0.117779866 -0.9417021 0.31515864
vn -0.2129887 -0.93898475 -0.27008048
vn -0.12042565 -0.98896635 -0.086274
vn 0.035074066 -0.9992051 -0.018946396
vn -0.033479284 -0.9063413 0.42121798
vn 0.01829659 -0.9926561 0.11957859
vn -0.011162377 -0.9953899 -0.09525937
vn 0.0761532 -0.9574615 0.2783312
vn -0.018938063 -0.9997509 -0.011811258
vn -0.008631279 -0.9993772 0.03421656
vn 0.0069948644 -0.9994303 -0.033017684
vn -0.012239511 -0.99815124 0.05953363
vn -0.00402509 -0.9996986 -0.024218846
vn 0.0032729758 -0.9248164 -0.38039958
vn -0.017289164 -0.9436105 -0.330606
vn -0.12420402 -0.92779446 -0.35181072
vn -0.049868476 -0.9945444 0.09162209
vn -0.1774992 -0.8783822 0.44377774
vn -0.17598166 -0.7911214 0.5857963
vn 0.014273645 -0.99932855 0.033743944
vn 0.084151715 -0.9516337 -0.29548573
vn 0.019819047 -0.99929804 -0.031790074
vn 0.06841011 -0.99308085 -0.095448636
vn -0.0016224114 -0.9999709 0.007449671
vn 0.30362758 -0.87577796 -0.37526426
vn 0.08714688 -0.99210507 -0.090183005
vn 0.23684947 -0.94689053 -0.21748702
vn 0.17046969 -0.98273695 -0.07188988
vn 0.10560304 -0.97511697 -0.19492275
vn 0.050015293 -0.99848396 0.022983802
vn -0.038398292 -0.9942151 -0.10030906
vn 0.12813225 -0.9710442 -0.20163153
vn -0.00044008566 -0.9999998 0.00039717022
vn -0.05035246 -0.99871635 -0.005500021
vn 0.062900506 -0.99707675 -0.04337545
vn -0.06740211 -0.9887545 0.13349727
vn -0.0002065028 -0.9999648 0.008390595
vn 0.0011979186 -0.9999986 0.0011342091
vn -0.00020611701 -1 -0.000046337555
vn -0.00048569182 -0.9999998 0.0003623617
vn -0.0023740334 -0.9999933 -0.0027778456
vn -0.0012875237 -0.99999917 0.000048518286
vn -0.0022115845 -0.9999975 -0.00034654475
vn -0.008263604 -0.9999488 -0.0058392747
vn 0.00025068645 -0.99999994 0.000051521012
vn 0.010111196 -0.99983656 -0.014987244
vn 0.006777751 -0.99860394 0.052385256
vn 0.0012700289 -0.99999917 -0.000079807454
vn -0.02288158 -0.99912757 -0.034935407
vn 0.007254644 -0.9999626 -0.0046996446
vn 0.0140055325 -0.9972034 0.07341084
vn 0.00078555977 -0.99999887 0.001274039
vn 0.027031241 -0.99950385 -0.016166521
vn 0.03167272 -0.99945843 0.008927881
vn 0.00049855607 -0.9999979 0.0019689861
vn -0.03457866 -0.9993019 -0.01414134
vn -0.15813601 -0.9722461 0.1724252
vn -0.15448275 -0.9740231 0.16557184
vn 0.023342144 -0.9995455 0.019075012
vn -0.015119538 -0.9980602 0.06039205
vn -0.26519504 -0.95451677 0.13626921
vn 0.00028857595 -0.9999982 0.0018618517
vn 0.02319959 -0.9987075 0.04522329
vn 0.020033672 -0.99961925 0.018974865
vn -0.031058745 -0.99890566 -0.0349688
vn 0.12325989 -0.9920609 0.024943985
vn -0.091357544 -0.98748404 0.12856549
vn -0.22026694 -0.95080334 0.21784268
vn -0.24141401 -0.9702077 0.020403594
vn 0.0027988805 -0.9999843 0.0048451
vn -0.23044413 -0.9730354 0.009881128
vn -0.04226011 -0.9991058 -0.0012873942
vn -0.0006187879 -0.9998281 0.018529164
vn 0.25699922 -0.9491492 -0.18184401
vn 0.21174596 -0.9771856 -0.016488906
vn 0.119354345 -0.97889435 -0.16589278
vn 0.24724048 -0.9227209 -0.29573345
vn 0.23762792 -0.97133875 0.005828205
vn -0.04152827 -0.9700749 -0.23922816
vn -0.05820722 -0.9982736 0.007855399
vn 0.18664172 -0.9724299 0.13980344
vn -0.2250945 -0.9177269 0.32727635
vn -0.01840785 -0.95208794 -0.3052699
vn -0.36074045 -0.9176689 0.16658379
vn -0.3039719 -0.90188855 0.3069172
vn -0.18366466 -0.9232921 0.33734107
vn -0.06943028 -0.99442637 0.07934491
vn 0.027627528 -0.9930073 -0.11477442
vn -0.0123939775 -0.9930656 0.11690627
vn -0.039727733 -0.9504142 -0.30843896
vn -0.0049862484 -0.97681695 0.21401823
vn 0.094556734 -0.96723545 -0.2356154
vn 0.008205898 -0.98824155 0.15268038
vn 0.009254292 -0.9568741 0.29035556
vn 0.030656066 -0.94690263 -0.3200557
vn 0.009988932 -0.8951146 0.44572425
vn -0.008357101 -0.9497538 0.3128863
vn -0.044322394 -0.95477563 0.29400507
vn -0.30504918 -0.9006004 0.30961913
vn -0.2518167 -0.96565384 0.06403932
vn 0.0436594 -0.77804863 0.626685
vn -0.25079343 -0.7558565 0.60480046
vn 0.10080797 -0.6638449 0.741045
vn 0.04993206 -0.8655734 -0.49828658
vn -0.14989145 -0.84333974 -0.51605296
vn 0.05386133 -0.9707685 0.23389618
vn 0.10840108 -0.9937292 0.027413493
vn 0.14645019 -0.9892178 -0.000663883
vn -0.25480145 -0.93794334 -0.2352413
vn -0.19582668 -0.9740274 -0.1136773
vn -0.41218907 -0.9082269 0.07227742
vn -0.021898312 -0.9984167 0.051811863
vn 0.1141388 -0.9666997 -0.22905008
vn -0.32108092 -0.86972874 -0.37480515
vn -0.2104448 -0.9615831 -0.17626949
vn -0.13347156 -0.98606306 0.09932288
vn -0.26300365 -0.96359277 0.04814592
vn -0.05898014 -0.9280475 0.36776248
vn 0.012134109 -0.9972803 0.07269644
vn 0.0061549214 -0.99996835 0.005042523
vn 0.01095406 -0.99973875 0.020059736
vn -0.15178652 -0.9873956 -0.04484272
vn 0.010854754 -0.9997966 0.016995233
vn -0.02881621 -0.99948 0.014468782
vn -0.020826735 -0.9803573 0.19612697
vn -0.10269972 -0.984052 0.14523911
vn -0.55708885 -0.83030957 0.01542778
vn -0.030786892 -0.9682793 0.24796647
vn -0.0018684362 -0.97368604 0.22788607
vn 0.11352166 -0.990883 0.07255155
vn -0.062261943 -0.9930162 0.10021162
vn -0.29651853 -0.9471663 0.12228133
vn -0.6107261 -0.79151887 0.022617582
vn -0.02006173 -0.99979836 0.00086008705
vn -0.055822186 -0.99843335 -0.0038430726
vn -0.5878361 -0.80897784 -0.0019088798
vn -0.5590624 -0.8282724 0.037604008
vn -0.044235095 -0.99899447 -0.00730138
vn -0.56157595 -0.82674557 -0.033529345
vn -0.09582716 -0.9953912 0.0036709537
vn 0.16807081 -0.98575443 -0.00635563
vn 0.17210983 -0.94085354 -0.2918438
vn -0.072700225 -0.9973414 -0.0049772556
vn -0.56077325 -0.8076404 -0.18234675
vn -0.23247617 -0.9689294 -0.08444291
vn -0.02980861 -0.99559844 -0.088855125
vn 0.006673942 -0.96249896 -0.27120325
vn 0.00020666208 -0.9343569 -0.35633844
vn 0.100125335 -0.97497785 -0.19847707
vn 0.017748289 -0.9591698 -0.2822734
vn 0.29962566 -0.95103747 -0.075843565
vn 0.13973771 -0.9839123 0.11131023
vn -0.06322664 -0.99797535 0.00689981
vn 0.1430279 -0.9584331 0.24687849
vn -0.13950814 -0.97570294 0.16894153
vn 0.20422249 -0.94728667 0.24686268
vn -0.41817245 -0.9082018 0.01735604
vn -0.31859758 -0.94684297 0.04454208
vn 0.10606707 -0.94186395 0.3188135
vn -0.45926118 -0.8872454 -0.04329825
vn -0.13104978 -0.9892242 -0.065279916
vn -0.16486375 -0.9333173 0.31896508
vn -0.21843952 -0.9577239 0.18721385
vn -0.2646916 -0.947469 -0.1795574
vn 0.30263558 -0.9400213 -0.15739042
vn 0.2695326 -0.9342851 0.23337433
vn 0.08077902 -0.98310167 0.16427359
vn 0.24794829 -0.95376474 0.16986609
vn 0.15743846 -0.9869897 0.032626208
vn 0.16971281 -0.9847306 0.038771737
vn 0.03411724 -0.9931889 -0.111407995
vn 0.09954226 -0.9950167 -0.0057558655
vn 0.1400702 -0.98962855 0.031870455
vn -0.27782184 -0.9581046 0.069645874
vn -0.29366598 -0.95548314 -0.028499551
vn 0.0029745502 -0.99990094 -0.0137577
vn 0.006481566 -0.9999688 0.0045039887
vn -0.009776697 -0.99913687 0.040371977
vn 0.00046748255 -0.9992621 0.03840697
vn -0.010237308 -0.9992579 0.03713163
vn 0.053272106 -0.9892717 -0.13602783
vn 0.045375627 -0.993912 0.100399435
vn 0.095764056 -0.9663228 0.2388504
vn 0.05207411 -0.99827534 -0.027103873
vn -0.10179607 -0.95811176 0.26769277
vn 0.2429658 -0.9697598 0.023098076
vn 0.0011529762 -0.9999666 0.008086567
vn 0.011454608 -0.99980336 0.016187904
vn 0.11528045 -0.96707493 0.22688438
vn 0.17798366 -0.95350975 0.24318919
vn 0.21496841 -0.9714537 0.10033087
vn 0.016593974 -0.99934286 0.032224704
vn -0.0017652718 -0.999744 0.022557283
vn 0.008721121 -0.9998493 0.015009483
vn 0.0848406 -0.9962532 0.016781002
vn 0.06236937 -0.9856108 0.15710312
vn 0.112092294 -0.99306995 0.0353179
vn 0.06277103 -0.9751353 -0.21253437
vn 0.04432217 -0.9925071 0.113864884
vn -0.369408 -0.9292259 -0.008767536
vn -0.20812461 -0.8639762 -0.45850772
vn -0.25256473 -0.9504015 0.18151611
vn 0.53905445 -0.8344356 -0.11461905
vn -0.07655554 -0.91297835 -0.40076143
vn -0.228109 -0.9646847 -0.13171823
vn -0.31294215 -0.94962686 0.016615441
vn -0.33275622 -0.9417013 0.04971895
vn -0.005813395 -0.96961874 -0.24455196
vn 0.000037100268 -0.978836 -0.20464626
vn 0.33903438 -0.9407641 -0.0043011783
vn 0.12959976 -0.9875084 0.08961634
vn 0.3584141 -0.9335236 0.0085473545
vn 0.37170887 -0.9271836 0.046508808
vn -0.18551956 -0.94997305 0.25126418
vn -0.26393434 -0.9640936 -0.029362516
vn -0.15304737 -0.98264563 0.10480505
vn -0.21890602 -0.9757203 -0.0070738196
vn 0.30732632 -0.9488099 -0.072871655
vn -0.18469456 -0.970625 0.15419157
vn 0.09139822 -0.9304809 0.35475573
vn -0.12755172 -0.9572157 -0.25974715
vn -0.31480733 -0.9475418 -0.05532582
vn -0.071558945 -0.994292 -0.07913735
vn -0.15124841 -0.9344157 -0.32247669
vn 0.014353107 -0.96306485 -0.26888666
vn -0.68340063 -0.7300192 -0.0059607103
vn -0.5989341 -0.7736668 0.20668252
vn -0.60252196 -0.79467607 -0.07387324
vn -0.029645393 -0.98797935 0.15171686
vn -0.10754912 -0.988391 0.10731468
vn -0.044431217 -0.9063843 0.4201112
vn -0.19297504 -0.84443104 0.49969676
vn -0.062398463 -0.76491576 0.6411009
vn -0.014024558 -0.81586593 0.578071
vn -0.069608 -0.9963719 0.048966095
vn -0.014318317 -0.96420664 0.26476502
vn 0.093163654 -0.92960185 -0.35659638
vn 0.35691682 -0.9341095 -0.007057682
vn -0.5047153 -0.85174847 -0.14066626
vn -0.3991236 -0.9147886 -0.06214655
vn -0.64255697 -0.76579845 -0.025947226
vn 0.1437658 -0.98372984 -0.10773587
vn -0.11251935 -0.9377578 -0.32855704
vn 0.0043337955 -0.99880385 0.04870393
vn -0.25129324 -0.27386045 0.9283599
vn 0.20751289 -0.9650113 0.16028608
vn 0.2178878 -0.9399834 0.26259494
vn 0.3446041 -0.9368903 0.059030358
vn 0.5832156 -0.8110923 0.044596337
vn 0.47894603 -0.78657264 0.3897617
vn 0.04627815 -0.92020845 0.38868338
vn 0.46283495 -0.75833035 0.45904133
vn 0.26535112 -0.7205905 0.6405764
vn -0.104578964 -0.88104963 0.4613185
vn 0.4865172 -0.8715732 -0.060507227
vn 0.710697 -0.700703 -0.06265011
vn -0.48009282 -0.6842331 -0.5489407
vn -0.49203637 -0.82438177 -0.27981225
vn 0.18117604 -0.98344475 -0.003414389
vn -0.5948072 -0.8036431 -0.019030344
vn 0.3187557 -0.93997973 -0.12179049
vn -0.112944245 -0.8133429 0.5707161
vn -0.35147658 -0.21845974 0.91035134
vn 0.065138966 -0.8967399 0.43773785
vn -0.18705626 -0.7808014 0.59612006
vn -0.045907572 -0.8015257 0.59619546
vn -0.36240947 -0.6282544 0.68844444
vn -0.6495665 -0.5855627 0.4849533
vn -0.50853693 -0.82560945 0.24445696
vn -0.09726 -0.9588494 0.26673657
vn 0.018791541 -0.99810284 -0.058631226
vn 0.33310455 -0.919401 0.20914866
vn -0.07796233 -0.8818771 0.46498883
vn 0.098599985 -0.99512184 -0.0032590115
vn -0.3257838 -0.9447387 0.036520746
vn -0.24988979 -0.96729946 0.04343801
vn -0.020786151 -0.9997084 0.012287687
vn -0.49424723 -0.86930245 0.0057414393
vn 0.26633462 -0.96371096 -0.018083619
vn -0.39095798 -0.92022014 0.018620351
vn 0.32454574 -0.9426976 0.077403806
vn 0.3248134 -0.94577277 -0.0031792338
vn -0.4214771 -0.9065636 -0.022350142
vn -0.21628337 -0.9283029 0.3024487
vn -0.23879302 -0.95879847 -0.15389398
vn 0.21406287 -0.95843035 0.18864875
vn -0.11010685 -0.9741653 0.19717616
vn 0.017241672 -0.999779 0.012030914
vn 0.38643625 -0.9223134 -0.0022425875
vn 0.32803723 -0.9446603 0.0029116652
vn 0.18117604 -0.98344475 -0.003414389
vn 0.32803723 -0.9446603 0.0029116652
vn 0.38643625 -0.9223134 -0.0022425875
vn 0.26633462 -0.96371096 -0.018083619
vn 0.48783222 -0.8728686 0.010960599
vn 0.32454574 -0.9426976 0.077403806
vn 0.017241672 -0.999779 0.012030914
vn 0.23179685 -0.9725848 -0.01868452
vn 0.063532375 -0.99796593 0.005260462
vn 0.21401787 -0.976266 0.033181123
vn 0.06797188 -0.9976809 0.0035567784
vn -0.21890602 -0.9757203 -0.0070738196
vn 0.017613139 -0.999684 -0.017937405
vn -0.15304737 -0.98264563 0.10480505
vn 0.1141388 -0.9666997 -0.22905008
vn -0.01840785 -0.95208794 -0.3052699
vn 0.3248134 -0.94577277 -0.0031792338
vn 0.7466195 -0.6652408 -0.003725227
vn -0.24988979 -0.96729946 0.04343801
vn 0.35691682 -0.9341095 -0.007057682
vn -0.16065836 -0.9559912 -0.24549885
vn 0.014273645 -0.99932855 0.033743944
vn -0.018938063 -0.9997509 -0.011811258
vn 0.035074066 -0.9992051 -0.018946396
vn -0.12420402 -0.92779446 -0.35181072
vn -0.15124841 -0.9344157 -0.32247669
vn -0.32108092 -0.86972874 -0.37480515
vn -0.15178652 -0.9873956 -0.04484272
vn -0.2129887 -0.93898475 -0.27008048
vn -0.228109 -0.9646847 -0.13171823
vn -0.071558945 -0.994292 -0.07913735
vn -0.25256473 -0.9504015 0.18151611
vn -0.11010685 -0.9741653 0.19717616
vn -0.05898014 -0.9280475 0.36776248
vn -0.10179607 -0.95811176 0.26769277
vn 0.17210983 -0.94085354 -0.2918438
vn -0.5469371 -0.81057936 -0.20933455
vn -0.55708885 -0.83030957 0.01542778
vn 0 0 0
vn -0.6107261 -0.79151887 0.022617582
vn -0.42389923 -0.9056672 0.0087370435
vn -0.63179624 -0.7735493 0.049547527
vn -0.5878361 -0.80897784 -0.0019088798
vn -0.5590624 -0.8282724 0.037604008
vn -0.5880689 -0.8079099 0.038163725
vn -0.56157595 -0.82674557 -0.033529345
vn -0.5288707 -0.84416234 -0.08766843
vn -0.41179383 -0.8924082 0.18448155
vn -0.56077325 -0.8076404 -0.18234675
vn -0.23247617 -0.9689294 -0.08444291
vn 0.2695326 -0.9342851 0.23337433
vn 0.17210983 -0.94085354 -0.2918438
vn -0.5469371 -0.81057936 -0.20933455
vn 0 0 0
vn -0.15081626 -0.19071713 -0.96999043
vn -0.16005577 0.06667594 -0.9848535
vn -0.31989372 -0.022780215 -0.94717956
vn 0 0 0
vn -0.15081626 -0.19071713 -0.96999043
vn -0.16005577 0.06667594 -0.9848535
vn 0 0 0
vn -0.31041762 0.02100872 -0.9503681
vn -0.301974 0.07137038 -0.9506408
vn -0.10193789 0.10543231 -0.9891879
vn 0 0 0
vn -0.31041762 0.02100872 -0.9503681
vn -0.301974 0.07137038 -0.9506408
vn 0 0 0
vn -0.50622183 0.8563198 0.10225392
vn -0.77394116 0.60166645 0.19751586
vn -0.35706374 0.759962 0.5431052
vn -0.10363986 0.978063 0.18069741
vn 0 0 0
vn -0.09585126 0.98052627 0.17140827
vn -0.37192816 0.46756166 0.8019074
vn 0 0 0
vn -0.20603192 0.65889025 0.7234739
vn -0.37192816 0.46756166 0.8019074
vn 0 0 0
vn 0 0 0
vn 0.10080797 -0.6638449 0.741045
vn 0 0 0
vn 0.061387252 -0.6009754 0.79690665
vn -0.99621135 0.04868783 -0.07205876
vn 0 0 0
vn -0.9966126 -0.0014845412 0.08222579
vn -0.99621135 0.04868783 -0.07205876
vn -0.9966126 -0.0014845412 0.08222579
vn 0 0 0
vn -0.9979539 -0.0023910573 -0.063892715
vn -0.99326026 0.115812995 0.0046250992
vn -0.97895944 -0.02867598 0.20203005
vn 0 0 0
vn -0.9979539 -0.0023910573 -0.063892715
vn 0 0 0
vn -0.97895944 -0.02867598 0.20203005
vn -0.37192816 0.46756166 0.8019074
vn 0.08725323 0.9218205 0.37766886
vn 0 0 0
vn 0.9819071 0.18932818 0.0036369343
vn 0.9574305 0.28824657 0.015517624
vn 0 0 0
vn -0.05752783 -0.8433893 -0.53421444
vn -0.17740785 -0.98129827 -0.074700736
vn 0.19106105 -0.97280693 -0.13092898
vn -0.0150583945 -0.97764903 -0.20970376
vn -0.14112957 -0.9448778 -0.29544616
vn -0.17952989 -0.9524805 -0.24606904
vn -0.13794117 -0.9676106 -0.21142833
vn -0.19367598 -0.91949856 -0.34207016
vn -0.4982049 -0.6991439 -0.51282525
vn -0.099230334 -0.95419735 -0.2822423
vn -0.6611909 -0.6411885 -0.38949183
vn -0.46198803 -0.8861267 -0.036695693
vn -0.29380628 -0.95578486 -0.012376816
vn -0.62017417 -0.7137795 -0.32542711
vn -0.13198742 -0.97686344 -0.16827679
vn 0.20625164 -0.96570224 -0.15773219
vn -0.019730957 -0.9475909 -0.31887642
vn 0.28780335 -0.94431543 -0.1594918
vn 0.08389337 -0.8890318 -0.4500937
vn -0.23879302 -0.95879847 -0.15389398
vn -0.073618785 -0.9521139 -0.29674786
vn -0.5190369 -0.8531389 0.052485112
vn -0.77040166 -0.63690895 0.02877924
vn -0.7886637 -0.61304677 -0.04672571
vn -0.7407435 -0.6699499 0.04966046
vn -0.5059839 -0.8586573 0.08177987
vn -0.4535462 -0.89098364 -0.021071557
vn -0.25256473 -0.9504015 0.18151611
vn -0.11010685 -0.9741653 0.19717616
vn 0.093898006 -0.77781045 -0.6214452
vn 0.09216825 -0.7214166 -0.6863404
vn 0.07344504 -0.8462211 -0.52774584
vn -0.2970196 -0.76342034 -0.573558
vn 0.14186943 -0.9083576 -0.39339477
vn 0.22607292 -0.9168319 -0.3291052
vn 0.036123894 -0.9953184 0.08964575
vn -0.6776707 -0.7167741 -0.16430849
vn -0.5665994 -0.8128958 -0.13477977
vn -0.48009282 -0.6842331 -0.5489407
vn -0.59622824 -0.67776626 -0.4302845
vn -0.779147 -0.58834344 -0.21629123
vn -0.49203637 -0.82438177 -0.27981225
vn -0.20812461 -0.8639762 -0.45850772
vn -0.369408 -0.9292259 -0.008767536
vn -0.9417233 -0.33403334 0.03973587
vn -0.89276594 0.43781734 -0.1062308
vn -0.88106686 0.35465693 -0.31295317
vn 0 0 0
vn -0.9417233 -0.33403334 0.03973587
vn 0 0 0
vn -0.88106686 0.35465693 -0.31295317
vn 0.08389337 -0.8890318 -0.4500937
vn 0.036123894 -0.9953184 0.08964575
vn 0.28780335 -0.94431543 -0.1594918
vn 0 0 0
vn 0.08389337 -0.8890318 -0.4500937
vn 0 0 0
vn 0.28780335 -0.94431543 -0.1594918
vn -0.50827813 0.68817765 0.5177498
vn -0.06336118 0.656633 0.75154406
vn -0.027612412 0.97612715 0.2154377
vn -0.59218836 0.78245604 0.19254999
vn 0.02490615 0.99907535 0.035044357
vn -0.40456817 0.81711876 0.41065985
vn 0.090773135 0.98466706 0.14896639
vn 0.25839186 0.9219534 -0.28850585
vn 0.14003707 0.9647781 0.22269432
vn 0.48707116 0.8469049 0.21333966
vn -0.31607267 0.9020618 0.29390913
vn 0.45859715 0.3585964 0.8130789
vn 0.30327603 0.9480542 0.09600456
vn 0.043562572 0.9549545 0.29353732
vn -0.11369759 0.9903314 0.07947712
vn 0.13550742 0.8813489 0.4526167
vn 0.11638597 0.90490705 0.40938675
vn -0.06466168 0.8872568 0.45672122
vn 0.91128784 0.31468073 0.2655759
vn 0.5147202 0.8570942 0.02127396
vn 0.15300149 0.9643389 0.21596546
vn 0.37489164 0.89593446 0.23823875
vn 0.0904719 0.98413396 0.15262747
vn -0.7467994 0.6549637 0.11538289
vn 0.041310288 0.9798028 0.19565274
vn 0.5490941 0.80369717 0.22927392
vn -0.9511001 0.2932808 0.09692745
vn 0.22608244 0.85887927 0.45957935
vn 0.10687342 0.95032847 0.2923249
vn -0.25256473 -0.9504015 0.18151611
vn -0.10179607 -0.95811176 0.26769277
vn 0.112092294 -0.99306995 0.0353179
vn 0 0 0
vn -0.25256473 -0.9504015 0.18151611
vn -0.10179607 -0.95811176 0.26769277
vn 0 0 0
vn -0.9677733 -0.09572204 0.23292083
vn 0 0 0
vn -0.79544973 0.5773244 0.18427217
vn -0.9677733 -0.09572204 0.23292083
vn -0.8955286 0.43249327 0.10477646
vn -0.79544973 0.5773244 0.18427217
vn 0 0 0
vn 0 0 0
vn -0.9677733 -0.09572204 0.23292083
vn 0 0 0
vn 0 0 0
vn -0.46198803 -0.8861267 -0.036695693
vn -0.19367598 -0.91949856 -0.34207016
vn -0.13794117 -0.9676106 -0.21142833
vn 0.557696 0.69043297 0.46073583
vn 0.66385823 -0.70142096 -0.25942403
vn -0.32041982 -0.9363902 -0.14319372
vn -0.70710677 0.70710677 0
vn -0.19367598 -0.91949856 -0.34207016
vn -0.70710677 0.70710677 0
vn 0.66385823 -0.70142096 -0.25942403
vn -0.9417233 -0.33403334 0.03973587
vn 0 0 0
vn 0 0 0
vn -0.9417233 -0.33403334 0.03973587
vn 0 0 0
vn 0 0 0
vn -0.09625591 -0.015820285 -0.9952309
vn -0.20489264 -0.022887241 -0.9785168
vn 0.08384866 0.0068055084 -0.99645525
vn 0.08314682 -0.0032677965 -0.99653196
vn 0.017997073 0.001140711 -0.9998374
vn 0.02008756 0.003740271 -0.9997912
vn 0.1003554 0.017022751 -0.994806
vn 0.18370405 0.014266782 -0.9828781
vn 0.05919674 0.029786043 -0.99780184
vn 0.05950798 0.021814052 -0.9979895
vn -0.3157943 -0.3550072 -0.8799113
vn -0.008725886 -0.010820616 -0.9999034
vn -0.08977338 -0.011323883 -0.9958978
vn 0.024892904 0.07686217 -0.9967309
vn 0.14185245 0.0044093183 -0.989878
vn 0.2655596 0.036822725 -0.963391
vn -0.10193789 0.10543231 -0.9891879
vn -0.301974 0.07137038 -0.9506408
vn 0.3624697 0.020697735 -0.9317657
vn 0.218431 -0.024223197 -0.9755517
vn -0.017783359 -0.07966548 -0.99666303
vn -0.12927593 -0.000065775064 -0.9916087
vn -0.31041762 0.02100872 -0.9503681
vn 0.03696279 0.020034038 -0.9991158
vn -0.34377542 0.14552948 -0.92770666
vn 0.020850495 -0.00047621602 -0.9997825
vn -0.1352624 -0.03397187 -0.9902272
vn -0.13352747 -0.014306308 -0.9909418
vn -0.20809163 0.1201874 -0.9706971
vn -0.10212624 -0.07013329 -0.9922961
vn 0.00039964987 0.18188997 -0.9833188
vn 0.011683991 -0.09943818 -0.99497515
vn -0.065155864 0.1342229 -0.98880684
vn 0.03493413 0.16879864 -0.9850313
vn 0.029933352 -0.30018857 -0.9534101
vn -0.021695215 -0.25403765 -0.96695095
vn 0.014726162 -0.34845683 -0.9372091
vn -0.03528081 -0.068361364 -0.9970366
vn 0.0069625336 0.09808254 -0.9951539
vn -0.06289525 0.12755002 -0.9898359
vn -0.10747169 0.31064633 -0.94443035
vn 0.057234164 0.2854664 -0.9566782
vn 0.088504344 0.2633508 -0.9606317
vn -0.047156356 -0.055520244 -0.99734336
vn 0.06539144 -0.29895285 -0.95202476
vn 0.038833436 0.07112385 -0.99671125
vn -0.06944168 -0.068870515 -0.9952059
vn -0.020666284 -0.07708792 -0.9968101
vn -0.11088733 -0.015069942 -0.99371874
vn 0.021308117 0.011882468 -0.99970233
vn 0.08831649 -0.06334237 -0.99407643
vn -0.0056262575 -0.046054956 -0.99892306
vn -0.016187986 -0.009299653 -0.9998257
vn -0.049179606 -0.059925403 -0.9969906
vn 0.08799804 0.11668559 -0.98926276
vn -0.00890992 0.2964029 -0.95502144
vn -0.0016828524 -0.1134622 -0.9935409
vn -0.0077983006 0.29244962 -0.9562491
vn 0.049454346 -0.11049773 -0.9926452
vn 0.067327164 0.09901495 -0.99280566
vn -0.009730354 0.20303506 -0.9791231
vn -0.026465388 0.017190283 -0.99950194
vn 0.028374443 0.3989941 -0.9165144
vn -0.001878475 -0.24092266 -0.9705425
vn -0.0077622263 0.09990986 -0.9949662
vn -0.0042837122 0.18520963 -0.9826897
vn -0.0058735153 -0.22294202 -0.974814
vn -0.016427433 0.33825126 -0.9409124
vn -0.0047243102 -0.057430096 -0.99833834
vn -0.0678292 0.83731467 -0.5424973
vn 0.009025187 -0.38358018 -0.92346346
vn 0.015883755 -0.066115536 -0.99768555
vn -0.018492073 -0.35599357 -0.9343054
vn -0.0022562467 -0.39116347 -0.9203185
vn 0.0045392434 -0.052176286 -0.9986276
vn 0.053740166 0.10308638 -0.9932196
vn -0.018853027 0.3370429 -0.9413005
vn 0.14169012 0.34550914 -0.9276569
vn 0.014161102 0.35678932 -0.93407756
vn -0.3005821 0.35777497 -0.8841083
vn -0.004592892 -0.18356489 -0.9829969
vn -0.03005124 -0.35895732 -0.9328701
vn -0.01716468 -0.26830107 -0.96318215
vn 0.0060875416 0.021669041 -0.9997467
vn 0.12205783 -0.09315473 -0.9881417
vn -0.037745107 0.18489574 -0.982033
vn 0.11986124 -0.018054817 -0.9926265
vn -0.22475338 -0.001631154 -0.9744143
vn 0.00075371354 0.056747437 -0.9983883
vn 0.010372513 0.11185654 -0.9936702
vn 0.14476681 -0.2372955 -0.9605901
vn -0.13546057 -0.061021145 -0.98890185
vn 0.354398 -0.16236177 -0.9208912
vn 0.0030395598 0.55120224 -0.83436614
vn -0.45777318 0.48169485 -0.7472709
vn 0.097201705 0.019680891 -0.9950701
vn -0.2473636 0.014200227 -0.96881866
vn 0.091822825 -0.0049539693 -0.99576306
vn -0.33125862 0.19444743 -0.9232865
vn -0.042033054 0.23669206 -0.97067505
vn -0.47920966 0.60621005 -0.6347184
vn -0.045458946 0.024079403 -0.99867594
vn -0.36619458 0.12718834 -0.9218051
vn -0.15279551 -0.074191034 -0.98546904
vn -0.17977779 -0.0937188 -0.9792327
vn -0.444241 -0.21693268 -0.8692469
vn -0.024563735 0.1304119 -0.99115556
vn -0.44935334 -0.10529569 -0.88712704
vn -0.3972005 -0.016060531 -0.91759133
vn 0.1872704 0.0075130356 -0.98227966
vn 0.015953446 -0.13036036 -0.9913383
vn -0.39069617 0.17374614 -0.9039739
vn -0.7175332 -0.1327273 -0.68376136
vn -0.8044347 0.00187975 -0.59403807
vn 0.05856424 -0.061850213 -0.9963658
vn 0.004104996 0.25784916 -0.96617645
vn 0.01363983 -0.013672461 -0.9998135
vn 0.075284354 0.09425285 -0.99269766
vn -0.18150738 -0.14771217 -0.9722326
vn 0.18788704 -0.012004865 -0.9821173
vn -0.32156456 0.013857178 -0.9467862
vn 0.12102596 0.09434124 -0.9881561
vn -0.30877957 0.0028448275 -0.9511294
vn 0.33059937 0.09285361 -0.93919235
vn 0.17726491 0.3524641 -0.91888314
vn 0.044338197 -0.08632199 -0.9952802
vn 0.04312841 -0.34199044 -0.9387132
vn 0.014058402 0.0055791284 -0.9998856
vn -0.087039 -0.007351002 -0.9961778
vn 0.0024396058 0.24435708 -0.9696823
vn -0.015327752 0.3306983 -0.94361204
vn -0.039818216 0.23844981 -0.97033817
vn -0.08165582 -0.019465601 -0.99647045
vn -0.0037601644 -0.009201312 -0.9999506
vn 0.006637263 0.14575125 -0.989299
vn -0.022809902 -0.32316262 -0.9460685
vn 0.016695758 -0.4464785 -0.8946386
vn -0.010651191 0.14966276 -0.9886797
vn -0.06401065 0.03662304 -0.99727696
vn -0.0036241862 -0.036258623 -0.9993359
vn -0.0002318995 -0.07270997 -0.9973531
vn -0.027607903 -0.09564557 -0.99503255
vn -0.021078834 0.09560821 -0.99519587
vn 0.0051664207 0.31285387 -0.9497872
vn -0.02202674 0.32297018 -0.9461528
vn -0.021771941 -0.0136326365 -0.99967
vn 0.05886483 0.13924986 -0.98850614
vn 0.032374598 0.39738566 -0.91708046
vn -0.011881323 -0.13743237 -0.9904399
vn 0.005129824 0.08579907 -0.99629927
vn 0.029683495 0.35230795 -0.9354133
vn -0.0056348005 -0.28377986 -0.9588729
vn -0.016753472 -0.29692543 -0.9547537
vn -0.008231839 -0.05077249 -0.9986763
vn 0.0022331558 -0.07040522 -0.997516
vn -0.0067424863 0.0012617611 -0.99997646
vn -0.00852722 0.007495675 -0.99993557
vn -0.034212213 -0.01717696 -0.999267
vn 0.057272717 0.0009946859 -0.9983581
vn -0.024273235 0.34578568 -0.9379995
vn -0.007165277 -0.0010919165 -0.9999737
vn -0.003972393 0.010928589 -0.9999324
vn -0.00623417 0.0026878926 -0.99997693
vn -0.0045191515 0.0027615766 -0.999986
vn 0.0007982176 0.0013715081 -0.99999875
vn -0.0004372183 -0.0012857636 -0.9999991
vn -0.013738714 -0.0019496209 -0.99990374
vn -0.005256584 -0.006530939 -0.99996483
vn -0.012620472 0.015564472 -0.9997992
vn -0.01593693 0.007736706 -0.99984306
vn 0.00031707264 0.0019260601 -0.9999981
vn -0.000033484994 -0.004052697 -0.9999918
vn 0.000005409457 -0.009867699 -0.9999513
vn 0.0015611144 0.010475404 -0.9999439
vn 0.0055323783 0.00588177 -0.9999674
vn -0.0019477922 -0.0066305515 -0.9999761
vn 0.0025328186 0.0015171554 -0.99999565
vn 0.0044020433 0.005785751 -0.9999736
vn -0.02051582 0.10438955 -0.99432486
vn -0.024257133 0.092827775 -0.99538666
vn -0.03597227 0.2595858 -0.96504986
vn -0.0003770036 0.23592311 -0.97177166
vn -0.026662815 -0.09167032 -0.9954324
vn -0.007836756 -0.2878562 -0.9576416
vn -0.02858803 0.2709667 -0.9621641
vn -0.013020355 0.107191235 -0.99415314
vn -0.023105618 -0.0870536 -0.9959356
vn -0.006353217 -0.32072645 -0.9471506
vn 0.10178707 -0.21893142 -0.9704166
vn 0.042107783 -0.2999408 -0.953028
vn 0.0033106797 0.13817452 -0.99040234
vn -0.15081626 -0.19071713 -0.96999043
vn -0.02835895 -0.3371803 -0.94101286
vn 0.29240975 0.12713577 -0.94780433
vn -0.21839097 -0.03315379 -0.975298
vn -0.31989372 -0.022780215 -0.94717956
vn -0.116041325 0.1289771 -0.9848347
vn -0.12941594 -0.014479595 -0.99148464
vn 0.03495256 0.19856685 -0.9794639
vn 0.075632915 0.19575343 -0.9777322
vn 0.0040658787 -0.074639834 -0.9972023
vn 0.00073466706 -0.081016645 -0.9967125
vn 0.1885874 -0.072996534 -0.9793397
vn -0.018945714 -0.19110133 -0.98138744
vn 0.0009746201 0.320833 -0.94713527
vn -0.012325107 -0.07728922 -0.9969325
vn -0.0057286504 0.35502777 -0.9348382
vn -0.014814579 0.36854118 -0.92949337
vn 0.0124639645 -0.23126742 -0.9728104
vn -0.017382955 0.25635663 -0.96642596
vn -0.055941902 -0.1152769 -0.9917569
vn 0.035650674 0.24757342 -0.968213
vn -0.026542393 -0.02174412 -0.99941117
vn -0.15046537 0.27859768 -0.9485481
vn -0.31722164 0.31228438 -0.8954601
vn -0.31740177 0.090297736 -0.94398224
vn -0.0161484 0.02591254 -0.9995338
vn 0.23492053 0.12586619 -0.96383095
vn 0.11459006 0.078062 -0.99034107
vn -0.1684554 0.04042204 -0.9848801
vn 0.31266984 -0.116992205 -0.9426295
vn 0.07067598 0.0291849 -0.9970723
vn -0.12465789 0.023353001 -0.99192494
vn 0.29574275 -0.62251145 -0.7245797
vn 0.5952469 -0.4279595 -0.68009686
vn 0.13377893 -0.23359506 -0.96308696
vn 0.020570364 -0.430194 -0.90250206
vn 0.62762135 0.2654632 -0.7318611
vn -0.047651254 -0.036755975 -0.99818754
vn -0.040445574 -0.016827313 -0.99904007
vn -0.21008752 -0.08222806 -0.97421855
vn -0.2409521 0.023454437 -0.9702536
vn 0.07768404 -0.00083066284 -0.9969777
vn 0.061145168 -0.0788702 -0.99500793
vn -0.22065984 0.03489479 -0.97472644
vn 0.13343 -0.04886011 -0.9898531
vn -0.06913459 0.11243912 -0.99125063
vn 0.25715312 0.020231152 -0.96615887
vn -0.0553715 -0.026318794 -0.9981189
vn 0.26488265 -0.053407863 -0.9628005
vn -0.17569448 0.022201508 -0.98419434
vn -0.16202785 -0.041901544 -0.98589617
vn 0.2011634 -0.009046779 -0.9795159
vn -0.34183237 -0.033275608 -0.9391716
vn 0.2056487 -0.11852214 -0.9714222
vn 0.4368814 0.30431896 -0.84647775
vn 0.4826417 -0.2654716 -0.83461475
vn 0.6678275 0.2516184 -0.700496
vn 0.70911187 -0.059680074 -0.7025658
vn -0.069170244 0.0111467205 -0.9975426
vn 0.02261324 -0.24163187 -0.97010446
vn 0.017638966 0.1398721 -0.99001247
vn 0.04461141 -0.19927116 -0.9789284
vn -0.004330278 -0.060304753 -0.9981706
vn 0.0016545455 0.002831833 -0.99999464
vn -0.0023664709 0.049113538 -0.9987904
vn -0.013720377 0.008352972 -0.99987096
vn -0.006868962 0.0027686146 -0.9999726
vn -0.013526948 -0.04178429 -0.99903506
vn -0.003753301 0.037915166 -0.9992739
vn 0.047485348 0.20224191 -0.9781837
vn -0.005068258 0.003939091 -0.9999794
vn 0.046393193 -0.09515873 -0.9943805
vn -0.014454314 -0.010219766 -0.9998433
vn 0.014623971 0.14885777 -0.98875046
vn 0.041752025 0.180544 -0.9826803
vn -0.0043707495 -0.020564107 -0.999779
vn -0.008854504 0.033625484 -0.99939525
vn -0.006599973 -0.0116782505 -0.99991
vn -0.019877452 0.3956509 -0.91818583
vn 0.013056591 -0.23626482 -0.97160095
vn 0.0014139552 -0.24486855 -0.96955526
vn 0.28363886 -0.29829675 -0.9113551
vn 0.030625908 0.0029960533 -0.99952644
vn 0.11354286 -0.34806788 -0.930568
vn 0.38994604 -0.64732295 -0.6549161
vn -0.009888419 -0.18961701 -0.98180836
vn -0.0015468099 0.19324905 -0.98114854
vn -0.0023393605 0.31985292 -0.94746435
vn 0.0065255743 0.04004242 -0.9991767
vn 0.06466877 0.11781801 -0.9909273
vn 0.012834846 -0.25040197 -0.96805686
vn -0.015007578 -0.21142134 -0.9772798
vn -0.009197588 0.3709973 -0.9285884
vn -0.088900544 0.030185185 -0.995583
vn -0.002864461 0.06985038 -0.99755335
vn -0.05471665 -0.045751933 -0.99745315
vn -0.003355572 -0.0049221413 -0.99998224
vn -0.0012039075 -0.22374952 -0.9746459
vn -0.27262807 -0.3091592 -0.91109526
vn -0.2287308 -0.5332131 -0.81447285
vn -0.007455419 -0.23692113 -0.9715003
vn -0.012555376 -0.21395086 -0.9767637
vn -0.014601023 0.0027657277 -0.99988955
vn 0.11017485 -0.011406307 -0.9938468
vn -0.0055467538 -0.2892859 -0.9572267
vn -0.061836433 0.14308858 -0.9877762
vn 0.001554668 0.37945923 -0.92520714
vn -0.19428897 -0.24424921 -0.9500495
vn 0.17654906 0.0075216372 -0.9842631
vn 0.029135372 -0.0012325323 -0.9995747
vn -0.00992138 0.00007664843 -0.99995077
vn -0.046845093 -0.33624488 -0.9406088
vn -0.05746097 0.12881915 -0.990002
vn -0.015746212 -0.31087065 -0.9503218
vn 0.065430656 0.3015279 -0.9512096
vn -0.005343638 0.32553887 -0.94551355
vn 0.022711527 -0.29396486 -0.9555464
vn 0.28409865 -0.098615065 -0.95371014
vn 0.012773799 -0.2526716 -0.9674678
vn -0.04870653 -0.2036135 -0.97783905
vn 0.008165199 0.0048112147 -0.9999551
vn -0.06722707 -0.076403424 -0.994808
vn 0.5029061 -0.17910658 -0.84558046
vn 0.2844626 -0.00906034 -0.95864433
vn -0.06262193 0.008081156 -0.9980046
vn -0.0824395 -0.0022622228 -0.9965935
vn 0.38340995 -0.01758604 -0.92341083
vn -0.088928185 -0.0017938884 -0.9960364
vn 0.50619066 0.0016979781 -0.8624199
vn 0.26653162 0.15552443 -0.9511956
vn -0.05800292 0.0583338 -0.99661064
vn 0.422054 0.57367593 -0.7019732
vn 0.048405476 0.2989969 -0.9530256
vn -0.07255544 0.0012539441 -0.99736357
vn -0.050309286 0.005238652 -0.99871993
vn -0.11660403 0.0698199 -0.9907213
vn -0.07252786 -0.5032934 -0.86106646
vn 0.028154816 -0.03718609 -0.9989117
vn -0.37469304 -0.4647483 -0.8022557
vn -0.44771776 0.10860088 -0.8875554
vn -0.33413526 0.503911 -0.79650944
vn 0.3494242 0.9236271 -0.15753017
vn 0.033755694 -0.04519191 -0.99840784
vn 0.043658458 0.33587816 -0.9408931
vn 0.0034330247 -0.23985635 -0.9708023
vn 0.014101818 -0.28204715 -0.9592969
vn 0.031594604 0.38571778 -0.9220757
vn -0.023875037 0.24697256 -0.9687283
vn -0.05561266 -0.27588636 -0.95958006
vn -0.013372647 0.036258277 -0.999253
vn 0.096779585 0.024282852 -0.9950096
vn 0.18761478 -0.30569652 -0.9334615
vn 0.13209195 0.0429979 -0.99030447
vn 0.074597925 0.16821833 -0.9829231
vn 0.22451852 0.2214276 -0.9489791
vn 0.025418162 0.27228764 -0.96188015
vn 0.42481798 0.31871593 -0.8473192
vn 0.50537735 -0.23555891 -0.83012396
vn 0.49060845 -0.0062741037 -0.87135756
vn -0.056923613 -0.0006149684 -0.99837834
vn 0.2608796 0.09409773 -0.9607744
vn 0.34015727 0.2457968 -0.9076767
vn -0.055362716 -0.12684827 -0.99037594
vn -0.005421975 -0.25665978 -0.96648663
vn 0.14163662 -0.20008391 -0.96948725
vn -0.26061174 -0.20609514 -0.94318944
vn 0.0471687 0.044458028 -0.9978971
vn 0.05034284 0.22759326 -0.9724541
vn 0.0067474996 -0.18388402 -0.98292476
vn -0.16512969 -0.04704247 -0.9851493
vn -0.003816915 -0.0012585205 -0.99999195
vn 0.5668576 -0.6033579 -0.5609204
vn -0.03162876 0.087970786 -0.9956208
vn -0.081784755 -0.0052337903 -0.9966363
vn -0.03279211 0.032640282 -0.9989291
vn 0.03659365 0.01910999 -0.9991475
vn 0.46781552 -0.083766006 -0.87984765
vn -0.48648885 -0.14507534 -0.8615577
vn -0.0008326273 -0.25118032 -0.96794
vn 0.10837203 0.08632755 -0.990355
vn -0.011930593 0.023552747 -0.99965143
vn 0.16104546 0.18708561 -0.9690528
vn -0.16762584 -0.25093067 -0.953381
vn -0.008992949 -0.26533896 -0.96411324
vn -0.013354201 0.111555465 -0.9936685
vn -0.032622766 -0.087536 -0.99562705
vn 0.52233624 -0.2832492 -0.80432254
vn 0.36051646 -0.122960314 -0.9246127
vn 0.57873243 0.22877258 -0.78277194
vn 0.673496 -0.2854219 -0.68186325
vn 0.6648798 -0.25249806 -0.7029791
vn 0.75438845 -0.20076938 -0.62497175
vn 0.8297135 -0.005254314 -0.5581647
vn 0.628657 -0.29063183 -0.7213346
vn -0.09550956 -0.1223052 -0.9878863
vn 0.19970551 -0.09111064 -0.97561085
vn 0.28736055 -0.028556028 -0.95739675
vn 0.80562735 -0.05632306 -0.58973914
vn 0.6154046 0.31320414 -0.7233121
vn 0.5257315 -0.62867004 -0.5730448
vn 0.6580066 -0.5000864 -0.56297505
vn 0.5881821 0.20793912 -0.78153896
vn 0.27175313 -0.06863117 -0.95991665
vn 0.44558248 0.21400486 -0.869286
vn 0.63975924 0.48028034 -0.60003245
vn 0.019022703 0.04194134 -0.998939
vn 0.0028971492 -0.2099928 -0.9776986
vn -0.0066431523 -0.052292228 -0.9986097
vn -0.0022137805 -0.01126422 -0.9999341
vn 0.017855873 0.029516283 -0.9994048
vn -0.009797142 -0.6784692 -0.7345635
vn -0.02051582 0.10438955 -0.99432486
vn -0.013020355 0.107191235 -0.99415314
vn -0.014601023 0.0027657277 -0.99988955
vn 0 0 0
vn 0.05633231 -0.00048552707 -0.99841195
vn 0.10837203 0.08632755 -0.990355
vn 0.2608796 0.09409773 -0.9607744
vn 0.26488265 -0.053407863 -0.9628005
vn -0.055362716 -0.12684827 -0.99037594
vn -0.0553715 -0.026318794 -0.9981189
vn 0.000005409457 -0.009867699 -0.9999513
vn 0.11017485 -0.011406307 -0.9938468
vn -0.16202785 -0.041901544 -0.98589617
vn -0.12941594 -0.014479595 -0.99148464
vn -0.28817925 0.34014592 -0.89512765
vn -0.050309286 0.005238652 -0.99871993
vn -0.07255544 0.0012539441 -0.99736357
vn 0.0471687 0.044458028 -0.9978971
vn -0.056923613 -0.0006149684 -0.99837834
vn -0.09550956 -0.1223052 -0.9878863
vn -0.02835895 -0.3371803 -0.94101286
vn 0.03495256 0.19856685 -0.9794639
vn 0.025418162 0.27228764 -0.96188015
vn -0.013372647 0.036258277 -0.999253
vn -0.15081626 -0.19071713 -0.96999043
vn -0.16005577 0.06667594 -0.9848535
vn 0.19970551 -0.09111064 -0.97561085
vn 0.0471687 0.044458028 -0.9978971
vn -0.31989372 -0.022780215 -0.94717956
vn 0.44558248 0.21400486 -0.869286
vn -0.02051582 0.10438955 -0.99432486
vn -0.013020355 0.107191235 -0.99415314
vn 0 0 0
vn 0.11987428 0.012494933 -0.9927105
vn 0.046393193 -0.09515873 -0.9943805
vn 0.057272717 0.0009946859 -0.9983581
vn -0.018945714 -0.19110133 -0.98138744
vn -0.019241929 -0.00009066781 -0.99981487
vn -0.012325107 -0.07728922 -0.9969325
vn 0.0124639645 -0.23126742 -0.9728104
vn -0.13183932 0.015012212 -0.9911574
vn -0.055941902 -0.1152769 -0.9917569
vn -0.011930593 0.023552747 -0.99965143
vn -0.019241929 -0.00009066781 -0.99981487
vn -0.019877452 0.3956509 -0.91818583
vn 0.11987428 0.012494933 -0.9927105
vn -0.13183932 0.015012212 -0.9911574
vn -0.0023393605 0.31985292 -0.94746435
vn -0.05746097 0.12881915 -0.990002
vn -0.0015468099 0.19324905 -0.98114854
vn -0.011930593 0.023552747 -0.99965143
vn 0.014623971 0.14885777 -0.98875046
vn 0.046393193 -0.09515873 -0.9943805
vn 0.23492053 0.12586619 -0.96383095
vn 0.62762135 0.2654632 -0.7318611
vn 0.4368814 0.30431896 -0.84647775
vn 0.6154046 0.31320414 -0.7233121
vn 0.11459006 0.078062 -0.99034107
vn 0.6678275 0.2516184 -0.700496
vn 0.70742863 0.35629392 -0.6104092
vn 0.5881821 0.20793912 -0.78153896
vn 0.05990838 0.9958116 0.0690669
vn 0 0 0
vn -0.0030431645 0.9859651 0.16692394
usemtl material_0
f 1/1/1 2/2/2 3/3/3
f 4/4/4 5/5/5 6/6/6
f 7/7/7 8/8/8 9/9/9
f 10/10/10 11/11/11 12/12/12
f 13/13/13 14/14/14 15/15/15
f 16/16/16 17/17/17 18/18/18
f 16/16/16 18/18/18 17/17/17
f 19/19/19 20/20/20 21/21/21
f 22/22/22 23/23/23 24/24/24
f 25/25/25 26/26/26 27/27/27
f 28/28/28 29/29/29 30/30/30
f 28/28/28 30/30/30 29/29/29
f 31/31/31 34/34/34 32/32/32 33/33/33
f 35/35/35 46/46/46 36/36/36 37/37/37
f 38/38/38 70/70/70 39/39/39 40/40/40
f 41/41/41 40/40/40 39/39/39 42/42/42
f 39/39/39 73/73/73 43/43/43 42/42/42
f 41/41/41 42/42/42 44/44/44 46/46/46
f 42/42/42 43/43/43 45/45/45 44/44/44
f 46/46/46 44/44/44 47/47/47 36/36/36
f 47/47/47 82/82/82 48/48/48 49/49/49
f 50/50/50 49/49/49 48/48/48 51/51/51
f 52/52/52 106/106/106 53/53/53 54/54/54
f 55/55/55 56/56/56 54/54/54 122/122/122
f 55/55/55 122/122/122 57/57/57 58/58/58
f 58/58/58 57/57/57 59/59/59 60/60/60
f 61/61/61 62/62/62 63/63/63 129/129/129
f 64/64/64 61/61/61 65/65/65 67/67/67
f 61/61/61 129/129/129 66/66/66 65/65/65
f 66/66/66 130/130/130 68/68/68 69/69/69
f 70/70/70 69/69/69 68/68/68 71/71/71
f 71/71/71 68/68/68 72/72/72 74/74/74
f 39/39/39 70/70/70 71/71/71 73/73/73
f 73/73/73 71/71/71 74/74/74 75/75/75
f 43/43/43 73/73/73 75/75/75 76/76/76
f 75/75/75 145/145/145 77/77/77 76/76/76
f 43/43/43 76/76/76 78/78/78 45/45/45
f 76/76/76 77/77/77 79/79/79 78/78/78
f 45/45/45 78/78/78 80/80/80 82/82/82
f 78/78/78 79/79/79 81/81/81 80/80/80
f 82/82/82 80/80/80 83/83/83 48/48/48
f 44/44/44 45/45/45 82/82/82 47/47/47
f 51/51/51 48/48/48 83/83/83 84/84/84
f 84/84/84 83/83/83 85/85/85 86/86/86
f 83/83/83 80/80/80 81/81/81 85/85/85
f 86/86/86 85/85/85 87/87/87 156/156/156
f 88/88/88 89/89/89 90/90/90 92/92/92
f 91/91/91 88/88/88 92/92/92 93/93/93
f 93/93/93 92/92/92 94/94/94 179/179/179
f 91/91/91 93/93/93 95/95/95 97/97/97
f 93/93/93 179/179/179 96/96/96 95/95/95
f 98/98/98 97/97/97 95/95/95 99/99/99
f 99/99/99 95/95/95 96/96/96 101/101/101
f 98/98/98 99/99/99 100/100/100 102/102/102
f 100/100/100 99/99/99 101/101/101 110/110/110
f 100/100/100 110/110/110 103/103/103 104/104/104
f 105/105/105 106/106/106 104/104/104 103/103/103
f 53/53/53 106/106/106 105/105/105 117/117/117
f 107/107/107 108/108/108 105/105/105 103/103/103
f 107/107/107 103/103/103 109/109/109
f 109/109/109 103/103/103 110/110/110 185/185/185
f 107/107/107 109/109/109 111/111/111 113/113/113
f 109/109/109 185/185/185 112/112/112 111/111/111
f 113/113/113 111/111/111 114/114/114 193/193/193
f 107/107/107 113/113/113 108/108/108
f 113/113/113 116/116/116 115/115/115 108/108/108
f 105/105/105 108/108/108 115/115/115 117/117/117
f 117/117/117 115/115/115 118/118/118 119/119/119
f 53/53/53 117/117/117 119/119/119 120/120/120
f 120/120/120 119/119/119 121/121/121 123/123/123
f 54/54/54 53/53/53 120/120/120 122/122/122
f 122/122/122 120/120/120 123/123/123 57/57/57
f 57/57/57 123/123/123 124/124/124 59/59/59
f 123/123/123 121/121/121 125/125/125 124/124/124
f 63/63/63 59/59/59 124/124/124 126/126/126
f 62/62/62 60/60/60 59/59/59 63/63/63
f 124/124/124 125/125/125 127/127/127 126/126/126
f 63/63/63 126/126/126 128/128/128 129/129/129
f 128/128/128 126/126/126 127/127/127 134/134/134
f 66/66/66 129/129/129 128/128/128 130/130/130
f 128/128/128 134/134/134 131/131/131 130/130/130
f 68/68/68 130/130/130 131/131/131 72/72/72
f 132/132/132 133/133/133 72/72/72 131/131/131
f 132/132/132 131/131/131 134/134/134 135/135/135
f 127/127/127 213/213/213 135/135/135 134/134/134
f 132/132/132 135/135/135 136/136/136 138/138/138
f 135/135/135 213/213/213 137/137/137 136/136/136
f 136/136/136 215/215/215 139/139/139 138/138/138
f 132/132/132 138/138/138 140/140/140 133/133/133
f 140/140/140 138/138/138 139/139/139 142/142/142
f 141/141/141 133/133/133 140/140/140
f 141/141/141 140/140/140 142/142/142 143/143/143
f 143/143/143 142/142/142 144/144/144 146/146/146
f 141/141/141 143/143/143 145/145/145 75/75/75
f 145/145/145 143/143/143 146/146/146 148/148/148
f 141/141/141 75/75/75 74/74/74
f 141/141/141 74/74/74 72/72/72 133/133/133
f 145/145/145 148/148/148 147/147/147 77/77/77
f 77/77/77 147/147/147 149/149/149 79/79/79
f 147/147/147 227/227/227 150/150/150 149/149/149
f 79/79/79 149/149/149 151/151/151 81/81/81
f 149/149/149 150/150/150 152/152/152 151/151/151
f 85/85/85 81/81/81 151/151/151 87/87/87
f 87/87/87 151/151/151 152/152/152 153/153/153
f 154/154/154 153/153/153 152/152/152 231/231/231
f 155/155/155 156/156/156 87/87/87 153/153/153
f 154/154/154 157/157/157 158/158/158
f 158/158/158 157/157/157 159/159/159 160/160/160
f 161/161/161 160/160/160 159/159/159 162/162/162
f 162/162/162 159/159/159 163/163/163 165/165/165
f 159/159/159 157/157/157 164/164/164 163/163/163
f 163/163/163 167/167/167 166/166/166 165/165/165
f 168/168/168 169/169/169 170/170/170 172/172/172
f 171/171/171 272/272/272 170/170/170 169/169/169
f 173/173/173 172/172/172 170/170/170 175/175/175
f 90/90/90 174/174/174 172/172/172 173/173/173
f 92/92/92 90/90/90 173/173/173 94/94/94
f 94/94/94 173/173/173 175/175/175 176/176/176
f 175/175/175 274/274/274 177/177/177 176/176/176
f 178/178/178 179/179/179 94/94/94 176/176/176
f 178/178/178 176/176/176 177/177/177 180/180/180
f 181/181/181 180/180/180 177/177/177 275/275/275
f 178/178/178 180/180/180 182/182/182 183/183/183
f 181/181/181 281/281/281 182/182/182 180/180/180
f 184/184/184 183/183/183 182/182/182 186/186/186
f 178/178/178 183/183/183 96/96/96 179/179/179
f 96/96/96 183/183/183 184/184/184 101/101/101
f 110/110/110 101/101/101 184/184/184 185/185/185
f 184/184/184 186/186/186 112/112/112 185/185/185
f 186/186/186 188/188/188 187/187/187 112/112/112
f 112/112/112 187/187/187 114/114/114 111/111/111
f 114/114/114 187/187/187 189/189/189 190/190/190
f 188/188/188 282/282/282 189/189/189 187/187/187
f 189/189/189 283/283/283 191/191/191 190/190/190
f 192/192/192 193/193/193 114/114/114 190/190/190
f 192/192/192 190/190/190 191/191/191 194/194/194
f 194/194/194 191/191/191 195/195/195 288/288/288
f 192/192/192 194/194/194 196/196/196 198/198/198
f 194/194/194 288/288/288 197/197/197 196/196/196
f 198/198/198 196/196/196 199/199/199 202/202/202
f 200/200/200 193/193/193 192/192/192 198/198/198
f 201/201/201 200/200/200 198/198/198 202/202/202
f 116/116/116 200/200/200 201/201/201 208/208/208
f 201/201/201 202/202/202 203/203/203 205/205/205
f 202/202/202 199/199/199 204/204/204 203/203/203
f 206/206/206 205/205/205 203/203/203 306/306/306
f 207/207/207 208/208/208 201/201/201 205/205/205
f 209/209/209 207/207/207 205/205/205 206/206/206
f 210/210/210 214/214/214 207/207/207 209/209/209
f 209/209/209 206/206/206 211/211/211 137/137/137
f 206/206/206 306/306/306 212/212/212 211/211/211
f 136/136/136 137/137/137 211/211/211 215/215/215
f 210/210/210 209/209/209 137/137/137 213/213/213
f 127/127/127 125/125/125 210/210/210 213/213/213
f 121/121/121 214/214/214 210/210/210 125/125/125
f 119/119/119 118/118/118 214/214/214 121/121/121
f 118/118/118 208/208/208 207/207/207 214/214/214
f 118/118/118 115/115/115 116/116/116 208/208/208
f 212/212/212 217/217/217 215/215/215 211/211/211
f 216/216/216 139/139/139 215/215/215 217/217/217
f 142/142/142 139/139/139 216/216/216 144/144/144
f 216/216/216 217/217/217 218/218/218 219/219/219
f 218/218/218 217/217/217 212/212/212 308/308/308
f 219/219/219 218/218/218 220/220/220 222/222/222
f 144/144/144 216/216/216 219/219/219 221/221/221
f 221/221/221 219/219/219 222/222/222 224/224/224
f 146/146/146 144/144/144 221/221/221 223/223/223
f 223/223/223 221/221/221 224/224/224 317/317/317
f 146/146/146 223/223/223 225/225/225 148/148/148
f 223/223/223 317/317/317 226/226/226 225/225/225
f 147/147/147 148/148/148 225/225/225 227/227/227
f 228/228/228 227/227/227 225/225/225 226/226/226
f 150/150/150 227/227/227 228/228/228 229/229/229
f 228/228/228 321/321/321 230/230/230 229/229/229
f 150/150/150 229/229/229 231/231/231 152/152/152
f 229/229/229 230/230/230 232/232/232 231/231/231
f 154/154/154 231/231/231 232/232/232 157/157/157
f 232/232/232 233/233/233 164/164/164 157/157/157
f 232/232/232 230/230/230 234/234/234 233/233/233
f 164/164/164 233/233/233 235/235/235 237/237/237
f 233/233/233 234/234/234 236/236/236 235/235/235
f 237/237/237 235/235/235 238/238/238 239/239/239
f 163/163/163 164/164/164 237/237/237 167/167/167
f 167/167/167 237/237/237 239/239/239 240/240/240
f 240/240/240 239/239/239 241/241/241 244/244/244
f 167/167/167 240/240/240 242/242/242 166/166/166
f 243/243/243 242/242/242 240/240/240 244/244/244
f 245/245/245 246/246/246 243/243/243 244/244/244
f 245/245/245 244/244/244 241/241/241 247/247/247
f 247/247/247 241/241/241 248/248/248 336/336/336
f 245/245/245 247/247/247 249/249/249 251/251/251
f 247/247/247 336/336/336 250/250/250 249/249/249
f 252/252/252 251/251/251 249/249/249 342/342/342
f 253/253/253 354/354/354 254/254/254 255/255/255
f 256/256/256 255/255/255 257/257/257 258/258/258
f 257/257/257 255/255/255 254/254/254 359/359/359
f 258/258/258 257/257/257 259/259/259 260/260/260
f 261/261/261 262/262/262 263/263/263 265/265/265
f 263/263/263 262/262/262 264/264/264 538/538/538
f 265/265/265 263/263/263 266/266/266 536/536/536
f 261/261/261 265/265/265 267/267/267 269/269/269
f 265/265/265 536/536/536 268/268/268 267/267/267
f 270/270/270 269/269/269 267/267/267 271/271/271
f 271/271/271 267/267/267 268/268/268 273/273/273
f 171/171/171 270/270/270 271/271/271 272/272/272
f 272/272/272 271/271/271 273/273/273 274/274/274
f 170/170/170 272/272/272 274/274/274 175/175/175
f 177/177/177 274/274/274 273/273/273 275/275/275
f 273/273/273 268/268/268 276/276/276 275/275/275
f 181/181/181 275/275/275 276/276/276 277/277/277
f 277/277/277 276/276/276 278/278/278 534/534/534
f 181/181/181 277/277/277 279/279/279 281/281/281
f 277/277/277 534/534/534 280/280/280 279/279/279
f 188/188/188 281/281/281 279/279/279 282/282/282
f 186/186/186 182/182/182 281/281/281 188/188/188
f 282/282/282 279/279/279 280/280/280 284/284/284
f 282/282/282 284/284/284 283/283/283 189/189/189
f 283/283/283 285/285/285 195/195/195 191/191/191
f 283/283/283 284/284/284 286/286/286 285/285/285
f 287/287/287 195/195/195 285/285/285 289/289/289
f 287/287/287 296/296/296 288/288/288 195/195/195
f 286/286/286 291/291/291 289/289/289 285/285/285
f 287/287/287 289/289/289 290/290/290 292/292/292
f 291/291/291 370/370/370 290/290/290 289/289/289
f 292/292/292 290/290/290 293/293/293 373/373/373
f 287/287/287 292/292/292 294/294/294 296/296/296
f 292/292/292 373/373/373 295/295/295 294/294/294
f 296/296/296 294/294/294 297/297/297 298/298/298
f 197/197/197 288/288/288 296/296/296 298/298/298
f 299/299/299 197/197/197 298/298/298 300/300/300
f 199/199/199 196/196/196 197/197/197 299/299/299
f 300/300/300 298/298/298 297/297/297 384/384/384
f 299/299/299 300/300/300 301/301/301 303/303/303
f 300/300/300 384/384/384 302/302/302 301/301/301
f 303/303/303 301/301/301 304/304/304 307/307/307
f 199/199/199 299/299/299 303/303/303 204/204/204
f 305/305/305 204/204/204 303/303/303 307/307/307
f 306/306/306 203/203/203 204/204/204 305/305/305
f 308/308/308 305/305/305 307/307/307 309/309/309
f 306/306/306 305/305/305 308/308/308 212/212/212
f 309/309/309 307/307/307 304/304/304 310/310/310
f 218/218/218 308/308/308 309/309/309 220/220/220
f 220/220/220 309/309/309 310/310/310 311/311/311
f 311/311/311 310/310/310 312/312/312 314/314/314
f 222/222/222 220/220/220 311/311/311 313/313/313
f 313/313/313 311/311/311 314/314/314 316/316/316
f 222/222/222 313/313/313 315/315/315 224/224/224
f 315/315/315 313/313/313 316/316/316 398/398/398
f 317/317/317 224/224/224 315/315/315 318/318/318
f 315/315/315 398/398/398 319/319/319 318/318/318
f 317/317/317 318/318/318 320/320/320 226/226/226
f 320/320/320 318/318/318 319/319/319 324/324/324
f 228/228/228 226/226/226 320/320/320 321/321/321
f 320/320/320 324/324/324 322/322/322 321/321/321
f 321/321/321 322/322/322 234/234/234 230/230/230
f 322/322/322 323/323/323 236/236/236 234/234/234
f 324/324/324 327/327/327 323/323/323 322/322/322
f 325/325/325 326/326/326 236/236/236 323/323/323
f 325/325/325 323/323/323 327/327/327 328/328/328
f 329/329/329 331/331/331 328/328/328 327/327/327
f 325/325/325 328/328/328 330/330/330 332/332/332
f 331/331/331 402/402/402 330/330/330 328/328/328
f 330/330/330 405/405/405 333/333/333 332/332/332
f 325/325/325 332/332/332 334/334/334 326/326/326
f 332/332/332 333/333/333 335/335/335 334/334/334
f 326/326/326 334/334/334 248/248/248 238/238/238
f 336/336/336 248/248/248 334/334/334 335/335/335
f 239/239/239 238/238/238 248/248/248 241/241/241
f 236/236/236 326/326/326 238/238/238 235/235/235
f 336/336/336 335/335/335 337/337/337 250/250/250
f 333/333/333 339/339/339 337/337/337 335/335/335
f 250/250/250 337/337/337 338/338/338 340/340/340
f 339/339/339 408/408/408 338/338/338 337/337/337
f 340/340/340 338/338/338 341/341/341 418/418/418
f 249/249/249 250/250/250 340/340/340 342/342/342
f 343/343/343 342/342/342 340/340/340 418/418/418
f 252/252/252 342/342/342 343/343/343 344/344/344
f 344/344/344 343/343/343 345/345/345 422/422/422
f 346/346/346 347/347/347 348/348/348 350/350/350
f 348/348/348 347/347/347 349/349/349 352/352/352
f 350/350/350 348/348/348 351/351/351 353/353/353
f 351/351/351 348/348/348 352/352/352 355/355/355
f 253/253/253 353/353/353 351/351/351 354/354/354
f 354/354/354 351/351/351 355/355/355 356/356/356
f 254/254/254 354/354/354 356/356/356 357/357/357
f 358/358/358 357/357/357 356/356/356 431/431/431
f 359/359/359 254/254/254 357/357/357 360/360/360
f 358/358/358 365/365/365 360/360/360 357/357/357
f 361/361/361 362/362/362 359/359/359 360/360/360
f 363/363/363 361/361/361 360/360/360 365/365/365
f 364/364/364 539/539/539 361/361/361 363/363/363
f 363/363/363 365/365/365 366/366/366 367/367/367
f 358/358/358 435/435/435 366/366/366 365/365/365
f 367/367/367 366/366/366 368/368/368 371/371/371
f 369/369/369 364/364/364 363/363/363 367/367/367
f 370/370/370 369/369/369 367/367/367 371/371/371
f 291/291/291 529/529/529 369/369/369 370/370/370
f 370/370/370 371/371/371 293/293/293 290/290/290
f 371/371/371 368/368/368 372/372/372 293/293/293
f 373/373/373 293/293/293 372/372/372 374/374/374
f 372/372/372 437/437/437 375/375/375 374/374/374
f 376/376/376 373/373/373 374/374/374
f 376/376/376 374/374/374 375/375/375 377/377/377
f 377/377/377 375/375/375 378/378/378 440/440/440
f 376/376/376 377/377/377 379/379/379 380/380/380
f 381/381/381 380/380/380 379/379/379 464/464/464
f 376/376/376 380/380/380 382/382/382 295/295/295
f 383/383/383 382/382/382 380/380/380 381/381/381
f 294/294/294 295/295/295 382/382/382 297/297/297
f 384/384/384 297/297/297 382/382/382 383/383/383
f 302/302/302 384/384/384 383/383/383 385/385/385
f 383/383/383 381/381/381 386/386/386 385/385/385
f 302/302/302 385/385/385 387/387/387 388/388/388
f 387/387/387 385/385/385 386/386/386 390/390/390
f 312/312/312 388/388/388 387/387/387 389/389/389
f 301/301/301 302/302/302 388/388/388 304/304/304
f 310/310/310 304/304/304 388/388/388 312/312/312
f 389/389/389 387/387/387 390/390/390 392/392/392
f 312/312/312 389/389/389 391/391/391 314/314/314
f 391/391/391 389/389/389 392/392/392 394/394/394
f 393/393/393 316/316/316 314/314/314 391/391/391
f 393/393/393 391/391/391 394/394/394 395/395/395
f 395/395/395 394/394/394 396/396/396 400/400/400
f 397/397/397 393/393/393 395/395/395 399/399/399
f 398/398/398 316/316/316 393/393/393 397/397/397
f 399/399/399 395/395/395 400/400/400 401/401/401
f 329/329/329 397/397/397 399/399/399 331/331/331
f 398/398/398 397/397/397 329/329/329 319/319/319
f 331/331/331 399/399/399 401/401/401 402/402/402
f 402/402/402 401/401/401 403/403/403 404/404/404
f 330/330/330 402/402/402 404/404/404 405/405/405
f 405/405/405 404/404/404 406/406/406 407/407/407
f 333/333/333 405/405/405 407/407/407 339/339/339
f 407/407/407 409/409/409 408/408/408 339/339/339
f 410/410/410 341/341/341 338/338/338 408/408/408
f 410/410/410 408/408/408 409/409/409 411/411/411
f 412/412/412 474/474/474 411/411/411 409/409/409
f 410/410/410 411/411/411 413/413/413 415/415/415
f 411/411/411 474/474/474 414/414/414 413/413/413
f 416/416/416 415/415/415 413/413/413 520/520/520
f 410/410/410 415/415/415 417/417/417 341/341/341
f 416/416/416 420/420/420 417/417/417 415/415/415
f 418/418/418 341/341/341 417/417/417 419/419/419
f 419/419/419 417/417/417 420/420/420 421/421/421
f 343/343/343 418/418/418 419/419/419 345/345/345
f 349/349/349 423/423/423 424/424/424 425/425/425
f 425/425/425 424/424/424 426/426/426 428/428/428
f 352/352/352 349/349/349 425/425/425 427/427/427
f 427/427/427 425/425/425 428/428/428 430/430/430
f 355/355/355 352/352/352 427/427/427 429/429/429
f 429/429/429 427/427/427 430/430/430 432/432/432
f 431/431/431 356/356/356 355/355/355 429/429/429
f 431/431/431 429/429/429 432/432/432 433/433/433
f 434/434/434 433/433/433 432/432/432 443/443/443
f 358/358/358 431/431/431 433/433/433 435/435/435
f 435/435/435 433/433/433 434/434/434 436/436/436
f 366/366/366 435/435/435 436/436/436 368/368/368
f 372/372/372 368/368/368 436/436/436 437/437/437
f 437/437/437 436/436/436 434/434/434 438/438/438
f 437/437/437 438/438/438 378/378/378 375/375/375
f 439/439/439 378/378/378 438/438/438 441/441/441
f 439/439/439 526/526/526 440/440/440 378/378/378
f 434/434/434 443/443/443 441/441/441 438/438/438
f 439/439/439 441/441/441 442/442/442 444/444/444
f 443/443/443 504/504/504 442/442/442 441/441/441
f 445/445/445 444/444/444 442/442/442 502/502/502
f 446/446/446 439/439/439 444/444/444
f 446/446/446 447/447/447 439/439/439
f 446/446/446 444/444/444 448/448/448
f 445/445/445 449/449/449 448/448/448 444/444/444
f 446/446/446 449/449/449 450/450/450
f 449/449/449 496/496/496 451/451/451 450/450/450
f 446/446/446 450/450/450 452/452/452
f 453/453/453 452/452/452 450/450/450 507/507/507
f 446/446/446 452/452/452 447/447/447
f 454/454/454 447/447/447 452/452/452 453/453/453
f 454/454/454 462/462/462 455/455/455 447/447/447
f 454/454/454 453/453/453 456/456/456 458/458/458
f 453/453/453 507/507/507 457/457/457 456/456/456
f 459/459/459 458/458/458 456/456/456 509/509/509
f 454/454/454 458/458/458 460/460/460 462/462/462
f 461/461/461 460/460/460 458/458/458 459/459/459
f 463/463/463 464/464/464 462/462/462 460/460/460
f 464/464/464 379/379/379 455/455/455 462/462/462
f 381/381/381 464/464/464 463/463/463 386/386/386
f 390/390/390 386/386/386 463/463/463 465/465/465
f 465/465/465 463/463/463 460/460/460 461/461/461
f 392/392/392 390/390/390 465/465/465 466/466/466
f 466/466/466 465/465/465 461/461/461 467/467/467
f 394/394/394 392/392/392 466/466/466 396/396/396
f 396/396/396 466/466/466 467/467/467 468/468/468
f 467/467/467 516/516/516 469/469/469 468/468/468
f 396/396/396 468/468/468 470/470/470 400/400/400
f 471/471/471 470/470/470 468/468/468 469/469/469
f 401/401/401 400/400/400 470/470/470 403/403/403
f 471/471/471 472/472/472 403/403/403 470/470/470
f 471/471/471 515/515/515 473/473/473 472/472/472
f 472/472/472 406/406/406 404/404/404 403/403/403
f 472/472/472 473/473/473 412/412/412 406/406/406
f 407/407/407 406/406/406 412/412/412 409/409/409
f 474/474/474 412/412/412 473/473/473 475/475/475
f 476/476/476 475/475/475 473/473/473 515/515/515
f 477/477/477 414/414/414 474/474/474 475/475/475
f 478/478/478 477/477/477 475/475/475 476/476/476
f 477/477/477 478/478/478 479/479/479 519/519/519
f 480/480/480 478/478/478 476/476/476
f 478/478/478 480/480/480 481/481/481 479/479/479
f 476/476/476 483/483/483 482/482/482 480/480/480
f 481/481/481 480/480/480 482/482/482 484/484/484
f 484/484/484 482/482/482 485/485/485 486/486/486
f 487/487/487 510/510/510 488/488/488 489/489/489
f 490/490/490 489/489/489 488/488/488 506/506/506
f 490/490/490 506/506/506 451/451/451 491/491/491
f 492/492/492 491/491/491 451/451/451 496/496/496
f 493/493/493 494/494/494 492/492/492 495/495/495
f 495/495/495 492/492/492 496/496/496 499/499/499
f 497/497/497 493/493/493 495/495/495 498/498/498
f 498/498/498 495/495/495 499/499/499 500/500/500
f 501/501/501 500/500/500 502/502/502 503/503/503
f 502/502/502 500/500/500 499/499/499 505/505/505
f 503/503/503 502/502/502 442/442/442 504/504/504
f 501/501/501 503/503/503 428/428/428 426/426/426
f 503/503/503 504/504/504 430/430/430 428/428/428
f 443/443/443 432/432/432 430/430/430 504/504/504
f 445/445/445 502/502/502 505/505/505
f 445/445/445 505/505/505 499/499/499 496/496/496
f 445/445/445 496/496/496 449/449/449
f 507/507/507 450/450/450 451/451/451 506/506/506
f 457/457/457 507/507/507 506/506/506 488/488/488
f 508/508/508 457/457/457 488/488/488 510/510/510
f 509/509/509 456/456/456 457/457/457 508/508/508
f 508/508/508 510/510/510 485/485/485 511/511/511
f 487/487/487 486/486/486 485/485/485 510/510/510
f 511/511/511 485/485/485 482/482/482 483/483/483
f 512/512/512 509/509/509 508/508/508 511/511/511
f 513/513/513 514/514/514 512/512/512 511/511/511
f 513/513/513 511/511/511 483/483/483
f 513/513/513 483/483/483 476/476/476 515/515/515
f 471/471/471 513/513/513 515/515/515
f 471/471/471 469/469/469 514/514/514 513/513/513
f 469/469/469 516/516/516 512/512/512 514/514/514
f 516/516/516 459/459/459 509/509/509 512/512/512
f 467/467/467 461/461/461 459/459/459 516/516/516
f 517/517/517 519/519/519 479/479/479 518/518/518
f 517/517/517 522/522/522 520/520/520 519/519/519
f 477/477/477 519/519/519 414/414/414
f 519/519/519 520/520/520 413/413/413 414/414/414
f 521/521/521 416/416/416 520/520/520 522/522/522
f 521/521/521 524/524/524 420/420/420 416/416/416
f 523/523/523 421/421/421 420/420/420 524/524/524
f 525/525/525 440/440/440 526/526/526 527/527/527
f 527/527/527 526/526/526 439/439/439 528/528/528
f 447/447/447 455/455/455 528/528/528 439/439/439
f 377/377/377 440/440/440 525/525/525
f 324/324/324 319/319/319 329/329/329 327/327/327
f 530/530/530 529/529/529 291/291/291 286/286/286
f 531/531/531 364/364/364 369/369/369 529/529/529
f 532/532/532 531/531/531 529/529/529 530/530/530
f 532/532/532 535/535/535 533/533/533 531/531/531
f 280/280/280 534/534/534 532/532/532 530/530/530
f 280/280/280 530/530/530 286/286/286 284/284/284
f 278/278/278 535/535/535 532/532/532 534/534/534
f 536/536/536 266/266/266 535/535/535 278/278/278
f 266/266/266 537/537/537 533/533/533 535/535/535
f 276/276/276 268/268/268 536/536/536 278/278/278
f 266/266/266 263/263/263 538/538/538 537/537/537
f 537/537/537 540/540/540 539/539/539 533/533/533
f 531/531/531 533/533/533 539/539/539 364/364/364
f 540/540/540 362/362/362 361/361/361 539/539/539
f 541/541/541 259/259/259 362/362/362 540/540/540
f 537/537/537 538/538/538 541/541/541 540/540/540
f 542/542/542 541/541/541 538/538/538 264/264/264
f 542/542/542 260/260/260 259/259/259 541/541/541
f 259/259/259 257/257/257 359/359/359 362/362/362
f 113/113/113 193/193/193 200/200/200 116/116/116
f 446/446/446 448/448/448 449/449/449
f 376/376/376 543/543/543 295/295/295 373/373/373
f 379/379/379 377/377/377 525/525/525 455/455/455
f 455/455/455 525/525/525 527/527/527 528/528/528
f 155/155/155 153/153/153 154/154/154 158/158/158
f 155/155/155 158/158/158 160/160/160
f 155/155/155 160/160/160 161/161/161 544/544/544
f 545/545/545 544/544/544 161/161/161 546/546/546
f 547/547/547 550/550/550 548/548/548 549/549/549
f 551/551/551 548/548/548 550/550/550 552/552/552
f 551/551/551 552/552/552 553/553/553 554/554/554
f 41/41/41 554/554/554 553/553/553 40/40/40
f 549/549/549 548/548/548 555/555/555 556/556/556
f 551/551/551 557/557/557 555/555/555 548/548/548
f 551/551/551 554/554/554 35/35/35 557/557/557
f 41/41/41 46/46/46 35/35/35 554/554/554
f 558/558/558 565/565/565 559/559/559 560/560/560
f 561/561/561 563/563/563 562/562/562 560/560/560
f 561/561/561 560/560/560 559/559/559 564/564/564
f 91/91/91 564/564/564 559/559/559 88/88/88
f 559/559/559 565/565/565 89/89/89 88/88/88
f 566/566/566 570/570/570 567/567/567 568/568/568
f 569/569/569 570/570/570 571/571/571 102/102/102
f 569/569/569 52/52/52 567/567/567 570/570/570
f 569/569/569 104/104/104 106/106/106 52/52/52
f 567/567/567 52/52/52 54/54/54 56/56/56
f 569/569/569 102/102/102 100/100/100 104/104/104
f 572/572/572 577/577/577 573/573/573 574/574/574
f 497/497/497 498/498/498 575/575/575 576/576/576
f 576/576/576 575/575/575 577/577/577 572/572/572
f 577/577/577 426/426/426 424/424/424 573/573/573
f 501/501/501 575/575/575 498/498/498 500/500/500
f 501/501/501 426/426/426 577/577/577 575/575/575
f 578/578/578 579/579/579 481/481/481 484/484/484
f 578/578/578 484/484/484 486/486/486 580/580/580
f 580/580/580 486/486/486 487/487/487 582/582/582
f 581/581/581 586/586/586 579/579/579 578/578/578
f 582/582/582 487/487/487 489/489/489 583/583/583
f 583/583/583 489/489/489 490/490/490 584/584/584
f 584/584/584 490/490/490 491/491/491 585/585/585
f 494/494/494 585/585/585 491/491/491 492/492/492
f 587/587/587 518/518/518 579/579/579 586/586/586
f 518/518/518 479/479/479 481/481/481 579/579/579
f 546/546/546 161/161/161 162/162/162 588/588/588
f 588/588/588 162/162/162 165/165/165 589/589/589
f 589/589/589 165/165/165 166/166/166 590/590/590
f 590/590/590 166/166/166 242/242/242 591/591/591
f 592/592/592 591/591/591 242/242/242 243/243/243
f 245/245/245 251/251/251 593/593/593 246/246/246
f 594/594/594 593/593/593 251/251/251 252/252/252
f 595/595/595 246/246/246 593/593/593 596/596/596
f 592/592/592 243/243/243 246/246/246 595/595/595
f 596/596/596 593/593/593 594/594/594 597/597/597
f 598/598/598 601/601/601 599/599/599 600/600/600
f 601/601/601 603/603/603 602/602/602 599/599/599
f 601/601/601 605/605/605 604/604/604 603/603/603
f 606/606/606 603/603/603 604/604/604 607/607/607
f 608/608/608 606/606/606 607/607/607 609/609/609
f 610/610/610 604/604/604 605/605/605 611/611/611
f 610/610/610 607/607/607 604/604/604
f 612/612/612 602/602/602 603/603/603 606/606/606
f 612/612/612 606/606/606 608/608/608 613/613/613
f 614/614/614 609/609/609 607/607/607 616/616/616
f 614/614/614 615/615/615 609/609/609
f 610/610/610 617/617/617 616/616/616 607/607/607
f 618/618/618 608/608/608 609/609/609 615/615/615
f 613/613/613 608/608/608 618/618/618 619/619/619
f 612/612/612 613/613/613 620/620/620 621/621/621
f 610/610/610 611/611/611 622/622/622 616/616/616
f 614/614/614 616/616/616 623/623/623 624/624/624
f 624/624/624 623/623/623 625/625/625 626/626/626
f 625/625/625 627/627/627 523/523/523 626/626/626
f 628/628/628 421/421/421 523/523/523 627/627/627
f 345/345/345 419/419/419 421/421/421 628/628/628
f 422/422/422 345/345/345 628/628/628 629/629/629
f 630/630/630 629/629/629 628/628/628 627/627/627
f 623/623/623 616/616/616 622/622/622 625/625/625
f 622/622/622 630/630/630 627/627/627 625/625/625
f 631/631/631 632/632/632 630/630/630 622/622/622
f 633/633/633 636/636/636 634/634/634 635/635/635
f 637/637/637 639/639/639 638/638/638 634/634/634
f 635/635/635 634/634/634 638/638/638 640/640/640
f 641/641/641 638/638/638 639/639/639 655/655/655
f 642/642/642 645/645/645 643/643/643 644/644/644
f 646/646/646 647/647/647 642/642/642 644/644/644
f 642/642/642 647/647/647 648/648/648 650/650/650
f 647/647/647 663/663/663 649/649/649 648/648/648
f 650/650/650 648/648/648 651/651/651 653/653/653
f 642/642/642 650/650/650 652/652/652 645/645/645
f 652/652/652 650/650/650 653/653/653 654/654/654
f 637/637/637 645/645/645 652/652/652 639/639/639
f 639/639/639 652/652/652 654/654/654 655/655/655
f 656/656/656 657/657/657 658/658/658 660/660/660
f 658/658/658 657/657/657 659/659/659 662/662/662
f 661/661/661 660/660/660 658/658/658 649/649/649
f 649/649/649 658/658/658 662/662/662 664/664/664
f 661/661/661 649/649/649 663/663/663
f 648/648/648 649/649/649 664/664/664 651/651/651
f 665/665/665 645/645/645 637/637/637
f 661/661/661 663/663/663 647/647/647 646/646/646
f 665/665/665 637/637/637 634/634/634 636/636/636
f 656/656/656 666/666/666 600/600/600
f 656/656/656 600/600/600 599/599/599 657/657/657
f 657/657/657 599/599/599 602/602/602 659/659/659
f 612/612/612 621/621/621 659/659/659 602/602/602
f 661/661/661 646/646/646 667/667/667 668/668/668
f 646/646/646 669/669/669 668/668/668 667/667/667
f 670/670/670 672/672/672 671/671/671 669/669/669
f 669/669/669 671/671/671 673/673/673 668/668/668
f 661/661/661 668/668/668 673/673/673
f 655/655/655 654/654/654 674/674/674 676/676/676
f 654/654/654 653/653/653 675/675/675 674/674/674
f 664/664/664 662/662/662 677/677/677 678/678/678
f 651/651/651 664/664/664 678/678/678 679/679/679
f 653/653/653 651/651/651 679/679/679 675/675/675
f 662/662/662 659/659/659 621/621/621 677/677/677
f 680/680/680 694/694/694 681/681/681 682/682/682
f 683/683/683 37/37/37 36/36/36 699/699/699
f 684/684/684 685/685/685 683/683/683 699/699/699
f 686/686/686 685/685/685 687/687/687 689/689/689
f 688/688/688 686/686/686 689/689/689 690/690/690
f 691/691/691 690/690/690 689/689/689 701/701/701
f 692/692/692 688/688/688 690/690/690 693/693/693
f 691/691/691 695/695/695 693/693/693 690/690/690
f 694/694/694 692/692/692 693/693/693 681/681/681
f 681/681/681 693/693/693 695/695/695 696/696/696
f 696/696/696 695/695/695 697/697/697 708/708/708
f 698/698/698 682/682/682 681/681/681 696/696/696
f 36/36/36 47/47/47 49/49/49 699/699/699
f 684/684/684 699/699/699 49/49/49 50/50/50
f 684/684/684 50/50/50 687/687/687 685/685/685
f 687/687/687 50/50/50 51/51/51 700/700/700
f 700/700/700 51/51/51 84/84/84 702/702/702
f 689/689/689 687/687/687 700/700/700 701/701/701
f 701/701/701 700/700/700 702/702/702 703/703/703
f 691/691/691 701/701/701 703/703/703 704/704/704
f 704/704/704 703/703/703 705/705/705 707/707/707
f 691/691/691 704/704/704 697/697/697 695/695/695
f 704/704/704 707/707/707 706/706/706 697/697/697
f 708/708/708 697/697/697 706/706/706 709/709/709
f 702/702/702 84/84/84 86/86/86 710/710/710
f 710/710/710 86/86/86 156/156/156 711/711/711
f 703/703/703 702/702/702 710/710/710 705/705/705
f 705/705/705 710/710/710 711/711/711 712/712/712
f 545/545/545 712/712/712 711/711/711 544/544/544
f 707/707/707 705/705/705 712/712/712 713/713/713
f 545/545/545 714/714/714 713/713/713 712/712/712
f 155/155/155 544/544/544 711/711/711 156/156/156
f 715/715/715 716/716/716 717/717/717 719/719/719
f 716/716/716 724/724/724 718/718/718 717/717/717
f 719/719/719 717/717/717 688/688/688 692/692/692
f 720/720/720 719/719/719 692/692/692 694/694/694
f 715/715/715 720/720/720 721/721/721
f 722/722/722 721/721/721 720/720/720 723/723/723
f 723/723/723 720/720/720 694/694/694 680/680/680
f 718/718/718 724/724/724 37/37/37 683/683/683
f 718/718/718 683/683/683 685/685/685 686/686/686
f 717/717/717 718/718/718 686/686/686 688/688/688
f 715/715/715 725/725/725 719/719/719 720/720/720
f 716/716/716 555/555/555 557/557/557 724/724/724
f 557/557/557 35/35/35 37/37/37 724/724/724
f 726/726/726 727/727/727 728/728/728 730/730/730
f 728/728/728 727/727/727 729/729/729 738/738/738
f 730/730/730 728/728/728 731/731/731
f 732/732/732 733/733/733 726/726/726 730/730/730
f 731/731/731 734/734/734 732/732/732 730/730/730
f 729/729/729 735/735/735 736/736/736 738/738/738
f 735/735/735 744/744/744 737/737/737 736/736/736
f 738/738/738 736/736/736 739/739/739 740/740/740
f 728/728/728 738/738/738 740/740/740 741/741/741
f 741/741/741 740/740/740 742/742/742 743/743/743
f 728/728/728 741/741/741 731/731/731
f 744/744/744 745/745/745 746/746/746 737/737/737
f 737/737/737 746/746/746 747/747/747 748/748/748
f 749/749/749 748/748/748 747/747/747 751/751/751
f 736/736/736 737/737/737 748/748/748 739/739/739
f 750/750/750 739/739/739 748/748/748 749/749/749
f 742/742/742 740/740/740 739/739/739 750/750/750
f 698/698/698 752/752/752 751/751/751 747/747/747
f 745/745/745 753/753/753 723/723/723 680/680/680
f 745/745/745 680/680/680 682/682/682 746/746/746
f 698/698/698 747/747/747 746/746/746 682/682/682
f 754/754/754 755/755/755 726/726/726 733/733/733
f 755/755/755 756/756/756 727/727/727 726/726/726
f 756/756/756 759/759/759 729/729/729 727/727/727
f 744/744/744 757/757/757 753/753/753 745/745/745
f 735/735/735 758/758/758 757/757/757 744/744/744
f 759/759/759 758/758/758 735/735/735 729/729/729
f 610/610/610 616/616/616 617/617/617
f 715/715/715 719/719/719 725/725/725
f 760/760/760 761/761/761 762/762/762 764/764/764
f 763/763/763 776/776/776 762/762/762 761/761/761
f 765/765/765 766/766/766 762/762/762 776/776/776
f 767/767/767 770/770/770 768/768/768 769/769/769
f 767/767/767 771/771/771 772/772/772 770/770/770
f 773/773/773 774/774/774 770/770/770 772/772/772
f 763/763/763 777/777/777 775/775/775 776/776/776
f 777/777/777 774/774/774 778/778/778 775/775/775
f 763/763/763 770/770/770 774/774/774 777/777/777
f 763/763/763 761/761/761 768/768/768 770/770/770
f 765/765/765 776/776/776 779/779/779 780/780/780
f 781/781/781 782/782/782 783/783/783 784/784/784
f 760/760/760 785/785/785 781/781/781 761/761/761
f 781/781/781 784/784/784 768/768/768 761/761/761
f 760/760/760 782/782/782 781/781/781 785/785/785
f 783/783/783 786/786/786 787/787/787 784/784/784
f 786/786/786 796/796/796 788/788/788 787/787/787
f 768/768/768 784/784/784 787/787/787 769/769/769
f 787/787/787 788/788/788 789/789/789 769/769/769
f 767/767/767 769/769/769 789/789/789 771/771/771
f 790/790/790 771/771/771 789/789/789 797/797/797
f 790/790/790 798/798/798 772/772/772 771/771/771
f 791/791/791 797/797/797 792/792/792 793/793/793
f 794/794/794 793/793/793 792/792/792 795/795/795
f 795/795/795 792/792/792 788/788/788 796/796/796
f 789/789/789 788/788/788 792/792/792 797/797/797
f 790/790/790 797/797/797 791/791/791 798/798/798
f 799/799/799 800/800/800 772/772/772 798/798/798
f 773/773/773 772/772/772 800/800/800
f 801/801/801 802/802/802 803/803/803 805/805/805
f 804/804/804 811/811/811 803/803/803 802/802/802
f 805/805/805 803/803/803 806/806/806 807/807/807
f 808/808/808 807/807/807 809/809/809 810/810/810
f 809/809/809 807/807/807 806/806/806 813/813/813
f 803/803/803 811/811/811 812/812/812 806/806/806
f 813/813/813 806/806/806 812/812/812 814/814/814
f 815/815/815 816/816/816 813/813/813 814/814/814
f 817/817/817 819/819/819 816/816/816 818/818/818
f 819/819/819 809/809/809 813/813/813 816/816/816
f 801/801/801 820/820/820 821/821/821 802/802/802
f 804/804/804 802/802/802 821/821/821 824/824/824
f 822/822/822 766/766/766 823/823/823 826/826/826
f 804/804/804 824/824/824 822/822/822 825/825/825
f 822/822/822 826/826/826 825/825/825
f 804/804/804 825/825/825 827/827/827 811/811/811
f 828/828/828 827/827/827 825/825/825 826/826/826
f 824/824/824 821/821/821 764/764/764 762/762/762
f 824/824/824 762/762/762 766/766/766 822/822/822
f 773/773/773 800/800/800 829/829/829 831/831/831
f 830/830/830 835/835/835 829/829/829 800/800/800
f 829/829/829 836/836/836 832/832/832 831/831/831
f 778/778/778 774/774/774 773/773/773 831/831/831
f 778/778/778 831/831/831 833/833/833 776/776/776
f 834/834/834 833/833/833 831/831/831 832/832/832
f 778/778/778 776/776/776 775/775/775
f 835/835/835 837/837/837 836/836/836 829/829/829
f 836/836/836 839/839/839 838/838/838 832/832/832
f 840/840/840 832/832/832 838/838/838
f 840/840/840 844/844/844 841/841/841 832/832/832
f 840/840/840 838/838/838 842/842/842 843/843/843
f 842/842/842 838/838/838 839/839/839 852/852/852
f 840/840/840 843/843/843 844/844/844
f 845/845/845 846/846/846 841/841/841 844/844/844
f 847/847/847 848/848/848 837/837/837 835/835/835
f 848/848/848 850/850/850 849/849/849 837/837/837
f 837/837/837 849/849/849 839/839/839 836/836/836
f 851/851/851 852/852/852 839/839/839 849/849/849
f 851/851/851 849/849/849 850/850/850 853/853/853
f 851/851/851 854/854/854 855/855/855 856/856/856
f 857/857/857 859/859/859 856/856/856 855/855/855
f 851/851/851 856/856/856 852/852/852
f 856/856/856 842/842/842 852/852/852
f 856/856/856 859/859/859 858/858/858 842/842/842
f 860/860/860 861/861/861 857/857/857 855/855/855
f 834/834/834 832/832/832 841/841/841
f 830/830/830 800/800/800 799/799/799
f 862/862/862 855/855/855 854/854/854
f 851/851/851 853/853/853 863/863/863 854/854/854
f 853/853/853 854/854/854 863/863/863
f 765/765/765 780/780/780 779/779/779 864/864/864
f 779/779/779 871/871/871 865/865/865 864/864/864
f 866/866/866 843/843/843 842/842/842 858/858/858
f 844/844/844 843/843/843 867/867/867 868/868/868
f 845/845/845 844/844/844 868/868/868
f 845/845/845 868/868/868 869/869/869 870/870/870
f 869/869/869 868/868/868 867/867/867 876/876/876
f 865/865/865 871/871/871 845/845/845 870/870/870
f 866/866/866 858/858/858 859/859/859
f 866/866/866 859/859/859 857/857/857 872/872/872
f 866/866/866 872/872/872 873/873/873 874/874/874
f 866/866/866 874/874/874 867/867/867 843/843/843
f 875/875/875 876/876/876 867/867/867 874/874/874
f 875/875/875 874/874/874 877/877/877
f 875/875/875 877/877/877 878/878/878 879/879/879
f 779/779/779 776/776/776 833/833/833 871/871/871
f 834/834/834 845/845/845 871/871/871 833/833/833
f 834/834/834 841/841/841 846/846/846 845/845/845
f 880/880/880 881/881/881 882/882/882 888/888/888
f 883/883/883 886/886/886 884/884/884 885/885/885
f 887/887/887 884/884/884 886/886/886 888/888/888
f 880/880/880 888/888/888 886/886/886 883/883/883
f 880/880/880 890/890/890 889/889/889 881/881/881
f 885/885/885 891/891/891 889/889/889 890/890/890
f 883/883/883 885/885/885 890/890/890
f 892/892/892 893/893/893 894/894/894 895/895/895
f 896/896/896 897/897/897 898/898/898
f 898/898/898 897/897/897 899/899/899
f 896/896/896 898/898/898 900/900/900 902/902/902
f 900/900/900 898/898/898 901/901/901 905/905/905
f 896/896/896 902/902/902 903/903/903 904/904/904
f 901/901/901 898/898/898 899/899/899
f 906/906/906 901/901/901 899/899/899
f 903/903/903 902/902/902 907/907/907 908/908/908
f 909/909/909 910/910/910 908/908/908 907/907/907
f 909/909/909 907/907/907 905/905/905 911/911/911
f 900/900/900 905/905/905 907/907/907 902/902/902
f 912/912/912 913/913/913 914/914/914
f 912/912/912 920/920/920 915/915/915 913/913/913
f 914/914/914 916/916/916 912/912/912
f 914/914/914 930/930/930 917/917/917 916/916/916
f 912/912/912 916/916/916 918/918/918 920/920/920
f 916/916/916 935/935/935 919/919/919 918/918/918
f 919/919/919 935/935/935 921/921/921 922/922/922
f 923/923/923 921/921/921 924/924/924 926/926/926
f 925/925/925 924/924/924 921/921/921 934/934/934
f 927/927/927 928/928/928 929/929/929 931/931/931
f 930/930/930 927/927/927 931/931/931 917/917/917
f 917/917/917 931/931/931 932/932/932 933/933/933
f 932/932/932 931/931/931 929/929/929 946/946/946
f 934/934/934 933/933/933 932/932/932 937/937/937
f 917/917/917 933/933/933 935/935/935 916/916/916
f 921/921/921 935/935/935 933/933/933 934/934/934
f 925/925/925 934/934/934 936/936/936
f 936/936/936 934/934/934 937/937/937 938/938/938
f 939/939/939 954/954/954 940/940/940 941/941/941
f 942/942/942 941/941/941 943/943/943 945/945/945
f 944/944/944 947/947/947 943/943/943 941/941/941
f 928/928/928 945/945/945 943/943/943 929/929/929
f 946/946/946 929/929/929 943/943/943 947/947/947
f 948/948/948 949/949/949 946/946/946 947/947/947
f 949/949/949 937/937/937 932/932/932 946/946/946
f 950/950/950 953/953/953 951/951/951 952/952/952
f 939/939/939 951/951/951 953/953/953 954/954/954
f 955/955/955 954/954/954 953/953/953 958/958/958
f 944/944/944 941/941/941 940/940/940 956/956/956
f 957/957/957 958/958/958 953/953/953 950/950/950
f 915/915/915 960/960/960 959/959/959 913/913/913
f 955/955/955 956/956/956 940/940/940 954/954/954
f 925/925/925 936/936/936 938/938/938 961/961/961
f 957/957/957 950/950/950 962/962/962 963/963/963
f 948/948/948 947/947/947 964/964/964 965/965/965
f 966/966/966 967/967/967 964/964/964 947/947/947
f 948/948/948 965/965/965 964/964/964 967/967/967
f 968/968/968 969/969/969 970/970/970 971/971/971
f 972/972/972 973/973/973 971/971/971 970/970/970
f 974/974/974 973/973/973 972/972/972 975/975/975
f 976/976/976 975/975/975 972/972/972 922/922/922
f 919/919/919 970/970/970 969/969/969 920/920/920
f 919/919/919 922/922/922 972/972/972 970/970/970
f 923/923/923 976/976/976 922/922/922 921/921/921
f 975/975/975 976/976/976 923/923/923 926/926/926
f 977/977/977 978/978/978 979/979/979
f 980/980/980 979/979/979 978/978/978 981/981/981
f 980/980/980 981/981/981 952/952/952 951/951/951
f 939/939/939 980/980/980 951/951/951
f 939/939/939 983/983/983 982/982/982 980/980/980
f 978/978/978 985/985/985 984/984/984 981/981/981
f 952/952/952 981/981/981 984/984/984 986/986/986
f 950/950/950 952/952/952 986/986/986 962/962/962
f 962/962/962 986/986/986 987/987/987 988/988/988
f 989/989/989 990/990/990 988/988/988 987/987/987
f 989/989/989 987/987/987 991/991/991
f 978/978/978 993/993/993 992/992/992 985/985/985
f 994/994/994 995/995/995 992/992/992 993/993/993
f 992/992/992 995/995/995 996/996/996 997/997/997
f 985/985/985 992/992/992 997/997/997 998/998/998
f 985/985/985 998/998/998 999/999/999 984/984/984
f 986/986/986 984/984/984 999/999/999 987/987/987
f 999/999/999 1000/1000/1000 991/991/991 987/987/987
f 1001/1001/1001 1002/1002/1002 997/997/997 996/996/996
f 1001/1001/1001 1004/1004/1004 1003/1003/1003 1002/1002/1002
f 997/997/997 1002/1002/1002 1005/1005/1005 998/998/998
f 999/999/999 998/998/998 1005/1005/1005 1000/1000/1000
f 1006/1006/1006 1009/1009/1009 1007/1007/1007 1008/1008/1008
f 1010/1010/1010 1013/1013/1013 1011/1011/1011 1012/1012/1012
f 1014/1014/1014 1015/1015/1015 1016/1016/1016 1018/1018/1018
f 1015/1015/1015 1033/1033/1033 1017/1017/1017 1016/1016/1016
f 1019/1019/1019 1023/1023/1023 1018/1018/1018 1016/1016/1016
f 1014/1014/1014 1018/1018/1018 1020/1020/1020 1022/1022/1022
f 1021/1021/1021 1020/1020/1020 1018/1018/1018 1023/1023/1023
f 1019/1019/1019 1016/1016/1016 1017/1017/1017 1024/1024/1024
f 1024/1024/1024 1017/1017/1017 1025/1025/1025 1026/1026/1026
f 1025/1025/1025 1027/1027/1027 1028/1028/1028 1029/1029/1029
f 1025/1025/1025 1029/1029/1029 1030/1030/1030 1031/1031/1031
f 1032/1032/1032 1025/1025/1025 1031/1031/1031
f 1032/1032/1032 1026/1026/1026 1025/1025/1025
f 1027/1027/1027 1025/1025/1025 1017/1017/1017 1033/1033/1033
f 1034/1034/1034 1035/1035/1035 1036/1036/1036 1037/1037/1037
f 1038/1038/1038 1045/1045/1045 1039/1039/1039 1040/1040/1040
f 1041/1041/1041 1040/1040/1040 1039/1039/1039 1050/1050/1050
f 1042/1042/1042 1044/1044/1044 1043/1043/1043 1041/1041/1041
f 1045/1045/1045 1046/1046/1046 1047/1047/1047 1039/1039/1039
f 1039/1039/1039 1047/1047/1047 1048/1048/1048 1050/1050/1050
f 1047/1047/1047 1065/1065/1065 1049/1049/1049 1048/1048/1048
f 1051/1051/1051 1050/1050/1050 1048/1048/1048 1053/1053/1053
f 1042/1042/1042 1041/1041/1041 1050/1050/1050 1051/1051/1051
f 1042/1042/1042 1051/1051/1051 1052/1052/1052 1044/1044/1044
f 1052/1052/1052 1051/1051/1051 1053/1053/1053 1054/1054/1054
f 1054/1054/1054 1053/1053/1053 1055/1055/1055 1056/1056/1056
f 1048/1048/1048 1049/1049/1049 1055/1055/1055 1053/1053/1053
f 1056/1056/1056 1055/1055/1055 1057/1057/1057 1058/1058/1058
f 1058/1058/1058 1057/1057/1057 1059/1059/1059 1060/1060/1060
f 1061/1061/1061 1062/1062/1062 1063/1063/1063 1065/1065/1065
f 1062/1062/1062 1074/1074/1074 1064/1064/1064 1063/1063/1063
f 1049/1049/1049 1065/1065/1065 1063/1063/1063 1066/1066/1066
f 1047/1047/1047 1046/1046/1046 1061/1061/1061 1065/1065/1065
f 1066/1066/1066 1063/1063/1063 1064/1064/1064 1067/1067/1067
f 1049/1049/1049 1066/1066/1066 1057/1057/1057 1055/1055/1055
f 1066/1066/1066 1067/1067/1067 1059/1059/1059 1057/1057/1057
f 1059/1059/1059 1067/1067/1067 1068/1068/1068 1069/1069/1069
f 1064/1064/1064 1076/1076/1076 1068/1068/1068 1067/1067/1067
f 1069/1069/1069 1068/1068/1068 1070/1070/1070 1072/1072/1072
f 1059/1059/1059 1069/1069/1069 1071/1071/1071 1060/1060/1060
f 1071/1071/1071 1069/1069/1069 1072/1072/1072 1073/1073/1073
f 1064/1064/1064 1074/1074/1074 1075/1075/1075 1076/1076/1076
f 1075/1075/1075 1089/1089/1089 1077/1077/1077 1076/1076/1076
f 1068/1068/1068 1076/1076/1076 1077/1077/1077 1070/1070/1070
f 1070/1070/1070 1077/1077/1077 1078/1078/1078 1080/1080/1080
f 1079/1079/1079 1078/1078/1078 1077/1077/1077 1089/1089/1089
f 1080/1080/1080 1078/1078/1078 1081/1081/1081 1084/1084/1084
f 1072/1072/1072 1070/1070/1070 1080/1080/1080 1082/1082/1082
f 1080/1080/1080 1084/1084/1084 1083/1083/1083 1082/1082/1082
f 1083/1083/1083 1084/1084/1084 1085/1085/1085 1086/1086/1086
f 1081/1081/1081 1091/1091/1091 1085/1085/1085 1084/1084/1084
f 1086/1086/1086 1085/1085/1085 1087/1087/1087 1088/1088/1088
f 1079/1079/1079 1090/1090/1090 1081/1081/1081 1078/1078/1078
f 1090/1090/1090 1092/1092/1092 1091/1091/1091 1081/1081/1081
f 1091/1091/1091 1093/1093/1093 1087/1087/1087 1085/1085/1085
f 1092/1092/1092 1097/1097/1097 1093/1093/1093 1091/1091/1091
f 1094/1094/1094 1087/1087/1087 1093/1093/1093 1096/1096/1096
f 1095/1095/1095 1088/1088/1088 1087/1087/1087 1094/1094/1094
f 1097/1097/1097 1099/1099/1099 1096/1096/1096 1093/1093/1093
f 1094/1094/1094 1096/1096/1096 1098/1098/1098 1100/1100/1100
f 1099/1099/1099 1108/1108/1108 1098/1098/1098 1096/1096/1096
f 1101/1101/1101 1132/1132/1132 1100/1100/1100 1098/1098/1098
f 1095/1095/1095 1094/1094/1094 1100/1100/1100 1102/1102/1102
f 1100/1100/1100 1132/1132/1132 1103/1103/1103 1102/1102/1102
f 1104/1104/1104 1095/1095/1095 1102/1102/1102 1105/1105/1105
f 1105/1105/1105 1102/1102/1102 1103/1103/1103 1106/1106/1106
f 1106/1106/1106 1103/1103/1103 1107/1107/1107 1122/1122/1122
f 1101/1101/1101 1098/1098/1098 1108/1108/1108 1109/1109/1109
f 1110/1110/1110 1101/1101/1101 1109/1109/1109
f 1110/1110/1110 1112/1112/1112 1111/1111/1111 1101/1101/1101
f 1112/1112/1112 1113/1113/1113 1114/1114/1114 1111/1111/1111
f 1115/1115/1115 1111/1111/1111 1114/1114/1114 1116/1116/1116
f 1101/1101/1101 1111/1111/1111 1115/1115/1115 1132/1132/1132
f 1117/1117/1117 1119/1119/1119 1116/1116/1116 1114/1114/1114
f 1107/1107/1107 1115/1115/1115 1116/1116/1116 1118/1118/1118
f 1103/1103/1103 1132/1132/1132 1115/1115/1115 1107/1107/1107
f 1118/1118/1118 1116/1116/1116 1119/1119/1119 1131/1131/1131
f 1107/1107/1107 1118/1118/1118 1120/1120/1120 1122/1122/1122
f 1121/1121/1121 1120/1120/1120 1118/1118/1118 1131/1131/1131
f 1123/1123/1123 1126/1126/1126 1124/1124/1124 1125/1125/1125
f 1117/1117/1117 1127/1127/1127 1128/1128/1128 1129/1129/1129
f 1117/1117/1117 1114/1114/1114 1113/1113/1113 1127/1127/1127
f 1117/1117/1117 1129/1129/1129 1126/1126/1126 1119/1119/1119
f 1126/1126/1126 1129/1129/1129 1130/1130/1130 1124/1124/1124
f 1123/1123/1123 1131/1131/1131 1119/1119/1119 1126/1126/1126
f 1104/1104/1104 1133/1133/1133 1088/1088/1088 1095/1095/1095
f 1134/1134/1134 1135/1135/1135 1133/1133/1133 1104/1104/1104
f 1136/1136/1136 1137/1137/1137 1138/1138/1138 1139/1139/1139
f 1139/1139/1139 1138/1138/1138 1140/1140/1140 1141/1141/1141
f 1142/1142/1142 1073/1073/1073 1137/1137/1137 1136/1136/1136
f 1135/1135/1135 1141/1141/1141 1140/1140/1140 1133/1133/1133
f 1143/1143/1143 1071/1071/1071 1073/1073/1073 1142/1142/1142
f 1144/1144/1144 1060/1060/1060 1071/1071/1071 1143/1143/1143
f 1138/1138/1138 1083/1083/1083 1086/1086/1086 1140/1140/1140
f 1140/1140/1140 1086/1086/1086 1088/1088/1088 1133/1133/1133
f 1137/1137/1137 1082/1082/1082 1083/1083/1083 1138/1138/1138
f 1073/1073/1073 1072/1072/1072 1082/1082/1082 1137/1137/1137
f 1145/1145/1145 1148/1148/1148 1146/1146/1146 1147/1147/1147
f 1149/1149/1149 1150/1150/1150 1146/1146/1146 1148/1148/1148
f 1147/1147/1147 1146/1146/1146 1151/1151/1151 1152/1152/1152
f 1151/1151/1151 1146/1146/1146 1150/1150/1150 1153/1153/1153
f 1149/1149/1149 1154/1154/1154 1150/1150/1150
f 1154/1154/1154 1155/1155/1155 1153/1153/1153 1150/1150/1150
f 1151/1151/1151 1153/1153/1153 1156/1156/1156 1157/1157/1157
f 1158/1158/1158 1157/1157/1157 1156/1156/1156 1159/1159/1159
f 1158/1158/1158 1159/1159/1159 1092/1092/1092 1090/1090/1090
f 1079/1079/1079 1160/1160/1160 1158/1158/1158 1090/1090/1090
f 1159/1159/1159 1161/1161/1161 1097/1097/1097 1092/1092/1092
f 1161/1161/1161 1162/1162/1162 1099/1099/1099 1097/1097/1097
f 1162/1162/1162 1163/1163/1163 1108/1108/1108 1099/1099/1099
f 1163/1163/1163 1164/1164/1164 1109/1109/1109 1108/1108/1108
f 1110/1110/1110 1109/1109/1109 1164/1164/1164 1165/1165/1165
f 1163/1163/1163 1219/1219/1219 1166/1166/1166 1164/1164/1164
f 1110/1110/1110 1165/1165/1165 1167/1167/1167 1113/1113/1113
f 1168/1168/1168 1169/1169/1169 1167/1167/1167 1165/1165/1165
f 1168/1168/1168 1171/1171/1171 1170/1170/1170 1169/1169/1169
f 1170/1170/1170 1171/1171/1171 1172/1172/1172 1173/1173/1173
f 1174/1174/1174 1175/1175/1175 1172/1172/1172 1171/1171/1171
f 1175/1175/1175 1174/1174/1174 1176/1176/1176 1177/1177/1177
f 1178/1178/1178 1175/1175/1175 1177/1177/1177 1179/1179/1179
f 1180/1180/1180 1181/1181/1181 1178/1178/1178 1179/1179/1179
f 1180/1180/1180 1179/1179/1179 1182/1182/1182 1183/1183/1183
f 1176/1176/1176 1185/1185/1185 1184/1184/1184 1177/1177/1177
f 1184/1184/1184 1187/1187/1187 1186/1186/1186 1177/1177/1177
f 1188/1188/1188 1179/1179/1179 1177/1177/1177 1186/1186/1186
f 1172/1172/1172 1190/1190/1190 1189/1189/1189 1173/1173/1173
f 1190/1190/1190 1192/1192/1192 1191/1191/1191 1189/1189/1189
f 1193/1193/1193 1194/1194/1194 1191/1191/1191 1192/1192/1192
f 1195/1195/1195 1196/1196/1196 1194/1194/1194 1193/1193/1193
f 1197/1197/1197 1195/1195/1195 1193/1193/1193 1206/1206/1206
f 1198/1198/1198 1199/1199/1199 1196/1196/1196 1195/1195/1195
f 1200/1200/1200 1201/1201/1201 1199/1199/1199 1198/1198/1198
f 1202/1202/1202 1203/1203/1203 1201/1201/1201 1200/1200/1200
f 1204/1204/1204 1200/1200/1200 1198/1198/1198 1217/1217/1217
f 1205/1205/1205 1202/1202/1202 1200/1200/1200 1204/1204/1204
f 1206/1206/1206 1193/1193/1193 1192/1192/1192 1207/1207/1207
f 1208/1208/1208 1197/1197/1197 1206/1206/1206 1214/1214/1214
f 1209/1209/1209 1217/1217/1217 1197/1197/1197 1208/1208/1208
f 1210/1210/1210 1209/1209/1209 1208/1208/1208 1211/1211/1211
f 1210/1210/1210 1213/1213/1213 1212/1212/1212 1209/1209/1209
f 1214/1214/1214 1206/1206/1206 1207/1207/1207 1215/1215/1215
f 1211/1211/1211 1208/1208/1208 1214/1214/1214 1216/1216/1216
f 1217/1217/1217 1198/1198/1198 1195/1195/1195 1197/1197/1197
f 1212/1212/1212 1204/1204/1204 1217/1217/1217 1209/1209/1209
f 1110/1110/1110 1113/1113/1113 1112/1112/1112
f 1218/1218/1218 1168/1168/1168 1165/1165/1165 1164/1164/1164
f 1218/1218/1218 1164/1164/1164 1166/1166/1166
f 1218/1218/1218 1174/1174/1174 1171/1171/1171 1168/1168/1168
f 1218/1218/1218 1185/1185/1185 1176/1176/1176 1174/1174/1174
f 1218/1218/1218 1166/1166/1166 1184/1184/1184 1185/1185/1185
f 1162/1162/1162 1249/1249/1249 1219/1219/1219 1163/1163/1163
f 1219/1219/1219 1187/1187/1187 1184/1184/1184 1166/1166/1166
f 1205/1205/1205 1221/1221/1221 1220/1220/1220 1202/1202/1202
f 1222/1222/1222 1205/1205/1205 1204/1204/1204 1212/1212/1212
f 1222/1222/1222 1223/1223/1223 1221/1221/1221 1205/1205/1205
f 1224/1224/1224 1152/1152/1152 1151/1151/1151 1157/1157/1157
f 1224/1224/1224 1157/1157/1157 1158/1158/1158 1160/1160/1160
f 1225/1225/1225 1147/1147/1147 1152/1152/1152 1226/1226/1226
f 1225/1225/1225 1226/1226/1226 1227/1227/1227 1228/1228/1228
f 1229/1229/1229 1227/1227/1227 1226/1226/1226 1231/1231/1231
f 1225/1225/1225 1228/1228/1228 1230/1230/1230
f 1231/1231/1231 1226/1226/1226 1152/1152/1152 1224/1224/1224
f 1232/1232/1232 1207/1207/1207 1192/1192/1192 1190/1190/1190
f 1232/1232/1232 1233/1233/1233 1215/1215/1215 1207/1207/1207
f 1211/1211/1211 1216/1216/1216 1234/1234/1234 1235/1235/1235
f 1236/1236/1236 1235/1235/1235 1234/1234/1234 1237/1237/1237
f 1237/1237/1237 1234/1234/1234 1238/1238/1238 1239/1239/1239
f 1240/1240/1240 1239/1239/1239 1238/1238/1238 1247/1247/1247
f 1241/1241/1241 1242/1242/1242 1239/1239/1239 1240/1240/1240
f 1243/1243/1243 1241/1241/1241 1240/1240/1240 1244/1244/1244
f 1245/1245/1245 1237/1237/1237 1239/1239/1239 1242/1242/1242
f 1246/1246/1246 1236/1236/1236 1237/1237/1237 1245/1245/1245
f 1188/1188/1188 1186/1186/1186 1247/1247/1247
f 1153/1153/1153 1155/1155/1155 1248/1248/1248 1156/1156/1156
f 1159/1159/1159 1156/1156/1156 1248/1248/1248 1161/1161/1161
f 1248/1248/1248 1249/1249/1249 1162/1162/1162 1161/1161/1161
f 1249/1249/1249 1268/1268/1268 1187/1187/1187 1219/1219/1219
f 1225/1225/1225 1145/1145/1145 1147/1147/1147
f 1222/1222/1222 1250/1250/1250 1251/1251/1251 1223/1223/1223
f 1179/1179/1179 1233/1233/1233 1182/1182/1182
f 1183/1183/1183 1182/1182/1182 1233/1233/1233 1232/1232/1232
f 1252/1252/1252 1238/1238/1238 1234/1234/1234 1216/1216/1216
f 1252/1252/1252 1216/1216/1216 1214/1214/1214 1215/1215/1215
f 1188/1188/1188 1247/1247/1247 1238/1238/1238 1252/1252/1252
f 1179/1179/1179 1252/1252/1252 1215/1215/1215 1233/1233/1233
f 1188/1188/1188 1252/1252/1252 1179/1179/1179
f 1180/1180/1180 1253/1253/1253 1183/1183/1183 1232/1232/1232
f 1180/1180/1180 1232/1232/1232 1254/1254/1254
f 1180/1180/1180 1254/1254/1254 1255/1255/1255 1181/1181/1181
f 1181/1181/1181 1232/1232/1232 1190/1190/1190 1172/1172/1172
f 1181/1181/1181 1255/1255/1255 1254/1254/1254 1232/1232/1232
f 1181/1181/1181 1172/1172/1172 1175/1175/1175 1178/1178/1178
f 1154/1154/1154 1256/1256/1256 1243/1243/1243 1244/1244/1244
f 1257/1257/1257 1258/1258/1258 1243/1243/1243 1256/1256/1256
f 1259/1259/1259 1260/1260/1260 1261/1261/1261
f 1259/1259/1259 1263/1263/1263 1262/1262/1262 1260/1260/1260
f 1257/1257/1257 1261/1261/1261 1260/1260/1260 1258/1258/1258
f 1264/1264/1264 1265/1265/1265 1259/1259/1259 1261/1261/1261
f 1266/1266/1266 1267/1267/1267 1263/1263/1263 1259/1259/1259
f 1240/1240/1240 1247/1247/1247 1186/1186/1186 1244/1244/1244
f 1268/1268/1268 1244/1244/1244 1186/1186/1186 1187/1187/1187
f 1154/1154/1154 1244/1244/1244 1268/1268/1268 1155/1155/1155
f 1248/1248/1248 1155/1155/1155 1268/1268/1268 1249/1249/1249
f 1145/1145/1145 1269/1269/1269 1270/1270/1270 1274/1274/1274
f 1257/1257/1257 1273/1273/1273 1271/1271/1271 1261/1261/1261
f 1257/1257/1257 1256/1256/1256 1272/1272/1272 1273/1273/1273
f 1149/1149/1149 1272/1272/1272 1256/1256/1256 1154/1154/1154
f 1271/1271/1271 1273/1273/1273 1272/1272/1272 1274/1274/1274
f 1149/1149/1149 1148/1148/1148 1274/1274/1274 1272/1272/1272
f 1271/1271/1271 1274/1274/1274 1270/1270/1270
f 1145/1145/1145 1274/1274/1274 1148/1148/1148
f 1271/1271/1271 1270/1270/1270 1269/1269/1269 1275/1275/1275
f 1271/1271/1271 1275/1275/1275 1269/1269/1269
f 1183/1183/1183 1253/1253/1253 1180/1180/1180
f 1250/1250/1250 1276/1276/1276 1223/1223/1223 1251/1251/1251
f 1277/1277/1277 1288/1288/1288 1278/1278/1278 1279/1279/1279
f 1279/1279/1279 1278/1278/1278 1280/1280/1280 1281/1281/1281
f 1282/1282/1282 1283/1283/1283 1284/1284/1284 1286/1286/1286
f 1285/1285/1285 1282/1282/1282 1286/1286/1286 1311/1311/1311
f 1287/1287/1287 1288/1288/1288 1285/1285/1285 1311/1311/1311
f 1287/1287/1287 1289/1289/1289 1278/1278/1278 1288/1288/1288
f 1287/1287/1287 1313/1313/1313 1290/1290/1290 1289/1289/1289
f 1278/1278/1278 1289/1289/1289 1291/1291/1291 1280/1280/1280
f 1289/1289/1289 1290/1290/1290 1292/1292/1292 1291/1291/1291
f 1280/1280/1280 1291/1291/1291 1293/1293/1293 1294/1294/1294
f 1293/1293/1293 1291/1291/1291 1292/1292/1292 1321/1321/1321
f 1294/1294/1294 1293/1293/1293 1295/1295/1295 1297/1297/1297
f 1281/1281/1281 1280/1280/1280 1294/1294/1294 1296/1296/1296
f 1296/1296/1296 1294/1294/1294 1297/1297/1297 1298/1298/1298
f 1299/1299/1299 1300/1300/1300 1301/1301/1301 1303/1303/1303
f 1300/1300/1300 1338/1338/1338 1302/1302/1302 1301/1301/1301
f 1304/1304/1304 1303/1303/1303 1301/1301/1301 1342/1342/1342
f 1305/1305/1305 1299/1299/1299 1303/1303/1303 1306/1306/1306
f 1307/1307/1307 1306/1306/1306 1303/1303/1303 1304/1304/1304
f 1284/1284/1284 1305/1305/1305 1306/1306/1306 1308/1308/1308
f 1307/1307/1307 1386/1386/1386 1308/1308/1308 1306/1306/1306
f 1286/1286/1286 1284/1284/1284 1308/1308/1308 1309/1309/1309
f 1308/1308/1308 1386/1386/1386 1310/1310/1310 1309/1309/1309
f 1311/1311/1311 1286/1286/1286 1309/1309/1309 1312/1312/1312
f 1312/1312/1312 1309/1309/1309 1310/1310/1310 1314/1314/1314
f 1287/1287/1287 1311/1311/1311 1312/1312/1312 1313/1313/1313
f 1313/1313/1313 1312/1312/1312 1314/1314/1314 1315/1315/1315
f 1290/1290/1290 1313/1313/1313 1315/1315/1315 1316/1316/1316
f 1315/1315/1315 1357/1357/1357 1317/1317/1317 1316/1316/1316
f 1318/1318/1318 1292/1292/1292 1290/1290/1290 1316/1316/1316
f 1318/1318/1318 1316/1316/1316 1317/1317/1317 1319/1319/1319
f 1319/1319/1319 1317/1317/1317 1320/1320/1320 1362/1362/1362
f 1318/1318/1318 1319/1319/1319 1321/1321/1321 1292/1292/1292
f 1322/1322/1322 1321/1321/1321 1319/1319/1319 1362/1362/1362
f 1293/1293/1293 1321/1321/1321 1322/1322/1322 1295/1295/1295
f 1295/1295/1295 1322/1322/1322 1323/1323/1323 1325/1325/1325
f 1322/1322/1322 1362/1362/1362 1324/1324/1324 1323/1323/1323
f 1325/1325/1325 1323/1323/1323 1326/1326/1326 1328/1328/1328
f 1297/1297/1297 1295/1295/1295 1325/1325/1325 1327/1327/1327
f 1327/1327/1327 1325/1325/1325 1328/1328/1328 1330/1330/1330
f 1298/1298/1298 1297/1297/1297 1327/1327/1327 1329/1329/1329
f 1329/1329/1329 1327/1327/1327 1330/1330/1330 1331/1331/1331
f 1332/1332/1332 1331/1331/1331 1330/1330/1330 1373/1373/1373
f 1333/1333/1333 1334/1334/1334 1335/1335/1335 1336/1336/1336
f 1337/1337/1337 1336/1336/1336 1335/1335/1335 1377/1377/1377
f 1302/1302/1302 1338/1338/1338 1339/1339/1339 1340/1340/1340
f 1337/1337/1337 1340/1340/1340 1339/1339/1339 1336/1336/1336
f 1341/1341/1341 1302/1302/1302 1340/1340/1340 1343/1343/1343
f 1342/1342/1342 1301/1301/1301 1302/1302/1302 1341/1341/1341
f 1337/1337/1337 1377/1377/1377 1343/1343/1343 1340/1340/1340
f 1344/1344/1344 1341/1341/1341 1343/1343/1343 1346/1346/1346
f 1345/1345/1345 1342/1342/1342 1341/1341/1341 1344/1344/1344
f 1347/1347/1347 1346/1346/1346 1343/1343/1343 1377/1377/1377
f 1344/1344/1344 1346/1346/1346 1348/1348/1348 1349/1349/1349
f 1347/1347/1347 1379/1379/1379 1348/1348/1348 1346/1346/1346
f 1350/1350/1350 1349/1349/1349 1348/1348/1348 1359/1359/1359
f 1345/1345/1345 1344/1344/1344 1349/1349/1349 1351/1351/1351
f 1352/1352/1352 1351/1351/1351 1349/1349/1349 1350/1350/1350
f 1353/1353/1353 1354/1354/1354 1345/1345/1345 1351/1351/1351
f 1355/1355/1355 1353/1353/1353 1351/1351/1351 1352/1352/1352
f 1314/1314/1314 1310/1310/1310 1353/1353/1353 1355/1355/1355
f 1356/1356/1356 1357/1357/1357 1355/1355/1355 1352/1352/1352
f 1356/1356/1356 1352/1352/1352 1350/1350/1350 1358/1358/1358
f 1358/1358/1358 1350/1350/1350 1359/1359/1359 1361/1361/1361
f 1356/1356/1356 1358/1358/1358 1360/1360/1360 1320/1320/1320
f 1360/1360/1360 1358/1358/1358 1361/1361/1361 1364/1364/1364
f 1362/1362/1362 1320/1320/1320 1360/1360/1360 1324/1324/1324
f 1356/1356/1356 1320/1320/1320 1317/1317/1317 1357/1357/1357
f 1315/1315/1315 1314/1314/1314 1355/1355/1355 1357/1357/1357
f 1363/1363/1363 1324/1324/1324 1360/1360/1360 1364/1364/1364
f 1363/1363/1363 1326/1326/1326 1323/1323/1323 1324/1324/1324
f 1363/1363/1363 1364/1364/1364 1365/1365/1365 1366/1366/1366
f 1365/1365/1365 1364/1364/1364 1361/1361/1361 1381/1381/1381
f 1365/1365/1365 1384/1384/1384 1367/1367/1367 1366/1366/1366
f 1363/1363/1363 1366/1366/1366 1368/1368/1368 1369/1369/1369
f 1368/1368/1368 1366/1366/1366 1367/1367/1367 1385/1385/1385
f 1363/1363/1363 1369/1369/1369 1370/1370/1370 1326/1326/1326
f 1370/1370/1370 1371/1371/1371 1328/1328/1328 1326/1326/1326
f 1372/1372/1372 1374/1374/1374 1371/1371/1371 1370/1370/1370
f 1330/1330/1330 1328/1328/1328 1371/1371/1371 1373/1373/1373
f 1373/1373/1373 1371/1371/1371 1374/1374/1374 1375/1375/1375
f 1347/1347/1347 1335/1335/1335 1376/1376/1376
f 1347/1347/1347 1377/1377/1377 1335/1335/1335
f 1347/1347/1347 1376/1376/1376 1378/1378/1378 1379/1379/1379
f 1380/1380/1380 1379/1379/1379 1378/1378/1378 1382/1382/1382
f 1359/1359/1359 1348/1348/1348 1379/1379/1379 1380/1380/1380
f 1361/1361/1361 1359/1359/1359 1380/1380/1380 1381/1381/1381
f 1381/1381/1381 1380/1380/1380 1382/1382/1382 1383/1383/1383
f 1365/1365/1365 1381/1381/1381 1383/1383/1383 1384/1384/1384
f 1310/1310/1310 1386/1386/1386 1354/1354/1354 1353/1353/1353
f 1307/1307/1307 1304/1304/1304 1354/1354/1354 1386/1386/1386
f 1304/1304/1304 1342/1342/1342 1345/1345/1345 1354/1354/1354
f 1347/1347/1347 1377/1377/1377 1387/1387/1387
f 1388/1388/1388 1282/1282/1282 1285/1285/1285 1389/1389/1389
f 1277/1277/1277 1389/1389/1389 1285/1285/1285 1288/1288/1288
f 1388/1388/1388 1390/1390/1390 1283/1283/1283 1282/1282/1282
f 1370/1370/1370 1369/1369/1369 1391/1391/1391 1392/1392/1392
f 1393/1393/1393 1394/1394/1394 1392/1392/1392 1391/1391/1391
f 1368/1368/1368 1385/1385/1385 1391/1391/1391 1369/1369/1369
f 1372/1372/1372 1392/1392/1392 1394/1394/1394 1375/1375/1375
f 1372/1372/1372 1375/1375/1375 1374/1374/1374
f 1372/1372/1372 1370/1370/1370 1392/1392/1392
f 1395/1395/1395 1396/1396/1396 1397/1397/1397 1399/1399/1399
f 1398/1398/1398 1403/1403/1403 1397/1397/1397 1396/1396/1396
f 1399/1399/1399 1397/1397/1397 1299/1299/1299 1305/1305/1305
f 1395/1395/1395 1399/1399/1399 1283/1283/1283 1390/1390/1390
f 1283/1283/1283 1399/1399/1399 1305/1305/1305 1284/1284/1284
f 1398/1398/1398 1400/1400/1400 1401/1401/1401 1403/1403/1403
f 1400/1400/1400 1405/1405/1405 1402/1402/1402 1401/1401/1401
f 1403/1403/1403 1401/1401/1401 1338/1338/1338 1300/1300/1300
f 1299/1299/1299 1397/1397/1397 1403/1403/1403 1300/1300/1300
f 1404/1404/1404 1407/1407/1407 1402/1402/1402 1405/1405/1405
f 1406/1406/1406 1336/1336/1336 1339/1339/1339 1402/1402/1402
f 1406/1406/1406 1402/1402/1402 1407/1407/1407
f 1401/1401/1401 1402/1402/1402 1339/1339/1339 1338/1338/1338
f 1333/1333/1333 1404/1404/1404 1408/1408/1408 1334/1334/1334
f 1333/1333/1333 1406/1406/1406 1407/1407/1407 1404/1404/1404
f 1409/1409/1409 1334/1334/1334 1408/1408/1408 1411/1411/1411
f 1335/1335/1335 1334/1334/1334 1409/1409/1409 1376/1376/1376
f 1410/1410/1410 1409/1409/1409 1411/1411/1411 1412/1412/1412
f 1410/1410/1410 1378/1378/1378 1376/1376/1376 1409/1409/1409
f 1413/1413/1413 1384/1384/1384 1383/1383/1383 1421/1421/1421
f 1414/1414/1414 1415/1415/1415 1367/1367/1367 1384/1384/1384
f 1414/1414/1414 1384/1384/1384 1413/1413/1413
f 1414/1414/1414 1416/1416/1416 1413/1413/1413 1419/1419/1419
f 1414/1414/1414 1419/1419/1419 1417/1417/1417 1415/1415/1415
f 1385/1385/1385 1367/1367/1367 1415/1415/1415 1418/1418/1418
f 1420/1420/1420 1419/1419/1419 1413/1413/1413 1421/1421/1421
f 1420/1420/1420 1421/1421/1421 1422/1422/1422 1423/1423/1423
f 1383/1383/1383 1382/1382/1382 1422/1422/1422 1421/1421/1421
f 1423/1423/1423 1422/1422/1422 1410/1410/1410 1412/1412/1412
f 1410/1410/1410 1422/1422/1422 1382/1382/1382 1378/1378/1378
f 1424/1424/1424 1425/1425/1425 1426/1426/1426 1427/1427/1427
f 1427/1427/1427 1426/1426/1426 1428/1428/1428 1429/1429/1429
f 1424/1424/1424 1427/1427/1427 1429/1429/1429 1430/1430/1430
f 1428/1428/1428 1426/1426/1426 1431/1431/1431 1432/1432/1432
f 1433/1433/1433 1434/1434/1434 1435/1435/1435
f 1435/1435/1435 1436/1436/1436 1433/1433/1433
f 1436/1436/1436 1437/1437/1437 1433/1433/1433
f 1438/1438/1438 1439/1439/1439 1440/1440/1440 1441/1441/1441
f 1442/1442/1442 1443/1443/1443 1444/1444/1444 1445/1445/1445
f 1445/1445/1445 1444/1444/1444 1446/1446/1446 1447/1447/1447
f 1442/1442/1442 1445/1445/1445 1447/1447/1447 1448/1448/1448
f 1448/1448/1448 1447/1447/1447 1449/1449/1449 1454/1454/1454
f 1446/1446/1446 1450/1450/1450 1449/1449/1449 1447/1447/1447
f 1451/1451/1451 1449/1449/1449 1450/1450/1450 1453/1453/1453
f 1452/1452/1452 1454/1454/1454 1449/1449/1449 1451/1451/1451
f 1448/1448/1448 1454/1454/1454 1455/1455/1455
f 1442/1442/1442 1448/1448/1448 1456/1456/1456 1457/1457/1457
f 1452/1452/1452 1458/1458/1458 1459/1459/1459 1454/1454/1454
f 1455/1455/1455 1454/1454/1454 1459/1459/1459 1458/1458/1458
f 1460/1460/1460 1461/1461/1461 1462/1462/1462
f 1463/1463/1463 1460/1460/1460 1462/1462/1462 1464/1464/1464
f 1463/1463/1463 1464/1464/1464 1465/1465/1465 1466/1466/1466
f 1467/1467/1467 1468/1468/1468 1469/1469/1469
f 1468/1468/1468 1470/1470/1470 1469/1469/1469
f 1467/1467/1467 1469/1469/1469 1471/1471/1471
f 1472/1472/1472 1473/1473/1473 1471/1471/1471 1469/1469/1469
f 1472/1472/1472 1469/1469/1469 1470/1470/1470
f 1474/1474/1474 1475/1475/1475 1476/1476/1476 1477/1477/1477
f 1478/1478/1478 1479/1479/1479 1480/1480/1480 1482/1482/1482
f 1479/1479/1479 1488/1488/1488 1481/1481/1481 1480/1480/1480
f 1480/1480/1480 1499/1499/1499 1483/1483/1483 1482/1482/1482
f 1478/1478/1478 1482/1482/1482 1484/1484/1484 1485/1485/1485
f 1484/1484/1484 1482/1482/1482 1483/1483/1483 1502/1502/1502
f 1486/1486/1486 1487/1487/1487 1484/1484/1484 1502/1502/1502
f 1488/1488/1488 1489/1489/1489 1490/1490/1490 1481/1481/1481
f 1491/1491/1491 1481/1481/1481 1490/1490/1490 1492/1492/1492
f 1491/1491/1491 1499/1499/1499 1480/1480/1480 1481/1481/1481
f 1492/1492/1492 1490/1490/1490 1493/1493/1493 1509/1509/1509
f 1491/1491/1491 1492/1492/1492 1494/1494/1494 1496/1496/1496
f 1492/1492/1492 1509/1509/1509 1495/1495/1495 1494/1494/1494
f 1494/1494/1494 1519/1519/1519 1497/1497/1497 1496/1496/1496
f 1491/1491/1491 1496/1496/1496 1498/1498/1498 1499/1499/1499
f 1498/1498/1498 1496/1496/1496 1497/1497/1497 1529/1529/1529
f 1483/1483/1483 1499/1499/1499 1498/1498/1498 1500/1500/1500
f 1501/1501/1501 1500/1500/1500 1498/1498/1498 1529/1529/1529
f 1502/1502/1502 1483/1483/1483 1500/1500/1500 1503/1503/1503
f 1501/1501/1501 1532/1532/1532 1503/1503/1503 1500/1500/1500
f 1486/1486/1486 1502/1502/1502 1503/1503/1503 1504/1504/1504
f 1505/1505/1505 1504/1504/1504 1503/1503/1503 1532/1532/1532
f 1506/1506/1506 1493/1493/1493 1507/1507/1507 1508/1508/1508
f 1509/1509/1509 1510/1510/1510 1511/1511/1511 1495/1495/1495
f 1506/1506/1506 1509/1509/1509 1493/1493/1493
f 1512/1512/1512 1495/1495/1495 1511/1511/1511 1513/1513/1513
f 1494/1494/1494 1495/1495/1495 1512/1512/1512 1519/1519/1519
f 1513/1513/1513 1511/1511/1511 1514/1514/1514 1546/1546/1546
f 1512/1512/1512 1513/1513/1513 1515/1515/1515 1517/1517/1517
f 1513/1513/1513 1546/1546/1546 1516/1516/1516 1515/1515/1515
f 1517/1517/1517 1515/1515/1515 1518/1518/1518 1521/1521/1521
f 1519/1519/1519 1512/1512/1512 1517/1517/1517 1520/1520/1520
f 1520/1520/1520 1517/1517/1517 1521/1521/1521 1523/1523/1523
f 1522/1522/1522 1497/1497/1497 1519/1519/1519 1520/1520/1520
f 1522/1522/1522 1520/1520/1520 1523/1523/1523 1524/1524/1524
f 1525/1525/1525 1524/1524/1524 1523/1523/1523 1559/1559/1559
f 1522/1522/1522 1524/1524/1524 1526/1526/1526 1527/1527/1527
f 1525/1525/1525 1565/1565/1565 1526/1526/1526 1524/1524/1524
f 1528/1528/1528 1527/1527/1527 1526/1526/1526 1531/1531/1531
f 1522/1522/1522 1527/1527/1527 1529/1529/1529 1497/1497/1497
f 1501/1501/1501 1529/1529/1529 1527/1527/1527 1528/1528/1528
f 1501/1501/1501 1528/1528/1528 1530/1530/1530 1532/1532/1532
f 1530/1530/1530 1528/1528/1528 1531/1531/1531 1569/1569/1569
f 1505/1505/1505 1532/1532/1532 1530/1530/1530 1533/1533/1533
f 1530/1530/1530 1569/1569/1569 1534/1534/1534 1533/1533/1533
f 1505/1505/1505 1533/1533/1533 1535/1535/1535 1537/1537/1537
f 1533/1533/1533 1534/1534/1534 1536/1536/1536 1535/1535/1535
f 1537/1537/1537 1535/1535/1535 1538/1538/1538 1540/1540/1540
f 1505/1505/1505 1537/1537/1537 1539/1539/1539 1504/1504/1504
f 1541/1541/1541 1542/1542/1542 1543/1543/1543 1545/1545/1545
f 1541/1541/1541 1545/1545/1545 1514/1514/1514 1544/1544/1544
f 1510/1510/1510 1544/1544/1544 1514/1514/1514 1511/1511/1511
f 1546/1546/1546 1514/1514/1514 1545/1545/1545 1547/1547/1547
f 1547/1547/1547 1545/1545/1545 1543/1543/1543 1578/1578/1578
f 1546/1546/1546 1547/1547/1547 1548/1548/1548 1516/1516/1516
f 1547/1547/1547 1578/1578/1578 1549/1549/1549 1548/1548/1548
f 1516/1516/1516 1548/1548/1548 1550/1550/1550 1552/1552/1552
f 1548/1548/1548 1549/1549/1549 1551/1551/1551 1550/1550/1550
f 1552/1552/1552 1550/1550/1550 1553/1553/1553 1554/1554/1554
f 1515/1515/1515 1516/1516/1516 1552/1552/1552 1518/1518/1518
f 1518/1518/1518 1552/1552/1552 1554/1554/1554 1555/1555/1555
f 1555/1555/1555 1554/1554/1554 1556/1556/1556 1591/1591/1591
f 1521/1521/1521 1518/1518/1518 1555/1555/1555 1557/1557/1557
f 1555/1555/1555 1591/1591/1591 1558/1558/1558 1557/1557/1557
f 1523/1523/1523 1521/1521/1521 1557/1557/1557 1559/1559/1559
f 1559/1559/1559 1557/1557/1557 1558/1558/1558 1560/1560/1560
f 1525/1525/1525 1559/1559/1559 1560/1560/1560 1561/1561/1561
f 1561/1561/1561 1560/1560/1560 1562/1562/1562 1632/1632/1632
f 1525/1525/1525 1561/1561/1561 1563/1563/1563 1565/1565/1565
f 1561/1561/1561 1632/1632/1632 1564/1564/1564 1563/1563/1563
f 1566/1566/1566 1565/1565/1565 1563/1563/1563 1594/1594/1594
f 1531/1531/1531 1526/1526/1526 1565/1565/1565 1566/1566/1566
f 1531/1531/1531 1566/1566/1566 1567/1567/1567 1569/1569/1569
f 1566/1566/1566 1594/1594/1594 1568/1568/1568 1567/1567/1567
f 1569/1569/1569 1567/1567/1567 1570/1570/1570 1534/1534/1534
f 1571/1571/1571 1570/1570/1570 1567/1567/1567 1568/1568/1568
f 1572/1572/1572 1573/1573/1573 1574/1574/1574 1576/1576/1576
f 1573/1573/1573 1601/1601/1601 1575/1575/1575 1574/1574/1574
f 1577/1577/1577 1579/1579/1579 1576/1576/1576 1574/1574/1574
f 1572/1572/1572 1576/1576/1576 1543/1543/1543 1542/1542/1542
f 1576/1576/1576 1579/1579/1579 1578/1578/1578 1543/1543/1543
f 1578/1578/1578 1579/1579/1579 1580/1580/1580 1549/1549/1549
f 1549/1549/1549 1580/1580/1580 1581/1581/1581 1551/1551/1551
f 1580/1580/1580 1611/1611/1611 1582/1582/1582 1581/1581/1581
f 1581/1581/1581 1584/1584/1584 1583/1583/1583 1551/1551/1551
f 1550/1550/1550 1551/1551/1551 1583/1583/1583 1553/1553/1553
f 1553/1553/1553 1583/1583/1583 1585/1585/1585 1587/1587/1587
f 1583/1583/1583 1584/1584/1584 1586/1586/1586 1585/1585/1585
f 1588/1588/1588 1589/1589/1589 1587/1587/1587 1585/1585/1585
f 1554/1554/1554 1553/1553/1553 1587/1587/1587 1556/1556/1556
f 1556/1556/1556 1587/1587/1587 1589/1589/1589 1590/1590/1590
f 1591/1591/1591 1556/1556/1556 1590/1590/1590 1592/1592/1592
f 1558/1558/1558 1591/1591/1591 1592/1592/1592 1593/1593/1593
f 1560/1560/1560 1558/1558/1558 1593/1593/1593 1562/1562/1562
f 1594/1594/1594 1595/1595/1595 1596/1596/1596 1568/1568/1568
f 1563/1563/1563 1564/1564/1564 1595/1595/1595 1594/1594/1594
f 1597/1597/1597 1598/1598/1598 1599/1599/1599 1621/1621/1621
f 1600/1600/1600 1597/1597/1597 1601/1601/1601
f 1597/1597/1597 1602/1602/1602 1575/1575/1575 1601/1601/1601
f 1597/1597/1597 1621/1621/1621 1603/1603/1603 1602/1602/1602
f 1604/1604/1604 1575/1575/1575 1602/1602/1602 1605/1605/1605
f 1577/1577/1577 1574/1574/1574 1575/1575/1575 1604/1604/1604
f 1602/1602/1602 1603/1603/1603 1606/1606/1606 1605/1605/1605
f 1604/1604/1604 1605/1605/1605 1607/1607/1607 1609/1609/1609
f 1605/1605/1605 1606/1606/1606 1608/1608/1608 1607/1607/1607
f 1607/1607/1607 1630/1630/1630 1610/1610/1610 1609/1609/1609
f 1577/1577/1577 1604/1604/1604 1609/1609/1609 1611/1611/1611
f 1611/1611/1611 1609/1609/1609 1610/1610/1610 1582/1582/1582
f 1577/1577/1577 1611/1611/1611 1580/1580/1580 1579/1579/1579
f 1582/1582/1582 1610/1610/1610 1612/1612/1612 1614/1614/1614
f 1610/1610/1610 1630/1630/1630 1613/1613/1613 1612/1612/1612
f 1614/1614/1614 1612/1612/1612 1615/1615/1615 1616/1616/1616
f 1581/1581/1581 1582/1582/1582 1614/1614/1614 1584/1584/1584
f 1584/1584/1584 1614/1614/1614 1616/1616/1616 1586/1586/1586
f 1586/1586/1586 1616/1616/1616 1617/1617/1617 1618/1618/1618
f 1588/1588/1588 1585/1585/1585 1586/1586/1586 1618/1618/1618
f 1599/1599/1599 1619/1619/1619 1620/1620/1620 1621/1621/1621
f 1603/1603/1603 1621/1621/1621 1620/1620/1620 1622/1622/1622
f 1603/1603/1603 1622/1622/1622 1623/1623/1623 1606/1606/1606
f 1606/1606/1606 1623/1623/1623 1624/1624/1624 1608/1608/1608
f 1625/1625/1625 1608/1608/1608 1624/1624/1624 1626/1626/1626
f 1607/1607/1607 1608/1608/1608 1625/1625/1625 1630/1630/1630
f 1625/1625/1625 1626/1626/1626 1627/1627/1627 1628/1628/1628
f 1625/1625/1625 1628/1628/1628 1613/1613/1613 1630/1630/1630
f 1613/1613/1613 1628/1628/1628 1629/1629/1629 1631/1631/1631
f 1612/1612/1612 1613/1613/1613 1631/1631/1631 1615/1615/1615
f 1489/1489/1489 1507/1507/1507 1493/1493/1493 1490/1490/1490
f 1506/1506/1506 1633/1633/1633 1510/1510/1510 1509/1509/1509
f 1634/1634/1634 1598/1598/1598 1597/1597/1597 1600/1600/1600
f 1635/1635/1635 1636/1636/1636 1637/1637/1637
f 1638/1638/1638 1639/1639/1639 1637/1637/1637 1636/1636/1636
f 1601/1601/1601 1639/1639/1639 1638/1638/1638 1640/1640/1640
f 1601/1601/1601 1637/1637/1637 1639/1639/1639
f 1600/1600/1600 1601/1601/1601 1640/1640/1640
f 1641/1641/1641 1644/1644/1644 1642/1642/1642 1643/1643/1643
f 1644/1644/1644 1645/1645/1645 1646/1646/1646 1642/1642/1642
f 1645/1645/1645 1648/1648/1648 1647/1647/1647 1646/1646/1646
f 1537/1537/1537 1540/1540/1540 1648/1648/1648 1539/1539/1539
f 1649/1649/1649 1647/1647/1647 1648/1648/1648 1540/1540/1540
f 1633/1633/1633 1650/1650/1650 1544/1544/1544 1510/1510/1510
f 1651/1651/1651 1652/1652/1652 1542/1542/1542 1541/1541/1541
f 1572/1572/1572 1542/1542/1542 1652/1652/1652 1653/1653/1653
f 1651/1651/1651 1541/1541/1541 1544/1544/1544 1650/1650/1650
f 1572/1572/1572 1653/1653/1653 1654/1654/1654 1573/1573/1573
f 1655/1655/1655 1601/1601/1601 1573/1573/1573 1654/1654/1654
f 1506/1506/1506 1650/1650/1650 1633/1633/1633
f 1656/1656/1656 1657/1657/1657 1658/1658/1658 1663/1663/1663
f 1656/1656/1656 1663/1663/1663 1659/1659/1659 1619/1619/1619
f 1619/1619/1619 1659/1659/1659 1660/1660/1660 1620/1620/1620
f 1622/1622/1622 1620/1620/1620 1660/1660/1660 1667/1667/1667
f 1661/1661/1661 1623/1623/1623 1622/1622/1622 1667/1667/1667
f 1662/1662/1662 1664/1664/1664 1659/1659/1659 1663/1663/1663
f 1660/1660/1660 1659/1659/1659 1664/1664/1664 1665/1665/1665
f 1660/1660/1660 1665/1665/1665 1666/1666/1666 1667/1667/1667
f 1661/1661/1661 1667/1667/1667 1666/1666/1666 1668/1668/1668
f 1669/1669/1669 1670/1670/1670 1657/1657/1657 1656/1656/1656
f 1669/1669/1669 1656/1656/1656 1619/1619/1619 1599/1599/1599
f 1671/1671/1671 1672/1672/1672 1673/1673/1673 1674/1674/1674
f 1674/1674/1674 1673/1673/1673 1675/1675/1675 1680/1680/1680
f 1676/1676/1676 1677/1677/1677 1678/1678/1678 1679/1679/1679
f 1676/1676/1676 1680/1680/1680 1675/1675/1675 1677/1677/1677
f 1679/1679/1679 1678/1678/1678 1658/1658/1658 1657/1657/1657
f 1681/1681/1681 1682/1682/1682 1683/1683/1683 1684/1684/1684
f 1681/1681/1681 1684/1684/1684 1685/1685/1685 1687/1687/1687
f 1684/1684/1684 1689/1689/1689 1686/1686/1686 1685/1685/1685
f 1688/1688/1688 1687/1687/1687 1685/1685/1685 1671/1671/1671
f 1671/1671/1671 1685/1685/1685 1686/1686/1686 1672/1672/1672
f 1690/1690/1690 1686/1686/1686 1689/1689/1689 1691/1691/1691
f 1690/1690/1690 1691/1691/1691 1692/1692/1692 1693/1693/1693
f 1672/1672/1672 1686/1686/1686 1690/1690/1690 1694/1694/1694
f 1695/1695/1695 1698/1698/1698 1696/1696/1696 1697/1697/1697
f 1699/1699/1699 1700/1700/1700 1701/1701/1701 1718/1718/1718
f 1699/1699/1699 1718/1718/1718 1702/1702/1702 1703/1703/1703
f 1704/1704/1704 1705/1705/1705 1703/1703/1703 1702/1702/1702
f 1704/1704/1704 1706/1706/1706 1705/1705/1705
f 1704/1704/1704 1702/1702/1702 1707/1707/1707 1709/1709/1709
f 1708/1708/1708 1707/1707/1707 1702/1702/1702 1718/1718/1718
f 1710/1710/1710 1704/1704/1704 1709/1709/1709
f 1708/1708/1708 1713/1713/1713 1711/1711/1711 1712/1712/1712
f 1714/1714/1714 1720/1720/1720 1715/1715/1715 1716/1716/1716
f 1701/1701/1701 1700/1700/1700 1716/1716/1716 1715/1715/1715
f 1717/1717/1717 1701/1701/1701 1715/1715/1715 1719/1719/1719
f 1717/1717/1717 1713/1713/1713 1718/1718/1718 1701/1701/1701
f 1708/1708/1708 1718/1718/1718 1713/1713/1713
f 1711/1711/1711 1713/1713/1713 1717/1717/1717 1719/1719/1719
f 1704/1704/1704 1722/1722/1722 1721/1721/1721 1706/1706/1706
f 1711/1711/1711 1719/1719/1719 1723/1723/1723 1724/1724/1724
f 1725/1725/1725 1728/1728/1728 1726/1726/1726 1727/1727/1727
f 1729/1729/1729 1732/1732/1732 1730/1730/1730 1731/1731/1731
f 1733/1733/1733 1734/1734/1734 1735/1735/1735 1736/1736/1736
f 1737/1737/1737 1738/1738/1738 1739/1739/1739
f 1740/1740/1740 1743/1743/1743 1741/1741/1741 1742/1742/1742
f 1744/1744/1744 1745/1745/1745 1746/1746/1746
f 1747/1747/1747 1744/1744/1744 1746/1746/1746
f 1748/1748/1748 1752/1752/1752 1749/1749/1749 1750/1750/1750
f 1751/1751/1751 1750/1750/1750 1749/1749/1749 1752/1752/1752
f 1753/1753/1753 1754/1754/1754 1755/1755/1755
f 1756/1756/1756 1759/1759/1759 1757/1757/1757 1758/1758/1758
f 1760/1760/1760 1761/1761/1761 1759/1759/1759 1762/1762/1762
f 1762/1762/1762 1759/1759/1759 1756/1756/1756 1767/1767/1767
f 1763/1763/1763 1764/1764/1764 1758/1758/1758
f 1764/1764/1764 1765/1765/1765 1758/1758/1758
f 1764/1764/1764 1766/1766/1766 1765/1765/1765
f 1765/1765/1765 1767/1767/1767 1756/1756/1756 1758/1758/1758
f 1768/1768/1768 1769/1769/1769 1770/1770/1770 1772/1772/1772
f 1769/1769/1769 1775/1775/1775 1771/1771/1771 1770/1770/1770
f 1773/1773/1773 1774/1774/1774 1768/1768/1768 1772/1772/1772
f 1764/1764/1764 1774/1774/1774 1773/1773/1773 1766/1766/1766
f 1776/1776/1776 1777/1777/1777 1778/1778/1778
f 1779/1779/1779 1780/1780/1780 1781/1781/1781
f 1782/1782/1782 1783/1783/1783 1784/1784/1784
f 1785/1785/1785 1786/1786/1786 1787/1787/1787 1788/1788/1788
f 1789/1789/1789 1790/1790/1790 1791/1791/1791
f 1792/1792/1792 1793/1793/1793 1794/1794/1794
f 1795/1795/1795 1796/1796/1796 1797/1797/1797
f 1798/1798/1798 1799/1799/1799 1800/1800/1800
f 1801/1801/1801 1802/1802/1802 1803/1803/1803
f 1801/1801/1801 1803/1803/1803 1804/1804/1804 1805/1805/1805
f 1806/1806/1806 1809/1809/1809 1807/1807/1807 1808/1808/1808
f 1810/1810/1810 1811/1811/1811 1812/1812/1812
f 1813/1813/1813 1814/1814/1814 1815/1815/1815
f 1816/1816/1816 1817/1817/1817 1818/1818/1818
f 1819/1819/1819 1820/1820/1820 1818/1818/1818
f 1819/1819/1819 1822/1822/1822 1821/1821/1821 1820/1820/1820
f 1819/1819/1819 1824/1824/1824 1823/1823/1823 1822/1822/1822
f 1819/1819/1819 1818/1818/1818 1817/1817/1817 1824/1824/1824
f 1816/1816/1816 1825/1825/1825 1826/1826/1826 1817/1817/1817
f 1827/1827/1827 1826/1826/1826 1825/1825/1825 1828/1828/1828
f 1829/1829/1829 1832/1832/1832 1830/1830/1830 1831/1831/1831
f 1833/1833/1833 1834/1834/1834 1835/1835/1835 1837/1837/1837
f 1836/1836/1836 1833/1833/1833 1837/1837/1837 1838/1838/1838
f 1838/1838/1838 1837/1837/1837 1839/1839/1839 1848/1848/1848
f 1840/1840/1840 1841/1841/1841 1842/1842/1842 1844/1844/1844
f 1843/1843/1843 1856/1856/1856 1842/1842/1842 1841/1841/1841
f 1842/1842/1842 1860/1860/1860 1845/1845/1845 1844/1844/1844
f 1840/1840/1840 1844/1844/1844 1846/1846/1846 1835/1835/1835
f 1846/1846/1846 1844/1844/1844 1845/1845/1845 1849/1849/1849
f 1846/1846/1846 1839/1839/1839 1837/1837/1837 1835/1835/1835
f 1847/1847/1847 1839/1839/1839 1846/1846/1846 1849/1849/1849
f 1847/1847/1847 1848/1848/1848 1839/1839/1839
f 1850/1850/1850 1851/1851/1851 1847/1847/1847 1849/1849/1849
f 1850/1850/1850 1849/1849/1849 1852/1852/1852
f 1849/1849/1849 1845/1845/1845 1853/1853/1853 1852/1852/1852
f 1850/1850/1850 1854/1854/1854 1855/1855/1855 1851/1851/1851
f 1847/1847/1847 1851/1851/1851 1855/1855/1855 1848/1848/1848
f 1856/1856/1856 1857/1857/1857 1858/1858/1858 1861/1861/1861
f 1859/1859/1859 1857/1857/1857 1856/1856/1856 1843/1843/1843
f 1856/1856/1856 1861/1861/1861 1860/1860/1860 1842/1842/1842
f 1862/1862/1862 1853/1853/1853 1845/1845/1845 1860/1860/1860
f 1863/1863/1863 1862/1862/1862 1860/1860/1860 1861/1861/1861
f 1864/1864/1864 1863/1863/1863 1861/1861/1861 1858/1858/1858
f 1864/1864/1864 1867/1867/1867 1865/1865/1865 1863/1863/1863
f 1864/1864/1864 1858/1858/1858 1866/1866/1866
f 1868/1868/1868 1841/1841/1841 1840/1840/1840
f 1868/1868/1868 1843/1843/1843 1841/1841/1841
f 1869/1869/1869 1870/1870/1870 1871/1871/1871 1875/1875/1875
f 1850/1850/1850 1870/1870/1870 1872/1872/1872 1854/1854/1854
f 1869/1869/1869 1878/1878/1878 1872/1872/1872 1870/1870/1870
f 1873/1873/1873 1871/1871/1871 1874/1874/1874
f 1873/1873/1873 1876/1876/1876 1875/1875/1875 1871/1871/1871
f 1869/1869/1869 1875/1875/1875 1877/1877/1877 1878/1878/1878
f 1876/1876/1876 1879/1879/1879 1877/1877/1877 1875/1875/1875
f 1876/1876/1876 1881/1881/1881 1880/1880/1880 1879/1879/1879
f 1882/1882/1882 1883/1883/1883 1858/1858/1858 1857/1857/1857
f 1884/1884/1884 1866/1866/1866 1858/1858/1858 1883/1883/1883
f 1864/1864/1864 1866/1866/1866 1885/1885/1885 1867/1867/1867
f 1886/1886/1886 1888/1888/1888 1885/1885/1885 1866/1866/1866
f 1867/1867/1867 1885/1885/1885 1887/1887/1887 1890/1890/1890
f 1888/1888/1888 1889/1889/1889 1887/1887/1887 1885/1885/1885
f 1886/1886/1886 1866/1866/1866 1884/1884/1884 1891/1891/1891
f 1884/1884/1884 1883/1883/1883 1891/1891/1891
f 1892/1892/1892 1895/1895/1895 1893/1893/1893 1894/1894/1894
f 1892/1892/1892 1897/1897/1897 1896/1896/1896 1895/1895/1895
f 1898/1898/1898 1893/1893/1893 1895/1895/1895 1899/1899/1899
f 1900/1900/1900 1901/1901/1901 1899/1899/1899 1895/1895/1895
f 1902/1902/1902 1894/1894/1894 1893/1893/1893 1906/1906/1906
f 1903/1903/1903 1894/1894/1894 1902/1902/1902
f 1903/1903/1903 1905/1905/1905 1904/1904/1904 1894/1894/1894
f 1906/1906/1906 1893/1893/1893 1898/1898/1898 1907/1907/1907
f 1908/1908/1908 1907/1907/1907 1898/1898/1898 1909/1909/1909
f 1910/1910/1910 1909/1909/1909 1898/1898/1898
f 1910/1910/1910 1912/1912/1912 1911/1911/1911 1909/1909/1909
f 1868/1868/1868 1840/1840/1840 1911/1911/1911 1912/1912/1912
f 1834/1834/1834 1911/1911/1911 1840/1840/1840 1835/1835/1835
f 1907/1907/1907 1908/1908/1908 1913/1913/1913
f 1914/1914/1914 1908/1908/1908 1909/1909/1909 1911/1911/1911
f 1914/1914/1914 1911/1911/1911 1834/1834/1834
f 1915/1915/1915 1916/1916/1916 1912/1912/1912 1910/1910/1910
f 1868/1868/1868 1912/1912/1912 1917/1917/1917 1918/1918/1918
f 1914/1914/1914 1834/1834/1834 1919/1919/1919
f 1908/1908/1908 1914/1914/1914 1913/1913/1913
f 1900/1900/1900 1895/1895/1895 1896/1896/1896
f 1920/1920/1920 1879/1879/1879 1880/1880/1880 1881/1881/1881
f 1921/1921/1921 1922/1922/1922 1923/1923/1923
f 1924/1924/1924 1927/1927/1927 1925/1925/1925 1926/1926/1926
f 1926/1926/1926 1925/1925/1925 1928/1928/1928 1929/1929/1929
f 1925/1925/1925 1931/1931/1931 1930/1930/1930 1928/1928/1928
f 1927/1927/1927 1932/1932/1932 1931/1931/1931 1925/1925/1925
f 1932/1932/1932 1934/1934/1934 1933/1933/1933 1931/1931/1931
f 1934/1934/1934 1936/1936/1936 1935/1935/1935 1933/1933/1933
f 1937/1937/1937 1935/1935/1935 1936/1936/1936 1938/1938/1938
f 1937/1937/1937 1938/1938/1938 1939/1939/1939 1940/1940/1940
f 1941/1941/1941 1942/1942/1942 1939/1939/1939 1938/1938/1938
f 1943/1943/1943 1944/1944/1944 1939/1939/1939 1942/1942/1942
f 1943/1943/1943 1946/1946/1946 1945/1945/1945 1944/1944/1944
f 1947/1947/1947 1948/1948/1948 1945/1945/1945 1946/1946/1946
f 1947/1947/1947 1950/1950/1950 1949/1949/1949 1948/1948/1948
f 1949/1949/1949 1950/1950/1950 1951/1951/1951 1952/1952/1952
f 1949/1949/1949 1952/1952/1952 1953/1953/1953 1954/1954/1954
f 1955/1955/1955 1953/1953/1953 1952/1952/1952 1956/1956/1956
f 1955/1955/1955 1956/1956/1956 1957/1957/1957 1958/1958/1958
f 1947/1947/1947 1960/1960/1960 1959/1959/1959 1950/1950/1950
f 1959/1959/1959 1961/1961/1961 1951/1951/1951 1950/1950/1950
f 1954/1954/1954 1953/1953/1953 1962/1962/1962 1963/1963/1963
f 1955/1955/1955 1964/1964/1964 1962/1962/1962 1953/1953/1953
f 1965/1965/1965 1958/1958/1958 1957/1957/1957 1966/1966/1966
f 1965/1965/1965 1966/1966/1966 1967/1967/1967 1968/1968/1968
f 1969/1969/1969 1968/1968/1968 1967/1967/1967 1970/1970/1970
f 1969/1969/1969 1970/1970/1970 1971/1971/1971 1972/1972/1972
f 1973/1973/1973 1974/1974/1974 1971/1971/1971 1970/1970/1970
f 1973/1973/1973 1976/1976/1976 1975/1975/1975 1974/1974/1974
f 1976/1976/1976 1978/1978/1978 1977/1977/1977 1975/1975/1975
f 1979/1979/1979 1976/1976/1976 1973/1973/1973 1985/1985/1985
f 1979/1979/1979 1980/1980/1980 1978/1978/1978 1976/1976/1976
f 1974/1974/1974 1975/1975/1975 1981/1981/1981 1983/1983/1983
f 1977/1977/1977 1982/1982/1982 1981/1981/1981 1975/1975/1975
f 1971/1971/1971 1974/1974/1974 1983/1983/1983 1984/1984/1984
f 1966/1966/1966 1986/1986/1986 1985/1985/1985 1967/1967/1967
f 1985/1985/1985 1973/1973/1973 1970/1970/1970 1967/1967/1967
f 1987/1987/1987 1988/1988/1988 1969/1969/1969 1972/1972/1972
f 1989/1989/1989 1987/1987/1987 1972/1972/1972 2217/2217/2217
f 1989/1989/1989 1990/1990/1990 1987/1987/1987
f 1989/1989/1989 1992/1992/1992 1991/1991/1991 1990/1990/1990
f 1992/1992/1992 1994/1994/1994 1993/1993/1993 1991/1991/1991
f 1992/1992/1992 2217/2217/2217 1995/1995/1995 1994/1994/1994
f 1994/1994/1994 1995/1995/1995 1996/1996/1996 1997/1997/1997
f 1998/1998/1998 1999/1999/1999 1996/1996/1996 1995/1995/1995
f 2000/2000/2000 2001/2001/2001 1988/1988/1988 1987/1987/1987
f 2002/2002/2002 2001/2001/2001 2000/2000/2000 2003/2003/2003
f 2002/2002/2002 2005/2005/2005 2004/2004/2004 2001/2001/2001
f 2005/2005/2005 2134/2134/2134 2006/2006/2006 2004/2004/2004
f 2006/2006/2006 2008/2008/2008 2007/2007/2007 2004/2004/2004
f 2009/2009/2009 2015/2015/2015 2004/2004/2004 2007/2007/2007
f 2010/2010/2010 2007/2007/2007 2008/2008/2008 2011/2011/2011
f 2006/2006/2006 2013/2013/2013 2012/2012/2012 2008/2008/2008
f 2011/2011/2011 2008/2008/2008 2012/2012/2012 2014/2014/2014
f 1965/1965/1965 1968/1968/1968 2015/2015/2015 2009/2009/2009
f 2015/2015/2015 1968/1968/1968 1969/1969/1969 1988/1988/1988
f 2015/2015/2015 1988/1988/1988 2001/2001/2001 2004/2004/2004
f 2002/2002/2002 2003/2003/2003 2016/2016/2016 2134/2134/2134
f 1941/1941/1941 1938/1938/1938 2017/2017/2017
f 1941/1941/1941 2017/2017/2017 2018/2018/2018 2019/2019/2019
f 1941/1941/1941 2019/2019/2019 2020/2020/2020 2031/2031/2031
f 2021/2021/2021 2018/2018/2018 2017/2017/2017 2033/2033/2033
f 2022/2022/2022 2018/2018/2018 2021/2021/2021 2023/2023/2023
f 2024/2024/2024 2025/2025/2025 2023/2023/2023 2021/2021/2021
f 2026/2026/2026 2027/2027/2027 2023/2023/2023 2025/2025/2025
f 2024/2024/2024 2029/2029/2029 2028/2028/2028 2025/2025/2025
f 2028/2028/2028 2030/2030/2030 2026/2026/2026 2025/2025/2025
f 1941/1941/1941 2031/2031/2031 1942/1942/1942
f 1943/1943/1943 1942/1942/1942 2031/2031/2031 2032/2032/2032
f 2033/2033/2033 2017/2017/2017 1938/1938/1938 1936/1936/1936
f 2024/2024/2024 2021/2021/2021 2033/2033/2033 2207/2207/2207
f 1937/1937/1937 1940/1940/1940 2034/2034/2034 2035/2035/2035
f 2035/2035/2035 2034/2034/2034 2036/2036/2036 2037/2037/2037
f 2038/2038/2038 2037/2037/2037 2036/2036/2036 2039/2039/2039
f 2040/2040/2040 2038/2038/2038 2039/2039/2039
f 2041/2041/2041 1940/1940/1940 1939/1939/1939 1944/1944/1944
f 2041/2041/2041 1944/1944/1944 1945/1945/1945 2042/2042/2042
f 2041/2041/2041 2043/2043/2043 2034/2034/2034 1940/1940/1940
f 2044/2044/2044 2045/2045/2045 2037/2037/2037 2038/2038/2038
f 2046/2046/2046 2044/2044/2044 2038/2038/2038 2159/2159/2159
f 2047/2047/2047 2048/2048/2048 2044/2044/2044 2046/2046/2046
f 2049/2049/2049 2050/2050/2050 2048/2048/2048 2047/2047/2047
f 2049/2049/2049 2047/2047/2047 2051/2051/2051 2052/2052/2052
f 2053/2053/2053 2054/2054/2054 2049/2049/2049 2052/2052/2052
f 2053/2053/2053 2052/2052/2052 2055/2055/2055 2056/2056/2056
f 2056/2056/2056 2055/2055/2055 2057/2057/2057 2058/2058/2058
f 2058/2058/2058 2057/2057/2057 2059/2059/2059 2060/2060/2060
f 2055/2055/2055 2105/2105/2105 2061/2061/2061 2057/2057/2057
f 2059/2059/2059 2057/2057/2057 2061/2061/2061 2062/2062/2062
f 2063/2063/2063 2064/2064/2064 2059/2059/2059 2062/2062/2062
f 2065/2065/2065 2062/2062/2062 2061/2061/2061 2066/2066/2066
f 2065/2065/2065 2066/2066/2066 2067/2067/2067 2068/2068/2068
f 2069/2069/2069 2070/2070/2070 2067/2067/2067 2066/2066/2066
f 2068/2068/2068 2067/2067/2067 2071/2071/2071 2072/2072/2072
f 2070/2070/2070 2073/2073/2073 2071/2071/2071 2067/2067/2067
f 2074/2074/2074 2064/2064/2064 2063/2063/2063 2075/2075/2075
f 2076/2076/2076 2077/2077/2077 2075/2075/2075 2063/2063/2063
f 2075/2075/2075 2077/2077/2077 2078/2078/2078 2099/2099/2099
f 2077/2077/2077 2080/2080/2080 2079/2079/2079 2078/2078/2078
f 2081/2081/2081 2078/2078/2078 2079/2079/2079 2082/2082/2082
f 2083/2083/2083 2079/2079/2079 2080/2080/2080
f 2083/2083/2083 2085/2085/2085 2084/2084/2084 2079/2079/2079
f 2079/2079/2079 2084/2084/2084 2086/2086/2086 2082/2082/2082
f 2077/2077/2077 2076/2076/2076 2087/2087/2087 2080/2080/2080
f 2083/2083/2083 2080/2080/2080 2087/2087/2087 2088/2088/2088
f 2089/2089/2089 2099/2099/2099 2078/2078/2078 2081/2081/2081
f 2089/2089/2089 2081/2081/2081 2090/2090/2090 2091/2091/2091
f 2092/2092/2092 2089/2089/2089 2091/2091/2091 2093/2093/2093
f 2094/2094/2094 2099/2099/2099 2089/2089/2089 2092/2092/2092
f 2095/2095/2095 2092/2092/2092 2093/2093/2093 2096/2096/2096
f 2095/2095/2095 2096/2096/2096 2097/2097/2097 2098/2098/2098
f 2074/2074/2074 2075/2075/2075 2099/2099/2099 2094/2094/2094
f 2083/2083/2083 2088/2088/2088 2100/2100/2100 2101/2101/2101
f 2088/2088/2088 2103/2103/2103 2102/2102/2102 2100/2100/2100
f 2087/2087/2087 2104/2104/2104 2103/2103/2103 2088/2088/2088
f 2052/2052/2052 2051/2051/2051 2105/2105/2105 2055/2055/2055
f 2105/2105/2105 2069/2069/2069 2066/2066/2066 2061/2061/2061
f 2047/2047/2047 2046/2046/2046 2106/2106/2106 2051/2051/2051
f 2106/2106/2106 2199/2199/2199 2070/2070/2070 2069/2069/2069
f 2107/2107/2107 2050/2050/2050 2049/2049/2049 2054/2054/2054
f 2108/2108/2108 2162/2162/2162 2050/2050/2050 2107/2107/2107
f 2040/2040/2040 2039/2039/2039 2109/2109/2109 2110/2110/2110
f 2110/2110/2110 2109/2109/2109 2111/2111/2111 2112/2112/2112
f 2112/2112/2112 2111/2111/2111 2113/2113/2113 2114/2114/2114
f 2115/2115/2115 2116/2116/2116 2114/2114/2114 2113/2113/2113
f 2115/2115/2115 2118/2118/2118 2117/2117/2117 2116/2116/2116
f 2119/2119/2119 2145/2145/2145 2118/2118/2118 2115/2115/2115
f 2118/2118/2118 2135/2135/2135 2120/2120/2120 2117/2117/2117
f 2117/2117/2117 2120/2120/2120 2121/2121/2121 2122/2122/2122
f 2116/2116/2116 2117/2117/2117 2122/2122/2122 2123/2123/2123
f 2124/2124/2124 2113/2113/2113 2111/2111/2111 2125/2125/2125
f 2124/2124/2124 2119/2119/2119 2115/2115/2115 2113/2113/2113
f 2040/2040/2040 2110/2110/2110 2126/2126/2126 2127/2127/2127
f 2126/2126/2126 2110/2110/2110 2112/2112/2112 2128/2128/2128
f 2034/2034/2034 2043/2043/2043 2129/2129/2129 2036/2036/2036
f 2039/2039/2039 2036/2036/2036 2129/2129/2129 2109/2109/2109
f 2129/2129/2129 2125/2125/2125 2111/2111/2111 2109/2109/2109
f 2130/2130/2130 2045/2045/2045 2044/2044/2044 2048/2048/2048
f 2130/2130/2130 2131/2131/2131 2037/2037/2037 2045/2045/2045
f 2132/2132/2132 1933/1933/1933 1935/1935/1935
f 1937/1937/1937 2132/2132/2132 1935/1935/1935
f 2133/2133/2133 2218/2218/2218 1932/1932/1932 1927/1927/1927
f 2002/2002/2002 2134/2134/2134 2005/2005/2005
f 2135/2135/2135 2011/2011/2011 2014/2014/2014 2120/2120/2120
f 2136/2136/2136 2014/2014/2014 2012/2012/2012 2137/2137/2137
f 2136/2136/2136 2121/2121/2121 2120/2120/2120 2014/2014/2014
f 2081/2081/2081 2082/2082/2082 2138/2138/2138 2090/2090/2090
f 2086/2086/2086 2139/2139/2139 2138/2138/2138 2082/2082/2082
f 2140/2140/2140 2141/2141/2141 2123/2123/2123 2122/2122/2122
f 2142/2142/2142 2131/2131/2131 2130/2130/2130 2162/2162/2162
f 2143/2143/2143 1963/1963/1963 2119/2119/2119 2124/2124/2124
f 1955/1955/1955 1958/1958/1958 2144/2144/2144 1964/1964/1964
f 1965/1965/1965 2009/2009/2009 2144/2144/2144 1958/1958/1958
f 2144/2144/2144 2009/2009/2009 2007/2007/2007 2010/2010/2010
f 1963/1963/1963 1962/1962/1962 2145/2145/2145 2119/2119/2119
f 2086/2086/2086 2084/2084/2084 2146/2146/2146 2147/2147/2147
f 2146/2146/2146 2149/2149/2149 2148/2148/2148 2147/2147/2147
f 2147/2147/2147 2148/2148/2148 2150/2150/2150 2205/2205/2205
f 2151/2151/2151 2152/2152/2152 1982/1982/1982 1977/1977/1977
f 1981/1981/1981 1982/1982/1982 2153/2153/2153 2154/2154/2154
f 2152/2152/2152 2153/2153/2153 1982/1982/1982
f 2154/2154/2154 2153/2153/2153 2155/2155/2155 2156/2156/2156
f 2040/2040/2040 2127/2127/2127 2157/2157/2157
f 2127/2127/2127 2126/2126/2126 2158/2158/2158
f 2040/2040/2040 2157/2157/2157 2159/2159/2159 2038/2038/2038
f 2106/2106/2106 2046/2046/2046 2159/2159/2159 2199/2199/2199
f 1931/1931/1931 1933/1933/1933 2160/2160/2160 1930/1930/1930
f 2132/2132/2132 2161/2161/2161 2160/2160/2160 1933/1933/1933
f 2162/2162/2162 2130/2130/2130 2048/2048/2048 2050/2050/2050
f 2126/2126/2126 2128/2128/2128 2163/2163/2163 2158/2158/2158
f 2164/2164/2164 2112/2112/2112 2114/2114/2114
f 2164/2164/2164 2114/2114/2114 2116/2116/2116 2123/2123/2123
f 2164/2164/2164 2200/2200/2200 2128/2128/2128 2112/2112/2112
f 2165/2165/2165 2140/2140/2140 2122/2122/2122 2121/2121/2121
f 2166/2166/2166 2068/2068/2068 2072/2072/2072
f 2166/2166/2166 2076/2076/2076 2063/2063/2063
f 2167/2167/2167 2168/2168/2168 1959/1959/1959 1960/1960/1960
f 2167/2167/2167 2170/2170/2170 2169/2169/2169 2168/2168/2168
f 2168/2168/2168 2169/2169/2169 2171/2171/2171 2197/2197/2197
f 2170/2170/2170 2173/2173/2173 2172/2172/2172 2169/2169/2169
f 2172/2172/2172 2174/2174/2174 2171/2171/2171 2169/2169/2169
f 2171/2171/2171 2174/2174/2174 2175/2175/2175 2176/2176/2176
f 2176/2176/2176 2175/2175/2175 2177/2177/2177 2178/2178/2178
f 2177/2177/2177 2180/2180/2180 2179/2179/2179 2178/2178/2178
f 2176/2176/2176 2178/2178/2178 2181/2181/2181 2182/2182/2182
f 2181/2181/2181 2178/2178/2178 2179/2179/2179 2183/2183/2183
f 2184/2184/2184 2182/2182/2182 2181/2181/2181 2185/2185/2185
f 2186/2186/2186 2170/2170/2170 2167/2167/2167 2187/2187/2187
f 2186/2186/2186 2188/2188/2188 2173/2173/2173 2170/2170/2170
f 2189/2189/2189 2188/2188/2188 2186/2186/2186 2190/2190/2190
f 2191/2191/2191 2192/2192/2192 2189/2189/2189 2190/2190/2190
f 2189/2189/2189 2194/2194/2194 2193/2193/2193 2188/2188/2188
f 2195/2195/2195 2190/2190/2190 2186/2186/2186 2187/2187/2187
f 2191/2191/2191 2190/2190/2190 2195/2195/2195 2210/2210/2210
f 2072/2072/2072 2071/2071/2071 2196/2196/2196
f 2073/2073/2073 2196/2196/2196 2071/2071/2071
f 1959/1959/1959 2168/2168/2168 2197/2197/2197 1961/1961/1961
f 2197/2197/2197 2171/2171/2171 2176/2176/2176 2182/2182/2182
f 2197/2197/2197 2182/2182/2182 2184/2184/2184 1961/1961/1961
f 2198/2198/2198 1956/1956/1956 1952/1952/1952 1951/1951/1951
f 2198/2198/2198 2202/2202/2202 1957/1957/1957 1956/1956/1956
f 2198/2198/2198 1951/1951/1951 1961/1961/1961 2184/2184/2184
f 2198/2198/2198 2184/2184/2184 2185/2185/2185 2202/2202/2202
f 2199/2199/2199 2073/2073/2073 2070/2070/2070
f 2157/2157/2157 2127/2127/2127 2199/2199/2199 2159/2159/2159
f 2200/2200/2200 2208/2208/2208 2163/2163/2163 2128/2128/2128
f 2201/2201/2201 2103/2103/2103 2104/2104/2104
f 2201/2201/2201 2158/2158/2158 2163/2163/2163
f 2202/2202/2202 1986/1986/1986 1966/1966/1966 1957/1957/1957
f 1945/1945/1945 1948/1948/1948 2203/2203/2203 2042/2042/2042
f 2203/2203/2203 1948/1948/1948 1949/1949/1949 1954/1954/1954
f 2203/2203/2203 1954/1954/1954 1963/1963/1963 2143/2143/2143
f 2041/2041/2041 2042/2042/2042 2204/2204/2204 2043/2043/2043
f 2204/2204/2204 2143/2143/2143 2124/2124/2124 2125/2125/2125
f 2086/2086/2086 2147/2147/2147 2205/2205/2205 2139/2139/2139
f 2206/2206/2206 2013/2013/2013 2006/2006/2006 2134/2134/2134
f 2207/2207/2207 2033/2033/2033 1936/1936/1936 1934/1934/1934
f 2164/2164/2164 2208/2208/2208 2200/2200/2200
f 2201/2201/2201 2163/2163/2163 2208/2208/2208 2209/2209/2209
f 2210/2210/2210 2195/2195/2195 2032/2032/2032 2031/2031/2031
f 1943/1943/1943 2032/2032/2032 2211/2211/2211 1946/1946/1946
f 1947/1947/1947 1946/1946/1946 2211/2211/2211 1960/1960/1960
f 2211/2211/2211 2187/2187/2187 2167/2167/2167 1960/1960/1960
f 2212/2212/2212 2213/2213/2213 2028/2028/2028 2029/2029/2029
f 1962/1962/1962 1964/1964/1964 2214/2214/2214 2145/2145/2145
f 2214/2214/2214 2010/2010/2010 2011/2011/2011 2135/2135/2135
f 2214/2214/2214 2135/2135/2135 2118/2118/2118 2145/2145/2145
f 2214/2214/2214 1964/1964/1964 2144/2144/2144 2010/2010/2010
f 2012/2012/2012 2013/2013/2013 2215/2215/2215 2137/2137/2137
f 2206/2206/2206 2216/2216/2216 2215/2215/2215 2013/2013/2013
f 1971/1971/1971 1984/1984/1984 2217/2217/2217 1972/1972/1972
f 1989/1989/1989 2217/2217/2217 1992/1992/1992
f 2217/2217/2217 1984/1984/1984 1998/1998/1998 1995/1995/1995
f 2218/2218/2218 2207/2207/2207 1934/1934/1934 1932/1932/1932
f 2024/2024/2024 2207/2207/2207 2218/2218/2218 2029/2029/2029
f 2219/2219/2219 2183/2183/2183 1980/1980/1980 1979/1979/1979
f 2219/2219/2219 1979/1979/1979 1985/1985/1985 1986/1986/1986
f 2181/2181/2181 2183/2183/2183 2219/2219/2219 2185/2185/2185
f 2202/2202/2202 2185/2185/2185 2219/2219/2219 1986/1986/1986
f 2220/2220/2220 1983/1983/1983 1981/1981/1981 2154/2154/2154
f 2220/2220/2220 1998/1998/1998 1984/1984/1984 1983/1983/1983
f 2220/2220/2220 2221/2221/2221 1999/1999/1999 1998/1998/1998
f 2220/2220/2220 2154/2154/2154 2156/2156/2156 2221/2221/2221
f 2043/2043/2043 2204/2204/2204 2125/2125/2125 2129/2129/2129
f 2022/2022/2022 2210/2210/2210 2031/2031/2031 2020/2020/2020
f 2133/2133/2133 2212/2212/2212 2029/2029/2029 2218/2218/2218
f 2032/2032/2032 2195/2195/2195 2187/2187/2187 2211/2211/2211
f 2042/2042/2042 2203/2203/2203 2143/2143/2143 2204/2204/2204
f 2179/2179/2179 2222/2222/2222 1980/1980/1980 2183/2183/2183
f 2161/2161/2161 2131/2131/2131 2160/2160/2160
f 2051/2051/2051 2106/2106/2106 2069/2069/2069 2105/2105/2105
f 2223/2223/2223 2224/2224/2224 2225/2225/2225
f 2223/2223/2223 2226/2226/2226 2224/2224/2224
f 2227/2227/2227 2225/2225/2225 2224/2224/2224
f 2228/2228/2228 2224/2224/2224 2226/2226/2226
f 2229/2229/2229 2225/2225/2225 2227/2227/2227
f 2228/2228/2228 2226/2226/2226 2230/2230/2230 2231/2231/2231
f 2232/2232/2232 2229/2229/2229 2227/2227/2227
f 2233/2233/2233 2228/2228/2228 2231/2231/2231
f 2234/2234/2234 2237/2237/2237 2235/2235/2235 2236/2236/2236
f 2238/2238/2238 2241/2241/2241 2239/2239/2239 2240/2240/2240
f 2241/2241/2241 2243/2243/2243 2242/2242/2242 2239/2239/2239
f 2242/2242/2242 2243/2243/2243 2244/2244/2244 2245/2245/2245
f 2242/2242/2242 2245/2245/2245 2246/2246/2246 2247/2247/2247
f 2239/2239/2239 2242/2242/2242 2247/2247/2247 2248/2248/2248
f 2240/2240/2240 2239/2239/2239 2248/2248/2248 2249/2249/2249
f 2250/2250/2250 2240/2240/2240 2249/2249/2249 2251/2251/2251
f 2252/2252/2252 2250/2250/2250 2251/2251/2251 2253/2253/2253
f 2248/2248/2248 2247/2247/2247 2254/2254/2254 2255/2255/2255
f 2256/2256/2256 2255/2255/2255 2254/2254/2254 2257/2257/2257
f 2247/2247/2247 2246/2246/2246 2258/2258/2258 2254/2254/2254
f 2259/2259/2259 2257/2257/2257 2254/2254/2254 2258/2258/2258
f 2259/2259/2259 2258/2258/2258 2260/2260/2260
f 2259/2259/2259 2260/2260/2260 2261/2261/2261 2262/2262/2262
f 2249/2249/2249 2248/2248/2248 2255/2255/2255 2263/2263/2263
f 2252/2252/2252 2253/2253/2253 2264/2264/2264 2265/2265/2265
f 2266/2266/2266 2265/2265/2265 2264/2264/2264 2267/2267/2267
f 2268/2268/2268 2266/2266/2266 2267/2267/2267 2269/2269/2269
f 2270/2270/2270 2268/2268/2268 2269/2269/2269 2271/2271/2271
f 2251/2251/2251 2249/2249/2249 2263/2263/2263 2272/2272/2272
f 2273/2273/2273 2274/2274/2274 2275/2275/2275 2276/2276/2276
f 2276/2276/2276 2275/2275/2275 2277/2277/2277 2278/2278/2278
f 2278/2278/2278 2277/2277/2277 2279/2279/2279 2280/2280/2280
f 2281/2281/2281 2284/2284/2284 2277/2277/2277 2275/2275/2275
f 2281/2281/2281 2282/2282/2282 2283/2283/2283 2284/2284/2284
f 2284/2284/2284 2285/2285/2285 2279/2279/2279 2277/2277/2277
f 2286/2286/2286 2287/2287/2287 2283/2283/2283 2282/2282/2282
f 2288/2288/2288 2287/2287/2287 2286/2286/2286 2289/2289/2289
f 2290/2290/2290 2291/2291/2291 2287/2287/2287 2288/2288/2288
f 2283/2283/2283 2287/2287/2287 2291/2291/2291 2292/2292/2292
f 2283/2283/2283 2292/2292/2292 2285/2285/2285 2284/2284/2284
f 2290/2290/2290 2288/2288/2288 2271/2271/2271 2293/2293/2293
f 2288/2288/2288 2289/2289/2289 2270/2270/2270 2271/2271/2271
f 2294/2294/2294 2295/2295/2295 2296/2296/2296 2297/2297/2297
f 2298/2298/2298 2294/2294/2294 2297/2297/2297 2299/2299/2299
f 2300/2300/2300 2298/2298/2298 2299/2299/2299 2301/2301/2301
f 2302/2302/2302 2300/2300/2300 2301/2301/2301 2303/2303/2303
f 2304/2304/2304 2302/2302/2302 2303/2303/2303 2305/2305/2305
f 2306/2306/2306 2304/2304/2304 2305/2305/2305 2307/2307/2307
f 2308/2308/2308 2306/2306/2306 2307/2307/2307 2309/2309/2309
f 2310/2310/2310 2308/2308/2308 2309/2309/2309 2311/2311/2311
f 2312/2312/2312 2313/2313/2313 2308/2308/2308 2310/2310/2310
f 2314/2314/2314 2306/2306/2306 2308/2308/2308 2313/2313/2313
f 2314/2314/2314 2313/2313/2313 2315/2315/2315 2316/2316/2316
f 2317/2317/2317 2345/2345/2345 2316/2316/2316 2315/2315/2315
f 2318/2318/2318 2317/2317/2317 2315/2315/2315 2319/2319/2319
f 2320/2320/2320 2318/2318/2318 2319/2319/2319 2321/2321/2321
f 2321/2321/2321 2319/2319/2319 2312/2312/2312 2322/2322/2322
f 2323/2323/2323 2324/2324/2324 2318/2318/2318 2320/2320/2320
f 2325/2325/2325 2326/2326/2326 2324/2324/2324 2323/2323/2323
f 2325/2325/2325 2328/2328/2328 2327/2327/2327 2326/2326/2326
f 2324/2324/2324 2329/2329/2329 2317/2317/2317 2318/2318/2318
f 2330/2330/2330 2345/2345/2345 2317/2317/2317 2329/2329/2329
f 2330/2330/2330 2329/2329/2329 2331/2331/2331 2332/2332/2332
f 2326/2326/2326 2331/2331/2331 2329/2329/2329 2324/2324/2324
f 2327/2327/2327 2333/2333/2333 2331/2331/2331 2326/2326/2326
f 2334/2334/2334 2335/2335/2335 2333/2333/2333 2327/2327/2327
f 2334/2334/2334 2337/2337/2337 2336/2336/2336 2335/2335/2335
f 2338/2338/2338 2339/2339/2339 2336/2336/2336 2337/2337/2337
f 2340/2340/2340 2339/2339/2339 2338/2338/2338 2341/2341/2341
f 2340/2340/2340 2341/2341/2341 2342/2342/2342 2394/2394/2394
f 2342/2342/2342 2341/2341/2341 2343/2343/2343 2344/2344/2344
f 2291/2291/2291 2342/2342/2342 2344/2344/2344 2292/2292/2292
f 2319/2319/2319 2315/2315/2315 2313/2313/2313 2312/2312/2312
f 2314/2314/2314 2304/2304/2304 2306/2306/2306
f 2314/2314/2314 2348/2348/2348 2346/2346/2346 2304/2304/2304
f 2347/2347/2347 2302/2302/2302 2304/2304/2304 2346/2346/2346
f 2347/2347/2347 2349/2349/2349 2300/2300/2300 2302/2302/2302
f 2350/2350/2350 2351/2351/2351 2301/2301/2301 2299/2299/2299
f 2352/2352/2352 2298/2298/2298 2300/2300/2300 2349/2349/2349
f 2350/2350/2350 2299/2299/2299 2297/2297/2297 2353/2353/2353
f 2352/2352/2352 2354/2354/2354 2294/2294/2294 2298/2298/2298
f 2354/2354/2354 2355/2355/2355 2295/2295/2295 2294/2294/2294
f 2296/2296/2296 2356/2356/2356 2357/2357/2357 2358/2358/2358
f 2358/2358/2358 2357/2357/2357 2359/2359/2359 2360/2360/2360
f 2361/2361/2361 2359/2359/2359 2357/2357/2357 2362/2362/2362
f 2361/2361/2361 2362/2362/2362 2363/2363/2363 2364/2364/2364
f 2365/2365/2365 2363/2363/2363 2362/2362/2362 2366/2366/2366
f 2356/2356/2356 2366/2366/2366 2362/2362/2362 2357/2357/2357
f 2367/2367/2367 2368/2368/2368 2365/2365/2365 2366/2366/2366
f 2369/2369/2369 2368/2368/2368 2367/2367/2367 2370/2370/2370
f 2371/2371/2371 2369/2369/2369 2370/2370/2370 2372/2372/2372
f 2373/2373/2373 2371/2371/2371 2372/2372/2372 2374/2374/2374
f 2375/2375/2375 2376/2376/2376 2377/2377/2377 2397/2397/2397
f 2378/2378/2378 2379/2379/2379 2376/2376/2376 2375/2375/2375
f 2380/2380/2380 2382/2382/2382 2379/2379/2379 2378/2378/2378
f 2381/2381/2381 2380/2380/2380 2378/2378/2378 2383/2383/2383
f 2384/2384/2384 2385/2385/2385 2386/2386/2386 2383/2383/2383
f 2387/2387/2387 2381/2381/2381 2383/2383/2383 2386/2386/2386
f 2388/2388/2388 2389/2389/2389 2390/2390/2390 2393/2393/2393
f 2391/2391/2391 2392/2392/2392 2393/2393/2393 2390/2390/2390
f 2340/2340/2340 2394/2394/2394 2395/2395/2395 2396/2396/2396
f 2395/2395/2395 2391/2391/2391 2390/2390/2390 2396/2396/2396
f 2388/2388/2388 2393/2393/2393 2386/2386/2386 2385/2385/2385
f 2392/2392/2392 2387/2387/2387 2386/2386/2386 2393/2393/2393
f 2384/2384/2384 2383/2383/2383 2378/2378/2378 2375/2375/2375
f 2384/2384/2384 2375/2375/2375 2397/2397/2397 2398/2398/2398
f 2397/2397/2397 2377/2377/2377 2399/2399/2399 2400/2400/2400
f 2401/2401/2401 2400/2400/2400 2399/2399/2399 2402/2402/2402
f 2401/2401/2401 2402/2402/2402 2374/2374/2374 2403/2403/2403
f 2403/2403/2403 2374/2374/2374 2372/2372/2372 2404/2404/2404
f 2405/2405/2405 2410/2410/2410 2403/2403/2403 2404/2404/2404
f 2405/2405/2405 2404/2404/2404 2406/2406/2406 2407/2407/2407
f 2408/2408/2408 2409/2409/2409 2407/2407/2407 2406/2406/2406
f 2372/2372/2372 2370/2370/2370 2406/2406/2406 2404/2404/2404
f 2408/2408/2408 2406/2406/2406 2370/2370/2370 2367/2367/2367
f 2408/2408/2408 2367/2367/2367 2366/2366/2366 2356/2356/2356
f 2408/2408/2408 2356/2356/2356 2296/2296/2296 2295/2295/2295
f 2408/2408/2408 2295/2295/2295 2355/2355/2355 2409/2409/2409
f 2353/2353/2353 2297/2297/2297 2296/2296/2296 2358/2358/2358
f 2411/2411/2411 2398/2398/2398 2397/2397/2397 2400/2400/2400
f 2411/2411/2411 2400/2400/2400 2401/2401/2401 2412/2412/2412
f 2401/2401/2401 2403/2403/2403 2410/2410/2410 2412/2412/2412
f 2340/2340/2340 2396/2396/2396 2413/2413/2413 2414/2414/2414
f 2413/2413/2413 2396/2396/2396 2390/2390/2390 2389/2389/2389
f 2340/2340/2340 2414/2414/2414 2415/2415/2415 2339/2339/2339
f 2336/2336/2336 2339/2339/2339 2415/2415/2415 2416/2416/2416
f 2417/2417/2417 2343/2343/2343 2341/2341/2341 2338/2338/2338
f 2418/2418/2418 2417/2417/2417 2338/2338/2338 2337/2337/2337
f 2333/2333/2333 2419/2419/2419 2332/2332/2332 2331/2331/2331
f 2335/2335/2335 2420/2420/2420 2419/2419/2419 2333/2333/2333
f 2336/2336/2336 2416/2416/2416 2420/2420/2420 2335/2335/2335
f 2421/2421/2421 2373/2373/2373 2374/2374/2374 2402/2402/2402
f 2421/2421/2421 2402/2402/2402 2399/2399/2399 2422/2422/2422
f 2423/2423/2423 2322/2322/2322 2312/2312/2312 2310/2310/2310
f 2423/2423/2423 2310/2310/2310 2311/2311/2311 2424/2424/2424
f 2425/2425/2425 2334/2334/2334 2327/2327/2327 2328/2328/2328
f 2418/2418/2418 2337/2337/2337 2334/2334/2334 2425/2425/2425
f 2426/2426/2426 2429/2429/2429 2346/2346/2346 2348/2348/2348
f 2426/2426/2426 2427/2427/2427 2428/2428/2428 2429/2429/2429
f 2314/2314/2314 2426/2426/2426 2348/2348/2348
f 2314/2314/2314 2316/2316/2316 2430/2430/2430 2426/2426/2426
f 2345/2345/2345 2431/2431/2431 2430/2430/2430 2316/2316/2316
f 2285/2285/2285 2292/2292/2292 2344/2344/2344 2432/2432/2432
f 2433/2433/2433 2279/2279/2279 2285/2285/2285 2432/2432/2432
f 2433/2433/2433 2432/2432/2432 2434/2434/2434 2435/2435/2435
f 2434/2434/2434 2432/2432/2432 2344/2344/2344 2343/2343/2343
f 2436/2436/2436 2434/2434/2434 2343/2343/2343 2417/2417/2417
f 2436/2436/2436 2437/2437/2437 2435/2435/2435 2434/2434/2434
f 2380/2380/2380 2439/2439/2439 2438/2438/2438 2382/2382/2382
f 2377/2377/2377 2376/2376/2376 2440/2440/2440 2441/2441/2441
f 2377/2377/2377 2441/2441/2441 2422/2422/2422 2399/2399/2399
f 2442/2442/2442 2440/2440/2440 2376/2376/2376 2379/2379/2379
f 2382/2382/2382 2443/2443/2443 2442/2442/2442 2379/2379/2379
f 2272/2272/2272 2263/2263/2263 2439/2439/2439 2380/2380/2380
f 2444/2444/2444 2272/2272/2272 2380/2380/2380 2381/2381/2381
f 2445/2445/2445 2444/2444/2444 2381/2381/2381 2387/2387/2387
f 2446/2446/2446 2361/2361/2361 2364/2364/2364 2447/2447/2447
f 2446/2446/2446 2448/2448/2448 2359/2359/2359 2361/2361/2361
f 2449/2449/2449 2450/2450/2450 2448/2448/2448 2446/2446/2446
f 2447/2447/2447 2451/2451/2451 2449/2449/2449 2446/2446/2446
f 2448/2448/2448 2450/2450/2450 2452/2452/2452 2453/2453/2453
f 2360/2360/2360 2359/2359/2359 2448/2448/2448 2453/2453/2453
f 2454/2454/2454 2455/2455/2455 2360/2360/2360 2453/2453/2453
f 2454/2454/2454 2453/2453/2453 2452/2452/2452 2456/2456/2456
f 2447/2447/2447 2458/2458/2458 2457/2457/2457 2451/2451/2451
f 2459/2459/2459 2458/2458/2458 2447/2447/2447 2364/2364/2364
f 2460/2460/2460 2458/2458/2458 2459/2459/2459 2461/2461/2461
f 2462/2462/2462 2463/2463/2463 2461/2461/2461 2459/2459/2459
f 2462/2462/2462 2459/2459/2459 2364/2364/2364 2363/2363/2363
f 2462/2462/2462 2465/2465/2465 2464/2464/2464 2463/2463/2463
f 2462/2462/2462 2363/2363/2363 2365/2365/2365 2465/2465/2465
f 2466/2466/2466 2464/2464/2464 2465/2465/2465 2467/2467/2467
f 2365/2365/2365 2368/2368/2368 2467/2467/2467 2465/2465/2465
f 2468/2468/2468 2469/2469/2469 2466/2466/2466 2467/2467/2467
f 2468/2468/2468 2467/2467/2467 2368/2368/2368 2369/2369/2369
f 2311/2311/2311 2309/2309/2309 2470/2470/2470 2471/2471/2471
f 2309/2309/2309 2307/2307/2307 2472/2472/2472 2470/2470/2470
f 2307/2307/2307 2305/2305/2305 2473/2473/2473 2472/2472/2472
f 2471/2471/2471 2470/2470/2470 2474/2474/2474 2475/2475/2475
f 2470/2470/2470 2472/2472/2472 2476/2476/2476 2474/2474/2474
f 2477/2477/2477 2476/2476/2476 2472/2472/2472 2473/2473/2473
f 2478/2478/2478 2471/2471/2471 2475/2475/2475 2479/2479/2479
f 2424/2424/2424 2311/2311/2311 2471/2471/2471 2478/2478/2478
f 2478/2478/2478 2479/2479/2479 2480/2480/2480 2481/2481/2481
f 2482/2482/2482 2424/2424/2424 2478/2478/2478 2481/2481/2481
f 2483/2483/2483 2482/2482/2482 2481/2481/2481 2484/2484/2484
f 2485/2485/2485 2486/2486/2486 2482/2482/2482 2483/2483/2483
f 2423/2423/2423 2424/2424/2424 2482/2482/2482 2486/2486/2486
f 2487/2487/2487 2488/2488/2488 2486/2486/2486 2485/2485/2485
f 2423/2423/2423 2486/2486/2486 2488/2488/2488 2322/2322/2322
f 2489/2489/2489 2490/2490/2490 2488/2488/2488 2487/2487/2487
f 2477/2477/2477 2473/2473/2473 2491/2491/2491 2492/2492/2492
f 2303/2303/2303 2491/2491/2491 2473/2473/2473 2305/2305/2305
f 2303/2303/2303 2301/2301/2301 2351/2351/2351 2491/2491/2491
f 2293/2293/2293 2493/2493/2493 2391/2391/2391 2395/2395/2395
f 2493/2493/2493 2494/2494/2494 2392/2392/2392 2391/2391/2391
f 2494/2494/2494 2445/2445/2445 2387/2387/2387 2392/2392/2392
f 2491/2491/2491 2351/2351/2351 2495/2495/2495 2492/2492/2492
f 2350/2350/2350 2495/2495/2495 2351/2351/2351
f 2492/2492/2492 2495/2495/2495 2496/2496/2496 2497/2497/2497
f 2495/2495/2495 2499/2499/2499 2498/2498/2498 2496/2496/2496
f 2499/2499/2499 2500/2500/2500 2501/2501/2501 2498/2498/2498
f 2290/2290/2290 2293/2293/2293 2395/2395/2395 2394/2394/2394
f 2290/2290/2290 2394/2394/2394 2342/2342/2342 2291/2291/2291
f 2502/2502/2502 2503/2503/2503 2501/2501/2501 2500/2500/2500
f 2502/2502/2502 2500/2500/2500 2353/2353/2353 2358/2358/2358
f 2502/2502/2502 2358/2358/2358 2360/2360/2360 2455/2455/2455
f 2502/2502/2502 2455/2455/2455 2454/2454/2454 2503/2503/2503
f 2350/2350/2350 2353/2353/2353 2500/2500/2500 2499/2499/2499
f 2251/2251/2251 2272/2272/2272 2444/2444/2444 2253/2253/2253
f 2253/2253/2253 2444/2444/2444 2445/2445/2445 2264/2264/2264
f 2347/2347/2347 2346/2346/2346 2429/2429/2429 2504/2504/2504
f 2505/2505/2505 2468/2468/2468 2369/2369/2369 2371/2371/2371
f 2350/2350/2350 2506/2506/2506 2499/2499/2499 2495/2495/2495
f 2330/2330/2330 2507/2507/2507 2431/2431/2431 2345/2345/2345
f 2460/2460/2460 2508/2508/2508 2457/2457/2457 2458/2458/2458
f 2271/2271/2271 2269/2269/2269 2493/2493/2493 2293/2293/2293
f 2269/2269/2269 2267/2267/2267 2494/2494/2494 2493/2493/2493
f 2267/2267/2267 2264/2264/2264 2445/2445/2445 2494/2494/2494
f 2438/2438/2438 2439/2439/2439 2263/2263/2263 2255/2255/2255
f 2509/2509/2509 2443/2443/2443 2382/2382/2382 2438/2438/2438
f 2256/2256/2256 2509/2509/2509 2510/2510/2510
f 2510/2510/2510 2509/2509/2509 2438/2438/2438
f 2438/2438/2438 2255/2255/2255 2256/2256/2256 2510/2510/2510
f 2256/2256/2256 2257/2257/2257 2443/2443/2443 2509/2509/2509
f 2259/2259/2259 2443/2443/2443 2257/2257/2257
f 2511/2511/2511 2512/2512/2512 2476/2476/2476 2477/2477/2477
f 2513/2513/2513 2474/2474/2474 2476/2476/2476 2512/2512/2512
f 2475/2475/2475 2474/2474/2474 2513/2513/2513 2514/2514/2514
f 2475/2475/2475 2514/2514/2514 2515/2515/2515 2479/2479/2479
f 2516/2516/2516 2480/2480/2480 2479/2479/2479 2515/2515/2515
f 2511/2511/2511 2477/2477/2477 2492/2492/2492 2497/2497/2497
f 2259/2259/2259 2262/2262/2262 2442/2442/2442 2443/2443/2443
f 2442/2442/2442 2262/2262/2262 2517/2517/2517 2440/2440/2440
f 2441/2441/2441 2440/2440/2440 2517/2517/2517 2519/2519/2519
f 2441/2441/2441 2519/2519/2519 2518/2518/2518 2422/2422/2422
f 2421/2421/2421 2422/2422/2422 2518/2518/2518 2520/2520/2520
f 2421/2421/2421 2520/2520/2520 2521/2521/2521 2373/2373/2373
f 2373/2373/2373 2521/2521/2521 2522/2522/2522 2371/2371/2371
f 2505/2505/2505 2371/2371/2371 2522/2522/2522
f 2436/2436/2436 2417/2417/2417 2418/2418/2418 2523/2523/2523
f 2523/2523/2523 2418/2418/2418 2425/2425/2425 2525/2525/2525
f 2425/2425/2425 2328/2328/2328 2524/2524/2524 2525/2525/2525
f 2325/2325/2325 2526/2526/2526 2524/2524/2524 2328/2328/2328
f 2325/2325/2325 2323/2323/2323 2527/2527/2527 2526/2526/2526
f 2323/2323/2323 2320/2320/2320 2528/2528/2528 2527/2527/2527
f 2490/2490/2490 2528/2528/2528 2320/2320/2320 2321/2321/2321
f 2490/2490/2490 2321/2321/2321 2322/2322/2322 2488/2488/2488
f 2529/2529/2529 2530/2530/2530 2531/2531/2531 2532/2532/2532
f 2529/2529/2529 2532/2532/2532 2533/2533/2533 2534/2534/2534
f 2535/2535/2535 2536/2536/2536 2531/2531/2531 2530/2530/2530
f 2531/2531/2531 2536/2536/2536 2480/2480/2480 2516/2516/2516
f 2531/2531/2531 2516/2516/2516 2537/2537/2537 2532/2532/2532
f 2538/2538/2538 2535/2535/2535 2530/2530/2530 2539/2539/2539
f 2529/2529/2529 2534/2534/2534 2539/2539/2539 2530/2530/2530
f 2484/2484/2484 2481/2481/2481 2480/2480/2480 2536/2536/2536
f 2436/2436/2436 2523/2523/2523 2540/2540/2540 2437/2437/2437
f 2541/2541/2541 2524/2524/2524 2526/2526/2526 2542/2542/2542
f 2526/2526/2526 2527/2527/2527 2543/2543/2543 2542/2542/2542
f 2544/2544/2544 2525/2525/2525 2524/2524/2524 2541/2541/2541
f 2543/2543/2543 2527/2527/2527 2528/2528/2528 2545/2545/2545
f 2523/2523/2523 2525/2525/2525 2544/2544/2544 2540/2540/2540
f 2489/2489/2489 2547/2547/2547 2546/2546/2546 2545/2545/2545
f 2489/2489/2489 2545/2545/2545 2528/2528/2528 2490/2490/2490
f 2548/2548/2548 2487/2487/2487 2485/2485/2485 2549/2549/2549
f 2489/2489/2489 2487/2487/2487 2548/2548/2548 2547/2547/2547
f 2549/2549/2549 2485/2485/2485 2483/2483/2483 2550/2550/2550
f 2550/2550/2550 2483/2483/2483 2484/2484/2484 2551/2551/2551
f 2484/2484/2484 2536/2536/2536 2535/2535/2535 2551/2551/2551
f 2552/2552/2552 2553/2553/2553 2554/2554/2554 2555/2555/2555
f 2552/2552/2552 2546/2546/2546 2547/2547/2547 2556/2556/2556
f 2547/2547/2547 2548/2548/2548 2557/2557/2557 2556/2556/2556
f 2552/2552/2552 2556/2556/2556 2558/2558/2558 2553/2553/2553
f 2559/2559/2559 2558/2558/2558 2556/2556/2556 2557/2557/2557
f 2559/2559/2559 2557/2557/2557 2560/2560/2560 2561/2561/2561
f 2557/2557/2557 2548/2548/2548 2549/2549/2549 2560/2560/2560
f 2561/2561/2561 2560/2560/2560 2562/2562/2562 2563/2563/2563
f 2560/2560/2560 2549/2549/2549 2550/2550/2550 2562/2562/2562
f 2550/2550/2550 2551/2551/2551 2564/2564/2564 2562/2562/2562
f 2562/2562/2562 2564/2564/2564 2565/2565/2565 2563/2563/2563
f 2565/2565/2565 2564/2564/2564 2538/2538/2538 2566/2566/2566
f 2564/2564/2564 2551/2551/2551 2535/2535/2535 2538/2538/2538
f 2567/2567/2567 2579/2579/2579 2568/2568/2568 2569/2569/2569
f 2568/2568/2568 2579/2579/2579 2570/2570/2570 2571/2571/2571
f 2572/2572/2572 2575/2575/2575 2573/2573/2573 2574/2574/2574
f 2572/2572/2572 2574/2574/2574 2273/2273/2273 2576/2576/2576
f 2273/2273/2273 2276/2276/2276 2577/2577/2577 2576/2576/2576
f 2572/2572/2572 2576/2576/2576 2567/2567/2567 2575/2575/2575
f 2567/2567/2567 2576/2576/2576 2577/2577/2577 2579/2579/2579
f 2567/2567/2567 2569/2569/2569 2578/2578/2578 2575/2575/2575
f 2570/2570/2570 2579/2579/2579 2577/2577/2577 2580/2580/2580
f 2580/2580/2580 2577/2577/2577 2276/2276/2276 2278/2278/2278
f 2570/2570/2570 2580/2580/2580 2581/2581/2581 2582/2582/2582
f 2580/2580/2580 2278/2278/2278 2280/2280/2280 2581/2581/2581
f 2583/2583/2583 2582/2582/2582 2581/2581/2581 2604/2604/2604
f 2571/2571/2571 2570/2570/2570 2582/2582/2582 2584/2584/2584
f 2585/2585/2585 2586/2586/2586 2584/2584/2584 2582/2582/2582
f 2587/2587/2587 2280/2280/2280 2279/2279/2279 2433/2433/2433
f 2581/2581/2581 2280/2280/2280 2587/2587/2587 2604/2604/2604
f 2588/2588/2588 2587/2587/2587 2433/2433/2433 2435/2435/2435
f 2589/2589/2589 2604/2604/2604 2587/2587/2587 2588/2588/2588
f 2588/2588/2588 2435/2435/2435 2437/2437/2437 2590/2590/2590
f 2590/2590/2590 2437/2437/2437 2540/2540/2540 2596/2596/2596
f 2589/2589/2589 2588/2588/2588 2590/2590/2590 2591/2591/2591
f 2590/2590/2590 2596/2596/2596 2592/2592/2592 2591/2591/2591
f 2593/2593/2593 2589/2589/2589 2591/2591/2591 2594/2594/2594
f 2583/2583/2583 2604/2604/2604 2589/2589/2589 2593/2593/2593
f 2595/2595/2595 2594/2594/2594 2591/2591/2591 2592/2592/2592
f 2596/2596/2596 2598/2598/2598 2597/2597/2597 2592/2592/2592
f 2596/2596/2596 2540/2540/2540 2544/2544/2544 2598/2598/2598
f 2598/2598/2598 2544/2544/2544 2541/2541/2541 2600/2600/2600
f 2599/2599/2599 2597/2597/2597 2598/2598/2598 2600/2600/2600
f 2599/2599/2599 2600/2600/2600 2601/2601/2601 2602/2602/2602
f 2600/2600/2600 2541/2541/2541 2542/2542/2542 2601/2601/2601
f 2601/2601/2601 2603/2603/2603 2555/2555/2555 2602/2602/2602
f 2601/2601/2601 2542/2542/2542 2543/2543/2543 2603/2603/2603
f 2603/2603/2603 2543/2543/2543 2545/2545/2545 2546/2546/2546
f 2552/2552/2552 2555/2555/2555 2603/2603/2603 2546/2546/2546
f 2605/2605/2605 2606/2606/2606 2607/2607/2607 2609/2609/2609
f 2606/2606/2606 2617/2617/2617 2608/2608/2608 2607/2607/2607
f 2609/2609/2609 2607/2607/2607 2610/2610/2610 2611/2611/2611
f 2610/2610/2610 2607/2607/2607 2608/2608/2608 2620/2620/2620
f 2611/2611/2611 2610/2610/2610 2612/2612/2612 2613/2613/2613
f 2613/2613/2613 2612/2612/2612 2614/2614/2614 2615/2615/2615
f 2616/2616/2616 2608/2608/2608 2617/2617/2617
f 2616/2616/2616 2619/2619/2619 2618/2618/2618 2608/2608/2608
f 2610/2610/2610 2620/2620/2620 2621/2621/2621 2612/2612/2612
f 2622/2622/2622 2614/2614/2614 2612/2612/2612 2621/2621/2621
f 2623/2623/2623 2614/2614/2614 2622/2622/2622 2624/2624/2624
f 2623/2623/2623 2624/2624/2624 2625/2625/2625 2626/2626/2626
f 2626/2626/2626 2625/2625/2625 2627/2627/2627 2628/2628/2628
f 2625/2625/2625 2629/2629/2629 2630/2630/2630 2627/2627/2627
f 2627/2627/2627 2630/2630/2630 2631/2631/2631 2632/2632/2632
f 2632/2632/2632 2631/2631/2631 2633/2633/2633 2635/2635/2635
f 2628/2628/2628 2627/2627/2627 2632/2632/2632 2634/2634/2634
f 2634/2634/2634 2632/2632/2632 2635/2635/2635 2636/2636/2636
f 2636/2636/2636 2635/2635/2635 2637/2637/2637 2641/2641/2641
f 2635/2635/2635 2633/2633/2633 2638/2638/2638 2637/2637/2637
f 2637/2637/2637 2639/2639/2639 2640/2640/2640 2641/2641/2641
f 2642/2642/2642 2643/2643/2643 2616/2616/2616
f 2643/2643/2643 2619/2619/2619 2616/2616/2616
f 2637/2637/2637 2638/2638/2638 2644/2644/2644 2639/2639/2639
f 2645/2645/2645 2651/2651/2651 2639/2639/2639 2644/2644/2644
f 2645/2645/2645 2644/2644/2644 2646/2646/2646 2647/2647/2647
f 2645/2645/2645 2647/2647/2647 2648/2648/2648 2649/2649/2649
f 2645/2645/2645 2649/2649/2649 2650/2650/2650 2651/2651/2651
f 2640/2640/2640 2639/2639/2639 2651/2651/2651 2653/2653/2653
f 2652/2652/2652 2640/2640/2640 2653/2653/2653 2656/2656/2656
f 2653/2653/2653 2651/2651/2651 2650/2650/2650 2654/2654/2654
f 2655/2655/2655 2654/2654/2654 2650/2650/2650 2658/2658/2658
f 2656/2656/2656 2653/2653/2653 2654/2654/2654 2657/2657/2657
f 2657/2657/2657 2654/2654/2654 2655/2655/2655 2664/2664/2664
f 2655/2655/2655 2658/2658/2658 2659/2659/2659 2660/2660/2660
f 2659/2659/2659 2665/2665/2665 2661/2661/2661 2660/2660/2660
f 2655/2655/2655 2660/2660/2660 2662/2662/2662 2664/2664/2664
f 2660/2660/2660 2661/2661/2661 2663/2663/2663 2662/2662/2662
f 2666/2666/2666 2667/2667/2667 2668/2668/2668 2665/2665/2665
f 2669/2669/2669 2679/2679/2679 2668/2668/2668 2667/2667/2667
f 2670/2670/2670 2661/2661/2661 2665/2665/2665 2668/2668/2668
f 2670/2670/2670 2671/2671/2671 2663/2663/2663 2661/2661/2661
f 2670/2670/2670 2673/2673/2673 2672/2672/2672 2671/2671/2671
f 2674/2674/2674 2675/2675/2675 2676/2676/2676
f 2677/2677/2677 2676/2676/2676 2675/2675/2675 2680/2680/2680
f 2669/2669/2669 2678/2678/2678 2677/2677/2677 2679/2679/2679
f 2679/2679/2679 2677/2677/2677 2680/2680/2680 2673/2673/2673
f 2670/2670/2670 2668/2668/2668 2679/2679/2679 2673/2673/2673
f 2681/2681/2681 2682/2682/2682 2683/2683/2683 2684/2684/2684
f 2682/2682/2682 2663/2663/2663 2671/2671/2671 2683/2683/2683
f 2681/2681/2681 2684/2684/2684 2685/2685/2685 2686/2686/2686
f 2687/2687/2687 2690/2690/2690 2688/2688/2688 2689/2689/2689
f 2691/2691/2691 2688/2688/2688 2690/2690/2690 2692/2692/2692
f 2693/2693/2693 2691/2691/2691 2692/2692/2692 2694/2694/2694
f 2692/2692/2692 2696/2696/2696 2695/2695/2695 2694/2694/2694
f 2690/2690/2690 2696/2696/2696 2692/2692/2692
f 2687/2687/2687 2689/2689/2689 2697/2697/2697 2698/2698/2698
f 2687/2687/2687 2698/2698/2698 2699/2699/2699 2700/2700/2700
f 2698/2698/2698 2701/2701/2701 2699/2699/2699
f 2702/2702/2702 2688/2688/2688 2691/2691/2691
f 2699/2699/2699 2701/2701/2701 2703/2703/2703 2704/2704/2704
f 2705/2705/2705 2700/2700/2700 2699/2699/2699 2704/2704/2704
f 2704/2704/2704 2703/2703/2703 2706/2706/2706 2707/2707/2707
f 2706/2706/2706 2709/2709/2709 2708/2708/2708 2707/2707/2707
f 2706/2706/2706 2628/2628/2628 2634/2634/2634 2709/2709/2709
f 2708/2708/2708 2709/2709/2709 2710/2710/2710 2711/2711/2711
f 2708/2708/2708 2711/2711/2711 2712/2712/2712
f 2703/2703/2703 2628/2628/2628 2706/2706/2706
f 2713/2713/2713 2714/2714/2714 2695/2695/2695 2696/2696/2696
f 2715/2715/2715 2716/2716/2716 2717/2717/2717 2719/2719/2719
f 2716/2716/2716 2724/2724/2724 2718/2718/2718 2717/2717/2717
f 2715/2715/2715 2719/2719/2719 2720/2720/2720 2721/2721/2721
f 2721/2721/2721 2720/2720/2720 2722/2722/2722 2723/2723/2723
f 2724/2724/2724 2725/2725/2725 2726/2726/2726 2718/2718/2718
f 2725/2725/2725 2730/2730/2730 2727/2727/2727 2726/2726/2726
f 2720/2720/2720 2728/2728/2728 2729/2729/2729 2722/2722/2722
f 2730/2730/2730 2731/2731/2731 2732/2732/2732 2727/2727/2727
f 2723/2723/2723 2736/2736/2736 2733/2733/2733 2734/2734/2734
f 2723/2723/2723 2722/2722/2722 2735/2735/2735 2736/2736/2736
f 2733/2733/2733 2736/2736/2736 2737/2737/2737 2738/2738/2738
f 2738/2738/2738 2737/2737/2737 2739/2739/2739 2742/2742/2742
f 2740/2740/2740 2742/2742/2742 2739/2739/2739 2741/2741/2741
f 2740/2740/2740 2741/2741/2741 2743/2743/2743 2744/2744/2744
f 2744/2744/2744 2743/2743/2743 2745/2745/2745 2605/2605/2605
f 2722/2722/2722 2729/2729/2729 2746/2746/2746 2735/2735/2735
f 2736/2736/2736 2735/2735/2735 2747/2747/2747 2737/2737/2737
f 2748/2748/2748 2747/2747/2747 2749/2749/2749 2750/2750/2750
f 2748/2748/2748 2751/2751/2751 2741/2741/2741 2739/2739/2739
f 2741/2741/2741 2751/2751/2751 2752/2752/2752 2743/2743/2743
f 2748/2748/2748 2739/2739/2739 2737/2737/2737 2747/2747/2747
f 2735/2735/2735 2746/2746/2746 2749/2749/2749 2747/2747/2747
f 2743/2743/2743 2752/2752/2752 2753/2753/2753 2745/2745/2745
f 2745/2745/2745 2753/2753/2753 2754/2754/2754 2755/2755/2755
f 2756/2756/2756 2757/2757/2757 2755/2755/2755 2754/2754/2754
f 2756/2756/2756 2754/2754/2754 2758/2758/2758
f 2606/2606/2606 2755/2755/2755 2757/2757/2757 2617/2617/2617
f 2754/2754/2754 2759/2759/2759 2758/2758/2758
f 2760/2760/2760 2761/2761/2761 2758/2758/2758 2759/2759/2759
f 2760/2760/2760 2762/2762/2762 2761/2761/2761
f 2760/2760/2760 2764/2764/2764 2763/2763/2763 2762/2762/2762
f 2765/2765/2765 2766/2766/2766 2762/2762/2762 2763/2763/2763
f 2767/2767/2767 2768/2768/2768 2765/2765/2765 2763/2763/2763
f 2769/2769/2769 2766/2766/2766 2765/2765/2765 2770/2770/2770
f 2771/2771/2771 2769/2769/2769 2770/2770/2770 2772/2772/2772
f 2773/2773/2773 2759/2759/2759 2754/2754/2754 2753/2753/2753
f 2760/2760/2760 2759/2759/2759 2773/2773/2773 2774/2774/2774
f 2605/2605/2605 2745/2745/2745 2755/2755/2755 2606/2606/2606
f 2775/2775/2775 2762/2762/2762 2766/2766/2766
f 2757/2757/2757 2756/2756/2756 2776/2776/2776
f 2760/2760/2760 2774/2774/2774 2767/2767/2767 2763/2763/2763
f 2760/2760/2760 2763/2763/2763 2764/2764/2764
f 2693/2693/2693 2694/2694/2694 2777/2777/2777 2778/2778/2778
f 2777/2777/2777 2694/2694/2694 2695/2695/2695 2779/2779/2779
f 2779/2779/2779 2695/2695/2695 2714/2714/2714 2780/2780/2780
f 2780/2780/2780 2714/2714/2714 2781/2781/2781 2782/2782/2782
f 2782/2782/2782 2781/2781/2781 2783/2783/2783 2784/2784/2784
f 2784/2784/2784 2783/2783/2783 2785/2785/2785 2786/2786/2786
f 2785/2785/2785 2788/2788/2788 2787/2787/2787 2786/2786/2786
f 2788/2788/2788 2789/2789/2789 2790/2790/2790 2787/2787/2787
f 2791/2791/2791 2790/2790/2790 2789/2789/2789
f 2792/2792/2792 2793/2793/2793 2794/2794/2794 2795/2795/2795
f 2794/2794/2794 2797/2797/2797 2796/2796/2796 2795/2795/2795
f 2792/2792/2792 2799/2799/2799 2798/2798/2798 2793/2793/2793
f 2792/2792/2792 2801/2801/2801 2800/2800/2800 2799/2799/2799
f 2801/2801/2801 2803/2803/2803 2802/2802/2802 2800/2800/2800
f 2804/2804/2804 2805/2805/2805 2802/2802/2802 2803/2803/2803
f 2806/2806/2806 2805/2805/2805 2804/2804/2804 2807/2807/2807
f 2808/2808/2808 2798/2798/2798 2799/2799/2799 2811/2811/2811
f 2797/2797/2797 2810/2810/2810 2809/2809/2809 2796/2796/2796
f 2811/2811/2811 2799/2799/2799 2800/2800/2800 2802/2802/2802
f 2811/2811/2811 2802/2802/2802 2805/2805/2805 3033/3033/3033
f 2792/2792/2792 2813/2813/2813 2812/2812/2812 2801/2801/2801
f 2801/2801/2801 2812/2812/2812 2814/2814/2814 2815/2815/2815
f 2816/2816/2816 2817/2817/2817 2809/2809/2809 2810/2810/2810
f 2816/2816/2816 2819/2819/2819 2818/2818/2818 2817/2817/2817
f 2819/2819/2819 2821/2821/2821 2820/2820/2820 2818/2818/2818
f 2817/2817/2817 2818/2818/2818 2822/2822/2822 3062/3062/3062
f 2822/2822/2822 2818/2818/2818 2820/2820/2820 2823/2823/2823
f 2815/2815/2815 2814/2814/2814 2824/2824/2824 2825/2825/2825
f 2814/2814/2814 2827/2827/2827 2826/2826/2826 2824/2824/2824
f 2828/2828/2828 2804/2804/2804 2803/2803/2803 2932/2932/2932
f 2828/2828/2828 2829/2829/2829 2807/2807/2807 2804/2804/2804
f 2815/2815/2815 2825/2825/2825 2830/2830/2830 2932/2932/2932
f 2830/2830/2830 2825/2825/2825 2831/2831/2831 2832/2832/2832
f 2830/2830/2830 2832/2832/2832 2833/2833/2833 2834/2834/2834
f 2832/2832/2832 2836/2836/2836 2835/2835/2835 2833/2833/2833
f 2832/2832/2832 2831/2831/2831 2837/2837/2837 2836/2836/2836
f 2836/2836/2836 2839/2839/2839 2838/2838/2838 2835/2835/2835
f 2835/2835/2835 2838/2838/2838 2840/2840/2840 3035/3035/3035
f 2838/2838/2838 2842/2842/2842 2841/2841/2841 2840/2840/2840
f 2842/2842/2842 2844/2844/2844 2843/2843/2843 2841/2841/2841
f 2844/2844/2844 2846/2846/2846 2845/2845/2845 2843/2843/2843
f 2847/2847/2847 2843/2843/2843 2845/2845/2845 2848/2848/2848
f 2847/2847/2847 2848/2848/2848 2849/2849/2849 2850/2850/2850
f 2848/2848/2848 2852/2852/2852 2851/2851/2851 2849/2849/2849
f 2853/2853/2853 2850/2850/2850 2849/2849/2849 2854/2854/2854
f 2854/2854/2854 2849/2849/2849 2851/2851/2851 2855/2855/2855
f 2852/2852/2852 2857/2857/2857 2856/2856/2856 2851/2851/2851
f 2852/2852/2852 2919/2919/2919 2858/2858/2858 2857/2857/2857
f 2857/2857/2857 2858/2858/2858 2859/2859/2859 2860/2860/2860
f 2861/2861/2861 2862/2862/2862 2859/2859/2859 2858/2858/2858
f 2859/2859/2859 2864/2864/2864 2863/2863/2863 2860/2860/2860
f 2864/2864/2864 2866/2866/2866 2865/2865/2865 2863/2863/2863
f 2865/2865/2865 2866/2866/2866 2867/2867/2867 2868/2868/2868
f 2868/2868/2868 2867/2867/2867 2869/2869/2869 2870/2870/2870
f 2865/2865/2865 2868/2868/2868 2871/2871/2871 2903/2903/2903
f 2870/2870/2870 2869/2869/2869 2872/2872/2872 2873/2873/2873
f 2874/2874/2874 2872/2872/2872 2869/2869/2869 2875/2875/2875
f 2876/2876/2876 2877/2877/2877 2874/2874/2874 2875/2875/2875
f 2878/2878/2878 2879/2879/2879 2877/2877/2877 2876/2876/2876
f 2868/2868/2868 2870/2870/2870 2880/2880/2880 2871/2871/2871
f 2864/2864/2864 2925/2925/2925 2881/2881/2881 2866/2866/2866
f 2881/2881/2881 2882/2882/2882 2867/2867/2867 2866/2866/2866
f 2882/2882/2882 2875/2875/2875 2869/2869/2869 2867/2867/2867
f 2882/2882/2882 2883/2883/2883 2876/2876/2876 2875/2875/2875
f 2874/2874/2874 2885/2885/2885 2884/2884/2884 2872/2872/2872
f 2877/2877/2877 2889/2889/2889 2885/2885/2885 2874/2874/2874
f 2878/2878/2878 2887/2887/2887 2886/2886/2886 2879/2879/2879
f 2888/2888/2888 2887/2887/2887 2878/2878/2878 2963/2963/2963
f 2879/2879/2879 2890/2890/2890 2889/2889/2889 2877/2877/2877
f 2891/2891/2891 2892/2892/2892 2886/2886/2886 2887/2887/2887
f 2891/2891/2891 2887/2887/2887 2888/2888/2888 2893/2893/2893
f 2894/2894/2894 2895/2895/2895 2850/2850/2850 2853/2853/2853
f 2896/2896/2896 2894/2894/2894 2853/2853/2853 2897/2897/2897
f 2894/2894/2894 2899/2899/2899 2898/2898/2898 2895/2895/2895
f 2900/2900/2900 2898/2898/2898 2899/2899/2899 2901/2901/2901
f 2902/2902/2902 2926/2926/2926 2895/2895/2895 2898/2898/2898
f 2863/2863/2863 2865/2865/2865 2903/2903/2903 2904/2904/2904
f 2905/2905/2905 2906/2906/2906 2862/2862/2862 2861/2861/2861
f 2907/2907/2907 2905/2905/2905 2861/2861/2861 2908/2908/2908
f 2907/2907/2907 2910/2910/2910 2909/2909/2909 2905/2905/2905
f 2910/2910/2910 2912/2912/2912 2911/2911/2911 2909/2909/2909
f 2909/2909/2909 2911/2911/2911 2913/2913/2913 2927/2927/2927
f 2914/2914/2914 2910/2910/2910 2907/2907/2907 2918/2918/2918
f 2914/2914/2914 2915/2915/2915 2912/2912/2912 2910/2910/2910
f 2916/2916/2916 2918/2918/2918 2846/2846/2846 2844/2844/2844
f 2872/2872/2872 2884/2884/2884 2917/2917/2917 2873/2873/2873
f 2918/2918/2918 2907/2907/2907 2908/2908/2908 2846/2846/2846
f 2846/2846/2846 2908/2908/2908 2919/2919/2919 2845/2845/2845
f 2848/2848/2848 2845/2845/2845 2919/2919/2919 2852/2852/2852
f 2861/2861/2861 2858/2858/2858 2919/2919/2919 2908/2908/2908
f 2920/2920/2920 2900/2900/2900 2901/2901/2901 2921/2921/2921
f 2922/2922/2922 2923/2923/2923 2920/2920/2920 2921/2921/2921
f 2924/2924/2924 2902/2902/2902 2898/2898/2898 2900/2900/2900
f 2859/2859/2859 2862/2862/2862 2925/2925/2925 2864/2864/2864
f 2906/2906/2906 3094/3094/3094 2925/2925/2925 2862/2862/2862
f 2840/2840/2840 2841/2841/2841 2926/2926/2926 2902/2902/2902
f 2926/2926/2926 2841/2841/2841 2843/2843/2843 2847/2847/2847
f 2926/2926/2926 2847/2847/2847 2850/2850/2850 2895/2895/2895
f 2905/2905/2905 2909/2909/2909 2927/2927/2927 2906/2906/2906
f 2928/2928/2928 2929/2929/2929 2923/2923/2923 2922/2922/2922
f 2930/2930/2930 2931/2931/2931 2793/2793/2793 2798/2798/2798
f 2801/2801/2801 2815/2815/2815 2932/2932/2932 2803/2803/2803
f 2838/2838/2838 2839/2839/2839 2933/2933/2933 2842/2842/2842
f 2933/2933/2933 2916/2916/2916 2844/2844/2844 2842/2842/2842
f 2934/2934/2934 3036/3036/3036 2920/2920/2920 2923/2923/2923
f 2928/2928/2928 2936/2936/2936 2935/2935/2935 2929/2929/2929
f 2834/2834/2834 2833/2833/2833 2937/2937/2937 3068/3068/3068
f 2795/2795/2795 2796/2796/2796 2938/2938/2938 2827/2827/2827
f 2809/2809/2809 2939/2939/2939 2938/2938/2938 2796/2796/2796
f 2938/2938/2938 2940/2940/2940 2826/2826/2826 2827/2827/2827
f 2941/2941/2941 2934/2934/2934 2923/2923/2923 2929/2929/2929
f 2942/2942/2942 2930/2930/2930 2798/2798/2798 2808/2808/2808
f 2943/2943/2943 2944/2944/2944 2935/2935/2935 2936/2936/2936
f 2943/2943/2943 2936/2936/2936 2945/2945/2945
f 2943/2943/2943 2946/2946/2946 2944/2944/2944
f 2943/2943/2943 2948/2948/2948 2947/2947/2947 2946/2946/2946
f 2949/2949/2949 2953/2953/2953 2944/2944/2944 2946/2946/2946
f 2949/2949/2949 2946/2946/2946 2947/2947/2947 2950/2950/2950
f 2951/2951/2951 2947/2947/2947 2948/2948/2948 2952/2952/2952
f 2953/2953/2953 3069/3069/3069 2935/2935/2935 2944/2944/2944
f 2943/2943/2943 2945/2945/2945 2954/2954/2954 2948/2948/2948
f 2952/2952/2952 2948/2948/2948 2954/2954/2954 2955/2955/2955
f 2870/2870/2870 2873/2873/2873 2956/2956/2956 2880/2880/2880
f 2839/2839/2839 2965/2965/2965 2957/2957/2957 2933/2933/2933
f 2958/2958/2958 2880/2880/2880 2956/2956/2956 2959/2959/2959
f 2958/2958/2958 2959/2959/2959 2960/2960/2960 2961/2961/2961
f 2962/2962/2962 3090/3090/3090 2958/2958/2958 2961/2961/2961
f 2963/2963/2963 2878/2878/2878 2876/2876/2876 2883/2883/2883
f 2873/2873/2873 2917/2917/2917 2964/2964/2964 2956/2956/2956
f 2836/2836/2836 2837/2837/2837 2965/2965/2965 2839/2839/2839
f 2965/2965/2965 2967/2967/2967 2966/2966/2966 2957/2957/2957
f 2825/2825/2825 2824/2824/2824 2968/2968/2968 2831/2831/2831
f 2968/2968/2968 3030/3030/3030 2837/2837/2837 2831/2831/2831
f 2969/2969/2969 2970/2970/2970 2915/2915/2915 2914/2914/2914
f 2933/2933/2933 2957/2957/2957 2969/2969/2969 2916/2916/2916
f 2966/2966/2966 2970/2970/2970 2969/2969/2969 2957/2957/2957
f 2891/2891/2891 2972/2972/2972 2971/2971/2971 2892/2892/2892
f 2972/2972/2972 2974/2974/2974 2973/2973/2973 2971/2971/2971
f 2973/2973/2973 2976/2976/2976 2975/2975/2975 2971/2971/2971
f 2977/2977/2977 2978/2978/2978 2973/2973/2973 2974/2974/2974
f 2978/2978/2978 2979/2979/2979 2976/2976/2976 2973/2973/2973
f 2980/2980/2980 2974/2974/2974 2972/2972/2972
f 2980/2980/2980 2982/2982/2982 2981/2981/2981 2974/2974/2974
f 2982/2982/2982 2984/2984/2984 2983/2983/2983 2981/2981/2981
f 2985/2985/2985 2983/2983/2983 2984/2984/2984 2986/2986/2986
f 2987/2987/2987 2985/2985/2985 2986/2986/2986 2988/2988/2988
f 2989/2989/2989 2987/2987/2987 2988/2988/2988 2990/2990/2990
f 2991/2991/2991 2992/2992/2992 2989/2989/2989 2990/2990/2990
f 2993/2993/2993 2984/2984/2984 2982/2982/2982
f 2994/2994/2994 2988/2988/2988 2986/2986/2986 2995/2995/2995
f 2996/2996/2996 2997/2997/2997 2992/2992/2992 2991/2991/2991
f 2998/2998/2998 3015/3015/3015 2983/2983/2983 2985/2985/2985
f 2998/2998/2998 2985/2985/2985 2987/2987/2987 2999/2999/2999
f 2993/2993/2993 3000/3000/3000 2984/2984/2984
f 2992/2992/2992 2997/2997/2997 3001/3001/3001 3002/3002/3002
f 3003/3003/3003 3001/3001/3001 2997/2997/2997 3004/3004/3004
f 3003/3003/3003 3004/3004/3004 3005/3005/3005 3006/3006/3006
f 3007/3007/3007 3006/3006/3006 3005/3005/3005 3008/3008/3008
f 3008/3008/3008 3005/3005/3005 3009/3009/3009
f 3010/3010/3010 3011/3011/3011 3002/3002/3002 3001/3001/3001
f 3003/3003/3003 3012/3012/3012 3010/3010/3010 3001/3001/3001
f 3013/3013/3013 2995/2995/2995 2986/2986/2986 2984/2984/2984
f 3013/3013/3013 2984/2984/2984 3000/3000/3000 3014/3014/3014
f 3015/3015/3015 3017/3017/3017 2981/2981/2981 2983/2983/2983
f 3016/3016/3016 3004/3004/3004 2997/2997/2997 2996/2996/2996
f 3016/3016/3016 3009/3009/3009 3005/3005/3005 3004/3004/3004
f 3017/3017/3017 2977/2977/2977 2974/2974/2974 2981/2981/2981
f 3018/3018/3018 2990/2990/2990 2988/2988/2988 2994/2994/2994
f 2991/2991/2991 2990/2990/2990 3018/3018/3018 3019/3019/3019
f 2998/2998/2998 2999/2999/2999 3020/3020/3020 3021/3021/3021
f 3020/3020/3020 3023/3023/3023 3022/3022/3022 3021/3021/3021
f 3023/3023/3023 3025/3025/3025 3024/3024/3024 3022/3022/3022
f 3026/3026/3026 3028/3028/3028 3023/3023/3023 3020/3020/3020
f 3021/3021/3021 3022/3022/3022 3027/3027/3027 3040/3040/3040
f 3028/3028/3028 3029/3029/3029 3025/3025/3025 3023/3023/3023
f 3030/3030/3030 2967/2967/2967 2965/2965/2965 2837/2837/2837
f 3031/3031/3031 3032/3032/3032 3029/3029/3029 3028/3028/3028
f 3033/3033/3033 2805/2805/2805 2806/2806/2806 3042/3042/3042
f 2808/2808/2808 2811/2811/2811 3033/3033/3033 3037/3037/3037
f 2893/2893/2893 2888/2888/2888 3034/3034/3034
f 2833/2833/2833 2835/2835/2835 3035/3035/3035 2937/2937/2937
f 3035/3035/3035 2840/2840/2840 2902/2902/2902 2924/2924/2924
f 3036/3036/3036 2924/2924/2924 2900/2900/2900 2920/2920/2920
f 2942/2942/2942 2808/2808/2808 3037/3037/3037 3038/3038/3038
f 3037/3037/3037 3095/3095/3095 3039/3039/3039 3038/3038/3038
f 2998/2998/2998 3021/3021/3021 3040/3040/3040 3015/3015/3015
f 3041/3041/3041 2950/2950/2950 2947/2947/2947 2951/2951/2951
f 3042/3042/3042 2806/2806/2806 2953/2953/2953 2949/2949/2949
f 3037/3037/3037 3033/3033/3033 3042/3042/3042 3095/3095/3095
f 3043/3043/3043 2963/2963/2963 2883/2883/2883 3086/3086/3086
f 3043/3043/3043 3034/3034/3034 2888/2888/2888 2963/2963/2963
f 2851/2851/2851 2856/2856/2856 3044/3044/3044 2855/2855/2855
f 2855/2855/2855 3044/3044/3044 3045/3045/3045 3051/3051/3051
f 3044/3044/3044 3047/3047/3047 3046/3046/3046 3045/3045/3045
f 3048/3048/3048 3046/3046/3046 3047/3047/3047 3049/3049/3049
f 3050/3050/3050 3048/3048/3048 3049/3049/3049
f 2854/2854/2854 2855/2855/2855 3051/3051/3051 3067/3067/3067
f 2822/2822/2822 2823/2823/2823 3052/3052/3052 3053/3053/3053
f 3054/3054/3054 3053/3053/3053 3052/3052/3052 3055/3055/3055
f 3054/3054/3054 3055/3055/3055 3056/3056/3056
f 3055/3055/3055 3058/3058/3058 3057/3057/3057 3056/3056/3056
f 3057/3057/3057 3060/3060/3060 3059/3059/3059 3056/3056/3056
f 3059/3059/3059 3060/3060/3060 3061/3061/3061
f 2809/2809/2809 2817/2817/2817 3062/3062/3062 2939/2939/2939
f 3062/3062/3062 2822/2822/2822 3053/3053/3053 3096/3096/3096
f 2906/2906/2906 2927/2927/2927 3063/3063/3063 3094/3094/3094
f 3064/3064/3064 2996/2996/2996 2991/2991/2991 3019/3019/3019
f 3016/3016/3016 2996/2996/2996 3064/3064/3064 3065/3065/3065
f 2978/2978/2978 3071/3071/3071 3066/3066/3066 2979/2979/2979
f 2853/2853/2853 2854/2854/2854 3067/3067/3067 2897/2897/2897
f 2828/2828/2828 2834/2834/2834 3068/3068/3068 2829/2829/2829
f 3068/3068/3068 2937/2937/2937 3036/3036/3036 2934/2934/2934
f 2806/2806/2806 2807/2807/2807 3069/3069/3069 2953/2953/2953
f 2829/2829/2829 2941/2941/2941 3069/3069/3069 2807/2807/2807
f 3069/3069/3069 2941/2941/2941 2929/2929/2929 2935/2935/2935
f 3070/3070/3070 2999/2999/2999 2987/2987/2987 2989/2989/2989
f 2992/2992/2992 3002/3002/3002 3070/3070/3070 2989/2989/2989
f 3011/3011/3011 3070/3070/3070 3002/3002/3002
f 3070/3070/3070 3026/3026/3026 3020/3020/3020 2999/2999/2999
f 2977/2977/2977 3087/3087/3087 3071/3071/3071 2978/2978/2978
f 2857/2857/2857 2860/2860/2860 3072/3072/3072 2856/2856/2856
f 3072/3072/3072 2860/2860/2860 2863/2863/2863 2904/2904/2904
f 3044/3044/3044 2856/2856/2856 3072/3072/3072 3047/3047/3047
f 3072/3072/3072 3049/3049/3049 3047/3047/3047
f 3073/3073/3073 2904/2904/2904 2903/2903/2903 3074/3074/3074
f 3075/3075/3075 3076/3076/3076 3066/3066/3066 3071/3071/3071
f 3077/3077/3077 2955/2955/2955 2954/2954/2954
f 3077/3077/3077 3079/3079/3079 3078/3078/3078 2955/2955/2955
f 3079/3079/3079 3081/3081/3081 3080/3080/3080 3078/3078/3078
f 3078/3078/3078 3080/3080/3080 3082/3082/3082 3083/3083/3083
f 2952/2952/2952 2955/2955/2955 3084/3084/3084 3085/3085/3085
f 3084/3084/3084 2955/2955/2955 3078/3078/3078 3083/3083/3083
f 3086/3086/3086 2883/2883/2883 2882/2882/2882 2881/2881/2881
f 3017/3017/3017 3093/3093/3093 3087/3087/3087 2977/2977/2977
f 3087/3087/3087 3088/3088/3088 3075/3075/3075 3071/3071/3071
f 3040/3040/3040 3027/3027/3027 3089/3089/3089 3093/3093/3093
f 3089/3089/3089 3088/3088/3088 3087/3087/3087 3093/3093/3093
f 3090/3090/3090 2871/2871/2871 2880/2880/2880 2958/2958/2958
f 3090/3090/3090 3074/3074/3074 2903/2903/2903 2871/2871/2871
f 3013/3013/3013 3014/3014/3014 3091/3091/3091
f 2927/2927/2927 2913/2913/2913 3092/3092/3092 3063/3063/3063
f 3092/3092/3092 3014/3014/3014 3000/3000/3000
f 3092/3092/3092 3034/3034/3034 3043/3043/3043 3063/3063/3063
f 3015/3015/3015 3040/3040/3040 3093/3093/3093 3017/3017/3017
f 3094/3094/3094 3086/3086/3086 2881/2881/2881 2925/2925/2925
f 3095/3095/3095 3042/3042/3042 2949/2949/2949 2950/2950/2950
f 3095/3095/3095 2950/2950/2950 3041/3041/3041 3039/3039/3039
f 2939/2939/2939 3062/3062/3062 3096/3096/3096 3097/3097/3097
f 2937/2937/2937 3035/3035/3035 2924/2924/2924 3036/3036/3036
f 2938/2938/2938 2939/2939/2939 3097/3097/3097
f 2829/2829/2829 3068/3068/3068 2934/2934/2934 2941/2941/2941
f 3098/3098/3098 2814/2814/2814 2812/2812/2812 2813/2813/2813
f 2792/2792/2792 3098/3098/3098 2813/2813/2813
f 3098/3098/3098 2795/2795/2795 2827/2827/2827 2814/2814/2814
f 2828/2828/2828 2932/2932/2932 2830/2830/2830 2834/2834/2834
f 2916/2916/2916 2969/2969/2969 2914/2914/2914 2918/2918/2918
f 2913/2913/2913 3091/3091/3091 3014/3014/3014 3092/3092/3092
f 3063/3063/3063 3043/3043/3043 3086/3086/3086 3094/3094/3094
f 3099/3099/3099 3100/3100/3100 3101/3101/3101 3102/3102/3102
f 3099/3099/3099 3102/3102/3102 3103/3103/3103
f 3102/3102/3102 3104/3104/3104 3103/3103/3103
f 3105/3105/3105 3103/3103/3103 3104/3104/3104
f 3106/3106/3106 3107/3107/3107 3108/3108/3108
f 3109/3109/3109 3110/3110/3110 3111/3111/3111
f 3112/3112/3112 3115/3115/3115 3113/3113/3113 3114/3114/3114
f 3116/3116/3116 3114/3114/3114 3113/3113/3113 3117/3117/3117
f 3118/3118/3118 3114/3114/3114 3116/3116/3116
f 3116/3116/3116 3117/3117/3117 3118/3118/3118
f 3119/3119/3119 3113/3113/3113 3115/3115/3115 3120/3120/3120
f 3119/3119/3119 3117/3117/3117 3113/3113/3113
f 3119/3119/3119 3122/3122/3122 3121/3121/3121 3117/3117/3117
f 3119/3119/3119 3120/3120/3120 3123/3123/3123
f 3124/3124/3124 3127/3127/3127 3125/3125/3125 3126/3126/3126
f 3128/3128/3128 3129/3129/3129 3125/3125/3125 3127/3127/3127
f 3129/3129/3129 3128/3128/3128 3130/3130/3130 3131/3131/3131
f 3128/3128/3128 3127/3127/3127 3132/3132/3132 3133/3133/3133
f 3134/3134/3134 3125/3125/3125 3129/3129/3129
f 3135/3135/3135 3132/3132/3132 3127/3127/3127 3124/3124/3124
f 3132/3132/3132 3135/3135/3135 3136/3136/3136
f 3137/3137/3137 3138/3138/3138 3139/3139/3139
f 3140/3140/3140 3141/3141/3141 3142/3142/3142
f 3143/3143/3143 3144/3144/3144 3145/3145/3145
f 3146/3146/3146 3147/3147/3147 3148/3148/3148 3150/3150/3150
f 3149/3149/3149 3151/3151/3151 3148/3148/3148 3147/3147/3147
f 3149/3149/3149 3152/3152/3152 3151/3151/3151
f 3153/3153/3153 3154/3154/3154 3155/3155/3155 3156/3156/3156
f 3154/3154/3154 3158/3158/3158 3157/3157/3157 3155/3155/3155
f 3159/3159/3159 3156/3156/3156 3155/3155/3155 3160/3160/3160
f 3155/3155/3155 3162/3162/3162 3161/3161/3161 3160/3160/3160
f 3163/3163/3163 3161/3161/3161 3162/3162/3162 3164/3164/3164
f 3165/3165/3165 3160/3160/3160 3161/3161/3161 3183/3183/3183
f 3166/3166/3166 3167/3167/3167 3163/3163/3163 3164/3164/3164
f 3168/3168/3168 3167/3167/3167 3166/3166/3166 3169/3169/3169
f 3166/3166/3166 3164/3164/3164 3170/3170/3170 3280/3280/3280
f 3171/3171/3171 3163/3163/3163 3167/3167/3167 3172/3172/3172
f 3158/3158/3158 3174/3174/3174 3173/3173/3173 3157/3157/3157
f 3157/3157/3157 3173/3173/3173 3175/3175/3175 3186/3186/3186
f 3175/3175/3175 3173/3173/3173 3176/3176/3176 3177/3177/3177
f 3177/3177/3177 3176/3176/3176 3178/3178/3178 3179/3179/3179
f 3177/3177/3177 3179/3179/3179 3180/3180/3180 3181/3181/3181
f 3175/3175/3175 3177/3177/3177 3181/3181/3181 3182/3182/3182
f 3183/3183/3183 3161/3161/3161 3163/3163/3163 3171/3171/3171
f 3184/3184/3184 3176/3176/3176 3173/3173/3173 3174/3174/3174
f 3184/3184/3184 3185/3185/3185 3178/3178/3178 3176/3176/3176
f 3155/3155/3155 3157/3157/3157 3186/3186/3186 3162/3162/3162
f 3186/3186/3186 3170/3170/3170 3164/3164/3164 3162/3162/3162
f 3179/3179/3179 3188/3188/3188 3187/3187/3187 3180/3180/3180
f 3188/3188/3188 3190/3190/3190 3189/3189/3189 3187/3187/3187
f 3187/3187/3187 3189/3189/3189 3191/3191/3191 3403/3403/3403
f 3189/3189/3189 3282/3282/3282 3192/3192/3192 3191/3191/3191
f 3193/3193/3193 3194/3194/3194 3191/3191/3191 3192/3192/3192
f 3193/3193/3193 3192/3192/3192 3195/3195/3195
f 3193/3193/3193 3196/3196/3196 3194/3194/3194
f 3193/3193/3193 3198/3198/3198 3197/3197/3197 3196/3196/3196
f 3197/3197/3197 3200/3200/3200 3199/3199/3199 3196/3196/3196
f 3192/3192/3192 3202/3202/3202 3201/3201/3201 3195/3195/3195
f 3203/3203/3203 3196/3196/3196 3199/3199/3199 3204/3204/3204
f 3204/3204/3204 3199/3199/3199 3205/3205/3205 3206/3206/3206
f 3206/3206/3206 3205/3205/3205 3207/3207/3207 3208/3208/3208
f 3209/3209/3209 3208/3208/3208 3207/3207/3207 3210/3210/3210
f 3211/3211/3211 3208/3208/3208 3209/3209/3209 3212/3212/3212
f 3207/3207/3207 3222/3222/3222 3213/3213/3213 3210/3210/3210
f 3214/3214/3214 3211/3211/3211 3212/3212/3212 3215/3215/3215
f 3216/3216/3216 3214/3214/3214 3215/3215/3215 3217/3217/3217
f 3218/3218/3218 3221/3221/3221 3214/3214/3214 3216/3216/3216
f 3218/3218/3218 3216/3216/3216 3219/3219/3219 3220/3220/3220
f 3221/3221/3221 3228/3228/3228 3211/3211/3211 3214/3214/3214
f 3205/3205/3205 3238/3238/3238 3222/3222/3222 3207/3207/3207
f 3223/3223/3223 3217/3217/3217 3215/3215/3215 3224/3224/3224
f 3212/3212/3212 3209/3209/3209 3225/3225/3225 3229/3229/3229
f 3226/3226/3226 3219/3219/3219 3216/3216/3216 3217/3217/3217
f 3226/3226/3226 3217/3217/3217 3223/3223/3223 3227/3227/3227
f 3228/3228/3228 3206/3206/3206 3208/3208/3208 3211/3211/3211
f 3215/3215/3215 3212/3212/3212 3229/3229/3229 3224/3224/3224
f 3230/3230/3230 3289/3289/3289 3218/3218/3218 3220/3220/3220
f 3209/3209/3209 3210/3210/3210 3231/3231/3231 3225/3225/3225
f 3231/3231/3231 3210/3210/3210 3213/3213/3213 3232/3232/3232
f 3233/3233/3233 3223/3223/3223 3224/3224/3224 3234/3234/3234
f 3235/3235/3235 3220/3220/3220 3219/3219/3219 3441/3441/3441
f 3236/3236/3236 3204/3204/3204 3206/3206/3206 3228/3228/3228
f 3237/3237/3237 3230/3230/3230 3220/3220/3220 3235/3235/3235
f 3199/3199/3199 3200/3200/3200 3238/3238/3238 3205/3205/3205
f 3233/3233/3233 3234/3234/3234 3239/3239/3239 3240/3240/3240
f 3241/3241/3241 3240/3240/3240 3239/3239/3239 3242/3242/3242
f 3243/3243/3243 3240/3240/3240 3241/3241/3241 3244/3244/3244
f 3245/3245/3245 3243/3243/3243 3244/3244/3244 3246/3246/3246
f 3246/3246/3246 3244/3244/3244 3247/3247/3247 3248/3248/3248
f 3249/3249/3249 3279/3279/3279 3243/3243/3243 3245/3245/3245
f 3250/3250/3250 3246/3246/3246 3248/3248/3248 3251/3251/3251
f 3251/3251/3251 3248/3248/3248 3252/3252/3252 3253/3253/3253
f 3239/3239/3239 3255/3255/3255 3254/3254/3254 3242/3242/3242
f 3255/3255/3255 3257/3257/3257 3256/3256/3256 3254/3254/3254
f 3257/3257/3257 3259/3259/3259 3258/3258/3258 3256/3256/3256
f 3257/3257/3257 3395/3395/3395 3260/3260/3260 3259/3259/3259
f 3261/3261/3261 3258/3258/3258 3259/3259/3259 3272/3272/3272
f 3248/3248/3248 3247/3247/3247 3262/3262/3262 3252/3252/3252
f 3253/3253/3253 3252/3252/3252 3263/3263/3263 3264/3264/3264
f 3265/3265/3265 3266/3266/3266 3253/3253/3253 3264/3264/3264
f 3264/3264/3264 3263/3263/3263 3267/3267/3267 3268/3268/3268
f 3269/3269/3269 3267/3267/3267 3263/3263/3263 3430/3430/3430
f 3270/3270/3270 3242/3242/3242 3254/3254/3254
f 3270/3270/3270 3254/3254/3254 3256/3256/3256 3271/3271/3271
f 3260/3260/3260 3355/3355/3355 3272/3272/3272 3259/3259/3259
f 3244/3244/3244 3241/3241/3241 3273/3273/3273 3247/3247/3247
f 3197/3197/3197 3198/3198/3198 3274/3274/3274 3200/3200/3200
f 3275/3275/3275 3245/3245/3245 3246/3246/3246 3250/3250/3250
f 3275/3275/3275 3276/3276/3276 3249/3249/3249 3245/3245/3245
f 3277/3277/3277 3250/3250/3250 3251/3251/3251 3340/3340/3340
f 3278/3278/3278 3194/3194/3194 3196/3196/3196 3203/3203/3203
f 3279/3279/3279 3233/3233/3233 3240/3240/3240 3243/3243/3243
f 3166/3166/3166 3280/3280/3280 3169/3169/3169
f 3168/3168/3168 3169/3169/3169 3280/3280/3280 3281/3281/3281
f 3190/3190/3190 3283/3283/3283 3282/3282/3282 3189/3189/3189
f 3282/3282/3282 3380/3380/3380 3202/3202/3202 3192/3192/3192
f 3284/3284/3284 3171/3171/3171 3172/3172/3172 3285/3285/3285
f 3286/3286/3286 3285/3285/3285 3172/3172/3172 3287/3287/3287
f 3288/3288/3288 3287/3287/3287 3172/3172/3172 3167/3167/3167
f 3289/3289/3289 3353/3353/3353 3221/3221/3221 3218/3218/3218
f 3202/3202/3202 3291/3291/3291 3290/3290/3290 3201/3201/3201
f 3292/3292/3292 3293/3293/3293 3290/3290/3290 3291/3291/3291
f 3292/3292/3292 3291/3291/3291 3294/3294/3294 3295/3295/3295
f 3296/3296/3296 3295/3295/3295 3294/3294/3294 3297/3297/3297
f 3298/3298/3298 3297/3297/3297 3294/3294/3294 3380/3380/3380
f 3299/3299/3299 3300/3300/3300 3290/3290/3290 3293/3293/3293
f 3299/3299/3299 3302/3302/3302 3301/3301/3301 3300/3300/3300
f 3301/3301/3301 3302/3302/3302 3303/3303/3303 3304/3304/3304
f 3305/3305/3305 3306/3306/3306 3304/3304/3304 3303/3303/3303
f 3307/3307/3307 3301/3301/3301 3304/3304/3304 3339/3339/3339
f 3308/3308/3308 3293/3293/3293 3292/3292/3292
f 3305/3305/3305 3310/3310/3310 3309/3309/3309 3306/3306/3306
f 3309/3309/3309 3310/3310/3310 3311/3311/3311 3312/3312/3312
f 3312/3312/3312 3311/3311/3311 3313/3313/3313 3314/3314/3314
f 3314/3314/3314 3313/3313/3313 3315/3315/3315 3316/3316/3316
f 3313/3313/3313 3331/3331/3331 3317/3317/3317 3315/3315/3315
f 3316/3316/3316 3315/3315/3315 3318/3318/3318 3319/3319/3319
f 3319/3319/3319 3318/3318/3318 3320/3320/3320 3321/3321/3321
f 3318/3318/3318 3334/3334/3334 3322/3322/3322 3320/3320/3320
f 3323/3323/3323 3319/3319/3319 3321/3321/3321 3324/3324/3324
f 3321/3321/3321 3320/3320/3320 3325/3325/3325 3328/3328/3328
f 3326/3326/3326 3323/3323/3323 3324/3324/3324 3327/3327/3327
f 3324/3324/3324 3321/3321/3321 3328/3328/3328 3329/3329/3329
f 3330/3330/3330 3316/3316/3316 3319/3319/3319 3323/3323/3323
f 3326/3326/3326 3330/3330/3330 3323/3323/3323
f 3311/3311/3311 3332/3332/3332 3331/3331/3331 3313/3313/3313
f 3333/3333/3333 3325/3325/3325 3320/3320/3320 3322/3322/3322
f 3315/3315/3315 3317/3317/3317 3334/3334/3334 3318/3318/3318
f 3335/3335/3335 3306/3306/3306 3309/3309/3309 3336/3336/3336
f 3336/3336/3336 3309/3309/3309 3312/3312/3312 3337/3337/3337
f 3338/3338/3338 3201/3201/3201 3290/3290/3290 3300/3300/3300
f 3338/3338/3338 3300/3300/3300 3301/3301/3301 3307/3307/3307
f 3339/3339/3339 3304/3304/3304 3306/3306/3306 3335/3335/3335
f 3340/3340/3340 3251/3251/3251 3253/3253/3253 3266/3266/3266
f 3286/3286/3286 3287/3287/3287 3341/3341/3341 3342/3342/3342
f 3288/3288/3288 3341/3341/3341 3287/3287/3287
f 3343/3343/3343 3203/3203/3203 3204/3204/3204 3236/3236/3236
f 3179/3179/3179 3178/3178/3178 3344/3344/3344 3188/3188/3188
f 3344/3344/3344 3345/3345/3345 3190/3190/3190 3188/3188/3188
f 3326/3326/3326 3327/3327/3327 3346/3346/3346
f 3346/3346/3346 3327/3327/3327 3347/3347/3347 3348/3348/3348
f 3346/3346/3346 3348/3348/3348 3349/3349/3349 3396/3396/3396
f 3284/3284/3284 3285/3285/3285 3350/3350/3350 3351/3351/3351
f 3286/3286/3286 3352/3352/3352 3350/3350/3350 3285/3285/3285
f 3353/3353/3353 3236/3236/3236 3228/3228/3228 3221/3221/3221
f 3354/3354/3354 3343/3343/3343 3236/3236/3236 3353/3353/3353
f 3231/3231/3231 3232/3232/3232 3355/3355/3355 3260/3260/3260
f 3356/3356/3356 3357/3357/3357 3232/3232/3232 3213/3213/3213
f 3358/3358/3358 3410/3410/3410 3343/3343/3343 3354/3354/3354
f 3359/3359/3359 3358/3358/3358 3354/3354/3354 3360/3360/3360
f 3360/3360/3360 3354/3354/3354 3353/3353/3353 3289/3289/3289
f 3238/3238/3238 3440/3440/3440 3361/3361/3361 3222/3222/3222
f 3222/3222/3222 3361/3361/3361 3362/3362/3362 3213/3213/3213
f 3356/3356/3356 3213/3213/3213 3362/3362/3362
f 3363/3363/3363 3351/3351/3351 3350/3350/3350 3364/3364/3364
f 3363/3363/3363 3364/3364/3364 3365/3365/3365
f 3364/3364/3364 3367/3367/3367 3366/3366/3366 3365/3365/3365
f 3368/3368/3368 3363/3363/3363 3365/3365/3365 3366/3366/3366
f 3369/3369/3369 3364/3364/3364 3350/3350/3350 3352/3352/3352
f 3369/3369/3369 3370/3370/3370 3367/3367/3367 3364/3364/3364
f 3371/3371/3371 3389/3389/3389 3230/3230/3230 3237/3237/3237
f 3288/3288/3288 3371/3371/3371 3341/3341/3341
f 3372/3372/3372 3237/3237/3237 3235/3235/3235 3373/3373/3373
f 3342/3342/3342 3341/3341/3341 3372/3372/3372 3443/3443/3443
f 3374/3374/3374 3181/3181/3181 3180/3180/3180 3375/3375/3375
f 3376/3376/3376 3307/3307/3307 3339/3339/3339 3378/3378/3378
f 3377/3377/3377 3438/3438/3438 3336/3336/3336 3337/3337/3337
f 3378/3378/3378 3339/3339/3339 3335/3335/3335 3379/3379/3379
f 3379/3379/3379 3335/3335/3335 3336/3336/3336 3438/3438/3438
f 3283/3283/3283 3298/3298/3298 3380/3380/3380 3282/3282/3282
f 3380/3380/3380 3294/3294/3294 3291/3291/3291 3202/3202/3202
f 3381/3381/3381 3283/3283/3283 3190/3190/3190 3345/3345/3345
f 3382/3382/3382 3383/3383/3383 3227/3227/3227 3223/3223/3223
f 3382/3382/3382 3223/3223/3223 3233/3233/3233 3279/3279/3279
f 3384/3384/3384 3385/3385/3385 3381/3381/3381 3345/3345/3345
f 3384/3384/3384 3345/3345/3345 3386/3386/3386
f 3384/3384/3384 3387/3387/3387 3385/3385/3385
f 3387/3387/3387 3388/3388/3388 3381/3381/3381 3385/3385/3385
f 3168/3168/3168 3281/3281/3281 3389/3389/3389
f 3389/3389/3389 3360/3360/3360 3289/3289/3289 3230/3230/3230
f 3390/3390/3390 3182/3182/3182 3181/3181/3181 3374/3374/3374
f 3281/3281/3281 3280/3280/3280 3390/3390/3390 3359/3359/3359
f 3390/3390/3390 3374/3374/3374 3358/3358/3358 3359/3359/3359
f 3391/3391/3391 3337/3337/3337 3312/3312/3312 3314/3314/3314
f 3391/3391/3391 3314/3314/3314 3316/3316/3316 3330/3330/3330
f 3377/3377/3377 3337/3337/3337 3391/3391/3391 3437/3437/3437
f 3392/3392/3392 3277/3277/3277 3340/3340/3340 3393/3393/3393
f 3394/3394/3394 3405/3405/3405 3277/3277/3277 3392/3392/3392
f 3229/3229/3229 3225/3225/3225 3395/3395/3395 3436/3436/3436
f 3231/3231/3231 3260/3260/3260 3395/3395/3395 3225/3225/3225
f 3326/3326/3326 3346/3346/3346 3396/3396/3396 3330/3330/3330
f 3397/3397/3397 3329/3329/3329 3328/3328/3328 3398/3398/3398
f 3397/3397/3397 3398/3398/3398 3399/3399/3399 3400/3400/3400
f 3401/3401/3401 3327/3327/3327 3324/3324/3324 3329/3329/3329
f 3401/3401/3401 3347/3347/3347 3327/3327/3327
f 3401/3401/3401 3329/3329/3329 3397/3397/3397 3402/3402/3402
f 3180/3180/3180 3187/3187/3187 3403/3403/3403 3375/3375/3375
f 3403/3403/3403 3191/3191/3191 3194/3194/3194 3278/3278/3278
f 3404/3404/3404 3249/3249/3249 3276/3276/3276
f 3405/3405/3405 3275/3275/3275 3250/3250/3250 3277/3277/3277
f 3405/3405/3405 3406/3406/3406 3276/3276/3276 3275/3275/3275
f 3394/3394/3394 3407/3407/3407 3406/3406/3406 3405/3405/3405
f 3401/3401/3401 3409/3409/3409 3408/3408/3408 3347/3347/3347
f 3410/3410/3410 3278/3278/3278 3203/3203/3203 3343/3343/3343
f 3374/3374/3374 3375/3375/3375 3410/3410/3410 3358/3358/3358
f 3184/3184/3184 3174/3174/3174 3411/3411/3411
f 3333/3333/3333 3322/3322/3322 3412/3412/3412 3413/3413/3413
f 3334/3334/3334 3414/3414/3414 3412/3412/3412 3322/3322/3322
f 3412/3412/3412 3414/3414/3414 3415/3415/3415 3416/3416/3416
f 3333/3333/3333 3413/3413/3413 3417/3417/3417 3428/3428/3428
f 3412/3412/3412 3416/3416/3416 3418/3418/3418 3413/3413/3413
f 3413/3413/3413 3418/3418/3418 3419/3419/3419 3417/3417/3417
f 3420/3420/3420 3344/3344/3344 3178/3178/3178 3185/3185/3185
f 3420/3420/3420 3386/3386/3386 3345/3345/3345 3344/3344/3344
f 3334/3334/3334 3317/3317/3317 3421/3421/3421 3414/3414/3414
f 3421/3421/3421 3422/3422/3422 3415/3415/3415 3414/3414/3414
f 3423/3423/3423 3367/3367/3367 3370/3370/3370 3424/3424/3424
f 3369/3369/3369 3425/3425/3425 3370/3370/3370
f 3424/3424/3424 3370/3370/3370 3425/3425/3425 3426/3426/3426
f 3193/3193/3193 3195/3195/3195 3427/3427/3427 3198/3198/3198
f 3427/3427/3427 3195/3195/3195 3201/3201/3201 3338/3338/3338
f 3427/3427/3427 3376/3376/3376 3274/3274/3274 3198/3198/3198
f 3427/3427/3427 3338/3338/3338 3307/3307/3307 3376/3376/3376
f 3428/3428/3428 3398/3398/3398 3328/3328/3328 3325/3325/3325
f 3333/3333/3333 3428/3428/3428 3325/3325/3325
f 3428/3428/3428 3429/3429/3429 3399/3399/3399 3398/3398/3398
f 3252/3252/3252 3262/3262/3262 3430/3430/3430 3263/3263/3263
f 3431/3431/3431 3430/3430/3430 3262/3262/3262 3439/3439/3439
f 3269/3269/3269 3430/3430/3430 3431/3431/3431 3432/3432/3432
f 3431/3431/3431 3434/3434/3434 3433/3433/3433 3432/3432/3432
f 3431/3431/3431 3439/3439/3439 3435/3435/3435 3434/3434/3434
f 3224/3224/3224 3229/3229/3229 3436/3436/3436 3234/3234/3234
f 3239/3239/3239 3234/3234/3234 3436/3436/3436 3255/3255/3255
f 3436/3436/3436 3395/3395/3395 3257/3257/3257 3255/3255/3255
f 3437/3437/3437 3391/3391/3391 3330/3330/3330 3396/3396/3396
f 3356/3356/3356 3362/3362/3362 3438/3438/3438 3377/3377/3377
f 3361/3361/3361 3379/3379/3379 3438/3438/3438 3362/3362/3362
f 3247/3247/3247 3273/3273/3273 3439/3439/3439 3262/3262/3262
f 3200/3200/3200 3274/3274/3274 3440/3440/3440 3238/3238/3238
f 3440/3440/3440 3378/3378/3378 3379/3379/3379 3361/3361/3361
f 3226/3226/3226 3227/3227/3227 3441/3441/3441 3219/3219/3219
f 3373/3373/3373 3235/3235/3235 3441/3441/3441 3442/3442/3442
f 3441/3441/3441 3227/3227/3227 3383/3383/3383 3442/3442/3442
f 3443/3443/3443 3372/3372/3372 3373/3373/3373 3454/3454/3454
f 3425/3425/3425 3444/3444/3444 3426/3426/3426
f 3425/3425/3425 3445/3445/3445 3444/3444/3444
f 3445/3445/3445 3447/3447/3447 3446/3446/3446 3444/3444/3444
f 3448/3448/3448 3449/3449/3449 3446/3446/3446 3447/3447/3447
f 3448/3448/3448 3450/3450/3450 3449/3449/3449
f 3451/3451/3451 3165/3165/3165 3183/3183/3183 3453/3453/3453
f 3232/3232/3232 3357/3357/3357 3452/3452/3452 3355/3355/3355
f 3356/3356/3356 3452/3452/3452 3357/3357/3357
f 3452/3452/3452 3437/3437/3437 3396/3396/3396 3349/3349/3349
f 3453/3453/3453 3183/3183/3183 3171/3171/3171 3284/3284/3284
f 3454/3454/3454 3373/3373/3373 3442/3442/3442
f 3455/3455/3455 3443/3443/3443 3454/3454/3454
f 3286/3286/3286 3342/3342/3342 3456/3456/3456 3352/3352/3352
f 3369/3369/3369 3352/3352/3352 3456/3456/3456 3425/3425/3425
f 3456/3456/3456 3342/3342/3342 3443/3443/3443 3455/3455/3455
f 3375/3375/3375 3403/3403/3403 3278/3278/3278 3410/3410/3410
f 3356/3356/3356 3377/3377/3377 3437/3437/3437 3452/3452/3452
f 3281/3281/3281 3359/3359/3359 3360/3360/3360 3389/3389/3389
f 3341/3341/3341 3371/3371/3371 3237/3237/3237 3372/3372/3372
f 3381/3381/3381 3388/3388/3388 3298/3298/3298 3283/3283/3283
f 3274/3274/3274 3376/3376/3376 3378/3378/3378 3440/3440/3440
f 3457/3457/3457 3458/3458/3458 3459/3459/3459 3460/3460/3460
f 3460/3460/3460 3459/3459/3459 3461/3461/3461 3462/3462/3462
f 3459/3459/3459 3463/3463/3463 3461/3461/3461
f 3463/3463/3463 3465/3465/3465 3464/3464/3464 3461/3461/3461
f 3465/3465/3465 3467/3467/3467 3466/3466/3466 3464/3464/3464
f 3465/3465/3465 3475/3475/3475 3468/3468/3468 3467/3467/3467
f 3469/3469/3469 3467/3467/3467 3468/3468/3468 3470/3470/3470
f 3469/3469/3469 3470/3470/3470 3471/3471/3471 3472/3472/3472
f 3473/3473/3473 3462/3462/3462 3461/3461/3461 3464/3464/3464
f 3473/3473/3473 3464/3464/3464 3466/3466/3466 3474/3474/3474
f 3463/3463/3463 3475/3475/3475 3465/3465/3465
f 3476/3476/3476 3474/3474/3474 3466/3466/3466 3467/3467/3467
f 3476/3476/3476 3467/3467/3467 3469/3469/3469
f 3476/3476/3476 3469/3469/3469 3472/3472/3472
f 3477/3477/3477 3480/3480/3480 3478/3478/3478 3479/3479/3479
f 3477/3477/3477 3479/3479/3479 3481/3481/3481
f 3477/3477/3477 3481/3481/3481 3482/3482/3482 3483/3483/3483
f 3477/3477/3477 3483/3483/3483 3480/3480/3480
f 3484/3484/3484 3485/3485/3485 3486/3486/3486
f 3485/3485/3485 3487/3487/3487 3486/3486/3486
f 3488/3488/3488 3489/3489/3489 3490/3490/3490 3491/3491/3491
f 3492/3492/3492 3495/3495/3495 3493/3493/3493 3494/3494/3494
f 3493/3493/3493 3497/3497/3497 3496/3496/3496 3494/3494/3494
f 3496/3496/3496 3497/3497/3497 3498/3498/3498 3499/3499/3499
f 3498/3498/3498 3501/3501/3501 3500/3500/3500 3499/3499/3499
f 3502/3502/3502 3500/3500/3500 3501/3501/3501 3503/3503/3503
f 3502/3502/3502 3503/3503/3503 3504/3504/3504 3505/3505/3505
f 3504/3504/3504 3507/3507/3507 3506/3506/3506 3505/3505/3505
f 3508/3508/3508 3509/3509/3509 3510/3510/3510
f 3511/3511/3511 3514/3514/3514 3512/3512/3512 3513/3513/3513
f 3515/3515/3515 3516/3516/3516 3517/3517/3517
f 3518/3518/3518 3521/3521/3521 3519/3519/3519 3520/3520/3520
f 3522/3522/3522 3523/3523/3523 3524/3524/3524
f 3525/3525/3525 3526/3526/3526 3527/3527/3527 3528/3528/3528
f 3525/3525/3525 3528/3528/3528 3529/3529/3529
f 3527/3527/3527 3530/3530/3530 3528/3528/3528
f 3531/3531/3531 3532/3532/3532 3533/3533/3533
f 3534/3534/3534 3535/3535/3535 3536/3536/3536
f 3537/3537/3537 3538/3538/3538 3539/3539/3539
f 3540/3540/3540 3541/3541/3541 3542/3542/3542
f 3543/3543/3543 3544/3544/3544 3545/3545/3545
f 3546/3546/3546 3547/3547/3547 3548/3548/3548 3549/3549/3549
f 3550/3550/3550 3551/3551/3551 3552/3552/3552
f 3553/3553/3553 3554/3554/3554 3555/3555/3555
f 3556/3556/3556 3557/3557/3557 3558/3558/3558
f 3559/3559/3559 3562/3562/3562 3560/3560/3560 3561/3561/3561
f 3560/3560/3560 3562/3562/3562 3563/3563/3563 3564/3564/3564
f 3565/3565/3565 3566/3566/3566 3560/3560/3560 3564/3564/3564
f 3567/3567/3567 3560/3560/3560 3566/3566/3566
f 3565/3565/3565 3564/3564/3564 3568/3568/3568
f 3569/3569/3569 3567/3567/3567 3566/3566/3566
f 3570/3570/3570 3565/3565/3565 3568/3568/3568 3571/3571/3571
f 3569/3569/3569 3566/3566/3566 3572/3572/3572
f 3564/3564/3564 3563/3563/3563 3573/3573/3573 3578/3578/3578
f 3563/3563/3563 3575/3575/3575 3574/3574/3574 3573/3573/3573
f 3576/3576/3576 3574/3574/3574 3575/3575/3575
f 3577/3577/3577 3576/3576/3576 3575/3575/3575
f 3568/3568/3568 3564/3564/3564 3578/3578/3578 3571/3571/3571
f 3559/3559/3559 3588/3588/3588 3579/3579/3579 3562/3562/3562
f 3579/3579/3579 3575/3575/3575 3563/3563/3563 3562/3562/3562
f 3577/3577/3577 3575/3575/3575 3579/3579/3579
f 3570/3570/3570 3571/3571/3571 3580/3580/3580
f 3570/3570/3570 3580/3580/3580 3581/3581/3581 3582/3582/3582
f 3583/3583/3583 3581/3581/3581 3580/3580/3580 3584/3584/3584
f 3584/3584/3584 3580/3580/3580 3571/3571/3571 3585/3585/3585
f 3586/3586/3586 3585/3585/3585 3571/3571/3571 3578/3578/3578
f 3586/3586/3586 3578/3578/3578 3587/3587/3587
f 3577/3577/3577 3579/3579/3579 3588/3588/3588 3589/3589/3589
f 3577/3577/3577 3589/3589/3589 3590/3590/3590
f 3591/3591/3591 3592/3592/3592 3590/3590/3590 3589/3589/3589
f 3592/3592/3592 3594/3594/3594 3593/3593/3593 3590/3590/3590
f 3595/3595/3595 3583/3583/3583 3584/3584/3584 3596/3596/3596
f 3595/3595/3595 3596/3596/3596 3597/3597/3597 3598/3598/3598
f 3599/3599/3599 3598/3598/3598 3597/3597/3597 3600/3600/3600
f 3596/3596/3596 3602/3602/3602 3601/3601/3601 3597/3597/3597
f 3584/3584/3584 3585/3585/3585 3602/3602/3602 3596/3596/3596
f 3586/3586/3586 3602/3602/3602 3585/3585/3585
f 3603/3603/3603 3604/3604/3604 3605/3605/3605 3606/3606/3606
f 3607/3607/3607 3608/3608/3608 3609/3609/3609
f 3610/3610/3610 3611/3611/3611 3612/3612/3612 3613/3613/3613
f 3614/3614/3614 3615/3615/3615 3616/3616/3616
f 3617/3617/3617 3618/3618/3618 3619/3619/3619 3620/3620/3620
f 3621/3621/3621 3619/3619/3619 3618/3618/3618 3622/3622/3622
f 3621/3621/3621 3624/3624/3624 3623/3623/3623 3619/3619/3619
f 3623/3623/3623 3626/3626/3626 3625/3625/3625 3619/3619/3619
f 3625/3625/3625 3628/3628/3628 3627/3627/3627 3619/3619/3619
f 3628/3628/3628 3623/3623/3623 3624/3624/3624 3629/3629/3629
f 3621/3621/3621 3645/3645/3645 3630/3630/3630 3624/3624/3624
f 3631/3631/3631 3624/3624/3624 3630/3630/3630
f 3631/3631/3631 3630/3630/3630 3632/3632/3632
f 3633/3633/3633 3632/3632/3632 3630/3630/3630 3634/3634/3634
f 3635/3635/3635 3633/3633/3633 3634/3634/3634 3636/3636/3636
f 3636/3636/3636 3634/3634/3634 3637/3637/3637 3638/3638/3638
f 3636/3636/3636 3638/3638/3638 3639/3639/3639
f 3640/3640/3640 3639/3639/3639 3638/3638/3638 3642/3642/3642
f 3640/3640/3640 3641/3641/3641 3639/3639/3639
f 3640/3640/3640 3642/3642/3642 3643/3643/3643
f 3644/3644/3644 3637/3637/3637 3634/3634/3634 3630/3630/3630
f 3644/3644/3644 3642/3642/3642 3638/3638/3638 3637/3637/3637
f 3644/3644/3644 3643/3643/3643 3642/3642/3642
f 3622/3622/3622 3645/3645/3645 3621/3621/3621
f 3644/3644/3644 3630/3630/3630 3645/3645/3645
f 3644/3644/3644 3645/3645/3645 3622/3622/3622 3643/3643/3643
f 3646/3646/3646 3649/3649/3649 3647/3647/3647 3648/3648/3648
f 3650/3650/3650 3651/3651/3651 3652/3652/3652
f 3653/3653/3653 3654/3654/3654 3655/3655/3655
f 3656/3656/3656 3657/3657/3657 3658/3658/3658 3659/3659/3659
f 3656/3656/3656 3659/3659/3659 3660/3660/3660
f 3661/3661/3661 3662/3662/3662 3663/3663/3663
f 3664/3664/3664 3667/3667/3667 3665/3665/3665 3666/3666/3666
f 3664/3664/3664 3669/3669/3669 3668/3668/3668 3667/3667/3667
f 3668/3668/3668 3670/3670/3670 3665/3665/3665 3667/3667/3667
f 3671/3671/3671 3672/3672/3672 3673/3673/3673
f 3674/3674/3674 3675/3675/3675 3676/3676/3676
f 3677/3677/3677 3678/3678/3678 3679/3679/3679
f 3680/3680/3680 3681/3681/3681 3682/3682/3682 3683/3683/3683
f 3682/3682/3682 3685/3685/3685 3684/3684/3684 3683/3683/3683
f 3684/3684/3684 3685/3685/3685 3686/3686/3686 3687/3687/3687
f 3683/3683/3683 3684/3684/3684 3688/3688/3688 3689/3689/3689
f 3680/3680/3680 3683/3683/3683 3689/3689/3689 3690/3690/3690
f 3687/3687/3687 3686/3686/3686 3691/3691/3691 3692/3692/3692
f 3686/3686/3686 3694/3694/3694 3693/3693/3693 3691/3691/3691
f 3693/3693/3693 3694/3694/3694 3695/3695/3695 3696/3696/3696
f 3693/3693/3693 3696/3696/3696 3697/3697/3697 3701/3701/3701
f 3698/3698/3698 3696/3696/3696 3695/3695/3695 3699/3699/3699
f 3687/3687/3687 3692/3692/3692 3700/3700/3700 3764/3764/3764
f 3691/3691/3691 3693/3693/3693 3701/3701/3701 3706/3706/3706
f 3702/3702/3702 3696/3696/3696 3698/3698/3698
f 3702/3702/3702 3698/3698/3698 3703/3703/3703 3704/3704/3704
f 3682/3682/3682 3766/3766/3766 3705/3705/3705 3685/3685/3685
f 3705/3705/3705 3694/3694/3694 3686/3686/3686 3685/3685/3685
f 3705/3705/3705 3980/3980/3980 3695/3695/3695 3694/3694/3694
f 3692/3692/3692 3691/3691/3691 3706/3706/3706 3707/3707/3707
f 3702/3702/3702 3704/3704/3704 3708/3708/3708 3709/3709/3709
f 3710/3710/3710 3711/3711/3711 3709/3709/3709 3708/3708/3708
f 3710/3710/3710 3708/3708/3708 3712/3712/3712 3713/3713/3713
f 3712/3712/3712 3715/3715/3715 3714/3714/3714 3713/3713/3713
f 3713/3713/3713 3714/3714/3714 3716/3716/3716 3721/3721/3721
f 3715/3715/3715 3718/3718/3718 3717/3717/3717 3714/3714/3714
f 3719/3719/3719 3720/3720/3720 3717/3717/3717 3718/3718/3718
f 3710/3710/3710 3713/3713/3713 3721/3721/3721 3722/3722/3722
f 3719/3719/3719 3724/3724/3724 3723/3723/3723 3720/3720/3720
f 3723/3723/3723 3724/3724/3724 3725/3725/3725 3726/3726/3726
f 3723/3723/3723 3726/3726/3726 3727/3727/3727 3728/3728/3728
f 3728/3728/3728 3727/3727/3727 3729/3729/3729 3730/3730/3730
f 3730/3730/3730 3729/3729/3729 3731/3731/3731 3732/3732/3732
f 3731/3731/3731 3734/3734/3734 3733/3733/3733 3732/3732/3732
f 3733/3733/3733 3734/3734/3734 3735/3735/3735 3736/3736/3736
f 3729/3729/3729 3742/3742/3742 3737/3737/3737 3731/3731/3731
f 3733/3733/3733 3736/3736/3736 3738/3738/3738 3739/3739/3739
f 3740/3740/3740 3741/3741/3741 3739/3739/3739 3738/3738/3738
f 3727/3727/3727 3758/3758/3758 3742/3742/3742 3729/3729/3729
f 3738/3738/3738 3736/3736/3736 3743/3743/3743 3744/3744/3744
f 3740/3740/3740 3738/3738/3738 3744/3744/3744 3745/3745/3745
f 3746/3746/3746 3747/3747/3747 3725/3725/3725 3724/3724/3724
f 3748/3748/3748 3749/3749/3749 3747/3747/3747 3746/3746/3746
f 3748/3748/3748 3746/3746/3746 3750/3750/3750
f 3751/3751/3751 3765/3765/3765 3739/3739/3739 3741/3741/3741
f 3752/3752/3752 3751/3751/3751 3741/3741/3741 3761/3761/3761
f 3753/3753/3753 3754/3754/3754 3751/3751/3751 3752/3752/3752
f 3755/3755/3755 3730/3730/3730 3732/3732/3732 3765/3765/3765
f 3736/3736/3736 3735/3735/3735 3756/3756/3756 3743/3743/3743
f 3731/3731/3731 3737/3737/3737 3757/3757/3757 3734/3734/3734
f 3726/3726/3726 3759/3759/3759 3758/3758/3758 3727/3727/3727
f 3714/3714/3714 3717/3717/3717 3760/3760/3760 3716/3716/3716
f 3760/3760/3760 3754/3754/3754 3753/3753/3753 3716/3716/3716
f 3761/3761/3761 3741/3741/3741 3740/3740/3740 4034/4034/4034
f 3762/3762/3762 3763/3763/3763 3718/3718/3718 3715/3715/3715
f 3684/3684/3684 3687/3687/3687 3764/3764/3764 3688/3688/3688
f 3765/3765/3765 3732/3732/3732 3733/3733/3733 3739/3739/3739
f 3754/3754/3754 3755/3755/3755 3765/3765/3765 3751/3751/3751
f 3681/3681/3681 3767/3767/3767 3766/3766/3766 3682/3682/3682
f 3768/3768/3768 3719/3719/3719 3718/3718/3718 3763/3763/3763
f 3768/3768/3768 3746/3746/3746 3724/3724/3724 3719/3719/3719
f 3768/3768/3768 3769/3769/3769 3750/3750/3750 3746/3746/3746
f 3770/3770/3770 4038/4038/4038 3763/3763/3763 3762/3762/3762
f 3771/3771/3771 3704/3704/3704 3703/3703/3703 3772/3772/3772
f 3771/3771/3771 3712/3712/3712 3708/3708/3708 3704/3704/3704
f 3771/3771/3771 3762/3762/3762 3715/3715/3715 3712/3712/3712
f 3771/3771/3771 3772/3772/3772 3770/3770/3770 3762/3762/3762
f 3773/3773/3773 3747/3747/3747 3749/3749/3749 3774/3774/3774
f 3748/3748/3748 4012/4012/4012 3774/3774/3774 3749/3749/3749
f 3767/3767/3767 3776/3776/3776 3775/3775/3775 3766/3766/3766
f 3776/3776/3776 3778/3778/3778 3777/3777/3777 3775/3775/3775
f 3778/3778/3778 3780/3780/3780 3779/3779/3779 3777/3777/3777
f 3777/3777/3777 3779/3779/3779 3781/3781/3781 3796/3796/3796
f 3782/3782/3782 3783/3783/3783 3781/3781/3781 3779/3779/3779
f 3782/3782/3782 3785/3785/3785 3784/3784/3784 3783/3783/3783
f 3785/3785/3785 3787/3787/3787 3786/3786/3786 3784/3784/3784
f 3788/3788/3788 3789/3789/3789 3786/3786/3786 3787/3787/3787
f 3788/3788/3788 3791/3791/3791 3790/3790/3790 3789/3789/3789
f 3788/3788/3788 3793/3793/3793 3792/3792/3792 3791/3791/3791
f 3783/3783/3783 3784/3784/3784 3794/3794/3794 4073/4073/4073
f 3794/3794/3794 3784/3784/3784 3786/3786/3786 3795/3795/3795
f 3775/3775/3775 3777/3777/3777 3796/3796/3796 3980/3980/3980
f 3689/3689/3689 3688/3688/3688 3797/3797/3797 3798/3798/3798
f 3798/3798/3798 3797/3797/3797 3799/3799/3799 3800/3800/3800
f 3801/3801/3801 3802/3802/3802 3800/3800/3800 3799/3799/3799
f 3801/3801/3801 3799/3799/3799 3803/3803/3803 3804/3804/3804
f 3801/3801/3801 3804/3804/3804 3805/3805/3805 3806/3806/3806
f 3807/3807/3807 3806/3806/3806 3805/3805/3805 3808/3808/3808
f 3807/3807/3807 3808/3808/3808 3809/3809/3809 3810/3810/3810
f 3808/3808/3808 3812/3812/3812 3811/3811/3811 3809/3809/3809
f 3813/3813/3813 3814/3814/3814 3811/3811/3811 3812/3812/3812
f 3809/3809/3809 3811/3811/3811 3815/3815/3815 3816/3816/3816
f 3813/3813/3813 3818/3818/3818 3817/3817/3817 3814/3814/3814
f 3813/3813/3813 3820/3820/3820 3819/3819/3819 3818/3818/3818
f 3819/3819/3819 3822/3822/3822 3821/3821/3821 3818/3818/3818
f 3823/3823/3823 3824/3824/3824 3822/3822/3822 3819/3819/3819
f 3825/3825/3825 3826/3826/3826 3824/3824/3824 3823/3823/3823
f 3826/3826/3826 3828/3828/3828 3827/3827/3827 3824/3824/3824
f 3827/3827/3827 3828/3828/3828 3829/3829/3829 3830/3830/3830
f 3831/3831/3831 3829/3829/3829 3828/3828/3828 3832/3832/3832
f 3833/3833/3833 3834/3834/3834 3831/3831/3831 3832/3832/3832
f 3833/3833/3833 3836/3836/3836 3835/3835/3835 3834/3834/3834
f 3827/3827/3827 3830/3830/3830 3837/3837/3837 4008/4008/4008
f 3830/3830/3830 3839/3839/3839 3838/3838/3838 3837/3837/3837
f 3835/3835/3835 3836/3836/3836 3840/3840/3840 3841/3841/3841
f 3835/3835/3835 3841/3841/3841 3842/3842/3842 3843/3843/3843
f 3842/3842/3842 3845/3845/3845 3844/3844/3844 3843/3843/3843
f 3846/3846/3846 3847/3847/3847 3845/3845/3845 3842/3842/3842
f 3846/3846/3846 3849/3849/3849 3848/3848/3848 3847/3847/3847
f 3845/3845/3845 3851/3851/3851 3850/3850/3850 3844/3844/3844
f 3847/3847/3847 3852/3852/3852 3851/3851/3851 3845/3845/3845
f 3853/3853/3853 3936/3936/3936 3841/3841/3841 3840/3840/3840
f 3854/3854/3854 3853/3853/3853 3840/3840/3840 3855/3855/3855
f 3856/3856/3856 3854/3854/3854 3855/3855/3855 4079/4079/4079
f 3856/3856/3856 4045/4045/4045 3857/3857/3857 3854/3854/3854
f 3858/3858/3858 3848/3848/3848 3849/3849/3849 3859/3859/3859
f 3858/3858/3858 3859/3859/3859 3860/3860/3860 3861/3861/3861
f 3860/3860/3860 3990/3990/3990 3862/3862/3862 3861/3861/3861
f 3861/3861/3861 3862/3862/3862 3863/3863/3863 3864/3864/3864
f 3858/3858/3858 3861/3861/3861 3864/3864/3864 3865/3865/3865
f 3864/3864/3864 3863/3863/3863 3866/3866/3866 3879/3879/3879
f 3863/3863/3863 4034/4034/4034 3867/3867/3867 3866/3866/3866
f 3867/3867/3867 3869/3869/3869 3868/3868/3868 3866/3866/3866
f 3867/3867/3867 3745/3745/3745 3870/3870/3870 3869/3869/3869
f 3871/3871/3871 3868/3868/3868 3869/3869/3869 3872/3872/3872
f 3871/3871/3871 3874/3874/3874 3873/3873/3873 3868/3868/3868
f 3871/3871/3871 3875/3875/3875 3874/3874/3874
f 3876/3876/3876 3873/3873/3873 3874/3874/3874
f 3876/3876/3876 3874/3874/3874 3875/3875/3875 3877/3877/3877
f 3869/3869/3869 3870/3870/3870 3878/3878/3878 3872/3872/3872
f 3865/3865/3865 3864/3864/3864 3879/3879/3879 4050/4050/4050
f 3879/3879/3879 3866/3866/3866 3868/3868/3868 3873/3873/3873
f 3880/3880/3880 3844/3844/3844 3850/3850/3850 3881/3881/3881
f 3850/3850/3850 3979/3979/3979 3882/3882/3882 3881/3881/3881
f 3839/3839/3839 3884/3884/3884 3883/3883/3883 3838/3838/3838
f 3884/3884/3884 3886/3886/3886 3885/3885/3885 3883/3883/3883
f 3885/3885/3885 3886/3886/3886 3887/3887/3887 3888/3888/3888
f 3888/3888/3888 3887/3887/3887 3889/3889/3889 3890/3890/3890
f 3887/3887/3887 3892/3892/3892 3891/3891/3891 3889/3889/3889
f 3891/3891/3891 3894/3894/3894 3893/3893/3893 3889/3889/3889
f 3893/3893/3893 3894/3894/3894 3895/3895/3895 3896/3896/3896
f 3896/3896/3896 3895/3895/3895 3897/3897/3897 3898/3898/3898
f 3899/3899/3899 3900/3900/3900 3897/3897/3897 3895/3895/3895
f 3899/3899/3899 3902/3902/3902 3901/3901/3901 3900/3900/3900
f 3903/3903/3903 3904/3904/3904 3900/3900/3900 3901/3901/3901
f 3896/3896/3896 3898/3898/3898 3905/3905/3905 3906/3906/3906
f 3900/3900/3900 3904/3904/3904 3907/3907/3907 3897/3897/3897
f 3902/3902/3902 3909/3909/3909 3908/3908/3908 3901/3901/3901
f 3910/3910/3910 3911/3911/3911 3909/3909/3909 3902/3902/3902
f 3912/3912/3912 3911/3911/3911 3910/3910/3910 3913/3913/3913
f 3912/3912/3912 3915/3915/3915 3914/3914/3914 3911/3911/3911
f 3915/3915/3915 3917/3917/3917 3916/3916/3916 3914/3914/3914
f 3918/3918/3918 3916/3916/3916 3917/3917/3917 3919/3919/3919
f 3920/3920/3920 3929/3929/3929 3914/3914/3914 3916/3916/3916
f 3918/3918/3918 3921/3921/3921 3920/3920/3920 3916/3916/3916
f 3912/3912/3912 3979/3979/3979 3922/3922/3922 3915/3915/3915
f 3923/3923/3923 3894/3894/3894 3891/3891/3891 3924/3924/3924
f 3923/3923/3923 3895/3895/3895 3894/3894/3894
f 3923/3923/3923 4036/4036/4036 3899/3899/3899 3895/3895/3895
f 3905/3905/3905 3898/3898/3898 3925/3925/3925 3926/3926/3926
f 3926/3926/3926 3925/3925/3925 3927/3927/3927 3928/3928/3928
f 3929/3929/3929 4044/4044/4044 3908/3908/3908 3909/3909/3909
f 3911/3911/3911 3914/3914/3914 3929/3929/3929 3909/3909/3909
f 3889/3889/3889 3893/3893/3893 3930/3930/3930 3890/3890/3890
f 3930/3930/3930 3893/3893/3893 3896/3896/3896 3906/3906/3906
f 3884/3884/3884 3935/3935/3935 3931/3931/3931 3886/3886/3886
f 3931/3931/3931 3892/3892/3892 3887/3887/3887 3886/3886/3886
f 3932/3932/3932 3903/3903/3903 3901/3901/3901 3908/3908/3908
f 3835/3835/3835 3843/3843/3843 3933/3933/3933 3834/3834/3834
f 3933/3933/3933 3843/3843/3843 3844/3844/3844 3880/3880/3880
f 3854/3854/3854 3857/3857/3857 3934/3934/3934 3853/3853/3853
f 3839/3839/3839 3941/3941/3941 3935/3935/3935 3884/3884/3884
f 3936/3936/3936 3846/3846/3846 3842/3842/3842 3841/3841/3841
f 3936/3936/3936 3981/3981/3981 3849/3849/3849 3846/3846/3846
f 3937/3937/3937 3836/3836/3836 3833/3833/3833 3938/3938/3938
f 3937/3937/3937 3855/3855/3855 3840/3840/3840 3836/3836/3836
f 3939/3939/3939 3859/3859/3859 3849/3849/3849 3981/3981/3981
f 3939/3939/3939 3940/3940/3940 3860/3860/3860 3859/3859/3859
f 3830/3830/3830 3829/3829/3829 3941/3941/3941 3839/3839/3839
f 3831/3831/3831 4054/4054/4054 3941/3941/3941 3829/3829/3829
f 3837/3837/3837 3838/3838/3838 3942/3942/3942 3943/3943/3943
f 3943/3943/3943 3942/3942/3942 3944/3944/3944 3945/3945/3945
f 3944/3944/3944 3947/3947/3947 3946/3946/3946 3945/3945/3945
f 3944/3944/3944 3949/3949/3949 3948/3948/3948 3947/3947/3947
f 3947/3947/3947 3948/3948/3948 3950/3950/3950 3951/3951/3951
f 3948/3948/3948 3953/3953/3953 3952/3952/3952 3950/3950/3950
f 3954/3954/3954 3955/3955/3955 3952/3952/3952 3953/3953/3953
f 3956/3956/3956 3946/3946/3946 3947/3947/3947 3951/3951/3951
f 3948/3948/3948 3949/3949/3949 3957/3957/3957 3953/3953/3953
f 3957/3957/3957 3958/3958/3958 3954/3954/3954 3953/3953/3953
f 3959/3959/3959 3945/3945/3945 3946/3946/3946 3991/3991/3991
f 3960/3960/3960 3943/3943/3943 3945/3945/3945 3959/3959/3959
f 3825/3825/3825 3962/3962/3962 3961/3961/3961 3826/3826/3826
f 3961/3961/3961 3832/3832/3832 3828/3828/3828 3826/3826/3826
f 3961/3961/3961 3938/3938/3938 3833/3833/3833 3832/3832/3832
f 3963/3963/3963 3823/3823/3823 3819/3819/3819 3820/3820/3820
f 3963/3963/3963 3964/3964/3964 3825/3825/3825 3823/3823/3823
f 3963/3963/3963 3977/3977/3977 3965/3965/3965 3964/3964/3964
f 3814/3814/3814 3817/3817/3817 3966/3966/3966 3972/3972/3972
f 3817/3817/3817 4055/4055/4055 3967/3967/3967 3966/3966/3966
f 3966/3966/3966 3967/3967/3967 3968/3968/3968 3969/3969/3969
f 3970/3970/3970 3972/3972/3972 3966/3966/3966 3969/3969/3969
f 3967/3967/3967 3991/3991/3991 3971/3971/3971 3968/3968/3968
f 3811/3811/3811 3814/3814/3814 3972/3972/3972 3815/3815/3815
f 3847/3847/3847 3848/3848/3848 3973/3973/3973 3852/3852/3852
f 3858/3858/3858 3973/3973/3973 3848/3848/3848
f 3851/3851/3851 3852/3852/3852 3974/3974/3974 3922/3922/3922
f 3974/3974/3974 3917/3917/3917 3915/3915/3915 3922/3922/3922
f 3974/3974/3974 3919/3919/3919 3917/3917/3917
f 3809/3809/3809 3816/3816/3816 3975/3975/3975 3810/3810/3810
f 3976/3976/3976 3978/3978/3978 3806/3806/3806 3807/3807/3807
f 3976/3976/3976 3807/3807/3807 3810/3810/3810 4006/4006/4006
f 3803/3803/3803 3965/3965/3965 3977/3977/3977 3804/3804/3804
f 3805/3805/3805 3804/3804/3804 3977/3977/3977 4056/4056/4056
f 3801/3801/3801 3806/3806/3806 3978/3978/3978 3802/3802/3802
f 3851/3851/3851 3922/3922/3922 3979/3979/3979 3850/3850/3850
f 3980/3980/3980 3796/3796/3796 3699/3699/3699 3695/3695/3695
f 3766/3766/3766 3775/3775/3775 3980/3980/3980 3705/3705/3705
f 3853/3853/3853 3934/3934/3934 3981/3981/3981 3936/3936/3936
f 3958/3958/3958 3983/3983/3983 3982/3982/3982 3954/3954/3954
f 3984/3984/3984 3982/3982/3982 3983/3983/3983 3985/3985/3985
f 3984/3984/3984 3985/3985/3985 3986/3986/3986 3987/3987/3987
f 3688/3688/3688 3764/3764/3764 3988/3988/3988 3797/3797/3797
f 3988/3988/3988 3803/3803/3803 3799/3799/3799 3797/3797/3797
f 3933/3933/3933 3880/3880/3880 3989/3989/3989 4054/4054/4054
f 3989/3989/3989 4049/4049/4049 3931/3931/3931 3935/3935/3935
f 3990/3990/3990 3752/3752/3752 3761/3761/3761 3862/3862/3862
f 3991/3991/3991 3946/3946/3946 3956/3956/3956 3971/3971/3971
f 3932/3932/3932 3908/3908/3908 3992/3992/3992
f 3932/3932/3932 3992/3992/3992 3993/3993/3993 4042/4042/4042
f 3992/3992/3992 3995/3995/3995 3994/3994/3994 3993/3993/3993
f 3996/3996/3996 3997/3997/3997 3994/3994/3994 3995/3995/3995
f 3998/3998/3998 3999/3999/3999 3997/3997/3997 3996/3996/3996
f 3998/3998/3998 4001/4001/4001 4000/4000/4000 3999/3999/3999
f 4002/4002/4002 4000/4000/4000 4001/4001/4001 4003/4003/4003
f 4004/4004/4004 3998/3998/3998 3996/3996/3996 4030/4030/4030
f 4004/4004/4004 4005/4005/4005 4001/4001/4001 3998/3998/3998
f 4006/4006/4006 3810/3810/3810 3975/3975/3975 4007/4007/4007
f 4008/4008/4008 3960/3960/3960 3821/3821/3821 3822/3822/3822
f 3824/3824/3824 3827/3827/3827 4008/4008/4008 3822/3822/3822
f 4008/4008/4008 3837/3837/3837 3943/3943/3943 3960/3960/3960
f 4006/4006/4006 4007/4007/4007 4009/4009/4009 4010/4010/4010
f 3976/3976/3976 4006/4006/4006 4010/4010/4010 4011/4011/4011
f 3773/3773/3773 3774/3774/3774 4012/4012/4012
f 3710/3710/3710 3722/3722/3722 4013/4013/4013 3711/3711/3711
f 3857/3857/3857 3711/3711/3711 4013/4013/4013 3934/3934/3934
f 4013/4013/4013 3722/3722/3722 3940/3940/3940 3939/3939/3939
f 4014/4014/4014 4015/4015/4015 3743/3743/3743 3756/3756/3756
f 4014/4014/4014 4017/4017/4017 4016/4016/4016 4015/4015/4015
f 4016/4016/4016 4017/4017/4017 4018/4018/4018 4019/4019/4019
f 4020/4020/4020 4021/4021/4021 4016/4016/4016 4019/4019/4019
f 4020/4020/4020 4019/4019/4019 4022/4022/4022 4023/4023/4023
f 4019/4019/4019 4018/4018/4018 4024/4024/4024 4022/4022/4022
f 4020/4020/4020 4023/4023/4023 4025/4025/4025 4026/4026/4026
f 4027/4027/4027 4023/4023/4023 4022/4022/4022 4028/4028/4028
f 4027/4027/4027 4029/4029/4029 4025/4025/4025 4023/4023/4023
f 3921/3921/3921 4030/4030/4030 3920/3920/3920
f 3876/3876/3876 4032/4032/4032 4031/4031/4031 3873/3873/3873
f 4033/4033/4033 4031/4031/4031 4032/4032/4032
f 4034/4034/4034 3740/3740/3740 3745/3745/3745 3867/3867/3867
f 4035/4035/4035 3924/3924/3924 3891/3891/3891 3892/3892/3892
f 4036/4036/4036 3910/3910/3910 3902/3902/3902 3899/3899/3899
f 4036/4036/4036 3924/3924/3924 3913/3913/3913 3910/3910/3910
f 3923/3923/3923 3924/3924/3924 4036/4036/4036
f 3877/3877/3877 3875/3875/3875 4037/4037/4037
f 4037/4037/4037 4003/4003/4003 4001/4001/4001 4005/4005/4005
f 3768/3768/3768 3763/3763/3763 4038/4038/4038 3769/3769/3769
f 3794/3794/3794 3795/3795/3795 4038/4038/4038 3770/3770/3770
f 3764/3764/3764 3700/3700/3700 4039/4039/4039 3988/3988/3988
f 3692/3692/3692 3707/3707/3707 4040/4040/4040 3700/3700/3700
f 3706/3706/3706 4079/4079/4079 4041/4041/4041 3707/3707/3707
f 4041/4041/4041 3937/3937/3937 3938/3938/3938 4078/4078/4078
f 3932/3932/3932 4042/4042/4042 3903/3903/3903
f 3717/3717/3717 3720/3720/3720 4043/4043/4043 3760/3760/3760
f 3723/3723/3723 3728/3728/3728 4043/4043/4043 3720/3720/3720
f 4043/4043/4043 3728/3728/3728 3730/3730/3730 3755/3755/3755
f 3920/3920/3920 4030/4030/4030 4044/4044/4044 3929/3929/3929
f 4044/4044/4044 3995/3995/3995 3992/3992/3992 3908/3908/3908
f 4044/4044/4044 4030/4030/4030 3996/3996/3996 3995/3995/3995
f 3701/3701/3701 3697/3697/3697 4045/4045/4045 3856/3856/3856
f 3702/3702/3702 3709/3709/3709 4045/4045/4045 3697/3697/3697
f 4045/4045/4045 3709/3709/3709 3711/3711/3711 3857/3857/3857
f 4046/4046/4046 3744/3744/3744 3743/3743/3743 4015/4015/4015
f 4046/4046/4046 3870/3870/3870 3745/3745/3745 3744/3744/3744
f 4046/4046/4046 4021/4021/4021 3878/3878/3878 3870/3870/3870
f 4046/4046/4046 4015/4015/4015 4016/4016/4016 4021/4021/4021
f 4047/4047/4047 4059/4059/4059 4027/4027/4027 4028/4028/4028
f 4048/4048/4048 3978/3978/3978 3976/3976/3976 4011/4011/4011
f 3880/3880/3880 3881/3881/3881 4049/4049/4049 3989/3989/3989
f 4049/4049/4049 3881/3881/3881 3882/3882/3882 4035/4035/4035
f 4049/4049/4049 4035/4035/4035 3892/3892/3892 3931/3931/3931
f 4050/4050/4050 3879/3879/3879 3873/3873/3873 4031/4031/4031
f 4051/4051/4051 3890/3890/3890 3930/3930/3930 4052/4052/4052
f 4051/4051/4051 4052/4052/4052 3985/3985/3985 3983/3983/3983
f 4053/4053/4053 3962/3962/3962 3825/3825/3825 3964/3964/3964
f 4053/4053/4053 3964/3964/3964 3965/3965/3965 4039/4039/4039
f 3700/3700/3700 4040/4040/4040 4053/4053/4053 4039/4039/4039
f 3834/3834/3834 3933/3933/3933 4054/4054/4054 3831/3831/3831
f 4054/4054/4054 3989/3989/3989 3935/3935/3935 3941/3941/3941
f 3818/3818/3818 3821/3821/3821 4055/4055/4055 3817/3817/3817
f 3960/3960/3960 3959/3959/3959 4055/4055/4055 3821/3821/3821
f 4055/4055/4055 3959/3959/3959 3991/3991/3991 3967/3967/3967
f 3808/3808/3808 3805/3805/3805 4056/4056/4056 3812/3812/3812
f 3813/3813/3813 3812/3812/3812 4056/4056/4056 3820/3820/3820
f 3963/3963/3963 3820/3820/3820 4056/4056/4056 3977/3977/3977
f 4025/4025/4025 4029/4029/4029 4057/4057/4057 4058/4058/4058
f 4059/4059/4059 4060/4060/4060 4029/4029/4029 4027/4027/4027
f 4057/4057/4057 4029/4029/4029 4060/4060/4060 4061/4061/4061
f 4059/4059/4059 4063/4063/4063 4062/4062/4062 4060/4060/4060
f 4061/4061/4061 4060/4060/4060 4062/4062/4062 4064/4064/4064
f 4065/4065/4065 4026/4026/4026 4025/4025/4025 4058/4058/4058
f 4065/4065/4065 4058/4058/4058 4066/4066/4066
f 3698/3698/3698 3699/3699/3699 4067/4067/4067 3703/3703/3703
f 4067/4067/4067 4073/4073/4073 3772/3772/3772 3703/3703/3703
f 4067/4067/4067 3781/3781/3781 3783/3783/3783 4073/4073/4073
f 3796/3796/3796 3781/3781/3781 4067/4067/4067 3699/3699/3699
f 4068/4068/4068 4063/4063/4063 4059/4059/4059 4047/4047/4047
f 4069/4069/4069 3907/3907/3907 3904/3904/3904 4070/4070/4070
f 4069/4069/4069 4070/4070/4070 4071/4071/4071 4072/4072/4072
f 4073/4073/4073 3794/3794/3794 3770/3770/3770 3772/3772/3772
f 4037/4037/4037 4074/4074/4074 4003/4003/4003
f 4058/4058/4058 4057/4057/4057 4074/4074/4074 4066/4066/4066
f 4074/4074/4074 4057/4057/4057 4061/4061/4061 4075/4075/4075
f 4076/4076/4076 4077/4077/4077 3750/3750/3750 3769/3769/3769
f 4076/4076/4076 3795/3795/3795 3786/3786/3786 3789/3789/3789
f 4076/4076/4076 3789/3789/3789 3790/3790/3790 4077/4077/4077
f 4076/4076/4076 3769/3769/3769 4038/4038/4038 3795/3795/3795
f 4078/4078/4078 3938/3938/3938 3961/3961/3961 3962/3962/3962
f 3707/3707/3707 4041/4041/4041 4078/4078/4078 4040/4040/4040
f 4053/4053/4053 4040/4040/4040 4078/4078/4078 3962/3962/3962
f 3701/3701/3701 3856/3856/3856 4079/4079/4079 3706/3706/3706
f 4079/4079/4079 3855/3855/3855 3937/3937/3937 4041/4041/4041
f 4080/4080/4080 3721/3721/3721 3716/3716/3716 3753/3753/3753
f 3722/3722/3722 3721/3721/3721 4080/4080/4080 3940/3940/3940
f 4080/4080/4080 3753/3753/3753 3752/3752/3752 3990/3990/3990
f 4080/4080/4080 3990/3990/3990 3860/3860/3860 3940/3940/3940
f 3760/3760/3760 4043/4043/4043 3755/3755/3755 3754/3754/3754
f 3761/3761/3761 4034/4034/4034 3863/3863/3863 3862/3862/3862
f 3988/3988/3988 4039/4039/4039 3965/3965/3965 3803/3803/3803
f 3882/3882/3882 3913/3913/3913 3924/3924/3924 4035/4035/4035
f 3912/3912/3912 3913/3913/3913 3882/3882/3882 3979/3979/3979
f 3934/3934/3934 4013/4013/4013 3939/3939/3939 3981/3981/3981
f 3970/3970/3970 4081/4081/4081 3815/3815/3815 3972/3972/3972
f 4020/4020/4020 3878/3878/3878 4021/4021/4021
f 4082/4082/4082 4085/4085/4085 4083/4083/4083 4084/4084/4084
f 4083/4083/4083 4087/4087/4087 4086/4086/4086 4084/4084/4084
f 4086/4086/4086 4087/4087/4087 4088/4088/4088 4089/4089/4089
f 4090/4090/4090 4091/4091/4091 4089/4089/4089 4088/4088/4088
f 4092/4092/4092 4084/4084/4084 4086/4086/4086 4093/4093/4093
f 4093/4093/4093 4086/4086/4086 4089/4089/4089
f 4090/4090/4090 4094/4094/4094 4091/4091/4091
f 4090/4090/4090 4096/4096/4096 4095/4095/4095 4094/4094/4094
f 4094/4094/4094 4095/4095/4095 4097/4097/4097 4098/4098/4098
f 4095/4095/4095 4099/4099/4099 4097/4097/4097
f 4094/4094/4094 4098/4098/4098 4100/4100/4100
f 4101/4101/4101 4102/4102/4102 4103/4103/4103 4104/4104/4104
f 4105/4105/4105 4104/4104/4104 4103/4103/4103
f 4106/4106/4106 4102/4102/4102 4101/4101/4101 4107/4107/4107
f 4101/4101/4101 4108/4108/4108 4107/4107/4107
f 4107/4107/4107 4108/4108/4108 4109/4109/4109 4110/4110/4110
f 4109/4109/4109 4108/4108/4108 4111/4111/4111
f 4112/4112/4112 4113/4113/4113 4114/4114/4114
f 4115/4115/4115 4116/4116/4116 4117/4117/4117 4118/4118/4118
f 4119/4119/4119 4115/4115/4115 4118/4118/4118 4120/4120/4120
f 4119/4119/4119 4120/4120/4120 4121/4121/4121 4122/4122/4122
f 4122/4122/4122 4121/4121/4121 4123/4123/4123 4124/4124/4124
f 4125/4125/4125 4131/4131/4131 4126/4126/4126 4127/4127/4127
f 4125/4125/4125 4128/4128/4128 4129/4129/4129 4131/4131/4131
f 4128/4128/4128 4132/4132/4132 4130/4130/4130 4129/4129/4129
f 4127/4127/4127 4126/4126/4126 4133/4133/4133 4134/4134/4134
f 4135/4135/4135 4136/4136/4136 4137/4137/4137 4139/4139/4139
f 4137/4137/4137 4136/4136/4136 4138/4138/4138 4140/4140/4140
f 4138/4138/4138 4142/4142/4142 4141/4141/4141 4140/4140/4140
f 4143/4143/4143 4144/4144/4144 4145/4145/4145
